# https://github.com/mikedh/trimesh
mtllib material.mtl
usemtl M_UE4Man_ChestLogo
v 0.01267516 -0.11822064 0.09784976
v 0.00000000 -0.11992355 0.10550526
v 0.00000000 -0.11850269 0.09884754
v 0.01419937 -0.11950488 0.10458115
v 0.00000000 -0.11444135 0.10768548
v 0.02818334 -0.11704273 0.09533003
v 0.01410639 -0.11400194 0.10657946
v 0.02919399 -0.11799856 0.10195426
v 0.04459595 -0.11533494 0.09743026
v 0.04332828 -0.11469407 0.09042100
v 0.02888584 -0.11262257 0.10400132
v 0.01451993 -0.11191197 0.11116913
v 0.00000000 -0.11260779 0.11225310
v 0.02929115 -0.10996611 0.10857907
v 0.01451993 -0.11059292 0.11251405
v 0.00000000 -0.11128874 0.11359802
v 0.00000000 -0.07001777 0.11493138
v 0.02929115 -0.10864706 0.10992399
v 0.01505482 -0.06871326 0.11397651
v 0.00000000 -0.01506741 0.11790255
v 0.04434299 -0.10563929 0.10636560
v 0.01812267 -0.01578183 0.11694780
v 0.04434299 -0.10695834 0.10502056
v 0.03432333 -0.06727560 0.11052290
v 0.03320288 -0.01657696 0.11420933
v 0.01993608 0.04250710 0.12178448
v 0.00000000 0.04369597 0.12289015
v 0.03734648 0.03709035 0.11924437
v 0.04956305 -0.01790292 0.10989133
v 0.01224076 0.11318509 0.12833944
v 0.00000000 0.11409561 0.12836233
v 0.05086219 -0.06599148 0.10544232
v 0.05995547 0.02776747 0.11285225
v 0.06158054 -0.01904209 0.10554377
v 0.05431056 -0.10347231 0.10283485
v 0.06005764 -0.06526442 0.10092786
v 0.05431056 -0.10479136 0.10148994
v 0.06013596 -0.10142918 0.09512583
v 0.04432559 -0.10967333 0.10000471
v 0.05891597 -0.10595257 0.09400621
v 0.05977106 -0.11151047 0.09080747
v 0.05778134 -0.11092634 0.08449081
v 0.08477902 -0.10415824 0.07856432
v 0.08097660 -0.10363634 0.07305041
v 0.09509039 -0.09852190 0.06401781
v 0.08475458 -0.09813030 0.08161369
v 0.09963166 -0.09921987 0.06923846
v 0.10827386 -0.09333379 0.05388967
v 0.08438968 -0.09508295 0.08326808
v 0.11357581 -0.09400912 0.05908755
v 0.12032568 -0.08664186 0.04158798
v 0.09954166 -0.09334154 0.07221297
v 0.12602699 -0.08758040 0.04642502
v 0.11329901 -0.08810528 0.06202522
v 0.09903192 -0.09003456 0.07337693
v 0.13641667 -0.08087940 0.03190902
v 0.13029420 -0.07987590 0.02716235
v 0.12550461 -0.08195396 0.04831091
v 0.14265716 -0.07599874 0.01999167
v 0.13604963 -0.07537253 0.01635102
v 0.13651120 -0.07557173 0.03402332
v 0.11335480 -0.08501966 0.06334713
v 0.12555432 -0.07851155 0.04965559
v 0.14302087 -0.07053550 0.02184466
v 0.14695239 -0.07122238 0.00741557
v 0.13985955 -0.07097335 0.00488082
v 0.13699317 -0.07111545 0.03497532
v 0.14859009 -0.06460865 -0.01290354
v 0.14125788 -0.06501634 -0.01296505
v 0.14758515 -0.06560357 0.00900725
v 0.14459109 -0.05996390 -0.03391739
v 0.13769960 -0.06058271 -0.03220626
v 0.14787602 -0.05856188 -0.01118669
v 0.14360797 -0.06589253 0.02306107
v 0.14812052 -0.06088646 0.00981227
v 0.14356446 -0.05396588 -0.03307506
v 0.14882981 -0.05441458 -0.01076707
v 0.13582158 -0.05671306 -0.05473646
v 0.12998652 -0.05699630 -0.05150279
v 0.11979854 -0.05564137 -0.06709155
v 0.12477541 -0.05589588 -0.07163104
v 0.11137914 -0.05561931 -0.07642075
v 0.13461184 -0.05027874 -0.05381855
v 0.11571598 -0.05619390 -0.08186003
v 0.10062563 -0.05559738 -0.08448359
v 0.12341308 -0.04944141 -0.07129892
v 0.11474490 -0.04945333 -0.08127901
v 0.10432255 -0.05649204 -0.09082290
v 0.08398688 -0.05575736 -0.09258779
v 0.11378395 -0.04520543 -0.08060166
v 0.08571839 -0.05747648 -0.09957489
v 0.10374272 -0.04946513 -0.08999285
v 0.08590305 -0.05006023 -0.09900400
v 0.06168818 -0.05831714 -0.10349199
v 0.06043207 -0.05631025 -0.09648057
v 0.06177795 -0.05020435 -0.10336443
v 0.03838086 -0.05866750 -0.10309955
v 0.03769839 -0.05719037 -0.09646722
v 0.03880155 -0.04994555 -0.10335216
v 0.01655364 -0.05859061 -0.09971138
v 0.01593697 -0.05746479 -0.09284135
v 0.00000000 -0.05764325 -0.09212979
v 0.00000000 -0.05833788 -0.09778699
v 0.01643526 -0.04980881 -0.09975847
v 0.00000000 -0.04971416 -0.09768745
v 0.00000000 -0.04578920 -0.09815833
v 0.01670599 -0.04614122 -0.10026869
v 0.03892827 -0.04638536 -0.10365495
v 0.01817333 -0.02036162 -0.10373887
v 0.00000000 -0.01891775 -0.10075458
v 0.03965449 -0.02328403 -0.10486134
v 0.06199825 -0.04674490 -0.10326191
v 0.01876557 0.00720291 -0.11203739
v 0.00000000 0.00856583 -0.10848590
v 0.08585942 -0.04621322 -0.09851083
v 0.04156697 0.00266330 -0.11181756
v 0.10373532 -0.04567011 -0.08944353
v 0.10337829 -0.02810092 -0.08744213
v 0.06417107 -0.02544136 -0.10161039
v 0.08620107 -0.02668519 -0.09559616
v 0.06645810 -0.00393994 -0.10627398
v 0.08872795 -0.01019557 -0.09766158
v 0.10514736 -0.01390321 -0.08751341
v 0.11395144 -0.02791651 -0.07896301
v 0.12327993 -0.04496856 -0.07091972
v 0.11475360 -0.01497610 -0.07919356
v 0.13483715 -0.04586072 -0.05365130
v 0.12203085 -0.02811046 -0.06985792
v 0.12256324 -0.01573570 -0.06973585
v 0.13409376 -0.02935584 -0.05080708
v 0.14469146 -0.04981334 -0.03254518
v 0.14361250 -0.03120859 -0.02908226
v 0.14784014 -0.03465004 -0.00804123
v 0.13469708 -0.01580055 -0.04894992
v 0.14310527 -0.01708813 -0.02661463
v 0.14678979 -0.03728552 0.01247505
v 0.14670694 -0.01656301 -0.00542256
v 0.14370656 -0.00494440 -0.02646479
v 0.13565957 -0.00569244 -0.05022809
v 0.12406671 -0.00448699 -0.07169339
v 0.14433944 0.00136428 -0.02683958
v 0.13673579 0.00028674 -0.05134233
v 0.11742806 -0.00300522 -0.08128950
v 0.12592566 0.00232165 -0.07395789
v 0.13738954 0.00559335 -0.05134007
v 0.10803807 -0.00027628 -0.09147462
v 0.11976671 0.00450520 -0.08473524
v 0.09245860 0.00656025 -0.10437569
v 0.11090469 0.00812928 -0.09552535
v 0.12730539 0.00818472 -0.07468411
v 0.12046504 0.01062231 -0.08598551
v 0.07037210 0.01954405 -0.11750111
v 0.09657228 0.01804833 -0.11044320
v 0.04523134 0.02996521 -0.12402948
v 0.07324159 0.03017096 -0.12311634
v 0.11264920 0.01489882 -0.09816870
v 0.02188551 0.03563289 -0.12342891
v 0.00000000 0.03744643 -0.11875602
v 0.00000000 0.05217104 -0.12593445
v 0.04691565 0.04774277 -0.13168248
v 0.02528512 0.05193643 -0.13049599
v 0.01402342 0.06856971 -0.13444659
v 0.00000000 0.06914549 -0.13321408
v 0.02788448 0.06781750 -0.13673159
v 0.01379919 0.07148199 -0.13545712
v 0.00000000 0.07191877 -0.13401672
v 0.00000000 0.07939176 -0.13442203
v 0.02799344 0.07036392 -0.13702687
v 0.03788972 0.06620376 -0.13747200
v 0.01513350 0.07882528 -0.13561865
v 0.01462340 0.07953911 -0.13469776
v 0.00000000 0.08038394 -0.13388750
v 0.00000000 0.08059816 -0.12879952
v 0.01437342 0.07967822 -0.12968596
v 0.02918398 0.07826822 -0.13620087
v 0.03271424 0.07790558 -0.13132080
v 0.02937805 0.07775466 -0.13704809
v 0.03897965 0.07639973 -0.13721785
v 0.04897105 0.07227890 -0.13116011
v 0.03877163 0.07553987 -0.13731607
v 0.04962969 0.07238738 -0.13675627
v 0.06250930 0.06209211 -0.12873193
v 0.03863346 0.06869595 -0.13771709
v 0.04953122 0.07125692 -0.13730427
v 0.06458807 0.06145565 -0.13352248
v 0.07532930 0.05069332 -0.12398478
v 0.04885924 0.06452529 -0.13784381
v 0.06447923 0.06045203 -0.13430354
v 0.07745635 0.05058055 -0.12909385
v 0.04889929 0.06224339 -0.13751265
v 0.06276262 0.05597560 -0.13470110
v 0.06137144 0.05321376 -0.13428101
v 0.07753181 0.04988878 -0.12983581
v 0.07560718 0.04501669 -0.12997695
v 0.07456183 0.04187064 -0.12942656
v 0.08749544 0.03175442 -0.12181672
v 0.08785307 0.03398840 -0.12165722
v 0.09876823 0.02512340 -0.11344096
v 0.09030366 0.03896765 -0.12234231
v 0.10005438 0.02977245 -0.11465904
v 0.11393273 0.02042954 -0.09940084
v 0.08991313 0.03941088 -0.12156710
v 0.08701145 0.04015450 -0.11745080
v 0.10006463 0.03047972 -0.11437079
v 0.09727585 0.03125279 -0.10990247
v 0.11384403 0.02092473 -0.09894356
v 0.11005604 0.02202611 -0.09462460
v 0.12095999 0.01625280 -0.08771023
v 0.12091183 0.01717632 -0.08753892
v 0.11630046 0.01893596 -0.08433994
v 0.12768638 0.01366870 -0.07486173
v 0.12746227 0.01448159 -0.07467278
v 0.12298631 0.01572757 -0.07174918
v 0.13711393 0.01105468 -0.05222424
v 0.13673329 0.01209848 -0.05218181
v 0.13136244 0.01311497 -0.05091568
v 0.13764572 0.01314358 -0.02745375
v 0.14312482 0.01234846 -0.02877566
v 0.14360594 0.01154022 -0.02868673
v 0.14599514 0.01329069 -0.00570497
v 0.13986516 0.01401417 -0.00560554
v 0.14017534 0.01751547 0.01407460
v 0.14446687 0.00670080 -0.02668711
v 0.14529824 0.01692765 0.01519064
v 0.13653755 0.02169983 0.02736059
v 0.14654350 0.01201348 -0.00519248
v 0.14059484 0.02125387 0.02919355
v 0.14724207 0.00214033 -0.00452849
v 0.14713263 0.00767140 -0.00491616
v 0.14559817 0.01594167 0.01533524
v 0.14624512 0.01138322 0.01569108
v 0.14580524 0.00492148 0.01576081
v 0.14688563 -0.00375087 -0.00433275
v 0.14550948 -0.00079532 0.01549104
v 0.14520430 -0.01610584 0.01512257
v 0.14058828 -0.01597972 0.02866832
v 0.14045238 0.00167649 0.02955404
v 0.14191639 -0.04101248 0.02603665
v 0.13409495 -0.01597901 0.04062418
v 0.13514530 -0.04472394 0.03800646
v 0.13369822 0.00473552 0.04264477
v 0.12308716 -0.04997618 0.05296865
v 0.12221074 -0.01668341 0.05651191
v 0.11050069 -0.05421086 0.06716291
v 0.10998308 -0.01794846 0.07003668
v 0.09719836 -0.05743308 0.07694927
v 0.09720719 -0.01882239 0.08010105
v 0.12282634 0.00735693 0.05832628
v 0.08249247 -0.06003757 0.08562461
v 0.08032322 -0.01919420 0.09165708
v 0.06613731 -0.06346925 0.09357539
v 0.07356620 -0.01981123 0.09971562
v 0.07678818 0.01893549 0.10465482
v 0.09267091 0.01322012 0.09399715
v 0.09820497 0.01249282 0.08608321
v 0.09265125 0.03364913 0.09820930
v 0.10979497 0.01076524 0.07430748
v 0.10309827 0.02471833 0.08908239
v 0.10649347 0.02277951 0.08242813
v 0.08574068 0.04011469 0.10395649
v 0.09955179 0.04111151 0.09376386
v 0.10949111 0.03182750 0.08353344
v 0.07291853 0.05871396 0.11364726
v 0.08950555 0.05299060 0.10378233
v 0.06250190 0.07597904 0.11921087
v 0.07798505 0.07175057 0.11323360
v 0.10036576 0.04221039 0.09280375
v 0.09001410 0.05410127 0.10251704
v 0.06642472 0.08898573 0.12026099
v 0.11040973 0.03279857 0.08233145
v 0.07852387 0.07316654 0.11237470
v 0.04907560 0.09156708 0.12484399
v 0.09961343 0.04728834 0.08714512
v 0.03694045 0.10168521 0.12674502
v 0.05227327 0.10425632 0.12515954
v 0.02555453 0.10855310 0.12820080
v 0.04056751 0.11492686 0.12747839
v 0.02761745 0.12388937 0.12839333
v 0.06642830 0.09048478 0.11876277
v 0.05311751 0.10649245 0.12476221
v 0.04078626 0.11757843 0.12668756
v 0.01329910 0.12804811 0.12860135
v 0.00000000 0.12950842 0.12850359
v 0.00000000 0.13141017 0.12817684
v 0.02802312 0.12552027 0.12784890
v 0.01387131 0.13015036 0.12779549
v 0.01353538 0.13279419 0.12215498
v 0.00000000 0.13432913 0.12199799
v 0.02776646 0.12833755 0.12220934
v 0.01345050 0.13811140 0.11846641
v 0.00000000 0.13965599 0.11840287
v 0.02687895 0.13426571 0.11874476
v 0.04038632 0.12108581 0.12109962
v 0.03989911 0.12661247 0.11785141
v 0.02690887 0.13466482 0.11684624
v 0.01292133 0.13907008 0.11687437
v 0.00000000 0.14052491 0.11682097
v 0.01293277 0.13823752 0.11203686
v 0.00000000 0.13972358 0.11158529
v 0.02614927 0.13416474 0.11195723
v 0.03870356 0.12671118 0.11144701
v 0.04003083 0.12716977 0.11606589
v 0.05219876 0.11570458 0.10998705
v 0.05358219 0.11572127 0.11590830
v 0.05364394 0.11612313 0.11478427
v 0.06746340 0.09912817 0.11100141
v 0.06574022 0.09876041 0.10563162
v 0.05319440 0.10986547 0.11905805
v 0.06732154 0.09835582 0.11203888
v 0.08000815 0.08174591 0.10470429
v 0.07715225 0.08194546 0.09966687
v 0.06596183 0.09445290 0.11409012
v 0.07987702 0.08099632 0.10562447
v 0.09196937 0.06427293 0.09423963
v 0.08847356 0.06373851 0.08952478
v 0.07921481 0.07557874 0.10685841
v 0.09208893 0.06357341 0.09507493
v 0.10181212 0.05170433 0.08444122
v 0.09764695 0.05235009 0.08087209
v 0.11070156 0.03948216 0.06796304
v 0.09019518 0.05881982 0.09665206
v 0.10189306 0.05105941 0.08532659
v 0.11443412 0.03855722 0.07218126
v 0.11404943 0.03331117 0.07309798
v 0.11421227 0.03957991 0.07141415
v 0.12522161 0.03130286 0.05785218
v 0.12487542 0.03236799 0.05701474
v 0.12176335 0.03255753 0.05441299
v 0.12981677 0.02651052 0.04065982
v 0.13434827 0.02617757 0.04248873
v 0.13558173 0.02547459 0.04304317
v 0.14113116 0.02034549 0.02976373
v 0.12514496 0.02640359 0.05859045
v 0.13507712 0.02051763 0.04356447
v 0.14142024 0.01560228 0.02954868
v 0.12547075 0.02318923 0.06093708
v 0.13488602 0.01699166 0.04379693
v 0.14123273 0.01194029 0.02975622
v 0.14088654 0.00822775 0.02984265
v 0.13440931 0.01182763 0.04312578
v 0.12430668 0.01581495 0.05969540
v 0.11215245 0.02100627 0.07611826
v 0.11446345 0.02875035 0.07713429
v -0.01267517 -0.11822064 0.09784976
v -0.01419938 -0.11950488 0.10458115
v -0.02818334 -0.11704273 0.09533003
v -0.02919400 -0.11799856 0.10195426
v -0.01410640 -0.11400194 0.10657946
v -0.04459596 -0.11533494 0.09743026
v -0.04332829 -0.11469407 0.09042100
v -0.02888584 -0.11262257 0.10400132
v -0.01451993 -0.11191197 0.11116913
v -0.02929116 -0.10996611 0.10857907
v -0.01451993 -0.11059292 0.11251405
v -0.02929116 -0.10864706 0.10992399
v -0.01505482 -0.06871326 0.11397651
v -0.04434300 -0.10563929 0.10636560
v -0.01812268 -0.01578183 0.11694780
v -0.04434300 -0.10695834 0.10502056
v -0.03432334 -0.06727560 0.11052290
v -0.03320289 -0.01657696 0.11420933
v -0.01993609 0.04250710 0.12178448
v -0.03734649 0.03709035 0.11924437
v -0.04956305 -0.01790292 0.10989133
v -0.01224077 0.11318509 0.12833944
v -0.05086220 -0.06599148 0.10544232
v -0.05995548 0.02776747 0.11285225
v -0.06158054 -0.01904209 0.10554377
v -0.05431056 -0.10347231 0.10283485
v -0.06005764 -0.06526442 0.10092786
v -0.05431056 -0.10479136 0.10148994
v -0.06013596 -0.10142918 0.09512583
v -0.04432559 -0.10967333 0.10000471
v -0.05891598 -0.10595257 0.09400621
v -0.05977106 -0.11151047 0.09080747
v -0.05778134 -0.11092634 0.08449081
v -0.08477903 -0.10415824 0.07856432
v -0.08097661 -0.10363634 0.07305041
v -0.09509027 -0.09852190 0.06401781
v -0.08475459 -0.09813030 0.08161369
v -0.09963167 -0.09921987 0.06923846
v -0.10827387 -0.09333379 0.05388967
v -0.08438969 -0.09508295 0.08326808
v -0.11357582 -0.09400912 0.05908755
v -0.12032569 -0.08664186 0.04158798
v -0.09954167 -0.09334154 0.07221297
v -0.12602699 -0.08758040 0.04642502
v -0.11329901 -0.08810528 0.06202522
v -0.09903193 -0.09003456 0.07337693
v -0.13641668 -0.08087940 0.03190902
v -0.13029421 -0.07987590 0.02716235
v -0.12550462 -0.08195396 0.04831091
v -0.14265716 -0.07599874 0.01999167
v -0.13604963 -0.07537253 0.01635102
v -0.13651121 -0.07557173 0.03402332
v -0.11335480 -0.08501966 0.06334713
v -0.12555433 -0.07851155 0.04965559
v -0.14302087 -0.07053550 0.02184466
v -0.14695239 -0.07122238 0.00741557
v -0.13985956 -0.07097335 0.00488082
v -0.13699317 -0.07111545 0.03497532
v -0.14859009 -0.06460865 -0.01290354
v -0.14125788 -0.06501634 -0.01296505
v -0.14758516 -0.06560357 0.00900725
v -0.14459110 -0.05996390 -0.03391739
v -0.13769961 -0.06058271 -0.03220626
v -0.14787603 -0.05856188 -0.01118669
v -0.14360798 -0.06589253 0.02306107
v -0.14812053 -0.06088646 0.00981227
v -0.14356447 -0.05396588 -0.03307506
v -0.13514531 -0.04472394 0.03800646
v -0.14882982 -0.05441458 -0.01076707
v -0.14191640 -0.04101248 0.02603665
v -0.14678979 -0.03728552 0.01247505
v -0.12308717 -0.04997618 0.05296865
v -0.13409496 -0.01597901 0.04062418
v -0.11050070 -0.05421086 0.06716291
v -0.12221074 -0.01668341 0.05651191
v -0.10998309 -0.01794846 0.07003668
v -0.09719837 -0.05743308 0.07694927
v -0.09720719 -0.01882239 0.08010105
v -0.08249235 -0.06003757 0.08562461
v -0.08032322 -0.01919420 0.09165708
v -0.06613732 -0.06346925 0.09357539
v -0.07356620 -0.01981123 0.09971562
v -0.07678819 0.01893549 0.10465482
v -0.09267092 0.01322012 0.09399715
v -0.09820497 0.01249282 0.08608321
v -0.09265125 0.03364913 0.09820930
v -0.10979498 0.01076524 0.07430748
v -0.10309828 0.02471833 0.08908239
v -0.10649348 0.02277951 0.08242813
v -0.12282634 0.00735693 0.05832628
v -0.11215246 0.02100627 0.07611826
v -0.13369823 0.00473552 0.04264477
v -0.12430668 0.01581495 0.05969540
v -0.13440931 0.01182763 0.04312578
v -0.14045239 0.00167649 0.02955404
v -0.14088655 0.00822775 0.02984265
v -0.13488603 0.01699166 0.04379693
v -0.14058829 -0.01597972 0.02866832
v -0.14123273 0.01194029 0.02975622
v -0.14520431 -0.01610584 0.01512257
v -0.14624512 0.01138322 0.01569108
v -0.14550948 -0.00079532 0.01549104
v -0.14580524 0.00492148 0.01576081
v -0.14688564 -0.00375087 -0.00433275
v -0.14724207 0.00214033 -0.00452849
v -0.14670694 -0.01656301 -0.00542256
v -0.14370656 -0.00494440 -0.02646479
v -0.14713264 0.00767140 -0.00491616
v -0.14784015 -0.03465004 -0.00804123
v -0.14310527 -0.01708813 -0.02661463
v -0.14469147 -0.04981334 -0.03254518
v -0.14361251 -0.03120859 -0.02908226
v -0.13469708 -0.01580055 -0.04894992
v -0.13409376 -0.02935584 -0.05080708
v -0.13461185 -0.05027874 -0.05381855
v -0.13483715 -0.04586072 -0.05365130
v -0.12203086 -0.02811046 -0.06985792
v -0.13582158 -0.05671306 -0.05473646
v -0.12998653 -0.05699630 -0.05150279
v -0.11979854 -0.05564137 -0.06709155
v -0.12327993 -0.04496856 -0.07091972
v -0.12341309 -0.04944141 -0.07129892
v -0.12477541 -0.05589588 -0.07163104
v -0.11137915 -0.05561931 -0.07642075
v -0.11571598 -0.05619390 -0.08186003
v -0.10062564 -0.05559738 -0.08448359
v -0.11474490 -0.04945333 -0.08127901
v -0.10432256 -0.05649204 -0.09082290
v -0.08398676 -0.05575736 -0.09258779
v -0.11378396 -0.04520543 -0.08060166
v -0.10374272 -0.04946513 -0.08999285
v -0.08571840 -0.05747648 -0.09957489
v -0.11395145 -0.02791651 -0.07896301
v -0.08590305 -0.05006023 -0.09900400
v -0.06168819 -0.05831714 -0.10349199
v -0.06043208 -0.05631025 -0.09648057
v -0.06177795 -0.05020435 -0.10336443
v -0.03838086 -0.05866750 -0.10309955
v -0.03769839 -0.05719037 -0.09646722
v -0.03880155 -0.04994555 -0.10335216
v -0.01655364 -0.05859061 -0.09971138
v -0.01593697 -0.05746479 -0.09284135
v -0.01643527 -0.04980881 -0.09975847
v -0.01670587 -0.04614122 -0.10026869
v -0.03892827 -0.04638536 -0.10365495
v -0.01817334 -0.02036162 -0.10373887
v -0.06199825 -0.04674490 -0.10326191
v -0.03965450 -0.02328403 -0.10486134
v -0.08585942 -0.04621322 -0.09851083
v -0.06417108 -0.02544136 -0.10161039
v -0.10373533 -0.04567011 -0.08944353
v -0.10337830 -0.02810092 -0.08744213
v -0.08620107 -0.02668519 -0.09559616
v -0.10514736 -0.01390321 -0.08751341
v -0.08872795 -0.01019557 -0.09766158
v -0.06645811 -0.00393994 -0.10627398
v -0.04156697 0.00266330 -0.11181756
v -0.09245861 0.00656025 -0.10437569
v -0.01876557 0.00720291 -0.11203739
v -0.07037211 0.01954405 -0.11750111
v -0.04523135 0.02996521 -0.12402948
v -0.02188540 0.03563289 -0.12342891
v -0.07324159 0.03017096 -0.12311634
v -0.02528513 0.05193643 -0.13049599
v -0.04691565 0.04774277 -0.13168248
v -0.01402343 0.06856971 -0.13444659
v -0.02788449 0.06781750 -0.13673159
v -0.01379919 0.07148199 -0.13545712
v -0.02799332 0.07036392 -0.13702687
v -0.03788972 0.06620376 -0.13747200
v -0.01513350 0.07882528 -0.13561865
v -0.01462341 0.07953911 -0.13469776
v -0.01437342 0.07967822 -0.12968596
v -0.02918399 0.07826822 -0.13620087
v -0.03271425 0.07790558 -0.13132080
v -0.02937806 0.07775466 -0.13704809
v -0.03897965 0.07639973 -0.13721785
v -0.04897106 0.07227890 -0.13116011
v -0.03877163 0.07553987 -0.13731607
v -0.04962969 0.07238738 -0.13675627
v -0.06250918 0.06209211 -0.12873193
v -0.03863347 0.06869595 -0.13771709
v -0.04953122 0.07125692 -0.13730427
v -0.06458807 0.06145565 -0.13352248
v -0.07532931 0.05069332 -0.12398478
v -0.04885924 0.06452529 -0.13784381
v -0.06447923 0.06045203 -0.13430354
v -0.07745636 0.05058055 -0.12909385
v -0.04889930 0.06224339 -0.13751265
v -0.06276262 0.05597560 -0.13470110
v -0.06137145 0.05321376 -0.13428101
v -0.07753182 0.04988878 -0.12983581
v -0.07560718 0.04501669 -0.12997695
v -0.07456184 0.04187064 -0.12942656
v -0.08991313 0.03941088 -0.12156710
v -0.08701146 0.04015450 -0.11745080
v -0.09030366 0.03896765 -0.12234231
v -0.10006464 0.03047972 -0.11437079
v -0.09727586 0.03125279 -0.10990247
v -0.08785296 0.03398840 -0.12165722
v -0.10005439 0.02977245 -0.11465904
v -0.11384404 0.02092473 -0.09894356
v -0.11005605 0.02202611 -0.09462460
v -0.11393273 0.02042954 -0.09940084
v -0.09876824 0.02512340 -0.11344096
v -0.08749545 0.03175442 -0.12181672
v -0.09657228 0.01804833 -0.11044320
v -0.11264921 0.01489882 -0.09816870
v -0.11090470 0.00812928 -0.09552535
v -0.12096000 0.01625280 -0.08771023
v -0.12046504 0.01062231 -0.08598551
v -0.10803807 -0.00027628 -0.09147462
v -0.12091184 0.01717632 -0.08753892
v -0.11630047 0.01893596 -0.08433994
v -0.12768638 0.01366870 -0.07486173
v -0.12746227 0.01448159 -0.07467278
v -0.12298632 0.01572757 -0.07174918
v -0.12730539 0.00818472 -0.07468411
v -0.13673330 0.01209848 -0.05218181
v -0.13136244 0.01311497 -0.05091568
v -0.13711393 0.01105468 -0.05222424
v -0.13764572 0.01314358 -0.02745375
v -0.14312482 0.01234846 -0.02877566
v -0.14360595 0.01154022 -0.02868673
v -0.14599514 0.01329069 -0.00570497
v -0.13986516 0.01401417 -0.00560554
v -0.14017535 0.01751547 0.01407460
v -0.13738954 0.00559335 -0.05134007
v -0.14529825 0.01692765 0.01519064
v -0.13653755 0.02169983 0.02736059
v -0.14654351 0.01201348 -0.00519248
v -0.14059484 0.02125387 0.02919355
v -0.14446688 0.00670080 -0.02668711
v -0.14559818 0.01594167 0.01533524
v -0.14142025 0.01560228 0.02954868
v -0.14433945 0.00136428 -0.02683958
v -0.13673580 0.00028674 -0.05134233
v -0.13565958 -0.00569244 -0.05022809
v -0.12592566 0.00232165 -0.07395789
v -0.12406671 -0.00448699 -0.07169339
v -0.12256325 -0.01573570 -0.06973585
v -0.11475361 -0.01497610 -0.07919356
v -0.11742807 -0.00300522 -0.08128950
v -0.11976672 0.00450520 -0.08473524
v -0.14113117 0.02034549 0.02976373
v -0.13507712 0.02051763 0.04356447
v -0.13434828 0.02617757 0.04248873
v -0.12981677 0.02651052 0.04065982
v -0.13558173 0.02547459 0.04304317
v -0.12487543 0.03236799 0.05701474
v -0.12176335 0.03255753 0.05441299
v -0.11070156 0.03948216 0.06796304
v -0.12514496 0.02640359 0.05859045
v -0.11421228 0.03957991 0.07141415
v -0.12522161 0.03130286 0.05785218
v -0.10181213 0.05170433 0.08444122
v -0.09764695 0.05235009 0.08087209
v -0.08847356 0.06373851 0.08952478
v -0.11443413 0.03855722 0.07218126
v -0.11404944 0.03331117 0.07309798
v -0.12547076 0.02318923 0.06093708
v -0.11446345 0.02875035 0.07713429
v -0.11040974 0.03279857 0.08233145
v -0.10949111 0.03182750 0.08353344
v -0.09961343 0.04728834 0.08714512
v -0.10036576 0.04221039 0.09280375
v -0.09955180 0.04111151 0.09376386
v -0.10189307 0.05105941 0.08532659
v -0.08574069 0.04011469 0.10395649
v -0.08950556 0.05299060 0.10378233
v -0.07291854 0.05871396 0.11364726
v -0.06250179 0.07597904 0.11921087
v -0.07798505 0.07175057 0.11323360
v -0.09001410 0.05410127 0.10251704
v -0.06642473 0.08898573 0.12026099
v -0.09019518 0.05881982 0.09665206
v -0.07852388 0.07316654 0.11237470
v -0.09208882 0.06357341 0.09507493
v -0.07921481 0.07557874 0.10685841
v -0.09196937 0.06427293 0.09423963
v -0.07715226 0.08194546 0.09966687
v -0.07987702 0.08099632 0.10562447
v -0.08000815 0.08174591 0.10470429
v -0.06574011 0.09876041 0.10563162
v -0.06596184 0.09445290 0.11409012
v -0.06746340 0.09912817 0.11100141
v -0.05219877 0.11570458 0.10998705
v -0.06732154 0.09835582 0.11203888
v -0.05364394 0.11612313 0.11478427
v -0.05358219 0.11572127 0.11590830
v -0.04003084 0.12716977 0.11606589
v -0.03870356 0.12671118 0.11144701
v -0.05319441 0.10986547 0.11905805
v -0.02690888 0.13466482 0.11684624
v -0.02614928 0.13416474 0.11195723
v -0.03989911 0.12661247 0.11785141
v -0.04038632 0.12108581 0.12109962
v -0.05311752 0.10649245 0.12476221
v -0.06642831 0.09048478 0.11876277
v -0.05227328 0.10425632 0.12515954
v -0.04078627 0.11757843 0.12668756
v -0.04907561 0.09156708 0.12484399
v -0.04056740 0.11492686 0.12747839
v -0.03694046 0.10168521 0.12674502
v -0.02555454 0.10855310 0.12820080
v -0.02761746 0.12388937 0.12839333
v -0.01329911 0.12804811 0.12860135
v -0.02802313 0.12552027 0.12784890
v -0.01387131 0.13015036 0.12779549
v -0.02776647 0.12833755 0.12220934
v -0.01353538 0.13279419 0.12215498
v -0.02687896 0.13426571 0.11874476
v -0.01345051 0.13811140 0.11846641
v -0.01292134 0.13907008 0.11687437
v -0.01293278 0.13823752 0.11203686
v 0.01267516 -0.11822064 0.09784976
v 0.00000000 -0.11850269 0.09884754
v 0.02818334 -0.11704273 0.09533003
v 0.04332828 -0.11469407 0.09042100
v 0.05778134 -0.11092634 0.08449081
v 0.08097660 -0.10363634 0.07305041
v 0.09509039 -0.09852190 0.06401781
v 0.10827386 -0.09333379 0.05388967
v 0.12032568 -0.08664186 0.04158798
v 0.13029420 -0.07987590 0.02716235
v 0.13604963 -0.07537253 0.01635102
v 0.13985955 -0.07097335 0.00488082
v 0.14125788 -0.06501634 -0.01296505
v 0.13769960 -0.06058271 -0.03220626
v 0.12998652 -0.05699630 -0.05150279
v 0.11979854 -0.05564137 -0.06709155
v 0.11137914 -0.05561931 -0.07642075
v 0.10062563 -0.05559738 -0.08448359
v 0.08398688 -0.05575736 -0.09258779
v 0.06043207 -0.05631025 -0.09648057
v 0.03769839 -0.05719037 -0.09646722
v 0.01593697 -0.05746479 -0.09284135
v 0.00000000 -0.05764325 -0.09212979
v 0.00000000 -0.10645552 0.08200470
v 0.01142561 -0.10546942 0.08139936
v 0.00000000 -0.10684700 0.07455853
v 0.02981198 -0.10387500 0.07686785
v 0.01149094 -0.10593112 0.07407836
v 0.00000000 -0.07787879 0.07243029
v 0.05653321 -0.09473558 0.06207386
v 0.00990081 -0.07740469 0.07210794
v 0.00000000 -0.01895960 0.01504866
v 0.02748906 -0.10465379 0.07016960
v 0.02436053 -0.07671232 0.06829635
v 0.05192816 -0.09589286 0.05620900
v 0.07626891 -0.08528371 0.04022077
v 0.04578292 -0.07335348 0.05639294
v 0.07002437 -0.08702429 0.03585652
v 0.08561480 -0.07638307 0.01692167
v 0.06168318 -0.06820758 0.03815583
v 0.07818067 -0.07914217 0.01475671
v 0.08740890 -0.07105882 -0.00073537
v 0.06884587 -0.06286342 0.01921598
v 0.08040428 -0.07409473 -0.00163278
v 0.08487022 -0.06601305 -0.01891562
v 0.07056737 -0.05690594 -0.00187751
v 0.07829785 -0.06932099 -0.01855060
v 0.07580816 -0.05995770 -0.04191586
v 0.06168318 -0.04886527 -0.03039309
v 0.06989741 -0.06409104 -0.03906628
v 0.05688548 -0.05547579 -0.06450745
v 0.04578292 -0.04371937 -0.04863020
v 0.05203008 -0.06023236 -0.05926892
v 0.03055238 -0.05564256 -0.08151015
v 0.02749967 -0.05871172 -0.07556042
v 0.01544213 -0.05595608 -0.08468422
v 0.00000000 -0.05650921 -0.08569714
v 0.02436065 -0.04036052 -0.06053361
v 0.01345229 -0.05903216 -0.07901665
v 0.00000000 -0.05954833 -0.08054849
v 0.01225865 -0.03978105 -0.06258735
v 0.00000000 -0.03919406 -0.06466755
v -0.01267517 -0.11822064 0.09784976
v -0.02818334 -0.11704273 0.09533003
v -0.04332829 -0.11469407 0.09042100
v -0.05778134 -0.11092634 0.08449081
v -0.08097661 -0.10363634 0.07305041
v -0.09509027 -0.09852190 0.06401781
v -0.10827387 -0.09333379 0.05388967
v -0.12032569 -0.08664186 0.04158798
v -0.13029421 -0.07987590 0.02716235
v -0.13604963 -0.07537253 0.01635102
v -0.13985956 -0.07097335 0.00488082
v -0.14125788 -0.06501634 -0.01296505
v -0.13769961 -0.06058271 -0.03220626
v -0.12998653 -0.05699630 -0.05150279
v -0.11979854 -0.05564137 -0.06709155
v -0.11137915 -0.05561931 -0.07642075
v -0.10062564 -0.05559738 -0.08448359
v -0.08398676 -0.05575736 -0.09258779
v -0.06043208 -0.05631025 -0.09648057
v -0.03769839 -0.05719037 -0.09646722
v -0.01593697 -0.05746479 -0.09284135
v -0.01142562 -0.10546942 0.08139936
v -0.02981198 -0.10387500 0.07686785
v -0.01149094 -0.10593112 0.07407836
v -0.05653322 -0.09473558 0.06207386
v -0.00990081 -0.07740469 0.07210794
v -0.02748907 -0.10465379 0.07016960
v -0.02436054 -0.07671232 0.06829635
v -0.05192805 -0.09589286 0.05620900
v -0.07626891 -0.08528371 0.04022077
v -0.04578293 -0.07335348 0.05639294
v -0.07002437 -0.08702429 0.03585652
v -0.08561468 -0.07638307 0.01692167
v -0.06168318 -0.06820758 0.03815583
v -0.07818067 -0.07914217 0.01475671
v -0.08740890 -0.07105882 -0.00073537
v -0.06884587 -0.06286342 0.01921598
v -0.08040417 -0.07409473 -0.00163278
v -0.08487022 -0.06601305 -0.01891562
v -0.07056737 -0.05690594 -0.00187751
v -0.07829786 -0.06932099 -0.01855060
v -0.07580805 -0.05995770 -0.04191586
v -0.06168318 -0.04886527 -0.03039309
v -0.06989742 -0.06409104 -0.03906628
v -0.05688548 -0.05547579 -0.06450745
v -0.04578293 -0.04371937 -0.04863020
v -0.05202997 -0.06023236 -0.05926892
v -0.03055239 -0.05564256 -0.08151015
v -0.02749968 -0.05871172 -0.07556042
v -0.01544214 -0.05595608 -0.08468422
v -0.02436066 -0.04036052 -0.06053361
v -0.01345229 -0.05903216 -0.07901665
v -0.01225865 -0.03978105 -0.06258735
v 0.00000000 0.08059816 -0.12879952
v 0.01437342 0.07967822 -0.12968596
v 0.03271424 0.07790558 -0.13132080
v 0.04897105 0.07227890 -0.13116011
v 0.06250930 0.06209211 -0.12873193
v 0.07532930 0.05069332 -0.12398478
v 0.08701145 0.04015450 -0.11745080
v 0.09727585 0.03125279 -0.10990247
v 0.11005604 0.02202611 -0.09462460
v 0.11630046 0.01893596 -0.08433994
v 0.12298631 0.01572757 -0.07174918
v 0.13136244 0.01311497 -0.05091568
v 0.13764572 0.01314358 -0.02745375
v 0.13986516 0.01401417 -0.00560554
v 0.14017534 0.01751547 0.01407460
v 0.13653755 0.02169983 0.02736059
v 0.01293277 0.13823752 0.11203686
v 0.00000000 0.13972358 0.11158529
v 0.02614927 0.13416474 0.11195723
v 0.03870356 0.12671118 0.11144701
v 0.05219876 0.11570458 0.10998705
v 0.06574022 0.09876041 0.10563162
v 0.07715225 0.08194546 0.09966687
v 0.08847356 0.06373851 0.08952478
v 0.09764695 0.05235009 0.08087209
v 0.11070156 0.03948216 0.06796304
v 0.12176335 0.03255753 0.05441299
v 0.12981677 0.02651052 0.04065982
v -0.01437342 0.07967822 -0.12968596
v -0.03271425 0.07790558 -0.13132080
v -0.04897106 0.07227890 -0.13116011
v -0.06250918 0.06209211 -0.12873193
v -0.07532931 0.05069332 -0.12398478
v -0.08701146 0.04015450 -0.11745080
v -0.09727586 0.03125279 -0.10990247
v -0.11005605 0.02202611 -0.09462460
v -0.11630047 0.01893596 -0.08433994
v -0.12298632 0.01572757 -0.07174918
v -0.13136244 0.01311497 -0.05091568
v -0.13764572 0.01314358 -0.02745375
v -0.13986516 0.01401417 -0.00560554
v -0.14017535 0.01751547 0.01407460
v -0.13653755 0.02169983 0.02736059
v -0.12981677 0.02651052 0.04065982
v -0.12176335 0.03255753 0.05441299
v -0.11070156 0.03948216 0.06796304
v -0.09764695 0.05235009 0.08087209
v -0.08847356 0.06373851 0.08952478
v -0.07715226 0.08194546 0.09966687
v -0.06574011 0.09876041 0.10563162
v -0.05219877 0.11570458 0.10998705
v -0.03870356 0.12671118 0.11144701
v -0.02614928 0.13416474 0.11195723
v -0.01293278 0.13823752 0.11203686
v 0.01213085 0.13168173 0.09930578
v 0.00000000 0.13287191 0.09872821
v 0.00000000 0.12770455 0.09445945
v 0.02288532 0.12803249 0.09941331
v 0.01195824 0.12661772 0.09511534
v 0.00000000 0.09567647 0.07715920
v 0.03343701 0.12084787 0.09885732
v 0.02194476 0.12452583 0.09503559
v 0.04448986 0.11101274 0.09723440
v 0.01525747 0.09562127 0.07626394
v 0.00000000 0.09541242 0.06546823
v 0.03204345 0.11857645 0.09473721
v 0.01407885 0.09526579 0.06353286
v 0.00000000 0.09489124 0.06377796
v 0.03147900 0.09486859 0.07162026
v 0.04341936 0.10856275 0.09287790
v 0.01395738 0.09504633 0.06191591
v 0.00000000 0.05836324 0.04945591
v 0.05748546 0.09586148 0.09354142
v 0.01827037 0.05830591 0.04623488
v 0.00000000 0.02143876 0.00701097
v 0.02708673 0.09435110 0.05886820
v 0.02812087 0.09466867 0.06029168
v 0.03936577 0.09203462 0.05193177
v 0.01098799 0.02140956 0.00419453
v 0.00000000 0.01597814 -0.02102539
v 0.04079544 0.05608074 0.03622499
v 0.02040696 0.02122574 -0.00493905
v 0.04053926 0.09232812 0.05343703
v 0.05045497 0.08766727 0.04265896
v 0.04612934 0.09222047 0.06395498
v 0.05185866 0.08749907 0.04406885
v 0.05611121 0.09512334 0.08846394
v 0.05981731 0.08724849 0.05223242
v 0.06679201 0.08208971 0.08326498
v 0.06904757 0.08066718 0.08835081
v 0.07976067 0.06380229 0.08016137
v 0.07821631 0.06537823 0.07526747
v 0.08798027 0.05274491 0.07278350
v 0.07059848 0.07847576 0.03823832
v 0.08661592 0.05483370 0.06893936
v 0.10199153 0.04026000 0.05940810
v 0.09988260 0.04186551 0.05641321
v 0.11155975 0.03308813 0.04725758
v 0.07975959 0.06868546 0.02181784
v 0.06097114 0.07947056 0.03095368
v 0.11991751 0.02658849 0.03457311
v 0.05928790 0.07920866 0.02948788
v 0.06948209 0.06992309 0.01645568
v 0.08401704 0.06162195 0.00679794
v 0.12625766 0.02137761 0.02403203
v 0.12795341 0.01658361 0.01084903
v 0.08640253 0.05628757 -0.00973329
v 0.12841451 0.01303653 -0.00379535
v 0.12587964 0.01253955 -0.02337440
v 0.08649385 0.05392997 -0.02332231
v 0.11985838 0.01145689 -0.04598447
v 0.08495056 0.05424039 -0.03958377
v 0.11175048 0.01512234 -0.06557354
v 0.08006465 0.05621688 -0.05599972
v 0.10680818 0.01844315 -0.07584127
v 0.10112321 0.02271251 -0.08595392
v 0.07365441 0.05903570 -0.07328471
v 0.08978700 0.03219740 -0.10031041
v 0.08063614 0.04162507 -0.10899195
v 0.06039381 0.06583814 -0.09146496
v 0.07204056 0.05041795 -0.11540410
v 0.05863297 0.06322150 -0.12084457
v 0.04655385 0.07073002 -0.10187158
v 0.04823196 0.07165901 -0.12401029
v 0.03180253 0.07643466 -0.12428447
v 0.03234529 0.07524817 -0.11025402
v 0.01423788 0.07808201 -0.12417265
v 0.00000000 0.07885651 -0.12266764
v 0.01434445 0.07708339 -0.11398121
v 0.00000000 0.07787828 -0.11490652
v 0.00000000 0.07942383 -0.10429975
v 0.01392698 0.07843916 -0.10200306
v 0.02806914 0.07738714 -0.09814462
v 0.01330638 0.07875316 -0.10033556
v 0.00000000 0.07935743 -0.10218712
v 0.00000000 0.05582433 -0.09297260
v 0.02720904 0.07680027 -0.09603044
v 0.01766681 0.05586796 -0.09022018
v 0.00000000 0.02043597 -0.04923853
v 0.03845679 0.07344072 -0.09018692
v 0.01033115 0.02049129 -0.04651638
v 0.04049480 0.05606596 -0.08026000
v 0.02401399 0.02050214 -0.03408214
v 0.04055762 0.07259469 -0.09162446
v 0.05015087 0.06836049 -0.08056303
v 0.05271780 0.06779341 -0.08167883
v 0.05962896 0.05225520 -0.06483993
v 0.06137430 0.06290273 -0.06500288
v 0.06369650 0.06202070 -0.06640884
v 0.06938064 0.05968945 -0.05307814
v 0.06673598 0.06057577 -0.05224928
v 0.06747818 0.05072813 -0.04278931
v 0.07124245 0.05809812 -0.03627297
v 0.07384646 0.05828659 -0.03664884
v 0.07084048 0.05058055 -0.02160033
v 0.07209670 0.05836396 -0.02214393
v 0.07488906 0.05806594 -0.02192124
v 0.07206356 0.05914240 -0.00966152
v 0.07459688 0.05951850 -0.00956735
v 0.07278061 0.06393914 0.00251034
v 0.06699645 0.06979208 0.01541320
v 0.07017648 0.06433778 0.00183431
v 0.05803072 0.05367868 0.01868025
v 0.06833601 0.05066924 -0.00407704
v 0.02642512 0.02134471 -0.01621636
v -0.01213086 0.13168173 0.09930578
v -0.02288533 0.12803249 0.09941331
v -0.01195824 0.12661772 0.09511534
v -0.03343702 0.12084787 0.09885732
v -0.02194476 0.12452583 0.09503559
v -0.04448986 0.11101274 0.09723440
v -0.03204346 0.11857645 0.09473721
v -0.04341936 0.10856275 0.09287790
v -0.05748546 0.09586148 0.09354142
v -0.01525748 0.09562127 0.07626394
v -0.03147900 0.09486859 0.07162026
v -0.01407886 0.09526579 0.06353286
v -0.04612935 0.09222047 0.06395498
v -0.01395738 0.09504633 0.06191591
v -0.02812088 0.09466867 0.06029168
v -0.02708674 0.09435110 0.05886820
v -0.01827038 0.05830591 0.04623488
v -0.03936577 0.09203462 0.05193177
v -0.01098800 0.02140956 0.00419453
v -0.04079545 0.05608074 0.03622499
v -0.02040696 0.02122574 -0.00493905
v -0.04053927 0.09232812 0.05343703
v -0.05045486 0.08766727 0.04265896
v -0.05803073 0.05367868 0.01868025
v -0.05185867 0.08749907 0.04406885
v -0.05928791 0.07920866 0.02948788
v -0.06097114 0.07947056 0.03095368
v -0.05981732 0.08724849 0.05223242
v -0.07059849 0.07847576 0.03823832
v -0.06948209 0.06992309 0.01645568
v -0.06679189 0.08208971 0.08326498
v -0.06699646 0.06979208 0.01541320
v -0.07975960 0.06868546 0.02181784
v -0.07278061 0.06393914 0.00251034
v -0.07821632 0.06537823 0.07526747
v -0.07017649 0.06433778 0.00183431
v -0.05611122 0.09512334 0.08846394
v -0.06904757 0.08066718 0.08835081
v -0.07976067 0.06380229 0.08016137
v -0.08798027 0.05274491 0.07278350
v -0.08661592 0.05483370 0.06893936
v -0.10199154 0.04026000 0.05940810
v -0.09988261 0.04186551 0.05641321
v -0.11155975 0.03308813 0.04725758
v -0.08401704 0.06162195 0.00679794
v -0.11991740 0.02658849 0.03457311
v -0.12625766 0.02137761 0.02403203
v -0.12795341 0.01658361 0.01084903
v -0.08640254 0.05628757 -0.00973329
v -0.12841451 0.01303653 -0.00379535
v -0.12587965 0.01253955 -0.02337440
v -0.08649385 0.05392997 -0.02332231
v -0.07459688 0.05951850 -0.00956735
v -0.11985839 0.01145689 -0.04598447
v -0.07488907 0.05806594 -0.02192124
v -0.07206357 0.05914240 -0.00966152
v -0.08495057 0.05424039 -0.03958377
v -0.07384646 0.05828659 -0.03664884
v -0.07209671 0.05836396 -0.02214393
v -0.06833601 0.05066924 -0.00407704
v -0.07084048 0.05058055 -0.02160033
v -0.02642513 0.02134471 -0.01621636
v -0.07124234 0.05809812 -0.03627297
v -0.02401400 0.02050214 -0.03408214
v -0.06747818 0.05072813 -0.04278931
v -0.06938064 0.05968945 -0.05307814
v -0.06673599 0.06057577 -0.05224928
v -0.05962897 0.05225520 -0.06483993
v -0.06137419 0.06290273 -0.06500288
v -0.08006466 0.05621688 -0.05599972
v -0.06369651 0.06202070 -0.06640884
v -0.11175049 0.01512234 -0.06557354
v -0.10680819 0.01844315 -0.07584127
v -0.07365442 0.05903570 -0.07328471
v -0.10112322 0.02271251 -0.08595392
v -0.08978701 0.03219740 -0.10031041
v -0.05271781 0.06779341 -0.08167883
v -0.06039381 0.06583814 -0.09146496
v -0.08063615 0.04162507 -0.10899195
v -0.07204056 0.05041795 -0.11540410
v -0.05863297 0.06322150 -0.12084457
v -0.04655385 0.07073002 -0.10187158
v -0.04823196 0.07165901 -0.12401029
v -0.04055763 0.07259469 -0.09162446
v -0.03180254 0.07643466 -0.12428447
v -0.03234530 0.07524817 -0.11025402
v -0.01423788 0.07808201 -0.12417265
v -0.01434446 0.07708339 -0.11398121
v -0.01392699 0.07843916 -0.10200306
v -0.02806914 0.07738714 -0.09814462
v -0.01330638 0.07875316 -0.10033556
v -0.02720905 0.07680027 -0.09603044
v -0.01766682 0.05586796 -0.09022018
v -0.03845680 0.07344072 -0.09018692
v -0.01033116 0.02049129 -0.04651638
v -0.04049480 0.05606596 -0.08026000
v -0.05015087 0.06836049 -0.08056303
v 0.03686952 -0.04025467 0.04039923
v 0.00000000 -0.01698895 -0.01443955
v 0.00000000 -0.03494580 0.04475609
v 0.00000000 -0.08950086 0.07391635
v 0.03686952 -0.02382369 -0.01376637
v 0.03686940 -0.09017403 0.06708160
v 0.03686940 -0.05050595 -0.06368562
v 0.00000000 -0.04614921 -0.06899461
v 0.00000000 -0.10534473 -0.08695146
v 0.07392537 -0.06911524 0.01671401
v 0.07392537 -0.06097920 -0.01010689
v 0.07392537 -0.07419141 -0.03482517
v 0.07392537 -0.09383352 0.02992621
v 0.08108675 -0.09742291 -0.00651761
v 0.07392537 -0.12065442 0.02179006
v 0.03686940 -0.10467167 -0.08011672
v 0.07392537 -0.10101218 -0.04296133
v 0.07392537 -0.12573047 -0.02974912
v 0.03686940 -0.15459116 -0.05343434
v 0.00000000 -0.15990002 -0.05779120
v 0.00000000 -0.17785688 0.00140444
v 0.07392537 -0.13386662 -0.00292822
v 0.03686940 -0.17102207 0.00073126
v 0.03686940 -0.14433964 0.05065063
v 0.00000000 -0.14869650 0.05595950
v -0.03686953 -0.04025467 0.04039923
v -0.03686941 -0.02382369 -0.01376637
v -0.03686941 -0.09017403 0.06708160
v -0.03686941 -0.05050595 -0.06368562
v -0.07392538 -0.06911524 0.01671401
v -0.07392538 -0.06097920 -0.01010689
v -0.03686941 -0.10467167 -0.08011672
v -0.07392538 -0.07419141 -0.03482517
v -0.08108676 -0.09742291 -0.00651761
v -0.07392538 -0.09383352 0.02992621
v -0.07392538 -0.12065442 0.02179006
v -0.03686941 -0.14433964 0.05065063
v -0.07392538 -0.13386662 -0.00292822
v -0.03686941 -0.17102207 0.00073126
v -0.03686941 -0.15459116 -0.05343434
v -0.07392538 -0.12573047 -0.02974912
v -0.07392538 -0.10101218 -0.04296133
v 0.03686952 0.15532546 0.02619544
v 0.00000000 0.17859106 -0.02864334
v 0.00000000 0.16063444 0.03055230
v 0.00000000 0.10607927 0.05971256
v 0.03686952 0.17175643 -0.02797016
v 0.03686940 0.10540609 0.05287782
v 0.03686940 0.14507429 -0.07788953
v 0.00000000 0.14943092 -0.08319839
v 0.00000000 0.09023540 -0.10115525
v 0.07392537 0.12646501 0.00251010
v 0.07392537 0.12138884 -0.04902896
v 0.07392537 0.13460092 -0.02431067
v 0.03686940 0.09090833 -0.09432050
v 0.08108675 0.09815721 -0.02072140
v 0.07392537 0.10174660 0.01572243
v 0.07392537 0.07492571 0.00758639
v 0.03686940 0.05124049 0.03644684
v 0.00000000 0.04688363 0.04175571
v 0.00000000 0.01772325 -0.01279935
v 0.07392537 0.06171350 -0.01713201
v 0.03686940 0.02455811 -0.01347252
v 0.03686940 0.04098909 -0.06763813
v 0.00000000 0.03568010 -0.07199511
v 0.07392537 0.06984966 -0.04395291
v 0.07392537 0.09456794 -0.05716511
v -0.03686953 0.15532546 0.02619544
v -0.03686941 0.17175643 -0.02797016
v -0.03686941 0.10540609 0.05287782
v -0.03686941 0.14507429 -0.07788953
v -0.07392538 0.12646501 0.00251010
v -0.07392538 0.12138884 -0.04902896
v -0.07392538 0.13460092 -0.02431067
v -0.03686941 0.09090833 -0.09432050
v -0.08108676 0.09815721 -0.02072140
v -0.07392538 0.10174660 0.01572243
v -0.07392538 0.07492571 0.00758639
v -0.03686941 0.05124049 0.03644684
v -0.07392538 0.06171350 -0.01713201
v -0.03686941 0.02455811 -0.01347252
v -0.03686941 0.04098909 -0.06763813
v -0.07392538 0.06984966 -0.04395291
v -0.07392538 0.09456794 -0.05716511
vt 0.37789679 0.53169227
vt 0.36859804 0.52889764
vt 0.37206155 0.52594125
vt 0.37491268 0.53520715
vt 0.36590159 0.53153926
vt 0.38499105 0.53961956
vt 0.37230420 0.53775317
vt 0.38153148 0.54226434
vt 0.38819957 0.55019295
vt 0.39203686 0.54810596
vt 0.37880689 0.54472023
vt 0.37008858 0.53986335
vt 0.36356521 0.53355300
vt 0.37628719 0.54681951
vt 0.36924362 0.54062200
vt 0.36269817 0.53435838
vt 0.34689406 0.55303442
vt 0.37539509 0.54754996
vt 0.35330731 0.56002021
vt 0.32563102 0.57537246
vt 0.38116995 0.55515009
vt 0.33332518 0.58356404
vt 0.38211021 0.55448860
vt 0.36151180 0.56893945
vt 0.34006548 0.59033167
vt 0.30791864 0.60573870
vt 0.30013806 0.59585905
vt 0.31710982 0.61272269
vt 0.34778318 0.59760130
vt 0.26969427 0.62462908
vt 0.26507282 0.61846310
vt 0.36872923 0.57675129
vt 0.33078408 0.62084878
vt 0.35382184 0.60283136
vt 0.38503227 0.56028295
vt 0.37313914 0.58125508
vt 0.38593206 0.55977464
vt 0.38917041 0.56435573
vt 0.38513419 0.55275869
vt 0.39082813 0.56153732
vt 0.39435819 0.55926853
vt 0.39801106 0.55719399
vt 0.40425813 0.57444715
vt 0.40751088 0.57162333
vt 0.41385704 0.58097088
vt 0.40085372 0.57709521
vt 0.41035989 0.58394706
vt 0.42009687 0.59022731
vt 0.39901593 0.57826620
vt 0.41608530 0.59332502
vt 0.42635012 0.60029787
vt 0.40693498 0.58640593
vt 0.42213863 0.60296547
vt 0.41267327 0.59560758
vt 0.40509468 0.58767158
vt 0.42828581 0.61262858
vt 0.43280601 0.61025643
vt 0.41905338 0.60533386
vt 0.43305641 0.61967456
vt 0.43739089 0.61717677
vt 0.42529556 0.61490428
vt 0.41103432 0.59690338
vt 0.41722342 0.60679328
vt 0.43015534 0.62213641
vt 0.43783772 0.62647188
vt 0.44213182 0.62386715
vt 0.42333361 0.61705941
vt 0.44582939 0.63621408
vt 0.44950002 0.63286293
vt 0.43509063 0.62912840
vt 0.45524806 0.64491832
vt 0.45856428 0.64104760
vt 0.44298866 0.63905394
vt 0.42800754 0.62431163
vt 0.43311980 0.63142300
vt 0.45310059 0.64813191
vt 0.44133723 0.64118892
vt 0.46600023 0.65288103
vt 0.46845102 0.64894122
vt 0.47813156 0.65427220
vt 0.47634473 0.65851510
vt 0.48507389 0.65721560
vt 0.46388993 0.65658140
vt 0.48350015 0.66161638
vt 0.49289471 0.65981924
vt 0.47473934 0.66254532
vt 0.48185805 0.66570485
vt 0.49121699 0.66450149
vt 0.50396919 0.66285914
vt 0.48085812 0.66830850
vt 0.50266850 0.66773450
vt 0.48948631 0.66876090
vt 0.50078702 0.67219692
vt 0.51676786 0.67113787
vt 0.51879531 0.66614032
vt 0.51500106 0.67602247
vt 0.53071010 0.67434037
vt 0.53304470 0.67000359
vt 0.52860808 0.67951101
vt 0.54413414 0.67808592
vt 0.54696840 0.67397308
vt 0.55593306 0.67891336
vt 0.55361813 0.68231898
vt 0.54213536 0.68316484
vt 0.55164623 0.68690211
vt 0.55070376 0.68884146
vt 0.54118764 0.68523717
vt 0.52778411 0.68160135
vt 0.53544044 0.69963700
vt 0.54647458 0.70266074
vt 0.52301359 0.69529438
vt 0.51413679 0.67805755
vt 0.53225327 0.71604145
vt 0.54429507 0.71745735
vt 0.49986723 0.67447567
vt 0.51856112 0.71144509
vt 0.48839614 0.67096186
vt 0.48375765 0.68130714
vt 0.50840098 0.69061995
vt 0.49479219 0.68610960
vt 0.50385159 0.70407349
vt 0.49035701 0.69612849
vt 0.47949019 0.68958425
vt 0.47574350 0.67815667
vt 0.47340813 0.66506869
vt 0.47214302 0.68570733
vt 0.46246752 0.65900212
vt 0.46878842 0.67480493
vt 0.46512392 0.68184072
vt 0.45646408 0.66763002
vt 0.45135576 0.65019423
vt 0.44395849 0.65954310
vt 0.43355712 0.65097338
vt 0.45134014 0.67460138
vt 0.43826935 0.66649336
vt 0.42358246 0.64301807
vt 0.42616388 0.65984893
vt 0.43425790 0.67294544
vt 0.44869307 0.68047839
vt 0.46228799 0.68861228
vt 0.43236908 0.67642885
vt 0.44715714 0.68403965
vt 0.46863881 0.69293415
vt 0.46065190 0.69303578
vt 0.44535363 0.68687522
vt 0.47604051 0.69838154
vt 0.46688715 0.69818676
vt 0.48639163 0.70754093
vt 0.47378972 0.70433170
vt 0.45877805 0.69639897
vt 0.46538910 0.70194179
vt 0.49959436 0.72046459
vt 0.48320249 0.71587831
vt 0.51476443 0.72962993
vt 0.49737087 0.72810107
vt 0.47215554 0.70888811
vt 0.52929711 0.73387134
vt 0.54326832 0.73441797
vt 0.54305852 0.74396735
vt 0.51339173 0.74159282
vt 0.52705848 0.74445099
vt 0.53423178 0.75502872
vt 0.54306638 0.75515068
vt 0.52542329 0.75474650
vt 0.53436565 0.75694698
vt 0.54307926 0.75695127
vt 0.54318225 0.76164269
vt 0.52538765 0.75631756
vt 0.51916826 0.75366104
vt 0.53363454 0.76154667
vt 0.53400898 0.76225680
vt 0.54322612 0.76234955
vt 0.54334867 0.76554239
vt 0.53427744 0.76538163
vt 0.52467668 0.76150799
vt 0.52223957 0.76452857
vt 0.52456677 0.76089096
vt 0.51876390 0.75988758
vt 0.51055306 0.76078379
vt 0.51886129 0.75935996
vt 0.51202869 0.75765717
vt 0.50073504 0.75351876
vt 0.51876056 0.75518382
vt 0.51212353 0.75686961
vt 0.50211507 0.75047159
vt 0.49141577 0.74468452
vt 0.51237696 0.75264037
vt 0.50238794 0.74970132
vt 0.49381414 0.74222547
vt 0.51229751 0.75120562
vt 0.50354195 0.74684638
vt 0.50440162 0.74505764
vt 0.49412969 0.74166471
vt 0.49560651 0.73867232
vt 0.49636146 0.73666024
vt 0.48846242 0.72794151
vt 0.48789778 0.72929877
vt 0.48140112 0.72079670
vt 0.48604456 0.73237693
vt 0.48014751 0.72380084
vt 0.47062430 0.71228671
vt 0.48567268 0.73287284
vt 0.48355708 0.73529428
vt 0.47986165 0.72419667
vt 0.47708812 0.72608083
vt 0.47027251 0.71252221
vt 0.46733692 0.71468175
vt 0.46430162 0.70559162
vt 0.46394905 0.70607424
vt 0.46142986 0.70877463
vt 0.45707574 0.69943136
vt 0.45676157 0.69987625
vt 0.45436159 0.70234019
vt 0.44416156 0.69014394
vt 0.44386068 0.69077361
vt 0.44231161 0.69392562
vt 0.42824987 0.68616647
vt 0.43008044 0.68310672
vt 0.43026441 0.68254757
vt 0.41648248 0.67604864
vt 0.41497686 0.67958713
vt 0.40237132 0.67393351
vt 0.43058550 0.67924315
vt 0.40331054 0.67075628
vt 0.39258611 0.67073190
vt 0.41661444 0.67512435
vt 0.39323795 0.66799754
vt 0.41946104 0.66955680
vt 0.41786814 0.67265970
vt 0.40359852 0.67017341
vt 0.40501186 0.66765481
vt 0.40713793 0.66418350
vt 0.42130214 0.66633481
vt 0.40922484 0.66122341
vt 0.41473970 0.65322095
vt 0.40697238 0.64839345
vt 0.40006909 0.65735459
vt 0.41746235 0.63625544
vt 0.39979863 0.64358759
vt 0.41187665 0.62958872
vt 0.39089310 0.65364218
vt 0.40441894 0.62000936
vt 0.38988870 0.63594705
vt 0.39697862 0.61081415
vt 0.38137808 0.62831706
vt 0.39057809 0.60279560
vt 0.37402421 0.62135547
vt 0.37969422 0.64784306
vt 0.38383046 0.59470838
vt 0.36477414 0.61274040
vt 0.37698177 0.58575153
vt 0.35999501 0.60830188
vt 0.34270400 0.62595451
vt 0.35385510 0.63197523
vt 0.35897535 0.63542610
vt 0.34304142 0.64015692
vt 0.36773813 0.64143306
vt 0.35357437 0.64224786
vt 0.35825625 0.64409476
vt 0.33590481 0.63888198
vt 0.34317887 0.64723110
vt 0.35452810 0.64906865
vt 0.31992304 0.63852620
vt 0.33082494 0.64583451
vt 0.30664566 0.63889104
vt 0.31494862 0.64589477
vt 0.34323922 0.64828736
vt 0.33078927 0.64695007
vt 0.30083928 0.64533293
vt 0.35483944 0.65015632
vt 0.31456089 0.64692903
vt 0.29340974 0.63704222
vt 0.34223798 0.65307331
vt 0.28400695 0.63392901
vt 0.28767747 0.64273083
vt 0.27658388 0.63012737
vt 0.27821904 0.63994098
vt 0.26944736 0.63605833
vt 0.30018890 0.64650476
vt 0.28675306 0.64391023
vt 0.27689674 0.64101523
vt 0.26245731 0.63018560
vt 0.25694627 0.62398881
vt 0.25594526 0.62473095
vt 0.26874217 0.63685083
vt 0.26155791 0.63129365
vt 0.25864670 0.63377500
vt 0.25268367 0.62763870
vt 0.26611310 0.63960457
vt 0.25551349 0.63626784
vt 0.24954332 0.63027638
vt 0.26240605 0.64167821
vt 0.27428651 0.64414513
vt 0.27088073 0.64638287
vt 0.26169786 0.64263588
vt 0.25444683 0.63680643
vt 0.24869792 0.63105541
vt 0.25252554 0.63916814
vt 0.24642284 0.63347989
vt 0.25974148 0.64500898
vt 0.26870278 0.64994836
vt 0.27032977 0.64741319
vt 0.28057209 0.65406197
vt 0.28173736 0.65041411
vt 0.28147560 0.65110576
vt 0.29646715 0.65323311
vt 0.29622123 0.65676075
vt 0.28490055 0.64753568
vt 0.29677862 0.65247232
vt 0.31185567 0.65413302
vt 0.31150013 0.65771306
vt 0.29833502 0.64994788
vt 0.31206104 0.65340668
vt 0.32834306 0.65542102
vt 0.32843283 0.65909427
vt 0.31465006 0.65074468
vt 0.32854402 0.65475321
vt 0.34172267 0.65672886
vt 0.34069267 0.66007751
vt 0.35686383 0.66172177
vt 0.33004615 0.65164328
vt 0.34178504 0.65604168
vt 0.35750183 0.65786213
vt 0.35935232 0.65493673
vt 0.35725871 0.65864801
vt 0.37083480 0.66115022
vt 0.37064672 0.66201133
vt 0.37015948 0.66450322
vt 0.38168412 0.66820031
vt 0.38293123 0.66541416
vt 0.38340643 0.66459137
vt 0.39340028 0.66725379
vt 0.37240070 0.65837854
vt 0.38484374 0.66179997
vt 0.39526466 0.66485363
vt 0.37275755 0.65588039
vt 0.38598397 0.65987670
vt 0.39642590 0.66282326
vt 0.39764130 0.66078264
vt 0.38814902 0.65731424
vt 0.37603563 0.65217739
vt 0.36320317 0.64677995
vt 0.35996625 0.65105772
vt 0.37789679 0.53169227
vt 0.37491268 0.53520715
vt 0.38499105 0.53961956
vt 0.38153148 0.54226434
vt 0.37230420 0.53775317
vt 0.38819957 0.55019295
vt 0.39203686 0.54810596
vt 0.37880689 0.54472023
vt 0.37008858 0.53986335
vt 0.37628719 0.54681951
vt 0.36924362 0.54062200
vt 0.37539509 0.54754996
vt 0.35330731 0.56002021
vt 0.38116995 0.55515009
vt 0.33332518 0.58356404
vt 0.38211021 0.55448860
vt 0.36151180 0.56893945
vt 0.34006548 0.59033167
vt 0.30791864 0.60573870
vt 0.31710982 0.61272269
vt 0.34778318 0.59760130
vt 0.26969427 0.62462908
vt 0.36872923 0.57675129
vt 0.33078408 0.62084878
vt 0.35382184 0.60283136
vt 0.38503227 0.56028295
vt 0.37313914 0.58125508
vt 0.38593206 0.55977464
vt 0.38917041 0.56435573
vt 0.38513419 0.55275869
vt 0.39082813 0.56153732
vt 0.39435819 0.55926853
vt 0.39801106 0.55719399
vt 0.40425813 0.57444715
vt 0.40751088 0.57162333
vt 0.41385704 0.58097088
vt 0.40085372 0.57709521
vt 0.41035989 0.58394706
vt 0.42009687 0.59022731
vt 0.39901593 0.57826620
vt 0.41608530 0.59332502
vt 0.42635012 0.60029787
vt 0.40693498 0.58640593
vt 0.42213863 0.60296547
vt 0.41267327 0.59560758
vt 0.40509468 0.58767158
vt 0.42828581 0.61262858
vt 0.43280601 0.61025643
vt 0.41905338 0.60533386
vt 0.43305641 0.61967456
vt 0.43739089 0.61717677
vt 0.42529556 0.61490428
vt 0.41103432 0.59690338
vt 0.41722342 0.60679328
vt 0.43015534 0.62213641
vt 0.43783772 0.62647188
vt 0.44213182 0.62386715
vt 0.42333361 0.61705941
vt 0.44582939 0.63621408
vt 0.44950002 0.63286293
vt 0.43509063 0.62912840
vt 0.45524806 0.64491832
vt 0.45856428 0.64104760
vt 0.44298866 0.63905394
vt 0.42800754 0.62431163
vt 0.43311980 0.63142300
vt 0.45310059 0.64813191
vt 0.41187665 0.62958872
vt 0.44133723 0.64118892
vt 0.41746235 0.63625544
vt 0.42358246 0.64301807
vt 0.40441894 0.62000936
vt 0.39979863 0.64358759
vt 0.39697862 0.61081415
vt 0.38988870 0.63594705
vt 0.38137808 0.62831706
vt 0.39057809 0.60279560
vt 0.37402421 0.62135547
vt 0.38383046 0.59470838
vt 0.36477414 0.61274040
vt 0.37698177 0.58575153
vt 0.35999501 0.60830188
vt 0.34270400 0.62595451
vt 0.35385510 0.63197523
vt 0.35897535 0.63542610
vt 0.34304142 0.64015692
vt 0.36773813 0.64143306
vt 0.35357437 0.64224786
vt 0.35825625 0.64409476
vt 0.37969422 0.64784306
vt 0.36320317 0.64677995
vt 0.39089310 0.65364218
vt 0.37603563 0.65217739
vt 0.38814902 0.65731424
vt 0.40006909 0.65735459
vt 0.39764130 0.66078264
vt 0.38598397 0.65987670
vt 0.40697238 0.64839345
vt 0.39642590 0.66282326
vt 0.41473970 0.65322095
vt 0.40501186 0.66765481
vt 0.40922484 0.66122341
vt 0.40713793 0.66418350
vt 0.42130214 0.66633481
vt 0.41946104 0.66955680
vt 0.42616388 0.65984893
vt 0.43425790 0.67294544
vt 0.41786814 0.67265970
vt 0.43355712 0.65097338
vt 0.43826935 0.66649336
vt 0.45135576 0.65019423
vt 0.44395849 0.65954310
vt 0.45134014 0.67460138
vt 0.45646408 0.66763002
vt 0.46388993 0.65658140
vt 0.46246752 0.65900212
vt 0.46878842 0.67480493
vt 0.46600023 0.65288103
vt 0.46845102 0.64894122
vt 0.47813156 0.65427220
vt 0.47340813 0.66506869
vt 0.47473934 0.66254532
vt 0.47634473 0.65851510
vt 0.48507389 0.65721560
vt 0.48350015 0.66161638
vt 0.49289471 0.65981924
vt 0.48185805 0.66570485
vt 0.49121699 0.66450149
vt 0.50396919 0.66285914
vt 0.48085812 0.66830850
vt 0.48948631 0.66876090
vt 0.50266850 0.66773450
vt 0.47574350 0.67815667
vt 0.50078702 0.67219692
vt 0.51676786 0.67113787
vt 0.51879531 0.66614032
vt 0.51500106 0.67602247
vt 0.53071010 0.67434037
vt 0.53304470 0.67000359
vt 0.52860808 0.67951101
vt 0.54413414 0.67808592
vt 0.54696840 0.67397308
vt 0.54213536 0.68316484
vt 0.54118764 0.68523717
vt 0.52778411 0.68160135
vt 0.53544044 0.69963700
vt 0.51413679 0.67805755
vt 0.52301359 0.69529438
vt 0.49986723 0.67447567
vt 0.50840098 0.69061995
vt 0.48839614 0.67096186
vt 0.48375765 0.68130714
vt 0.49479219 0.68610960
vt 0.47949019 0.68958425
vt 0.49035701 0.69612849
vt 0.50385159 0.70407349
vt 0.51856112 0.71144509
vt 0.48639163 0.70754093
vt 0.53225327 0.71604145
vt 0.49959436 0.72046459
vt 0.51476443 0.72962993
vt 0.52929711 0.73387134
vt 0.49737087 0.72810107
vt 0.52705848 0.74445099
vt 0.51339173 0.74159282
vt 0.53423178 0.75502872
vt 0.52542329 0.75474650
vt 0.53436565 0.75694698
vt 0.52538765 0.75631756
vt 0.51916826 0.75366104
vt 0.53363454 0.76154667
vt 0.53400898 0.76225680
vt 0.53427744 0.76538163
vt 0.52467668 0.76150799
vt 0.52223957 0.76452857
vt 0.52456677 0.76089096
vt 0.51876390 0.75988758
vt 0.51055306 0.76078379
vt 0.51886129 0.75935996
vt 0.51202869 0.75765717
vt 0.50073504 0.75351876
vt 0.51876056 0.75518382
vt 0.51212353 0.75686961
vt 0.50211507 0.75047159
vt 0.49141577 0.74468452
vt 0.51237696 0.75264037
vt 0.50238794 0.74970132
vt 0.49381414 0.74222547
vt 0.51229751 0.75120562
vt 0.50354195 0.74684638
vt 0.50440162 0.74505764
vt 0.49412969 0.74166471
vt 0.49560651 0.73867232
vt 0.49636146 0.73666024
vt 0.48567268 0.73287284
vt 0.48355708 0.73529428
vt 0.48604456 0.73237693
vt 0.47986165 0.72419667
vt 0.47708812 0.72608083
vt 0.48789778 0.72929877
vt 0.48014751 0.72380084
vt 0.47027251 0.71252221
vt 0.46733692 0.71468175
vt 0.47062430 0.71228671
vt 0.48140112 0.72079670
vt 0.48846242 0.72794151
vt 0.48320249 0.71587831
vt 0.47215554 0.70888811
vt 0.47378972 0.70433170
vt 0.46430162 0.70559162
vt 0.46538910 0.70194179
vt 0.47604051 0.69838154
vt 0.46394905 0.70607424
vt 0.46142986 0.70877463
vt 0.45707574 0.69943136
vt 0.45676157 0.69987625
vt 0.45436159 0.70234019
vt 0.45877805 0.69639897
vt 0.44386068 0.69077361
vt 0.44231161 0.69392562
vt 0.44416156 0.69014394
vt 0.42824987 0.68616647
vt 0.43008044 0.68310672
vt 0.43026441 0.68254757
vt 0.41648248 0.67604864
vt 0.41497686 0.67958713
vt 0.40237132 0.67393351
vt 0.44535363 0.68687522
vt 0.40331054 0.67075628
vt 0.39258611 0.67073190
vt 0.41661444 0.67512435
vt 0.39323795 0.66799754
vt 0.43058550 0.67924315
vt 0.40359852 0.67017341
vt 0.39526466 0.66485363
vt 0.43236908 0.67642885
vt 0.44715714 0.68403965
vt 0.44869307 0.68047839
vt 0.46065190 0.69303578
vt 0.46228799 0.68861228
vt 0.46512392 0.68184072
vt 0.47214302 0.68570733
vt 0.46863881 0.69293415
vt 0.46688715 0.69818676
vt 0.39340028 0.66725379
vt 0.38484374 0.66179997
vt 0.38293123 0.66541416
vt 0.38168412 0.66820031
vt 0.38340643 0.66459137
vt 0.37064672 0.66201133
vt 0.37015948 0.66450322
vt 0.35686383 0.66172177
vt 0.37240070 0.65837854
vt 0.35725871 0.65864801
vt 0.37083480 0.66115022
vt 0.34172267 0.65672886
vt 0.34069267 0.66007751
vt 0.32843283 0.65909427
vt 0.35750183 0.65786213
vt 0.35935232 0.65493673
vt 0.37275755 0.65588039
vt 0.35996625 0.65105772
vt 0.35483944 0.65015632
vt 0.35452810 0.64906865
vt 0.34223798 0.65307331
vt 0.34323922 0.64828736
vt 0.34317887 0.64723110
vt 0.34178504 0.65604168
vt 0.33590481 0.63888198
vt 0.33082494 0.64583451
vt 0.31992304 0.63852620
vt 0.30664566 0.63889104
vt 0.31494862 0.64589477
vt 0.33078927 0.64695007
vt 0.30083928 0.64533293
vt 0.33004615 0.65164328
vt 0.31456089 0.64692903
vt 0.32854402 0.65475321
vt 0.31465006 0.65074468
vt 0.32834306 0.65542102
vt 0.31150013 0.65771306
vt 0.31206104 0.65340668
vt 0.31185567 0.65413302
vt 0.29622123 0.65676075
vt 0.29833502 0.64994788
vt 0.29646715 0.65323311
vt 0.28057209 0.65406197
vt 0.29677862 0.65247232
vt 0.28147560 0.65110576
vt 0.28173736 0.65041411
vt 0.27032977 0.64741319
vt 0.26870278 0.64994836
vt 0.28490055 0.64753568
vt 0.26169786 0.64263588
vt 0.25974148 0.64500898
vt 0.27088073 0.64638287
vt 0.27428651 0.64414513
vt 0.28675306 0.64391023
vt 0.30018890 0.64650476
vt 0.28767747 0.64273083
vt 0.27689674 0.64101523
vt 0.29340974 0.63704222
vt 0.27821904 0.63994098
vt 0.28400695 0.63392901
vt 0.27658388 0.63012737
vt 0.26944736 0.63605833
vt 0.26245731 0.63018560
vt 0.26874217 0.63685083
vt 0.26155791 0.63129365
vt 0.26611310 0.63960457
vt 0.25864670 0.63377500
vt 0.26240605 0.64167821
vt 0.25551349 0.63626784
vt 0.25444683 0.63680643
vt 0.25252554 0.63916814
vt 0.63278186 0.82062936
vt 0.62671727 0.82500523
vt 0.64042676 0.81420982
vt 0.64744437 0.80733633
vt 0.65361547 0.79989779
vt 0.66321451 0.78725547
vt 0.66912019 0.77868223
vt 0.67448515 0.76998204
vt 0.67976719 0.75999683
vt 0.68414146 0.74940211
vt 0.68655556 0.74209535
vt 0.68777704 0.73463714
vt 0.68733454 0.72315508
vt 0.68407750 0.71166050
vt 0.67871541 0.70029104
vt 0.67243040 0.69121289
vt 0.66748124 0.68587977
vt 0.66120726 0.68128759
vt 0.65151435 0.67586541
vt 0.63750833 0.67277116
vt 0.62431234 0.67119598
vt 0.61147708 0.67074144
vt 0.60231614 0.66774213
vt 0.62063193 0.81439364
vt 0.62637997 0.81004989
vt 0.61825311 0.81063467
vt 0.63517761 0.80171519
vt 0.62400293 0.80612028
vt 0.60706246 0.79629940
vt 0.64617711 0.78432500
vt 0.61195052 0.79255855
vt 0.58525950 0.74445593
vt 0.63180840 0.79885078
vt 0.61909276 0.78660917
vt 0.64183754 0.78236091
vt 0.65350151 0.76536310
vt 0.62900990 0.77497947
vt 0.64867199 0.76431107
vt 0.65581322 0.74782276
vt 0.63578212 0.76121789
vt 0.65064871 0.74808496
vt 0.65500230 0.73555791
vt 0.63815993 0.74839068
vt 0.65011132 0.73628735
vt 0.65188432 0.72334099
vt 0.63762945 0.73460823
vt 0.64727604 0.72447681
vt 0.64551055 0.70787930
vt 0.63049519 0.71649212
vt 0.64126706 0.71045899
vt 0.63396263 0.69225442
vt 0.62050676 0.70469195
vt 0.63006532 0.69596857
vt 0.61877137 0.67904574
vt 0.61597872 0.68265533
vt 0.61013412 0.67472202
vt 0.60126144 0.67095864
vt 0.60800230 0.69564366
vt 0.60776490 0.67812276
vt 0.60003036 0.67442834
vt 0.60101730 0.69246620
vt 0.59385794 0.68928099
vt 0.63278186 0.82062936
vt 0.64042676 0.81420982
vt 0.64744437 0.80733633
vt 0.65361547 0.79989779
vt 0.66321451 0.78725547
vt 0.66912019 0.77868223
vt 0.67448515 0.76998204
vt 0.67976719 0.75999683
vt 0.68414146 0.74940211
vt 0.68655556 0.74209535
vt 0.68777704 0.73463714
vt 0.68733454 0.72315508
vt 0.68407750 0.71166050
vt 0.67871541 0.70029104
vt 0.67243040 0.69121289
vt 0.66748124 0.68587977
vt 0.66120726 0.68128759
vt 0.65151435 0.67586541
vt 0.63750833 0.67277116
vt 0.62431234 0.67119598
vt 0.61147708 0.67074144
vt 0.62637997 0.81004989
vt 0.63517761 0.80171519
vt 0.62400293 0.80612028
vt 0.64617711 0.78432500
vt 0.61195052 0.79255855
vt 0.63180840 0.79885078
vt 0.61909276 0.78660917
vt 0.64183754 0.78236091
vt 0.65350151 0.76536310
vt 0.62900990 0.77497947
vt 0.64867199 0.76431107
vt 0.65581322 0.74782276
vt 0.63578212 0.76121789
vt 0.65064871 0.74808496
vt 0.65500230 0.73555791
vt 0.63815993 0.74839068
vt 0.65011132 0.73628735
vt 0.65188432 0.72334099
vt 0.63762945 0.73460823
vt 0.64727604 0.72447681
vt 0.64551055 0.70787930
vt 0.63049519 0.71649212
vt 0.64126706 0.71045899
vt 0.63396263 0.69225442
vt 0.62050676 0.70469195
vt 0.63006532 0.69596857
vt 0.61877137 0.67904574
vt 0.61597872 0.68265533
vt 0.61013412 0.67472202
vt 0.60800230 0.69564366
vt 0.60776490 0.67812276
vt 0.60101730 0.69246620
vt 0.53086722 0.66240132
vt 0.53450799 0.65445143
vt 0.53963006 0.64492345
vt 0.54359865 0.63595802
vt 0.54673255 0.62691593
vt 0.54959691 0.61725843
vt 0.55163109 0.60781294
vt 0.55308866 0.59895575
vt 0.55207312 0.58614719
vt 0.55023778 0.57907522
vt 0.54773498 0.57089460
vt 0.54250896 0.55861855
vt 0.53458440 0.54679811
vt 0.52688754 0.53679198
vt 0.51866460 0.52838886
vt 0.51144934 0.52421343
vt 0.39547378 0.51611930
vt 0.38814318 0.51928878
vt 0.40336961 0.51350927
vt 0.41184020 0.51211411
vt 0.42175418 0.51091838
vt 0.43423706 0.51147306
vt 0.44606388 0.51133102
vt 0.45981842 0.51191723
vt 0.47000051 0.51257849
vt 0.48327392 0.51442933
vt 0.49393913 0.51731634
vt 0.50312352 0.52082551
vt 0.53450799 0.65445143
vt 0.53963006 0.64492345
vt 0.54359865 0.63595802
vt 0.54673255 0.62691593
vt 0.54959691 0.61725843
vt 0.55163109 0.60781294
vt 0.55308866 0.59895575
vt 0.55207312 0.58614719
vt 0.55023778 0.57907522
vt 0.54773498 0.57089460
vt 0.54250896 0.55861855
vt 0.53458440 0.54679811
vt 0.52688754 0.53679198
vt 0.51866460 0.52838886
vt 0.51144934 0.52421343
vt 0.50312352 0.52082551
vt 0.49393913 0.51731634
vt 0.48327392 0.51442933
vt 0.47000051 0.51257849
vt 0.45981842 0.51191723
vt 0.44606388 0.51133102
vt 0.43423706 0.51147306
vt 0.42175418 0.51091838
vt 0.41184020 0.51211411
vt 0.40336961 0.51350927
vt 0.39547378 0.51611930
vt 0.39887202 0.52436000
vt 0.39207846 0.52772135
vt 0.39435542 0.53151143
vt 0.40549481 0.52220583
vt 0.40094215 0.52787805
vt 0.40785307 0.54999775
vt 0.41321391 0.52124184
vt 0.40676862 0.52541900
vt 0.42221260 0.52079213
vt 0.41621524 0.54511064
vt 0.41181558 0.55569351
vt 0.41397327 0.52425689
vt 0.42000884 0.55204642
vt 0.41238302 0.55655533
vt 0.42657656 0.54151666
vt 0.42335778 0.52379054
vt 0.42049795 0.55293286
vt 0.42224711 0.57860410
vt 0.43442398 0.52077425
vt 0.43297714 0.57430595
vt 0.44164991 0.60937935
vt 0.42869610 0.55014849
vt 0.42874891 0.54896671
vt 0.43789196 0.54977632
vt 0.44798201 0.60614955
vt 0.45442969 0.62271392
vt 0.44816458 0.57177746
vt 0.45608348 0.60603404
vt 0.43799931 0.54856646
vt 0.44760305 0.55150986
vt 0.43765730 0.54098713
vt 0.44791812 0.55035883
vt 0.43504453 0.52413499
vt 0.44957179 0.54367053
vt 0.44590914 0.52377367
vt 0.44628113 0.52014506
vt 0.45916104 0.51994240
vt 0.45914012 0.52327418
vt 0.46833426 0.52027476
vt 0.46152776 0.54832387
vt 0.46804363 0.52310824
vt 0.48176068 0.52193147
vt 0.48120588 0.52438134
vt 0.49137411 0.52473629
vt 0.47402668 0.55445814
vt 0.45876020 0.55507982
vt 0.50060534 0.52769858
vt 0.45844024 0.55639863
vt 0.47045916 0.56105518
vt 0.48350841 0.56068826
vt 0.50806510 0.53011763
vt 0.51461315 0.53517145
vt 0.49268219 0.56790870
vt 0.52106571 0.54105508
vt 0.52757895 0.55048114
vt 0.49957332 0.57415378
vt 0.53525567 0.56169951
vt 0.50640690 0.58261776
vt 0.54000461 0.57312763
vt 0.51276279 0.59218818
vt 0.54224539 0.57961822
vt 0.54427063 0.58652395
vt 0.51927972 0.60255373
vt 0.54548311 0.59841222
vt 0.54490709 0.60751867
vt 0.52468956 0.61687374
vt 0.54411435 0.61552465
vt 0.54121327 0.62635005
vt 0.52665281 0.62821734
vt 0.53945100 0.63416982
vt 0.53537893 0.64336014
vt 0.52765369 0.63905871
vt 0.53117323 0.65307617
vt 0.52715325 0.66093123
vt 0.52538156 0.65040207
vt 0.52262425 0.65898037
vt 0.51649964 0.65633225
vt 0.51850748 0.64762318
vt 0.51975775 0.63837338
vt 0.51740933 0.64757812
vt 0.51531088 0.65579331
vt 0.50080168 0.65028584
vt 0.51835811 0.63824105
vt 0.50415039 0.63958090
vt 0.46899599 0.63394183
vt 0.51791096 0.62973928
vt 0.47126979 0.62761599
vt 0.50692403 0.62399554
vt 0.47052741 0.61619800
vt 0.51927757 0.62880337
vt 0.51554811 0.61928463
vt 0.51692641 0.61811733
vt 0.50440431 0.60835516
vt 0.51055419 0.60653281
vt 0.51209962 0.60566592
vt 0.50711048 0.59673536
vt 0.50568700 0.59785247
vt 0.49726447 0.59510839
vt 0.49848923 0.58823228
vt 0.49981818 0.58710855
vt 0.48835015 0.58419108
vt 0.49204060 0.58070928
vt 0.49313077 0.57924128
vt 0.48519671 0.57462078
vt 0.48639500 0.57331032
vt 0.47931665 0.56723809
vt 0.46956939 0.56255770
vt 0.47822386 0.56855297
vt 0.46378666 0.57261860
vt 0.47887516 0.57807279
vt 0.46358782 0.60791189
vt 0.39887202 0.52436000
vt 0.40549481 0.52220583
vt 0.40094215 0.52787805
vt 0.41321391 0.52124184
vt 0.40676862 0.52541900
vt 0.42221260 0.52079213
vt 0.41397327 0.52425689
vt 0.42335778 0.52379054
vt 0.43442398 0.52077425
vt 0.41621524 0.54511064
vt 0.42657656 0.54151666
vt 0.42000884 0.55204642
vt 0.43765730 0.54098713
vt 0.42049795 0.55293286
vt 0.42874891 0.54896671
vt 0.42869610 0.55014849
vt 0.43297714 0.57430595
vt 0.43789196 0.54977632
vt 0.44798201 0.60614955
vt 0.44816458 0.57177746
vt 0.45608348 0.60603404
vt 0.43799931 0.54856646
vt 0.44760305 0.55150986
vt 0.46378666 0.57261860
vt 0.44791812 0.55035883
vt 0.45844024 0.55639863
vt 0.45876020 0.55507982
vt 0.44957179 0.54367053
vt 0.46152776 0.54832387
vt 0.47045916 0.56105518
vt 0.44590914 0.52377367
vt 0.46956939 0.56255770
vt 0.47402668 0.55445814
vt 0.47931665 0.56723809
vt 0.45914012 0.52327418
vt 0.47822386 0.56855297
vt 0.43504453 0.52413499
vt 0.44628113 0.52014506
vt 0.45916104 0.51994240
vt 0.46833426 0.52027476
vt 0.46804363 0.52310824
vt 0.48176068 0.52193147
vt 0.48120588 0.52438134
vt 0.49137411 0.52473629
vt 0.48350841 0.56068826
vt 0.50060534 0.52769858
vt 0.50806510 0.53011763
vt 0.51461315 0.53517145
vt 0.49268219 0.56790870
vt 0.52106571 0.54105508
vt 0.52757895 0.55048114
vt 0.49957332 0.57415378
vt 0.48639500 0.57331032
vt 0.53525567 0.56169951
vt 0.49313077 0.57924128
vt 0.48519671 0.57462078
vt 0.50640690 0.58261776
vt 0.49981818 0.58710855
vt 0.49204060 0.58070928
vt 0.47887516 0.57807279
vt 0.48835015 0.58419108
vt 0.46358782 0.60791189
vt 0.49848923 0.58823228
vt 0.47052741 0.61619800
vt 0.49726447 0.59510839
vt 0.50711048 0.59673536
vt 0.50568700 0.59785247
vt 0.50440431 0.60835516
vt 0.51055419 0.60653281
vt 0.51276279 0.59218818
vt 0.51209962 0.60566592
vt 0.54000461 0.57312763
vt 0.54224539 0.57961822
vt 0.51927972 0.60255373
vt 0.54427063 0.58652395
vt 0.54548311 0.59841222
vt 0.51692641 0.61811733
vt 0.52468956 0.61687374
vt 0.54490709 0.60751867
vt 0.54411435 0.61552465
vt 0.54121327 0.62635005
vt 0.52665281 0.62821734
vt 0.53945100 0.63416982
vt 0.51927757 0.62880337
vt 0.53537893 0.64336014
vt 0.52765369 0.63905871
vt 0.53117323 0.65307617
vt 0.52538156 0.65040207
vt 0.51850748 0.64762318
vt 0.51975775 0.63837338
vt 0.51740933 0.64757812
vt 0.51835811 0.63824105
vt 0.50415039 0.63958090
vt 0.51791096 0.62973928
vt 0.47126979 0.62761599
vt 0.50692403 0.62399554
vt 0.51554811 0.61928463
vt 0.79383576 0.27351099
vt 0.75604105 0.31626821
vt 0.77463305 0.25760520
vt 0.82926059 0.22927046
vt 0.78086644 0.31393701
vt 0.83159185 0.25409591
vt 0.80028146 0.35169303
vt 0.78437579 0.37089574
vt 0.84303886 0.38948762
vt 0.81873745 0.29457420
vt 0.81336868 0.31122279
vt 0.82134473 0.32679135
vt 0.83430606 0.28659809
vt 0.83614957 0.30937904
vt 0.85095465 0.29196674
vt 0.84070766 0.36466223
vt 0.83799338 0.33216006
vt 0.85356194 0.32418394
vt 0.87846375 0.34524715
vt 0.89766645 0.36115295
vt 0.91625839 0.30248976
vt 0.85893071 0.30753535
vt 0.89143288 0.30482101
vt 0.87201798 0.26706493
vt 0.88792378 0.24786222
vt 0.79383576 0.27351099
vt 0.78086644 0.31393701
vt 0.83159185 0.25409591
vt 0.80028146 0.35169303
vt 0.81873745 0.29457420
vt 0.81336868 0.31122279
vt 0.84070766 0.36466223
vt 0.82134473 0.32679135
vt 0.83614957 0.30937904
vt 0.83430606 0.28659809
vt 0.85095465 0.29196674
vt 0.87201798 0.26706493
vt 0.85893071 0.30753535
vt 0.89143288 0.30482101
vt 0.87846375 0.34524715
vt 0.85356194 0.32418394
vt 0.83799338 0.33216006
vt 0.79383576 0.27351099
vt 0.75604105 0.31626821
vt 0.77463305 0.25760520
vt 0.82926059 0.22927046
vt 0.78086644 0.31393701
vt 0.83159185 0.25409591
vt 0.80028146 0.35169303
vt 0.78437579 0.37089574
vt 0.84303886 0.38948762
vt 0.81873745 0.29457420
vt 0.82134473 0.32679135
vt 0.81336868 0.31122279
vt 0.84070766 0.36466223
vt 0.83614957 0.30937904
vt 0.83430606 0.28659809
vt 0.85095465 0.29196674
vt 0.87201798 0.26706493
vt 0.88792378 0.24786222
vt 0.91625839 0.30248976
vt 0.85893071 0.30753535
vt 0.89143288 0.30482101
vt 0.87846375 0.34524715
vt 0.89766645 0.36115295
vt 0.85356194 0.32418394
vt 0.83799338 0.33216006
vt 0.79383576 0.27351099
vt 0.78086644 0.31393701
vt 0.83159185 0.25409591
vt 0.80028146 0.35169303
vt 0.81873745 0.29457420
vt 0.82134473 0.32679135
vt 0.81336868 0.31122279
vt 0.84070766 0.36466223
vt 0.83614957 0.30937904
vt 0.83430606 0.28659809
vt 0.85095465 0.29196674
vt 0.87201798 0.26706493
vt 0.85893071 0.30753535
vt 0.89143288 0.30482101
vt 0.87846375 0.34524715
vt 0.85356194 0.32418394
vt 0.83799338 0.33216006
f 461/461 465/465 466/466
f 410/410 461/461 405/405
f 461/461 406/406 405/405
f 406/406 461/461 462/462
f 461/461 463/463 462/462
f 459/459 464/464 458/458
f 460/460 464/464 459/459
f 465/465 461/461 458/458
f 465/465 458/458 464/464
f 461/461 466/466 463/463
f 410/410 458/458 461/461
f 466/466 467/467 463/463
f 467/467 466/466 468/468
f 447/447 450/450 449/449
f 446/446 451/451 448/448
f 451/451 446/446 444/444
f 414/414 449/449 452/452
f 452/452 412/412 414/414
f 449/449 453/453 452/452
f 453/453 449/449 450/450
f 473/473 474/474 470/470
f 468/468 469/469 467/467
f 470/470 466/466 465/465
f 466/466 470/470 468/468
f 469/469 468/468 471/471
f 470/470 471/471 468/468
f 472/472 469/469 471/471
f 465/465 473/473 470/470
f 473/473 465/465 464/464
f 471/471 470/470 474/474
f 452/452 454/454 412/412
f 471/471 475/475 472/472
f 464/464 476/476 473/473
f 476/476 464/464 460/460
f 471/471 477/477 475/475
f 477/477 471/471 474/474
f 475/475 478/478 472/472
f 454/454 457/457 459/459
f 458/458 454/454 459/459
f 457/457 460/460 459/459
f 435/435 418/418 433/433
f 446/446 448/448 445/445
f 447/447 445/445 448/448
f 447/447 449/449 443/443
f 449/449 414/414 443/443
f 448/448 450/450 447/447
f 432/432 428/428 431/431
f 433/433 419/419 430/430
f 419/419 433/433 418/418
f 430/430 432/432 434/434
f 445/445 447/447 443/443
f 418/418 435/435 416/416
f 433/433 430/430 436/436
f 434/434 436/436 430/430
f 435/435 433/433 437/437
f 436/436 437/437 433/433
f 435/435 438/438 416/416
f 437/437 439/439 435/435
f 438/438 435/435 439/439
f 436/436 440/440 437/437
f 442/442 437/437 440/440
f 412/412 454/454 410/410
f 453/453 455/455 452/452
f 454/454 452/452 455/455
f 456/456 455/455 453/453
f 450/450 456/456 453/453
f 457/457 454/454 455/455
f 455/455 456/456 457/457
f 454/454 458/458 410/410
f 441/441 414/414 413/413
f 105/105 486/486 106/106
f 437/437 442/442 439/439
f 414/414 441/441 443/443
f 444/444 439/439 442/442
f 445/445 443/443 441/441
f 438/438 445/445 441/441
f 439/439 446/446 438/438
f 445/445 438/438 446/446
f 439/439 444/444 446/446
f 506/506 508/508 504/504
f 504/504 500/500 503/503
f 505/505 114/114 502/502
f 505/505 502/502 504/504
f 114/114 505/505 158/158
f 159/159 158/158 505/505
f 506/506 504/504 503/503
f 507/507 159/159 505/505
f 508/508 505/505 504/504
f 508/508 507/507 505/505
f 504/504 502/502 500/500
f 159/159 507/507 509/509
f 474/474 473/473 494/494
f 473/473 495/495 494/494
f 495/495 492/492 494/494
f 495/495 473/473 476/476
f 492/492 495/495 496/496
f 493/493 492/492 496/496
f 497/497 496/496 495/495
f 476/476 497/497 495/495
f 512/512 514/514 511/511
f 511/511 163/163 509/509
f 511/511 166/166 163/163
f 511/511 167/167 166/166
f 512/512 509/509 510/510
f 512/512 511/511 509/509
f 507/507 513/513 510/510
f 513/513 512/512 510/510
f 507/507 508/508 513/513
f 167/167 511/511 514/514
f 498/498 493/493 496/496
f 167/167 514/514 515/515
f 515/515 172/172 167/167
f 172/172 516/516 173/173
f 172/172 515/515 516/516
f 502/502 110/110 489/489
f 502/502 114/114 110/110
f 503/503 500/500 499/499
f 499/499 501/501 503/503
f 483/483 478/478 480/480
f 474/474 492/492 477/477
f 491/491 490/490 493/493
f 492/492 493/493 490/490
f 492/492 474/474 494/494
f 479/479 472/472 478/478
f 480/480 475/475 477/477
f 475/475 480/480 478/478
f 478/478 481/481 479/479
f 482/482 479/479 481/481
f 490/490 477/477 492/492
f 478/478 483/483 481/481
f 484/484 482/482 481/481
f 482/482 484/484 485/485
f 102/102 485/485 103/103
f 484/484 103/103 485/485
f 481/481 486/486 484/484
f 486/486 103/103 484/484
f 486/486 481/481 483/483
f 486/486 105/105 103/103
f 487/487 483/483 488/488
f 497/497 498/498 496/496
f 499/499 491/491 493/493
f 499/499 493/493 498/498
f 500/500 491/491 499/499
f 500/500 489/489 491/491
f 501/501 499/499 498/498
f 500/500 502/502 489/489
f 483/483 487/487 486/486
f 487/487 106/106 486/486
f 438/438 441/441 416/416
f 480/480 488/488 483/483
f 489/489 106/106 487/487
f 110/110 106/106 489/489
f 488/488 480/480 490/490
f 477/477 490/490 480/480
f 491/491 487/487 488/488
f 490/490 491/491 488/488
f 487/487 491/491 489/489
f 359/359 371/371 373/373
f 366/366 364/364 368/368
f 367/367 368/368 364/364
f 366/366 369/369 357/357
f 369/369 359/359 357/357
f 368/368 370/370 366/366
f 370/370 369/369 366/366
f 359/359 369/369 371/371
f 370/370 372/372 369/369
f 372/372 371/371 369/369
f 386/386 384/384 381/381
f 373/373 351/351 359/359
f 351/351 373/373 349/349
f 374/374 373/373 371/371
f 374/374 371/371 372/372
f 373/373 375/375 349/349
f 373/373 374/374 375/375
f 353/353 359/359 351/351
f 360/360 355/355 356/356
f 357/357 355/355 360/360
f 374/374 380/380 377/377
f 395/395 393/393 390/390
f 392/392 388/388 396/396
f 389/389 396/396 388/388
f 375/375 350/350 349/349
f 350/350 375/375 376/376
f 377/377 376/376 375/375
f 374/374 377/377 375/375
f 378/378 376/376 377/377
f 379/379 378/378 377/377
f 361/361 356/356 358/358
f 380/380 374/374 372/372
f 377/377 381/381 379/379
f 380/380 381/381 377/377
f 382/382 379/379 381/381
f 372/372 383/383 380/380
f 382/382 381/381 384/384
f 384/384 385/385 382/382
f 381/381 380/380 386/386
f 2/2 344/344 3/3
f 17/17 354/354 16/16
f 355/355 352/352 354/354
f 352/352 355/355 353/353
f 356/356 354/354 17/17
f 356/356 355/355 354/354
f 20/20 356/356 17/17
f 357/357 353/353 355/355
f 356/356 20/20 358/358
f 353/353 357/357 359/359
f 354/354 13/13 16/16
f 344/344 2/2 345/345
f 346/346 344/344 345/345
f 5/5 345/345 2/2
f 345/345 347/347 346/346
f 5/5 348/348 345/345
f 348/348 347/347 345/345
f 349/349 346/346 347/347
f 346/346 349/349 350/350
f 348/348 351/351 347/347
f 366/366 357/357 360/360
f 361/361 360/360 356/356
f 20/20 362/362 358/358
f 362/362 20/20 27/27
f 363/363 361/361 358/358
f 358/358 362/362 363/363
f 364/364 360/360 361/361
f 27/27 365/365 362/362
f 365/365 27/27 31/31
f 364/364 366/366 360/360
f 392/392 395/395 390/390
f 361/361 367/367 364/364
f 367/367 361/361 363/363
f 351/351 349/349 347/347
f 348/348 5/5 352/352
f 13/13 352/352 5/5
f 348/348 353/353 351/351
f 353/353 348/348 352/352
f 13/13 354/354 352/352
f 421/421 420/420 423/423
f 416/416 411/411 418/418
f 419/419 415/415 417/417
f 418/418 415/415 419/419
f 417/417 396/396 420/420
f 389/389 420/420 396/396
f 419/419 417/417 421/421
f 421/421 417/417 420/420
f 420/420 389/389 422/422
f 422/422 389/389 383/383
f 418/418 411/411 415/415
f 423/423 420/420 422/422
f 422/422 383/383 424/424
f 423/423 422/422 424/424
f 383/383 372/372 424/424
f 404/404 398/398 408/408
f 401/401 408/408 398/398
f 407/407 404/404 409/409
f 408/408 409/409 404/404
f 407/407 410/410 405/405
f 428/428 423/423 427/427
f 413/413 416/416 441/441
f 424/424 372/372 370/370
f 425/425 424/424 370/370
f 423/423 424/424 425/425
f 370/370 368/368 425/425
f 368/368 426/426 425/425
f 368/368 367/367 426/426
f 423/423 425/425 427/427
f 427/427 425/425 426/426
f 411/411 408/408 401/401
f 428/428 421/421 423/423
f 429/429 427/427 426/426
f 421/421 428/428 430/430
f 430/430 419/419 421/421
f 428/428 427/427 431/431
f 427/427 429/429 431/431
f 432/432 430/430 428/428
f 417/417 397/397 396/396
f 384/384 386/386 388/388
f 400/400 402/402 403/403
f 398/398 404/404 399/399
f 404/404 402/402 399/399
f 405/405 403/403 402/402
f 403/403 405/405 406/406
f 402/402 404/404 407/407
f 407/407 405/405 402/402
f 383/383 386/386 380/380
f 385/385 384/384 387/387
f 399/399 402/402 400/400
f 388/388 387/387 384/384
f 386/386 383/383 389/389
f 388/388 386/386 389/389
f 390/390 385/385 387/387
f 385/385 390/390 391/391
f 387/387 388/388 392/392
f 390/390 387/387 392/392
f 393/393 391/391 390/390
f 391/391 393/393 394/394
f 397/397 417/417 415/415
f 409/409 412/412 407/407
f 410/410 407/407 412/412
f 408/408 413/413 409/409
f 408/408 411/411 413/413
f 414/414 412/412 409/409
f 414/414 409/409 413/413
f 411/411 401/401 415/415
f 397/397 415/415 401/401
f 416/416 413/413 411/411
f 509/509 507/507 510/510
f 395/395 392/392 397/397
f 396/396 397/397 392/392
f 393/393 395/395 398/398
f 399/399 394/394 393/393
f 398/398 399/399 393/393
f 394/394 399/399 400/400
f 398/398 395/395 401/401
f 397/397 401/401 395/395
f 612/612 614/614 613/613
f 624/624 623/623 626/626
f 623/623 625/625 626/626
f 626/626 627/627 624/624
f 622/622 628/628 625/625
f 627/627 626/626 629/629
f 612/612 426/426 367/367
f 610/610 612/612 613/613
f 610/610 613/613 609/609
f 367/367 614/614 612/612
f 625/625 621/621 622/622
f 367/367 615/615 614/614
f 363/363 615/615 367/367
f 613/613 614/614 616/616
f 614/614 615/615 616/616
f 617/617 609/609 613/613
f 613/613 616/616 617/617
f 617/617 608/608 609/609
f 616/616 615/615 618/618
f 608/608 617/617 619/619
f 620/620 619/619 617/617
f 634/634 630/630 632/632
f 633/633 634/634 632/632
f 630/630 634/634 635/635
f 633/633 631/631 636/636
f 628/628 636/636 631/631
f 637/637 635/635 634/634
f 635/635 637/637 638/638
f 634/634 633/633 639/639
f 639/639 637/637 634/634
f 608/608 619/619 611/611
f 616/616 618/618 620/620
f 611/611 619/619 621/621
f 621/621 599/599 611/611
f 619/619 620/620 622/622
f 619/619 622/622 621/621
f 599/599 621/621 623/623
f 599/599 623/623 601/601
f 623/623 624/624 601/601
f 625/625 623/623 621/621
f 604/604 589/589 440/440
f 599/599 595/595 597/597
f 595/595 599/599 600/600
f 601/601 600/600 599/599
f 598/598 602/602 597/597
f 599/599 597/597 602/602
f 596/596 603/603 598/598
f 598/598 603/603 602/602
f 589/589 604/604 596/596
f 604/604 603/603 596/596
f 592/592 596/596 598/598
f 440/440 436/436 604/604
f 434/434 604/604 436/436
f 604/604 434/434 605/605
f 603/603 604/604 605/605
f 577/577 578/578 588/588
f 575/575 577/577 588/588
f 578/578 589/589 588/588
f 589/589 578/578 440/440
f 588/588 590/590 575/575
f 608/608 606/606 609/609
f 620/620 617/617 616/616
f 605/605 434/434 432/432
f 606/606 603/603 605/605
f 25/25 22/22 19/19
f 605/605 607/607 606/606
f 432/432 431/431 607/607
f 608/608 603/603 606/606
f 603/603 608/608 602/602
f 607/607 609/609 606/606
f 632/632 629/629 633/633
f 431/431 610/610 607/607
f 609/609 607/607 610/610
f 610/610 431/431 429/429
f 608/608 611/611 602/602
f 602/602 611/611 599/599
f 612/612 610/610 429/429
f 426/426 612/612 429/429
f 597/597 593/593 598/598
f 640/640 653/653 639/639
f 297/297 657/657 291/291
f 638/638 657/657 658/658
f 657/657 297/297 658/658
f 299/299 658/658 297/297
f 650/650 284/284 652/652
f 651/651 650/650 652/652
f 653/653 644/644 651/651
f 652/652 653/653 651/651
f 644/644 653/653 640/640
f 657/657 638/638 637/637
f 284/284 654/654 652/652
f 653/653 652/652 654/654
f 654/654 284/284 288/288
f 639/639 653/653 655/655
f 654/654 655/655 653/653
f 637/637 639/639 655/655
f 288/288 656/656 654/654
f 655/655 654/654 656/656
f 655/655 656/656 637/637
f 4/4 8/8 7/7
f 25/25 19/19 24/24
f 26/26 20/20 22/22
f 27/27 20/20 26/26
f 28/28 22/22 25/25
f 26/26 22/22 28/28
f 24/24 29/29 25/25
f 27/27 26/26 30/30
f 31/31 27/27 30/30
f 32/32 29/29 24/24
f 656/656 288/288 291/291
f 4/4 6/6 8/8
f 5/5 4/4 7/7
f 6/6 4/4 1/1
f 4/4 5/5 2/2
f 2/2 1/1 4/4
f 1/1 2/2 3/3
f 657/657 637/637 656/656
f 656/656 291/291 657/657
f 615/615 645/645 618/618
f 641/641 640/640 636/636
f 622/622 642/642 628/628
f 641/641 628/628 642/642
f 642/642 622/622 620/620
f 642/642 620/620 618/618
f 641/641 642/642 643/643
f 618/618 643/643 642/642
f 640/640 641/641 644/644
f 618/618 645/645 643/643
f 628/628 641/641 636/636
f 615/615 363/363 645/645
f 643/643 646/646 641/641
f 644/644 641/641 646/646
f 629/629 630/630 627/627
f 631/631 626/626 625/625
f 629/629 626/626 631/631
f 631/631 625/625 628/628
f 630/630 629/629 632/632
f 633/633 629/629 631/631
f 646/646 649/649 644/644
f 645/645 647/647 643/643
f 363/363 647/647 645/645
f 643/643 647/647 646/646
f 362/362 647/647 363/363
f 647/647 362/362 648/648
f 647/647 648/648 646/646
f 648/648 362/362 365/365
f 646/646 648/648 649/649
f 649/649 648/648 365/365
f 575/575 590/590 573/573
f 650/650 649/649 365/365
f 650/650 365/365 31/31
f 283/283 650/650 31/31
f 284/284 650/650 283/283
f 644/644 649/649 651/651
f 649/649 650/650 651/651
f 636/636 640/640 633/633
f 640/640 639/639 633/633
f 506/506 534/534 508/508
f 544/544 543/543 548/548
f 547/547 544/544 548/548
f 537/537 549/549 543/543
f 543/543 549/549 548/548
f 506/506 549/549 537/537
f 506/506 550/550 549/549
f 549/549 550/550 548/548
f 550/550 506/506 503/503
f 503/503 501/501 550/550
f 545/545 541/541 547/547
f 533/533 535/535 530/530
f 530/530 535/535 531/531
f 536/536 533/533 534/534
f 535/535 533/533 536/536
f 537/537 534/534 506/506
f 534/534 537/537 536/536
f 535/535 538/538 531/531
f 538/538 528/528 531/531
f 528/528 538/538 539/539
f 546/546 556/556 557/557
f 553/553 547/547 551/551
f 547/547 553/553 545/545
f 554/554 551/551 552/552
f 553/553 551/551 554/554
f 552/552 501/501 555/555
f 555/555 501/501 498/498
f 555/555 498/498 497/497
f 556/556 545/545 553/553
f 556/556 546/546 545/545
f 540/540 535/535 536/536
f 553/553 558/558 556/556
f 558/558 553/553 554/554
f 543/543 536/536 537/537
f 540/540 544/544 541/541
f 543/543 544/544 540/540
f 545/545 542/542 541/541
f 542/542 545/545 546/546
f 547/547 541/541 544/544
f 520/520 521/521 518/518
f 508/508 534/534 532/532
f 532/532 534/534 533/533
f 517/517 516/516 515/515
f 517/517 515/515 514/514
f 516/516 517/517 518/518
f 514/514 519/519 517/517
f 514/514 512/512 519/519
f 518/518 517/517 520/520
f 520/520 517/517 519/519
f 533/533 529/529 532/532
f 522/522 519/519 512/512
f 520/520 519/519 522/522
f 520/520 523/523 521/521
f 523/523 520/520 522/522
f 523/523 524/524 521/521
f 522/522 512/512 525/525
f 512/512 513/513 525/525
f 523/523 522/522 526/526
f 159/159 509/509 163/163
f 526/526 525/525 529/529
f 535/535 540/540 538/538
f 541/541 539/539 538/538
f 540/540 541/541 538/538
f 539/539 541/541 542/542
f 536/536 543/543 540/540
f 526/526 522/522 525/525
f 524/524 523/523 527/527
f 526/526 527/527 523/523
f 527/527 528/528 524/524
f 551/551 550/550 552/552
f 513/513 529/529 525/525
f 527/527 526/526 530/530
f 530/530 526/526 529/529
f 528/528 527/527 531/531
f 531/531 527/527 530/530
f 529/529 513/513 532/532
f 513/513 508/508 532/532
f 529/529 533/533 530/530
f 442/442 440/440 578/578
f 586/586 583/583 582/582
f 587/587 555/555 586/586
f 582/582 587/587 586/586
f 561/561 587/587 582/582
f 587/587 552/552 555/555
f 561/561 554/554 587/587
f 552/552 587/587 554/554
f 578/578 577/577 444/444
f 444/444 442/442 578/578
f 555/555 585/585 586/586
f 448/448 576/576 579/579
f 571/571 579/579 576/576
f 450/450 448/448 579/579
f 579/579 571/571 580/580
f 579/579 581/581 450/450
f 581/581 579/579 580/580
f 456/456 450/450 581/581
f 571/571 582/582 580/580
f 582/582 571/571 561/561
f 593/593 592/592 598/598
f 591/591 573/573 590/590
f 590/590 588/588 592/592
f 588/588 589/589 592/592
f 590/590 593/593 591/591
f 592/592 593/593 590/590
f 594/594 591/591 593/593
f 593/593 595/595 594/594
f 589/589 596/596 592/592
f 595/595 593/593 597/597
f 580/580 583/583 581/581
f 456/456 584/584 457/457
f 584/584 460/460 457/457
f 584/584 476/476 460/460
f 584/584 585/585 476/476
f 585/585 584/584 583/583
f 497/497 476/476 585/585
f 585/585 555/555 497/497
f 583/583 586/586 585/585
f 565/565 563/563 562/562
f 559/559 557/557 556/556
f 559/559 556/556 558/558
f 557/557 559/559 560/560
f 558/558 554/554 561/561
f 562/562 560/560 559/559
f 560/560 562/562 563/563
f 564/564 559/559 558/558
f 559/559 564/564 562/562
f 564/564 558/558 561/561
f 576/576 448/448 451/451
f 564/564 566/566 562/562
f 562/562 566/566 565/565
f 566/566 564/564 567/567
f 566/566 568/568 565/565
f 567/567 568/568 566/566
f 565/565 568/568 569/569
f 548/548 551/551 547/547
f 550/550 551/551 548/548
f 501/501 552/552 550/550
f 572/572 568/568 574/574
f 580/580 582/582 583/583
f 581/581 584/584 456/456
f 581/581 583/583 584/584
f 570/570 569/569 568/568
f 567/567 564/564 571/571
f 564/564 561/561 571/571
f 568/568 572/572 570/570
f 572/572 573/573 570/570
f 568/568 567/567 574/574
f 605/605 432/432 607/607
f 573/573 572/572 575/575
f 574/574 567/567 576/576
f 571/571 576/576 567/567
f 572/572 574/574 577/577
f 577/577 575/575 572/572
f 574/574 576/576 451/451
f 451/451 444/444 574/574
f 577/577 574/574 444/444
f 159/159 157/157 158/158
f 15/15 19/19 17/17
f 18/18 12/12 14/14
f 12/12 18/18 15/15
f 17/17 16/16 15/15
f 13/13 15/15 16/16
f 15/15 13/13 12/12
f 151/151 149/149 156/156
f 157/157 154/154 113/113
f 114/114 157/157 113/113
f 157/157 114/114 158/158
f 18/18 19/19 15/15
f 154/154 157/157 160/160
f 154/154 160/160 155/155
f 157/157 159/159 161/161
f 160/160 157/157 161/161
f 159/159 162/162 161/161
f 159/159 163/163 162/162
f 162/162 164/164 161/161
f 163/163 165/165 162/162
f 165/165 163/163 166/166
f 167/167 171/171 170/170
f 185/185 184/184 181/181
f 185/185 182/182 186/186
f 183/183 184/184 187/187
f 187/187 169/169 183/183
f 168/168 162/162 165/165
f 161/161 164/164 169/169
f 168/168 169/169 164/164
f 161/161 169/169 160/160
f 165/165 167/167 170/170
f 170/170 168/168 165/165
f 167/167 165/165 166/166
f 171/171 167/167 172/172
f 173/173 174/174 172/172
f 171/171 172/172 174/174
f 174/174 175/175 171/171
f 171/171 175/175 170/170
f 175/175 174/174 176/176
f 177/177 170/170 175/175
f 168/168 170/170 177/177
f 176/176 178/178 175/175
f 126/126 146/146 143/143
f 139/139 129/129 140/140
f 126/126 140/140 129/129
f 139/139 141/141 138/138
f 139/139 140/140 142/142
f 141/141 139/139 142/142
f 140/140 126/126 143/143
f 144/144 142/142 140/140
f 143/143 144/144 140/140
f 145/145 141/141 142/142
f 144/144 145/145 142/142
f 149/149 153/153 156/156
f 146/146 126/126 123/123
f 123/123 122/122 146/146
f 147/147 144/144 143/143
f 143/143 146/146 147/147
f 146/146 122/122 148/148
f 131/131 77/77 76/76
f 131/131 130/130 132/132
f 131/131 133/133 77/77
f 133/133 131/131 132/132
f 149/149 151/151 147/147
f 162/162 168/168 164/164
f 7/7 14/14 12/12
f 14/14 7/7 11/11
f 12/12 13/13 5/5
f 12/12 5/5 7/7
f 121/121 148/148 122/122
f 147/147 146/146 149/149
f 149/149 146/146 148/148
f 147/147 150/150 144/144
f 145/145 144/144 150/150
f 185/185 181/181 182/182
f 150/150 147/147 151/151
f 148/148 121/121 152/152
f 152/152 121/121 116/116
f 149/149 148/148 153/153
f 148/148 152/152 153/153
f 154/154 152/152 116/116
f 154/154 116/116 113/113
f 153/153 152/152 155/155
f 154/154 155/155 152/152
f 201/201 204/204 206/206
f 215/215 217/217 218/218
f 219/219 145/145 214/214
f 186/186 202/202 189/189
f 202/202 186/186 203/203
f 200/200 199/199 204/204
f 204/204 199/199 202/202
f 203/203 204/204 202/202
f 204/204 201/201 200/200
f 204/204 203/203 205/205
f 206/206 204/204 205/205
f 218/218 214/214 215/215
f 205/205 207/207 206/206
f 201/201 208/208 156/156
f 206/206 208/208 201/201
f 151/151 156/156 208/208
f 209/209 206/206 207/207
f 208/208 206/206 209/209
f 207/207 210/210 209/209
f 195/195 192/192 194/194
f 155/155 195/195 196/196
f 210/210 212/212 209/209
f 225/225 224/224 222/222
f 226/226 219/219 220/220
f 224/224 226/226 220/220
f 226/226 223/223 219/219
f 224/224 225/225 227/227
f 223/223 228/228 141/141
f 228/228 138/138 141/141
f 223/223 226/226 229/229
f 209/209 211/211 208/208
f 151/151 211/211 150/150
f 155/155 196/196 153/153
f 211/211 209/209 212/212
f 210/210 213/213 212/212
f 211/211 214/214 150/150
f 212/212 214/214 211/211
f 145/145 150/150 214/214
f 213/213 215/215 212/212
f 214/214 212/212 215/215
f 215/215 213/213 216/216
f 217/217 215/215 216/216
f 176/176 179/179 178/178
f 187/187 191/191 190/190
f 160/160 190/190 192/192
f 192/192 190/190 191/191
f 155/155 160/160 192/192
f 191/191 188/188 193/193
f 193/193 188/188 189/189
f 194/194 192/192 191/191
f 194/194 191/191 193/193
f 195/195 155/155 192/192
f 175/175 178/178 177/177
f 191/191 187/187 188/188
f 180/180 168/168 177/177
f 180/180 177/177 178/178
f 181/181 178/178 179/179
f 181/181 180/180 178/178
f 181/181 179/179 182/182
f 183/183 168/168 180/180
f 169/169 168/168 183/183
f 184/184 180/180 181/181
f 184/184 183/183 180/180
f 156/156 198/198 201/201
f 197/197 195/195 194/194
f 196/196 195/195 197/197
f 196/196 198/198 153/153
f 197/197 198/198 196/196
f 153/153 198/198 156/156
f 197/197 194/194 199/199
f 199/199 194/194 193/193
f 198/198 197/197 200/200
f 197/197 199/199 200/200
f 134/134 132/132 130/130
f 201/201 198/198 200/200
f 193/193 202/202 199/199
f 202/202 193/193 189/189
f 184/184 185/185 188/188
f 184/184 188/188 187/187
f 189/189 185/185 186/186
f 185/185 189/189 188/188
f 190/190 169/169 187/187
f 169/169 190/190 160/160
f 25/25 33/33 28/28
f 80/80 78/78 79/79
f 78/78 80/80 81/81
f 9/9 11/11 8/8
f 11/11 7/7 8/8
f 9/9 6/6 10/10
f 9/9 8/8 6/6
f 23/23 35/35 21/21
f 32/32 21/21 35/35
f 33/33 29/29 34/34
f 29/29 32/32 34/34
f 78/78 72/72 79/79
f 33/33 25/25 29/29
f 24/24 21/21 32/32
f 50/50 47/47 48/48
f 49/49 38/38 46/46
f 48/48 47/47 45/45
f 47/47 46/46 43/43
f 47/47 43/43 45/45
f 40/40 46/46 38/38
f 40/40 43/43 46/46
f 68/68 71/71 73/73
f 88/88 87/87 84/84
f 89/89 88/88 85/85
f 90/90 86/86 87/87
f 91/91 88/88 89/89
f 87/87 88/88 92/92
f 92/92 90/90 87/87
f 93/93 88/88 91/91
f 93/93 92/92 88/88
f 71/71 69/69 72/72
f 70/70 68/68 73/73
f 45/45 43/43 44/44
f 64/64 70/70 74/74
f 67/67 64/64 74/74
f 70/70 73/73 75/75
f 75/75 74/74 70/70
f 76/76 73/73 71/71
f 77/77 75/75 73/73
f 73/73 76/76 77/77
f 72/72 78/78 71/71
f 71/71 78/78 76/76
f 65/65 60/60 66/66
f 50/50 52/52 47/47
f 46/46 47/47 52/52
f 51/51 50/50 48/48
f 69/69 71/71 68/68
f 65/65 68/68 70/70
f 64/64 65/65 70/70
f 66/66 69/69 68/68
f 68/68 65/65 66/66
f 63/63 61/61 67/67
f 61/61 64/64 67/67
f 52/52 49/49 46/46
f 59/59 65/65 64/64
f 60/60 65/65 59/59
f 61/61 59/59 64/64
f 62/62 58/58 63/63
f 58/58 61/61 63/63
f 62/62 55/55 54/54
f 54/54 58/58 62/62
f 59/59 61/61 56/56
f 82/82 81/81 80/80
f 57/57 59/59 56/56
f 43/43 42/42 44/44
f 41/41 43/43 40/40
f 42/42 43/43 41/41
f 41/41 10/10 42/42
f 10/10 41/41 9/9
f 40/40 39/39 41/41
f 9/9 41/41 39/39
f 40/40 38/38 37/37
f 58/58 56/56 61/61
f 57/57 60/60 59/59
f 88/88 84/84 85/85
f 53/53 56/56 58/58
f 54/54 53/53 58/58
f 51/51 57/57 56/56
f 56/56 53/53 51/51
f 52/52 54/54 55/55
f 49/49 52/52 55/55
f 50/50 53/53 54/54
f 52/52 50/50 54/54
f 50/50 51/51 53/53
f 115/115 118/118 117/117
f 129/129 124/124 126/126
f 127/127 128/128 130/130
f 129/129 130/130 128/128
f 131/131 83/83 127/127
f 130/130 131/131 127/127
f 83/83 131/131 76/76
f 116/116 109/109 113/113
f 109/109 116/116 111/111
f 92/92 115/115 117/117
f 90/90 92/92 117/117
f 124/124 129/129 128/128
f 118/118 90/90 117/117
f 119/119 115/115 112/112
f 111/111 119/119 112/112
f 118/118 115/115 120/120
f 119/119 120/120 115/115
f 121/121 119/119 111/111
f 116/116 121/121 111/111
f 122/122 120/120 119/119
f 121/121 122/122 119/119
f 138/138 134/134 139/139
f 130/130 129/129 134/134
f 135/135 133/133 132/132
f 134/134 135/135 132/132
f 133/133 136/136 77/77
f 136/136 75/75 77/77
f 137/137 133/133 135/135
f 137/137 136/136 133/133
f 134/134 138/138 135/135
f 138/138 137/137 135/135
f 129/129 139/139 134/134
f 120/120 123/123 118/118
f 118/118 124/124 90/90
f 123/123 124/124 118/118
f 124/124 125/125 90/90
f 86/86 90/90 125/125
f 125/125 83/83 86/86
f 124/124 123/123 126/126
f 83/83 125/125 127/127
f 128/128 125/125 124/124
f 128/128 127/127 125/125
f 100/100 103/103 104/104
f 96/96 91/91 94/94
f 95/95 97/97 94/94
f 95/95 98/98 97/97
f 99/99 96/96 94/94
f 99/99 94/94 97/97
f 98/98 100/100 97/97
f 100/100 98/98 101/101
f 101/101 102/102 103/103
f 101/101 103/103 100/100
f 104/104 97/97 100/100
f 91/91 96/96 93/93
f 104/104 99/99 97/97
f 105/105 104/104 103/103
f 83/83 76/76 78/78
f 81/81 82/82 84/84
f 84/84 82/82 85/85
f 86/86 78/78 81/81
f 78/78 86/86 83/83
f 87/87 81/81 84/84
f 81/81 87/87 86/86
f 111/111 107/107 109/109
f 123/123 120/120 122/122
f 106/106 104/104 105/105
f 107/107 99/99 104/104
f 104/104 106/106 107/107
f 99/99 107/107 108/108
f 108/108 96/96 99/99
f 109/109 107/107 106/106
f 110/110 109/109 106/106
f 107/107 111/111 108/108
f 211/211 151/151 208/208
f 96/96 108/108 112/112
f 111/111 112/112 108/108
f 112/112 93/93 96/96
f 110/110 113/113 109/109
f 113/113 110/110 114/114
f 93/93 112/112 115/115
f 115/115 92/92 93/93
f 89/89 94/94 91/91
f 94/94 89/89 95/95
f 304/304 306/306 305/305
f 315/315 318/318 319/319
f 318/318 320/320 319/319
f 271/271 321/321 316/316
f 316/316 321/321 317/317
f 321/321 271/271 268/268
f 302/302 305/305 303/303
f 302/302 304/304 305/305
f 306/306 303/303 305/305
f 317/317 318/318 314/314
f 303/303 306/306 307/307
f 304/304 293/293 308/308
f 293/293 280/280 308/308
f 304/304 309/309 306/306
f 309/309 304/304 308/308
f 306/306 310/310 307/307
f 220/220 222/222 224/224
f 311/311 307/307 310/310
f 313/313 314/314 310/310
f 326/326 325/325 323/323
f 326/326 323/323 324/324
f 325/325 327/327 320/320
f 327/327 325/325 326/326
f 328/328 320/320 327/327
f 327/327 329/329 328/328
f 312/312 313/313 309/309
f 310/310 314/314 311/311
f 280/280 312/312 308/308
f 314/314 315/315 311/311
f 279/279 316/316 312/312
f 313/313 312/312 316/316
f 279/279 271/271 316/316
f 314/314 313/313 317/317
f 317/317 313/313 316/316
f 318/318 315/315 314/314
f 289/289 286/286 285/285
f 304/304 302/302 294/294
f 304/304 294/294 293/293
f 285/285 282/282 278/278
f 278/278 281/281 285/285
f 284/284 282/282 286/286
f 282/282 285/285 286/286
f 287/287 284/284 286/286
f 287/287 288/288 284/284
f 303/303 301/301 302/302
f 289/289 287/287 286/286
f 281/281 289/289 285/285
f 290/290 288/288 287/287
f 290/290 291/291 288/288
f 292/292 287/287 289/289
f 292/292 290/290 287/287
f 289/289 281/281 293/293
f 296/296 297/297 291/291
f 309/309 308/308 312/312
f 280/280 279/279 312/312
f 309/309 313/313 310/310
f 294/294 289/289 293/293
f 295/295 290/290 292/292
f 294/294 295/295 292/292
f 296/296 291/291 290/290
f 290/290 295/295 296/296
f 320/320 318/318 325/325
f 298/298 299/299 297/297
f 298/298 297/297 296/296
f 300/300 298/298 296/296
f 300/300 296/296 295/295
f 301/301 300/300 295/295
f 295/295 302/302 301/301
f 295/295 294/294 302/302
f 343/343 270/270 262/262
f 341/341 342/342 257/257
f 336/336 342/342 341/341
f 259/259 257/257 342/342
f 336/336 343/343 342/342
f 343/343 259/259 342/342
f 324/324 343/343 336/336
f 343/343 262/262 259/259
f 270/270 343/343 324/324
f 20/20 17/17 19/19
f 333/333 324/324 336/336
f 335/335 334/334 337/337
f 334/334 336/336 337/337
f 231/231 335/335 338/338
f 337/337 338/338 335/335
f 231/231 338/338 339/339
f 231/231 339/339 232/232
f 11/11 9/9 39/39
f 341/341 257/257 248/248
f 21/21 24/24 18/18
f 19/19 18/18 24/24
f 23/23 14/14 11/11
f 21/21 14/14 23/23
f 19/19 22/22 20/20
f 14/14 21/21 18/18
f 37/37 39/39 40/40
f 232/232 339/339 237/237
f 23/23 11/11 39/39
f 37/37 23/23 39/39
f 38/38 35/35 37/37
f 36/36 35/35 38/38
f 35/35 23/23 37/37
f 35/35 36/36 32/32
f 34/34 32/32 36/36
f 322/322 317/317 321/321
f 326/326 324/324 333/333
f 332/332 331/331 334/334
f 331/331 333/333 334/334
f 230/230 332/332 335/335
f 332/332 334/334 335/335
f 230/230 335/335 231/231
f 336/336 334/334 333/333
f 268/268 273/273 321/321
f 331/331 326/326 333/333
f 321/321 273/273 322/322
f 318/318 317/317 322/322
f 273/273 323/323 322/322
f 322/322 323/323 318/318
f 323/323 273/273 324/324
f 273/273 270/270 324/324
f 325/325 318/318 323/323
f 327/327 330/330 329/329
f 339/339 241/241 237/237
f 338/338 340/340 339/339
f 339/339 340/340 241/241
f 338/338 337/337 340/340
f 340/340 248/248 241/241
f 337/337 341/341 340/340
f 340/340 341/341 248/248
f 337/337 336/336 341/341
f 309/309 310/310 306/306
f 330/330 225/225 329/329
f 225/225 330/330 227/227
f 331/331 327/327 326/326
f 327/327 331/331 330/330
f 330/330 332/332 227/227
f 332/332 330/330 331/331
f 230/230 227/227 332/332
f 246/246 250/250 249/249
f 246/246 62/62 244/244
f 246/246 55/55 62/62
f 244/244 245/245 247/247
f 247/247 246/246 244/244
f 248/248 245/245 243/243
f 241/241 248/248 243/243
f 249/249 55/55 246/246
f 249/249 49/49 55/55
f 242/242 245/245 244/244
f 250/250 246/246 247/247
f 251/251 49/49 249/249
f 250/250 251/251 249/249
f 232/232 237/237 234/234
f 237/237 236/236 234/234
f 236/236 238/238 136/136
f 238/238 75/75 136/136
f 238/238 74/74 75/75
f 254/254 256/256 253/253
f 252/252 251/251 250/250
f 36/36 252/252 34/34
f 252/252 253/253 34/34
f 34/34 253/253 33/33
f 250/250 254/254 252/252
f 252/252 254/254 253/253
f 254/254 250/250 255/255
f 255/255 250/250 247/247
f 239/239 238/238 236/236
f 255/255 247/247 257/257
f 257/257 247/247 245/245
f 257/257 245/245 248/248
f 255/255 258/258 254/254
f 244/244 63/63 242/242
f 244/244 62/62 63/63
f 245/245 242/242 243/243
f 236/236 136/136 235/235
f 138/138 228/228 233/233
f 138/138 233/233 137/137
f 228/228 234/234 233/233
f 228/228 232/232 234/234
f 233/233 235/235 137/137
f 234/234 235/235 233/233
f 137/137 235/235 136/136
f 234/234 236/236 235/235
f 229/229 231/231 232/232
f 214/214 218/218 219/219
f 217/217 220/220 218/218
f 218/218 220/220 219/219
f 220/220 217/217 221/221
f 222/222 220/220 221/221
f 145/145 219/219 223/223
f 141/141 145/145 223/223
f 243/243 242/242 240/240
f 237/237 239/239 236/236
f 240/240 74/74 238/238
f 280/280 293/293 281/281
f 240/240 67/67 74/74
f 241/241 239/239 237/237
f 242/242 67/67 240/240
f 242/242 63/63 67/67
f 239/239 243/243 240/240
f 239/239 240/240 238/238
f 241/241 243/243 239/239
f 228/228 223/223 229/229
f 226/226 224/224 230/230
f 227/227 230/230 224/224
f 226/226 231/231 229/229
f 226/226 230/230 231/231
f 229/229 232/232 228/228
f 282/282 30/30 278/278
f 268/268 267/267 273/273
f 28/28 265/265 272/272
f 272/272 265/265 269/269
f 266/266 268/268 271/271
f 269/269 266/266 271/271
f 270/270 267/267 262/262
f 266/266 269/269 265/265
f 264/264 267/267 268/268
f 266/266 264/264 268/268
f 262/262 267/267 261/261
f 267/267 264/264 261/261
f 282/282 284/284 283/283
f 283/283 31/31 282/282
f 282/282 31/31 30/30
f 38/38 251/251 36/36
f 280/280 281/281 277/277
f 281/281 278/278 277/277
f 275/275 279/279 280/280
f 280/280 277/277 275/275
f 271/271 279/279 269/269
f 279/279 275/275 269/269
f 277/277 278/278 276/276
f 278/278 30/30 276/276
f 275/275 277/277 274/274
f 274/274 277/277 276/276
f 276/276 30/30 26/26
f 276/276 26/26 274/274
f 294/294 292/292 289/289
f 261/261 264/264 260/260
f 258/258 255/255 259/259
f 253/253 256/256 260/260
f 260/260 33/33 253/253
f 258/258 261/261 256/256
f 256/256 261/261 260/260
f 259/259 262/262 258/258
f 261/261 258/258 262/262
f 33/33 260/260 263/263
f 28/28 272/272 274/274
f 263/263 260/260 264/264
f 33/33 263/263 265/265
f 265/265 28/28 33/33
f 264/264 266/266 263/263
f 265/265 263/263 266/266
f 49/49 251/251 38/38
f 251/251 252/252 36/36
f 270/270 273/273 267/267
f 274/274 26/26 28/28
f 269/269 275/275 272/272
f 272/272 275/275 274/274
f 256/256 254/254 258/258
f 257/257 259/259 255/255
f 736/736 762/762 735/735
f 770/770 681/681 715/715
f 771/771 772/772 773/773
f 690/690 771/771 773/773
f 772/772 715/715 718/718
f 772/772 771/771 769/769
f 715/715 772/772 770/770
f 772/772 769/769 770/770
f 690/690 766/766 771/771
f 771/771 766/766 769/769
f 690/690 763/763 766/766
f 737/737 762/762 736/736
f 761/761 763/763 760/760
f 690/690 760/760 763/763
f 761/761 762/762 764/764
f 763/763 761/761 764/764
f 765/765 762/762 737/737
f 765/765 764/764 762/762
f 738/738 765/765 737/737
f 739/739 765/765 738/738
f 764/764 766/766 763/763
f 766/766 764/764 767/767
f 723/723 743/743 722/722
f 724/724 743/743 723/723
f 684/684 742/742 744/744
f 742/742 743/743 744/744
f 688/688 694/694 664/664
f 745/745 725/725 750/750
f 748/748 747/747 749/749
f 749/749 747/747 745/745
f 690/690 746/746 748/748
f 745/745 750/750 749/749
f 726/726 750/750 725/725
f 681/681 770/770 741/741
f 722/722 743/743 742/742
f 718/718 773/773 772/772
f 690/690 773/773 720/720
f 773/773 718/718 720/720
f 768/768 739/739 740/740
f 768/768 740/740 741/741
f 766/766 767/767 769/769
f 769/769 767/767 768/768
f 770/770 768/768 741/741
f 769/769 768/768 770/770
f 744/744 747/747 748/748
f 728/728 753/753 750/750
f 750/750 753/753 752/752
f 753/753 728/728 729/729
f 730/730 753/753 729/729
f 754/754 751/751 752/752
f 690/690 751/751 754/754
f 752/752 753/753 755/755
f 742/742 684/684 682/682
f 721/721 722/722 742/742
f 721/721 742/742 682/682
f 660/660 721/721 682/682
f 727/727 750/750 726/726
f 751/751 749/749 752/752
f 746/746 744/744 748/748
f 745/745 747/747 743/743
f 752/752 755/755 754/754
f 730/730 756/756 753/753
f 753/753 756/756 755/755
f 756/756 730/730 731/731
f 744/744 687/687 684/684
f 743/743 724/724 745/745
f 725/725 745/745 724/724
f 687/687 744/744 746/746
f 746/746 690/690 687/687
f 734/734 759/759 733/733
f 747/747 744/744 743/743
f 765/765 739/739 768/768
f 768/768 767/767 765/765
f 754/754 755/755 757/757
f 690/690 754/754 757/757
f 755/755 756/756 758/758
f 758/758 757/757 755/755
f 731/731 759/759 756/756
f 759/759 758/758 756/756
f 732/732 759/759 731/731
f 733/733 759/759 732/732
f 764/764 765/765 767/767
f 757/757 758/758 760/760
f 760/760 690/690 757/757
f 758/758 759/759 761/761
f 760/760 758/758 761/761
f 762/762 759/759 734/734
f 759/759 762/762 761/761
f 735/735 762/762 734/734
f 728/728 750/750 727/727
f 748/748 749/749 751/751
f 690/690 748/748 751/751
f 752/752 749/749 750/750
f 669/669 700/700 670/670
f 673/673 672/672 703/703
f 672/672 671/671 703/703
f 671/671 670/670 703/703
f 702/702 703/703 700/700
f 670/670 700/700 703/703
f 701/701 702/702 699/699
f 699/699 702/702 700/700
f 690/690 701/701 698/698
f 698/698 701/701 699/699
f 702/702 701/701 704/704
f 700/700 697/697 699/699
f 700/700 669/669 697/697
f 709/709 708/708 711/711
f 690/690 710/710 707/707
f 710/710 708/708 707/707
f 678/678 677/677 709/709
f 676/676 709/709 677/677
f 709/709 706/706 708/708
f 690/690 695/695 692/692
f 696/696 699/699 697/697
f 690/690 698/698 695/695
f 698/698 696/696 695/695
f 669/669 668/668 697/697
f 697/697 668/668 667/667
f 696/696 697/697 694/694
f 667/667 694/694 697/697
f 693/693 695/695 696/696
f 694/694 693/693 696/696
f 709/709 676/676 706/706
f 695/695 693/693 692/692
f 667/667 666/666 694/694
f 666/666 665/665 694/694
f 694/694 665/665 664/664
f 693/693 694/694 688/688
f 704/704 705/705 702/702
f 703/703 702/702 705/705
f 704/704 701/701 690/690
f 719/719 718/718 717/717
f 710/710 713/713 711/711
f 712/712 680/680 679/679
f 712/712 679/679 678/678
f 711/711 712/712 709/709
f 709/709 712/712 678/678
f 708/708 710/710 711/711
f 660/660 682/682 659/659
f 718/718 719/719 720/720
f 690/690 720/720 719/719
f 712/712 711/711 713/713
f 717/717 716/716 719/719
f 690/690 719/719 716/716
f 717/717 718/718 715/715
f 659/659 682/682 683/683
f 659/659 683/683 661/661
f 683/683 682/682 684/684
f 661/661 683/683 685/685
f 662/662 661/661 685/685
f 716/716 717/717 713/713
f 705/705 707/707 708/708
f 706/706 705/705 708/708
f 690/690 707/707 704/704
f 707/707 705/705 704/704
f 676/676 675/675 706/706
f 675/675 674/674 706/706
f 673/673 706/706 674/674
f 706/706 703/703 705/705
f 706/706 673/673 703/703
f 692/692 693/693 691/691
f 715/715 714/714 717/717
f 714/714 713/713 717/717
f 690/690 716/716 710/710
f 716/716 713/713 710/710
f 681/681 714/714 715/715
f 714/714 681/681 680/680
f 713/713 714/714 712/712
f 680/680 712/712 714/714
f 685/685 686/686 691/691
f 685/685 663/663 662/662
f 683/683 684/684 686/686
f 685/685 683/683 686/686
f 687/687 686/686 684/684
f 663/663 685/685 688/688
f 664/664 663/663 688/688
f 689/689 686/686 687/687
f 689/689 687/687 690/690
f 691/691 688/688 685/685
f 692/692 686/686 689/689
f 686/686 692/692 691/691
f 690/690 692/692 689/689
f 688/688 691/691 693/693
f 698/698 699/699 696/696
f 986/986 814/814 815/815
f 986/986 983/983 987/987
f 972/972 987/987 983/983
f 814/814 986/986 988/988
f 986/986 987/987 988/988
f 989/989 814/814 988/988
f 989/989 813/813 814/814
f 990/990 988/988 987/987
f 818/818 980/980 982/982
f 987/987 972/972 991/991
f 992/992 813/813 989/989
f 813/813 992/992 812/812
f 820/820 980/980 819/819
f 977/977 969/969 973/973
f 983/983 971/971 968/968
f 973/973 978/978 977/977
f 981/981 971/971 982/982
f 988/988 990/990 989/989
f 821/821 978/978 820/820
f 978/978 973/973 979/979
f 979/979 973/973 967/967
f 978/978 980/980 820/820
f 979/979 980/980 978/978
f 960/960 966/966 951/951
f 967/967 963/963 965/965
f 963/963 967/967 966/966
f 968/968 965/965 964/964
f 966/966 969/969 951/951
f 968/968 964/964 970/970
f 964/964 962/962 970/970
f 971/971 965/965 968/968
f 980/980 979/979 981/981
f 950/950 838/838 841/841
f 951/951 946/946 949/949
f 841/841 952/952 950/950
f 841/841 845/845 952/952
f 949/949 950/950 953/953
f 953/953 951/951 949/949
f 954/954 950/950 952/952
f 950/950 954/954 953/953
f 952/952 845/845 955/955
f 969/969 966/966 973/973
f 972/972 970/970 974/974
f 970/970 962/962 974/974
f 975/975 951/951 969/969
f 946/946 951/951 975/975
f 853/853 957/957 848/848
f 958/958 955/955 957/957
f 825/825 944/944 824/824
f 942/942 940/940 945/945
f 943/943 945/945 940/940
f 942/942 946/946 944/944
f 946/946 942/942 945/945
f 947/947 824/824 944/944
f 946/946 947/947 944/944
f 824/824 947/947 823/823
f 943/943 941/941 948/948
f 961/961 958/958 964/964
f 964/964 958/958 962/962
f 965/965 963/963 961/961
f 965/965 961/961 964/964
f 966/966 960/960 963/963
f 838/838 950/950 948/948
f 950/950 949/949 948/948
f 938/938 937/937 928/928
f 928/928 916/916 938/938
f 938/938 853/853 855/855
f 916/916 853/853 938/938
f 939/939 791/791 829/829
f 791/791 939/939 827/827
f 939/939 829/829 830/830
f 940/940 827/827 939/939
f 827/827 940/940 826/826
f 952/952 955/955 954/954
f 848/848 955/955 845/845
f 956/956 953/953 954/954
f 954/954 955/955 956/956
f 955/955 848/848 957/957
f 940/940 941/941 943/943
f 944/944 825/825 942/942
f 931/931 933/933 932/932
f 880/880 933/933 877/877
f 933/933 876/876 877/877
f 933/933 934/934 876/876
f 875/875 876/876 934/934
f 933/933 931/931 935/935
f 935/935 934/934 933/933
f 875/875 934/934 936/936
f 935/935 936/936 934/934
f 833/833 948/948 941/941
f 945/945 943/943 948/948
f 838/838 948/948 833/833
f 945/945 948/948 949/949
f 945/945 949/949 946/946
f 936/936 938/938 855/855
f 937/937 938/938 936/936
f 927/927 887/887 923/923
f 927/927 923/923 926/926
f 887/887 927/927 885/885
f 927/927 883/883 885/885
f 928/928 926/926 925/925
f 916/916 928/928 925/925
f 926/926 929/929 927/927
f 926/926 928/928 929/929
f 883/883 927/927 930/930
f 939/939 830/830 941/941
f 941/941 940/940 939/939
f 830/830 833/833 941/941
f 942/942 826/826 940/940
f 826/826 942/942 825/825
f 930/930 931/931 932/932
f 933/933 880/880 932/932
f 919/919 890/890 893/893
f 918/918 915/915 920/920
f 916/916 920/920 915/915
f 918/918 921/921 919/919
f 920/920 921/921 918/918
f 890/890 919/919 922/922
f 922/922 919/919 921/921
f 922/922 887/887 890/890
f 921/921 923/923 922/922
f 875/875 936/936 854/854
f 936/936 855/855 854/854
f 935/935 931/931 937/937
f 935/935 937/937 936/936
f 928/928 937/937 931/931
f 924/924 926/926 923/923
f 925/925 926/926 924/924
f 909/909 912/912 911/911
f 913/913 906/906 910/910
f 911/911 912/912 914/914
f 912/912 853/853 914/914
f 915/915 910/910 911/911
f 914/914 915/915 911/911
f 910/910 915/915 913/913
f 914/914 853/853 916/916
f 916/916 915/915 914/914
f 929/929 930/930 927/927
f 930/930 880/880 883/883
f 929/929 931/931 930/930
f 931/931 929/929 928/928
f 880/880 930/930 932/932
f 893/893 917/917 919/919
f 919/919 917/917 918/918
f 898/898 900/900 902/902
f 901/901 902/902 900/900
f 898/898 902/902 899/899
f 902/902 901/901 903/903
f 903/903 904/904 902/902
f 905/905 899/899 902/902
f 902/902 904/904 905/905
f 896/896 899/899 906/906
f 899/899 905/905 906/906
f 887/887 922/922 923/923
f 924/924 921/921 920/920
f 923/923 921/921 924/924
f 920/920 925/925 924/924
f 916/916 925/925 920/920
f 909/909 911/911 907/907
f 911/911 910/910 907/907
f 780/780 779/779 894/894
f 778/778 894/894 779/779
f 894/894 778/778 895/895
f 777/777 895/895 778/778
f 896/896 894/894 895/895
f 894/894 896/896 893/893
f 895/895 777/777 897/897
f 896/896 895/895 897/897
f 776/776 897/897 777/777
f 917/917 906/906 913/913
f 917/917 896/896 906/906
f 917/917 893/893 896/896
f 915/915 918/918 913/913
f 913/913 918/918 917/917
f 775/775 774/774 900/900
f 901/901 900/900 774/774
f 888/888 886/886 784/784
f 887/887 886/886 888/888
f 784/784 783/783 888/888
f 889/889 888/888 783/783
f 783/783 782/782 889/889
f 889/889 890/890 888/888
f 887/887 888/888 890/890
f 891/891 889/889 782/782
f 889/889 891/891 890/890
f 904/904 907/907 905/905
f 907/907 904/904 908/908
f 908/908 909/909 907/907
f 910/910 905/905 907/907
f 905/905 910/910 906/906
f 892/892 780/780 894/894
f 892/892 894/894 893/893
f 787/787 879/879 788/788
f 879/879 880/880 877/877
f 879/879 787/787 881/881
f 879/879 881/881 880/880
f 787/787 882/882 881/881
f 882/882 787/787 786/786
f 881/881 883/883 880/880
f 883/883 881/881 882/882
f 786/786 884/884 882/882
f 897/897 776/776 898/898
f 775/775 898/898 776/776
f 896/896 897/897 899/899
f 897/897 898/898 899/899
f 898/898 775/775 900/900
f 884/884 887/887 885/885
f 887/887 884/884 886/886
f 872/872 873/873 867/867
f 873/873 857/857 859/859
f 871/871 801/801 874/874
f 857/857 873/873 875/875
f 875/875 854/854 857/857
f 873/873 872/872 876/876
f 876/876 875/875 873/873
f 871/871 877/877 872/872
f 872/872 877/877 876/876
f 782/782 781/781 891/891
f 891/891 781/781 892/892
f 781/781 780/780 892/892
f 893/893 891/891 892/892
f 891/891 893/893 890/890
f 879/879 878/878 788/788
f 879/879 877/877 878/878
f 865/865 867/867 861/861
f 861/861 867/867 859/859
f 865/865 866/866 868/868
f 868/868 867/867 865/865
f 798/798 869/869 866/866
f 869/869 868/868 866/866
f 798/798 799/799 869/869
f 799/799 800/800 869/869
f 868/868 869/869 870/870
f 884/884 786/786 785/785
f 883/883 882/882 885/885
f 885/885 882/882 884/884
f 886/886 884/884 785/785
f 886/886 785/785 784/784
f 871/871 872/872 870/870
f 867/867 873/873 859/859
f 861/861 856/856 858/858
f 856/856 861/861 859/859
f 858/858 860/860 862/862
f 858/858 862/862 861/861
f 846/846 863/863 860/860
f 860/860 863/863 862/862
f 846/846 795/795 863/863
f 795/795 796/796 863/863
f 797/797 863/863 796/796
f 871/871 874/874 877/877
f 801/801 878/878 874/874
f 874/874 878/878 877/877
f 878/878 801/801 789/789
f 788/788 878/878 789/789
f 866/866 865/865 864/864
f 798/798 866/866 797/797
f 850/850 851/851 849/849
f 848/848 847/847 852/852
f 853/853 848/848 852/852
f 852/852 847/847 854/854
f 851/851 854/854 847/847
f 853/853 852/852 855/855
f 854/854 855/855 852/852
f 851/851 850/850 856/856
f 851/851 857/857 854/854
f 870/870 867/867 868/868
f 800/800 871/871 869/869
f 869/869 871/871 870/870
f 801/801 871/871 800/800
f 867/867 870/870 872/872
f 858/858 843/843 860/860
f 843/843 846/846 860/860
f 1034/1034 1002/1002 1033/1033
f 1034/1034 1030/1030 1032/1032
f 1002/1002 1034/1034 1006/1006
f 1034/1034 1032/1032 1035/1035
f 1035/1035 1006/1006 1034/1034
f 1035/1035 1032/1032 1022/1022
f 1006/1006 1035/1035 1007/1007
f 1022/1022 1015/1015 1035/1035
f 1007/1007 1035/1035 1015/1015
f 863/863 864/864 862/862
f 863/863 797/797 864/864
f 865/865 862/862 864/864
f 865/865 861/861 862/862
f 797/797 866/866 864/864
f 840/840 842/842 850/850
f 851/851 847/847 849/849
f 1022/1022 1028/1028 1020/1020
f 904/904 1027/1027 1029/1029
f 904/904 1029/1029 908/908
f 1029/1029 909/909 908/908
f 1027/1027 1028/1028 1030/1030
f 1030/1030 1029/1029 1027/1027
f 909/909 1029/1029 1031/1031
f 1031/1031 1029/1029 1030/1030
f 912/912 909/909 1031/1031
f 1032/1032 1030/1030 1028/1028
f 1028/1028 1022/1022 1032/1032
f 1031/1031 1033/1033 912/912
f 912/912 1033/1033 853/853
f 1033/1033 1002/1002 853/853
f 1030/1030 1034/1034 1031/1031
f 1033/1033 1031/1031 1034/1034
f 803/803 1021/1021 1023/1023
f 1023/1023 802/802 803/803
f 1024/1024 1021/1021 1020/1020
f 1021/1021 1024/1024 1023/1023
f 802/802 1023/1023 1025/1025
f 774/774 802/802 1025/1025
f 774/774 1025/1025 901/901
f 1023/1023 1026/1026 1025/1025
f 1026/1026 901/901 1025/1025
f 1026/1026 1023/1023 1024/1024
f 901/901 1026/1026 903/903
f 903/903 1026/1026 904/904
f 1024/1024 1027/1027 1026/1026
f 1026/1026 1027/1027 904/904
f 1020/1020 1028/1028 1024/1024
f 1027/1027 1024/1024 1028/1028
f 1017/1017 808/808 1014/1014
f 1014/1014 1016/1016 1017/1017
f 808/808 1017/1017 807/807
f 1018/1018 807/807 1017/1017
f 1017/1017 1016/1016 1018/1018
f 807/807 1018/1018 806/806
f 1018/1018 805/805 806/806
f 805/805 1018/1018 1019/1019
f 1019/1019 804/804 805/805
f 1020/1020 1018/1018 1016/1016
f 1018/1018 1020/1020 1019/1019
f 804/804 1019/1019 1021/1021
f 1019/1019 1020/1020 1021/1021
f 1021/1021 803/803 804/804
f 1016/1016 1022/1022 1020/1020
f 1022/1022 1016/1016 1015/1015
f 812/812 1010/1010 811/811
f 1011/1011 811/811 1010/1010
f 1008/1008 1011/1011 1010/1010
f 811/811 1011/1011 810/810
f 1008/1008 1009/1009 1012/1012
f 1012/1012 1011/1011 1008/1008
f 1013/1013 810/810 1011/1011
f 1011/1011 1012/1012 1013/1013
f 810/810 1013/1013 809/809
f 1014/1014 809/809 1013/1013
f 1013/1013 1012/1012 1014/1014
f 809/809 1014/1014 808/808
f 1015/1015 1012/1012 1009/1009
f 1007/1007 1015/1015 1009/1009
f 1016/1016 1014/1014 1012/1012
f 1012/1012 1015/1015 1016/1016
f 1001/1001 999/999 1003/1003
f 1002/1002 1003/1003 999/999
f 1001/1001 1004/1004 996/996
f 1003/1003 1005/1005 1001/1001
f 1004/1004 1001/1001 1005/1005
f 1006/1006 1005/1005 1003/1003
f 1002/1002 1006/1006 1003/1003
f 1007/1007 1004/1004 1005/1005
f 1005/1005 1006/1006 1007/1007
f 996/996 1004/1004 1008/1008
f 1008/1008 995/995 996/996
f 1008/1008 992/992 995/995
f 1004/1004 1007/1007 1009/1009
f 1009/1009 1008/1008 1004/1004
f 992/992 1008/1008 1010/1010
f 1010/1010 812/812 992/992
f 996/996 990/990 993/993
f 996/996 995/995 990/990
f 993/993 994/994 997/997
f 997/997 996/996 993/993
f 974/974 998/998 994/994
f 974/974 962/962 998/998
f 994/994 999/999 997/997
f 999/999 994/994 998/998
f 962/962 1000/1000 998/998
f 1000/1000 999/999 998/998
f 1000/1000 962/962 959/959
f 1000/1000 959/959 853/853
f 999/999 1001/1001 997/997
f 996/996 997/997 1001/1001
f 1002/1002 999/999 1000/1000
f 1002/1002 1000/1000 853/853
f 837/837 838/838 833/833
f 839/839 835/835 831/831
f 839/839 837/837 835/835
f 839/839 831/831 834/834
f 838/838 837/837 840/840
f 791/791 828/828 829/829
f 828/828 791/791 790/790
f 829/829 828/828 830/830
f 831/831 828/828 790/790
f 993/993 987/987 991/991
f 993/993 990/990 987/987
f 972/972 994/994 991/991
f 994/994 993/993 991/991
f 994/994 972/972 974/974
f 989/989 990/990 995/995
f 995/995 992/992 989/989
f 985/985 817/817 984/984
f 984/984 983/983 985/985
f 946/946 975/975 947/947
f 976/976 947/947 975/975
f 975/975 969/969 976/976
f 947/947 976/976 823/823
f 823/823 976/976 822/822
f 976/976 821/821 822/822
f 969/969 977/977 976/976
f 821/821 976/976 977/977
f 982/982 817/817 818/818
f 832/832 831/831 835/835
f 834/834 793/793 836/836
f 793/793 794/794 836/836
f 833/833 832/832 837/837
f 835/835 837/837 832/832
f 844/844 847/847 845/845
f 847/847 848/848 845/845
f 840/840 849/849 844/844
f 844/844 849/849 847/847
f 849/849 840/840 850/850
f 790/790 792/792 831/831
f 832/832 830/830 828/828
f 831/831 832/832 828/828
f 832/832 833/833 830/830
f 792/792 834/834 831/831
f 834/834 792/792 793/793
f 817/817 985/985 816/816
f 815/815 816/816 985/985
f 817/817 982/982 984/984
f 982/982 983/983 984/984
f 983/983 968/968 972/972
f 856/856 857/857 851/851
f 850/850 842/842 858/858
f 850/850 858/858 856/856
f 843/843 858/858 842/842
f 857/857 856/856 859/859
f 838/838 840/840 841/841
f 839/839 842/842 837/837
f 842/842 840/840 837/837
f 834/834 843/843 839/839
f 842/842 839/839 843/843
f 845/845 841/841 844/844
f 843/843 834/834 836/836
f 844/844 841/841 840/840
f 836/836 846/846 843/843
f 794/794 846/846 836/836
f 846/846 794/794 795/795
f 956/956 955/955 958/958
f 853/853 959/959 957/957
f 959/959 958/958 957/957
f 953/953 956/956 960/960
f 951/951 953/953 960/960
f 956/956 958/958 961/961
f 961/961 960/960 956/956
f 958/958 959/959 962/962
f 960/960 961/961 963/963
f 981/981 967/967 971/971
f 986/986 815/815 985/985
f 983/983 986/986 985/985
f 982/982 971/971 983/983
f 972/972 968/968 970/970
f 966/966 967/967 973/973
f 980/980 981/981 982/982
f 967/967 981/981 979/979
f 980/980 818/818 819/819
f 821/821 977/977 978/978
f 965/965 971/971 967/967
f 1040/1040 1045/1045 1046/1046
f 1042/1042 1046/1046 1047/1047
f 1045/1045 1041/1041 1048/1048
f 1049/1049 1046/1046 1045/1045
f 1044/1044 1064/1064 1043/1043
f 1068/1068 1067/1067 1077/1077
f 1041/1041 1050/1050 1048/1048
f 1049/1049 1048/1048 1050/1050
f 1042/1042 1047/1047 1051/1051
f 1042/1042 1051/1051 1044/1044
f 1049/1049 1052/1052 1047/1047
f 1047/1047 1052/1052 1051/1051
f 1049/1049 1053/1053 1052/1052
f 1053/1053 1051/1051 1052/1052
f 1054/1054 1044/1044 1051/1051
f 1051/1051 1053/1053 1054/1054
f 1058/1058 1054/1054 1053/1053
f 1060/1060 1072/1072 1056/1056
f 1036/1036 1037/1037 1038/1038
f 1039/1039 1036/1036 1038/1038
f 1037/1037 1036/1036 1040/1040
f 1036/1036 1039/1039 1041/1041
f 1042/1042 1037/1037 1040/1040
f 1037/1037 1042/1042 1043/1043
f 1043/1043 1042/1042 1044/1044
f 1040/1040 1036/1036 1045/1045
f 1041/1041 1045/1045 1036/1036
f 1042/1042 1040/1040 1046/1046
f 1049/1049 1045/1045 1048/1048
f 1062/1062 1065/1065 1061/1061
f 1049/1049 1047/1047 1046/1046
f 1058/1058 1053/1053 1057/1057
f 1074/1074 1076/1076 1075/1075
f 1076/1076 1074/1074 1073/1073
f 1064/1064 1062/1062 1037/1037
f 1061/1061 1037/1037 1062/1062
f 1043/1043 1064/1064 1037/1037
f 1069/1069 1068/1068 1077/1077
f 1063/1063 1061/1061 1065/1065
f 1061/1061 1063/1063 1039/1039
f 1065/1065 1062/1062 1066/1066
f 1064/1064 1044/1044 1067/1067
f 1066/1066 1064/1064 1068/1068
f 1067/1067 1068/1068 1064/1064
f 1069/1069 1065/1065 1066/1066
f 1069/1069 1066/1066 1068/1068
f 1063/1063 1065/1065 1070/1070
f 1064/1064 1066/1066 1062/1062
f 1069/1069 1070/1070 1065/1065
f 1044/1044 1054/1054 1055/1055
f 1049/1049 1057/1057 1053/1053
f 1054/1054 1056/1056 1055/1055
f 1049/1049 1050/1050 1057/1057
f 1039/1039 1072/1072 1060/1060
f 1056/1056 1054/1054 1058/1058
f 1057/1057 1050/1050 1059/1059
f 1058/1058 1057/1057 1059/1059
f 1059/1059 1056/1056 1058/1058
f 1041/1041 1059/1059 1050/1050
f 1056/1056 1059/1059 1060/1060
f 1039/1039 1059/1059 1041/1041
f 1059/1059 1039/1039 1060/1060
f 1037/1037 1061/1061 1038/1038
f 1038/1038 1061/1061 1039/1039
f 1075/1075 1076/1076 1067/1067
f 1069/1069 1076/1076 1073/1073
f 1044/1044 1075/1075 1067/1067
f 1075/1075 1044/1044 1055/1055
f 1056/1056 1075/1075 1055/1055
f 1075/1075 1056/1056 1074/1074
f 1072/1072 1073/1073 1074/1074
f 1072/1072 1074/1074 1056/1056
f 1069/1069 1073/1073 1071/1071
f 1073/1073 1072/1072 1071/1071
f 1063/1063 1071/1071 1072/1072
f 1072/1072 1039/1039 1063/1063
f 1069/1069 1071/1071 1070/1070
f 1071/1071 1063/1063 1070/1070
f 1069/1069 1077/1077 1076/1076
f 1067/1067 1076/1076 1077/1077
f 1111/1111 1118/1118 1115/1115
f 1087/1087 1083/1083 1092/1092
f 1091/1091 1087/1087 1092/1092
f 1083/1083 1093/1093 1092/1092
f 1091/1091 1092/1092 1093/1093
f 1083/1083 1094/1094 1093/1093
f 1081/1081 1094/1094 1083/1083
f 1094/1094 1081/1081 1095/1095
f 1096/1096 1094/1094 1095/1095
f 1097/1097 1093/1093 1094/1094
f 1091/1091 1093/1093 1097/1097
f 1094/1094 1096/1096 1098/1098
f 1098/1098 1097/1097 1094/1094
f 1096/1096 1099/1099 1098/1098
f 1099/1099 1096/1096 1100/1100
f 1081/1081 1114/1114 1095/1095
f 1115/1115 1114/1114 1113/1113
f 1111/1111 1115/1115 1113/1113
f 1118/1118 1116/1116 1115/1115
f 1086/1086 1117/1117 1110/1110
f 1117/1117 1086/1086 1100/1100
f 1096/1096 1117/1117 1100/1100
f 1117/1117 1096/1096 1116/1116
f 1107/1107 1104/1104 1109/1109
f 1108/1108 1104/1104 1106/1106
f 1117/1117 1118/1118 1110/1110
f 1111/1111 1119/1119 1118/1118
f 1110/1110 1118/1118 1119/1119
f 1111/1111 1108/1108 1119/1119
f 1108/1108 1110/1110 1119/1119
f 1105/1105 1103/1103 1107/1107
f 1085/1085 1106/1106 1079/1079
f 1104/1104 1107/1107 1103/1103
f 1091/1091 1089/1089 1087/1087
f 1099/1099 1086/1086 1090/1090
f 1091/1091 1088/1088 1089/1089
f 1082/1082 1088/1088 1084/1084
f 1083/1083 1087/1087 1078/1078
f 1082/1082 1078/1078 1087/1087
f 1085/1085 1084/1084 1086/1086
f 1079/1079 1078/1078 1082/1082
f 1078/1078 1081/1081 1083/1083
f 1084/1084 1079/1079 1082/1082
f 1079/1079 1084/1084 1085/1085
f 1086/1086 1099/1099 1100/1100
f 1095/1095 1114/1114 1096/1096
f 1078/1078 1079/1079 1080/1080
f 1081/1081 1078/1078 1080/1080
f 1114/1114 1081/1081 1105/1105
f 1105/1105 1113/1113 1114/1114
f 1111/1111 1113/1113 1112/1112
f 1113/1113 1105/1105 1112/1112
f 1111/1111 1112/1112 1107/1107
f 1105/1105 1107/1107 1112/1112
f 1111/1111 1109/1109 1108/1108
f 1111/1111 1107/1107 1109/1109
f 1110/1110 1108/1108 1106/1106
f 1106/1106 1086/1086 1110/1110
f 1104/1104 1108/1108 1109/1109
f 1086/1086 1106/1106 1085/1085
f 1084/1084 1088/1088 1090/1090
f 1084/1084 1090/1090 1086/1086
f 1088/1088 1082/1082 1089/1089
f 1082/1082 1087/1087 1089/1089
f 1116/1116 1118/1118 1117/1117
f 1106/1106 1104/1104 1079/1079
f 1103/1103 1105/1105 1081/1081
f 1103/1103 1079/1079 1104/1104
f 1080/1080 1103/1103 1081/1081
f 1079/1079 1103/1103 1080/1080
f 1088/1088 1102/1102 1090/1090
f 1091/1091 1102/1102 1088/1088
f 1101/1101 1090/1090 1102/1102
f 1091/1091 1101/1101 1102/1102
f 1090/1090 1101/1101 1099/1099
f 1091/1091 1097/1097 1101/1101
f 1098/1098 1099/1099 1101/1101
f 1098/1098 1101/1101 1097/1097
f 1114/1114 1115/1115 1116/1116
f 1114/1114 1116/1116 1096/1096

