# https://github.com/mikedh/trimesh
mtllib material.mtl
usemtl M_UE4Man_ChestLogo
v 0.01235667 0.19612783 0.04914564
v 0.01235667 0.19612783 0.04914564
v 0.01541057 0.18719816 0.06160480
v 0.01541057 0.18719816 0.06160480
v 0.01465276 0.19265848 0.04869491
v 0.01465276 0.19265848 0.04869491
v 0.01465276 0.19265848 0.04869491
v 0.01304785 0.18912065 0.06416231
v 0.01682964 0.17724478 0.07201034
v 0.01682964 0.17724478 0.07201034
v 0.00276962 0.19705307 0.04969162
v 0.00276962 0.19705307 0.04969162
v 0.01479247 0.17937797 0.07424479
v 0.00388411 0.18929630 0.06631690
v -0.00064489 0.18663913 0.06411117
v -0.00167557 0.19448125 0.04904419
v -0.00167557 0.19448125 0.04904419
v -0.00588021 0.19861281 0.05213088
v -0.00588021 0.19861281 0.05213088
v 0.00522271 0.17881018 0.07637220
v 0.01656547 0.16368246 0.08256286
v 0.01976124 0.16292107 0.07944149
v 0.01976124 0.16292107 0.07944149
v 0.00692216 0.16320377 0.08446103
v 0.00080374 0.17634398 0.07450777
v -0.00445232 0.19040942 0.06837326
v -0.01340350 0.19039398 0.06740409
v -0.01421782 0.19783038 0.05138260
v -0.01421782 0.19783038 0.05138260
v -0.01515600 0.20093059 0.05284637
v -0.01515600 0.20093059 0.05284637
v -0.00270697 0.17949772 0.07955080
v -0.01425990 0.19203663 0.07005614
v -0.01108333 0.17831135 0.07863849
v 0.00244680 0.16127884 0.08412891
v -0.00024304 0.16246003 0.08799320
v 0.01000694 0.14497590 0.08554762
v 0.00489798 0.14424342 0.08477944
v -0.00851437 0.16072970 0.08810824
v 0.00238636 0.14338994 0.08958870
v 0.00727120 0.13030308 0.08082121
v -0.01185557 0.17991221 0.08163148
v -0.00556323 0.14224875 0.09021979
v -0.00975379 0.16156524 0.09130305
v -0.03625437 0.17592448 0.08232873
v 0.00459293 0.12753367 0.08544963
v -0.03807446 0.18893063 0.06987053
v -0.03907022 0.19724417 0.05046063
v -0.03907022 0.19724417 0.05046063
v -0.03972575 0.18679947 0.06821030
v -0.03988048 0.19479793 0.04947537
v -0.03988048 0.19479793 0.04947537
v -0.03778478 0.17467129 0.07970124
v -0.04774555 0.18467283 0.06771368
v -0.04845151 0.19285691 0.04928142
v -0.04845151 0.19285691 0.04928142
v -0.04910299 0.18814349 0.04950148
v -0.04910299 0.18814349 0.04950148
v -0.03492042 0.15785158 0.08755296
v -0.04749688 0.18032288 0.06445795
v -0.05353781 0.18886804 0.04909867
v -0.05353781 0.18886804 0.04909867
v -0.04556128 0.17304545 0.07948404
v -0.04550430 0.17002958 0.07487303
v -0.05274388 0.18098438 0.06595033
v -0.06066343 0.17853349 0.06484705
v -0.06175729 0.18600607 0.04912632
v -0.06175729 0.18600607 0.04912632
v -0.05121597 0.17025000 0.07665318
v -0.06433531 0.18242258 0.04850155
v -0.06433531 0.18242258 0.04850155
v -0.06433531 0.18242258 0.04850155
v -0.06346699 0.17632776 0.06286019
v -0.06346699 0.17632776 0.06286019
v -0.05922589 0.16813904 0.07523590
v -0.06192466 0.16544193 0.07299560
v -0.06192466 0.16544193 0.07299560
v -0.04887566 0.15474444 0.08417183
v -0.05787274 0.15308249 0.08231085
v -0.05999085 0.15181935 0.07941156
v -0.05999085 0.15181935 0.07941156
v -0.05458459 0.13691306 0.08376664
v -0.05784580 0.13684857 0.08073467
v -0.05784580 0.13684857 0.08073467
v -0.05578467 0.12233001 0.07680553
v -0.05578467 0.12233001 0.07680553
v -0.04407403 0.15436548 0.08279389
v -0.04631659 0.13766664 0.08553844
v -0.05229255 0.12096619 0.07957810
v -0.05405626 0.11001453 0.06809765
v -0.05405626 0.11001453 0.06809765
v -0.04268536 0.15596062 0.08805793
v -0.05031559 0.10779706 0.07026452
v -0.05283245 0.10139325 0.05566174
v -0.05283245 0.10139325 0.05566174
v -0.04403505 0.12182414 0.08119958
v -0.04210552 0.13885522 0.08461278
v -0.04064151 0.12284291 0.08107632
v -0.04027185 0.13823932 0.08964103
v -0.03836569 0.12182778 0.08529192
v -0.03275892 0.13853711 0.08939880
v -0.03615662 0.10753742 0.07664734
v -0.03402516 0.15814906 0.09085577
v -0.03128168 0.13837296 0.09275037
v -0.03016338 0.12252974 0.08504802
v -0.02865752 0.12152815 0.08821231
v -0.00692889 0.14127373 0.09335392
v -0.02652976 0.10475006 0.07839387
v -0.00330815 0.12628388 0.08614772
v -0.00431558 0.12473768 0.08819395
v 0.00658360 0.11163878 0.07549244
v -0.00087520 0.11026099 0.07563764
v -0.00193712 0.10775351 0.07808751
v -0.02805826 0.10643133 0.07559436
v -0.02563092 0.10294854 0.07760423
v -0.00056073 0.10319322 0.07339984
v 0.00171045 0.10143786 0.06519681
v -0.02777752 0.10316881 0.07177001
v -0.03579423 0.10433638 0.07339078
v -0.02921721 0.10290548 0.07817608
v -0.02454921 0.10160333 0.07862621
v -0.03823551 0.10897043 0.07111722
v -0.04219100 0.10887658 0.07233041
v -0.03781947 0.10190934 0.06623345
v -0.03760633 0.10456258 0.07715910
v -0.04054138 0.09581208 0.05822164
v -0.03269407 0.09749514 0.08266300
v -0.03976378 0.10271364 0.07885104
v -0.05037114 0.09684932 0.05784100
v -0.04342052 0.09116626 0.05673986
v -0.04915353 0.08937532 0.04986053
v -0.05212888 0.09715974 0.04216319
v -0.05212888 0.09715974 0.04216319
v -0.04433092 0.08967638 0.05192297
v -0.05230078 0.09844634 0.02659613
v -0.05230078 0.09844634 0.02659613
v -0.05230078 0.09844634 0.02659613
v -0.05095169 0.08482024 0.02817470
v -0.05095169 0.08482024 0.02817470
v -0.03641149 0.09343472 0.07510823
v -0.04922959 0.08115214 0.04600709
v -0.05137822 0.08155078 0.02738386
v -0.05137822 0.08155078 0.02738386
v -0.05891892 0.08018693 0.02767449
v -0.05891892 0.08018693 0.02767449
v -0.04449627 0.08383635 0.05011028
v -0.05329165 0.07958376 0.05332607
v -0.04122969 0.08450898 0.05656880
v -0.04429373 0.08537325 0.05893487
v -0.03833350 0.09330308 0.07462281
v -0.04407129 0.08806768 0.07797962
v -0.04922280 0.06557366 0.05117875
v -0.06015619 0.06715348 0.02426034
v -0.06015619 0.06715348 0.02426034
v -0.03557572 0.06708073 0.07420295
v -0.03674051 0.08601561 0.08564478
v -0.02800044 0.06803992 0.08287292
v -0.02948341 0.08956236 0.08291596
v -0.02135381 0.07408175 0.07905119
v -0.02840158 0.09013024 0.08133691
v -0.02428791 0.06629953 0.08277625
v -0.02376625 0.09351668 0.08644145
v -0.02129587 0.07503089 0.07499820
v 0.00344709 0.10276213 0.08078986
v -0.02155611 0.08601370 0.08230775
v 0.00685254 0.09484598 0.08869737
v 0.00681094 0.10224062 0.07021516
v 0.00810757 0.10518545 0.08042937
v 0.00809077 0.10126543 0.06408065
v 0.01380339 0.10913637 0.07897192
v 0.01372352 0.10435751 0.07016808
v 0.01330880 0.09979909 0.08438378
v 0.01020268 0.10156324 0.06088704
v 0.01691058 0.10800967 0.08080786
v 0.01694825 0.10210466 0.06958610
v 0.01745430 0.10127589 0.07381528
v 0.01275590 0.09566071 0.08297390
v 0.00751153 0.08813876 0.08262151
v -0.01779267 0.07305980 0.07513791
v 0.01009360 0.07723403 0.07430690
v -0.01822063 0.07139292 0.07839232
v 0.00720874 0.07516721 0.07434183
v 0.00895301 0.07306573 0.07612103
v 0.01403132 0.06892663 0.08159691
v 0.01134184 0.07543221 0.07617777
v 0.01543954 0.06234818 0.07917660
v 0.01406053 0.09521043 0.08464783
v 0.01679352 0.07088056 0.08178478
v 0.02177254 0.08963877 0.08893233
v 0.02137008 0.10404727 0.07841831
v 0.02478650 0.08782816 0.08453518
v 0.02814177 0.09731921 0.05695241
v 0.01970819 0.06609386 0.07829088
v 0.02928963 0.09928644 0.08193868
v 0.02951387 0.09294200 0.07966321
v 0.03644267 0.09401738 0.05985278
v 0.02748683 0.06952861 0.06797665
v 0.02069894 0.04407021 0.07201808
v 0.03992382 0.07791132 0.04466301
v 0.02976564 0.04706475 0.05952912
v 0.01764634 0.04259553 0.07370227
v 0.02209071 0.02546954 0.06668609
v 0.04177299 0.05444339 0.03665071
v 0.01947954 0.02383745 0.06841129
v 0.04442421 0.03500935 0.03239602
v 0.03054229 0.02745959 0.05582708
v 0.02374867 0.00149348 0.05992037
v 0.04772046 0.01090017 0.02685982
v 0.03203014 0.00307023 0.05062026
v 0.06264737 0.04091158 0.00587958
v 0.06716255 0.01705089 0.00091272
v 0.05566147 0.06369075 0.01071769
v 0.06649926 0.04265407 -0.00792641
v 0.05947629 0.06780803 -0.00165779
v 0.04582218 0.08666926 0.01862508
v 0.04107979 0.09264535 0.03879756
v 0.04667357 0.09521761 0.00055760
v 0.03031555 0.09554171 0.04947656
v 0.04235485 0.09586534 0.02147442
v 0.03256944 0.09440038 0.03560346
v 0.02318099 0.09382114 0.05404264
v 0.02734807 0.09246424 0.04615479
v 0.02237907 0.09928942 0.05397564
v 0.02531985 0.10075843 0.05033165
v 0.01710561 0.10017970 0.05329662
v 0.02599636 0.10517061 0.05086726
v 0.01175979 0.09991744 0.05420917
v 0.01718190 0.10221553 0.05330354
v 0.01176956 0.10127890 0.05281132
v 0.01041785 0.10607400 0.06014520
v 0.01636818 0.10516277 0.05797535
v 0.00941733 0.11624914 0.07183069
v 0.01382020 0.11594546 0.07161146
v 0.01182702 0.13026732 0.08149868
v 0.02280024 0.11821741 0.06991082
v 0.02458969 0.10810658 0.05654269
v 0.02692643 0.11199823 0.05546194
v 0.02692643 0.11199823 0.05546194
v 0.02570144 0.12070441 0.06801814
v 0.02570144 0.12070441 0.06801814
v 0.02686182 0.10730451 0.04049760
v 0.02686182 0.10730451 0.04049760
v 0.02160028 0.13209683 0.07928353
v 0.02393213 0.13313567 0.07681018
v 0.01928225 0.14642578 0.08353764
v 0.02186921 0.14779723 0.08077746
v 0.02942684 0.09399506 0.03488713
v 0.02656165 0.10948461 0.02403146
v 0.02656165 0.10948461 0.02403146
v 0.03350285 0.09632209 0.02062720
v 0.02841476 0.09724352 0.02021128
v 0.02873531 0.10225415 0.00777811
v 0.02555385 0.11637163 0.01132315
v 0.02555385 0.11637163 0.01132315
v 0.03280083 0.10206905 0.00747794
v 0.04115525 0.10433179 0.00665170
v 0.02699033 0.10814586 -0.00032979
v 0.03033534 0.10905781 -0.00195390
v 0.02543345 0.11727994 0.00177222
v 0.02486053 0.12653768 0.00065475
v 0.02486053 0.12653768 0.00065475
v 0.02371922 0.11443567 -0.00745195
v 0.02264396 0.12553269 -0.00293225
v 0.02253202 0.14049750 -0.00435168
v 0.02253202 0.14049750 -0.00435168
v 0.02340761 0.12124264 -0.00513250
v 0.02067569 0.13932103 -0.00777179
v 0.01459018 0.12526190 -0.00604815
v 0.01797334 0.15606737 -0.00934857
v 0.02015594 0.15584379 -0.00568515
v 0.02015594 0.15584379 -0.00568515
v 0.01577810 0.17011803 -0.00567872
v 0.01792851 0.16956180 -0.00222606
v 0.01792851 0.16956180 -0.00222606
v 0.00880745 0.15492052 -0.01139301
v 0.01350549 0.18386090 0.00361758
v 0.01610032 0.18238199 0.00703460
v 0.01610032 0.18238199 0.00703460
v 0.00669030 0.16874128 -0.00793582
v 0.01141361 0.13731587 -0.00993878
v 0.00222221 0.16737533 -0.00597733
v 0.00420097 0.15331197 -0.00978273
v 0.00467137 0.18356985 0.00193077
v 0.00002745 0.18237847 0.00343126
v 0.00285796 0.19412851 0.01717144
v 0.01246980 0.19377375 0.01827210
v 0.01518682 0.19059193 0.01963025
v 0.01518682 0.19059193 0.01963025
v 0.01107040 0.19752854 0.03228396
v 0.01445237 0.19406414 0.03321570
v 0.01445237 0.19406414 0.03321570
v 0.00254157 0.19864386 0.03126555
v -0.00187132 0.19515985 0.03217774
v -0.00134107 0.19139159 0.01797575
v -0.00597736 0.20063698 0.03160149
v -0.00535008 0.19604301 0.01589352
v -0.00342104 0.18601632 0.00054341
v -0.01347002 0.19449609 0.01503640
v -0.01443979 0.19989544 0.03209978
v -0.01566586 0.20253008 0.03234809
v -0.01486990 0.19733971 0.01327544
v -0.03985295 0.19944310 0.03150707
v -0.03923413 0.19493496 0.01448804
v -0.04079625 0.19591927 0.03186542
v -0.01149365 0.18509489 -0.00077111
v -0.04878947 0.19437688 0.03244835
v -0.00908217 0.16827935 -0.01142591
v -0.04867837 0.18881297 0.03261262
v -0.01391396 0.18675393 -0.00280375
v -0.03763506 0.18324190 -0.00188190
v -0.01108953 0.16972738 -0.01512367
v -0.04020366 0.19167155 0.01584571
v -0.03532478 0.16608918 -0.01429945
v -0.03882417 0.18138516 -0.00053209
v -0.04672894 0.19075310 0.01598304
v -0.04486641 0.17937189 -0.00035328
v -0.04821953 0.18565857 0.01839834
v -0.04680010 0.17621285 0.00444895
v -0.05405888 0.19004679 0.03155631
v -0.05280182 0.18591535 0.01710588
v -0.06212112 0.18718552 0.03249186
v -0.06129500 0.18321651 0.01738995
v -0.06450173 0.18373543 0.03337759
v -0.06394955 0.17984515 0.01871353
v -0.06033489 0.17396009 0.00398475
v -0.05178591 0.17634362 0.00270444
v -0.04992160 0.16110521 -0.00774962
v -0.06274506 0.17122108 0.00627750
v -0.06274506 0.17122108 0.00627750
v -0.06099722 0.15890854 -0.00243026
v -0.06099722 0.15890854 -0.00243026
v -0.05881080 0.15938431 -0.00714010
v -0.05893621 0.14439005 -0.00635952
v -0.05893621 0.14439005 -0.00635952
v -0.05651805 0.14537525 -0.00958854
v -0.04494747 0.16038722 -0.00578016
v -0.04786190 0.14558482 -0.01148504
v -0.05388054 0.12879014 -0.00834352
v -0.05681059 0.12941629 -0.00503630
v -0.05681059 0.12941629 -0.00503630
v -0.04256901 0.14601099 -0.01001543
v -0.04969463 0.11352807 -0.00411839
v -0.05485722 0.11579639 0.00137979
v -0.05485722 0.11579639 0.00137979
v -0.04543814 0.12839401 -0.00966603
v -0.04433355 0.11939812 -0.01044268
v -0.03997251 0.12813747 -0.00846201
v -0.05237350 0.10897601 0.00015670
v -0.05325600 0.10476446 0.01172966
v -0.05325600 0.10476446 0.01172966
v -0.04839286 0.11060276 -0.00538999
v -0.05278858 0.10228249 0.00263697
v -0.05154428 0.09246865 0.00762170
v -0.05122039 0.08516732 0.01302463
v -0.05375752 0.09218621 0.00746089
v -0.06090018 0.08496949 0.01482850
v -0.05331406 0.10370275 0.00020164
v -0.06243607 0.07291171 0.01345521
v -0.06118437 0.09245351 0.00642556
v -0.06696412 0.04558566 0.00785535
v -0.06271908 0.04221201 0.01963585
v -0.06271908 0.04221201 0.01963585
v -0.06311104 0.07857913 0.00460619
v -0.06745121 0.04989716 -0.00028140
v -0.06883976 0.02420541 0.00438589
v -0.06579205 0.02212512 0.01529497
v -0.06579205 0.02212512 0.01529497
v -0.06592139 0.00008005 0.01129406
v -0.06592139 0.00008005 0.01129406
v -0.07034179 0.02559054 -0.00436777
v -0.06931183 -0.00130835 0.00037426
v -0.06197402 -0.02271956 0.00663191
v -0.06197402 -0.02271956 0.00663191
v -0.06434843 0.05462938 -0.01644999
v -0.06626245 -0.02019873 -0.00400800
v -0.05172333 -0.05140463 0.00210410
v -0.05172333 -0.05140463 0.00210410
v -0.07054230 0.00017244 -0.00915152
v -0.06681761 0.02920893 -0.02426809
v -0.05994019 0.08385148 -0.01029557
v -0.05886397 0.05880403 -0.03487510
v -0.06626352 0.00388148 -0.03045470
v -0.05911597 0.09874156 -0.00598854
v -0.06084987 0.03326335 -0.04346258
v -0.05531999 0.08920222 -0.02199286
v -0.05864700 0.10469973 -0.00231940
v -0.05431184 0.10357851 -0.01449102
v -0.05472752 0.11155718 -0.00939316
v -0.04967579 0.11090657 -0.00647933
v -0.04726645 0.11086535 -0.02131313
v -0.04327306 0.11646491 -0.01181764
v -0.04726144 0.11755299 -0.01669687
v -0.04399249 0.11644828 -0.01302678
v -0.03661462 0.12087524 -0.01634473
v -0.03642639 0.12062365 -0.01749867
v -0.03709754 0.12135744 -0.02091092
v -0.03698370 0.12449539 -0.01578766
v -0.03752503 0.11646938 -0.02535862
v -0.03864977 0.12439948 -0.01337761
v -0.03108212 0.12702089 -0.01471371
v -0.03925153 0.12891012 -0.01471573
v -0.03066239 0.12678003 -0.01838297
v -0.03120538 0.12987906 -0.01560790
v -0.04161581 0.14727139 -0.01590985
v -0.03428313 0.14764708 -0.01673001
v -0.04328593 0.16300541 -0.01162297
v -0.03651270 0.16455453 -0.01119060
v -0.03281972 0.14895761 -0.01963657
v -0.03080377 0.13062292 -0.01860208
v -0.00880453 0.15250081 -0.01983339
v -0.00605973 0.13406193 -0.01907772
v -0.00715551 0.15237152 -0.01625043
v -0.00579497 0.12990963 -0.01871807
v -0.00483867 0.13401997 -0.01551408
v 0.00098935 0.15347588 -0.01568061
v 0.00335780 0.13542342 -0.01510316
v -0.00406238 0.12936258 -0.01415521
v -0.00115296 0.16958767 -0.01083774
v 0.00716999 0.13611972 -0.00954455
v 0.00489167 0.12976813 -0.01231092
v 0.00830940 0.12763870 -0.00920111
v 0.00506833 0.12982631 -0.01715058
v 0.01231960 0.12873179 -0.01510102
v 0.00466576 0.12527418 -0.01818437
v 0.01906839 0.12521529 -0.01019413
v 0.01226607 0.12370950 -0.01631612
v 0.01936189 0.11981940 -0.01250929
v 0.02630547 0.11661661 -0.01010865
v 0.02071431 0.12186593 -0.01501364
v 0.01303402 0.12531507 -0.01867563
v 0.03717569 0.11396935 -0.00641817
v 0.00512484 0.12629598 -0.02040285
v 0.01489249 0.12800228 -0.02345556
v 0.02339640 0.12588948 -0.01997298
v 0.03164998 0.12097829 -0.01427323
v 0.03407243 0.11689293 -0.01833278
v 0.04068390 0.10734659 -0.00898618
v 0.02557114 0.12228304 -0.02402884
v 0.03852514 0.10545859 -0.02570027
v 0.04463509 0.09987673 -0.01199752
v 0.01663569 0.12426501 -0.02777392
v 0.05692557 0.07450601 -0.01998180
v 0.06098405 0.07038712 -0.00834865
v 0.06900051 0.04481217 -0.01535326
v 0.05034235 0.07751938 -0.03925532
v 0.06698635 0.04660976 -0.02761370
v 0.07362881 0.02059564 -0.02050048
v 0.02274409 0.10831025 -0.03863901
v 0.05818609 0.05185351 -0.04802543
v 0.03590897 0.08005869 -0.05452675
v 0.01075414 0.10964137 -0.04238242
v 0.07126811 0.02242419 -0.03281611
v 0.00668231 0.12483030 -0.03002650
v 0.02133003 0.08100411 -0.06098312
v 0.00497225 0.12881422 -0.02518398
v -0.00618896 0.10816827 -0.04470498
v -0.00855514 0.12526369 -0.02103836
v -0.00922021 0.12392193 -0.03004152
v -0.00903246 0.12760872 -0.02518171
v -0.02356574 0.12088883 -0.02793747
v -0.02361461 0.12482559 -0.02323419
v -0.00945350 0.12457108 -0.01891846
v -0.02379307 0.12342083 -0.01961845
v -0.02406141 0.12326044 -0.01868719
v -0.02243444 0.10586849 -0.04188699
v -0.03583345 0.10198322 -0.03897244
v -0.00399539 0.07890528 -0.06528455
v -0.04862353 0.09545678 -0.03223938
v -0.01786050 0.07708582 -0.06394905
v -0.03466126 0.07165697 -0.06050128
v -0.04911193 0.06502801 -0.05150575
v -0.04917547 0.03973359 -0.06141120
v -0.03400847 0.04509401 -0.07063323
v -0.01729652 0.04861650 -0.07518882
v -0.00144788 0.05132013 -0.07696456
v 0.00735918 0.08064616 -0.06409270
v 0.01275459 0.05275523 -0.07621974
v 0.00103715 0.01840967 -0.08459968
v 0.02690950 0.05444658 -0.07243961
v 0.01610926 0.02027935 -0.08425457
v 0.03187779 0.02276704 -0.08009988
v 0.04401246 0.05385530 -0.06369359
v 0.06293419 0.02329424 -0.05455750
v 0.04875294 0.02279833 -0.07110137
v 0.03361896 -0.00189269 -0.08338350
v 0.06433705 -0.00069356 -0.05768162
v 0.04938498 -0.00076231 -0.07498127
v 0.07249490 -0.00153744 -0.03688413
v 0.07505539 -0.00244862 -0.02500481
v 0.07240299 -0.02532065 -0.03885907
v 0.04857543 -0.02629438 -0.07637710
v 0.06399647 -0.02876866 -0.05749697
v 0.03146628 -0.01736364 -0.08522672
v 0.01811138 -0.00343237 -0.08743423
v 0.02832285 -0.03188428 -0.08676893
v 0.00266209 -0.00341794 -0.08859080
v 0.01596752 -0.02323529 -0.08927173
v 0.00388649 -0.02214354 -0.08982736
v 0.01210573 -0.03761175 -0.08974928
v -0.01334020 0.01661578 -0.08272428
v -0.01204726 -0.00494841 -0.08578688
v -0.03219065 0.01388871 -0.07764036
v -0.00836345 -0.02655050 -0.08701867
v -0.04677626 0.01133334 -0.06842059
v -0.02916249 -0.00791854 -0.08020300
v -0.05929312 0.00729480 -0.05088049
v -0.04194388 -0.01163137 -0.07184142
v -0.02145180 -0.03331533 -0.08257705
v 0.00345472 -0.03650153 -0.08952648
v -0.00440797 -0.03915808 -0.08744735
v -0.03295490 -0.03955329 -0.07291931
v 0.00439695 -0.04037824 -0.08785135
v -0.01508614 -0.04686040 -0.08213502
v -0.00340494 -0.04227933 -0.08678729
v 0.01104739 -0.04169241 -0.08774537
v -0.01266154 -0.04919943 -0.08183354
v 0.00441185 -0.04597250 -0.08368856
v -0.00735065 -0.05188641 -0.07995039
v -0.02392682 -0.06141430 -0.07384080
v -0.02189919 -0.06574190 -0.07159692
v -0.04317960 -0.04652220 -0.05914301
v -0.03157732 -0.07496959 -0.06284422
v -0.05477068 -0.01676169 -0.05411595
v -0.05143794 -0.05097982 -0.03881198
v -0.06224212 -0.01851201 -0.03406793
v -0.06718907 -0.01894322 -0.01331276
v -0.05702981 -0.04825133 -0.01937443
v -0.05640253 -0.04843474 -0.01456458
v -0.05578968 -0.05012402 -0.00970406
v -0.03753599 -0.08859134 -0.00367779
v -0.03753599 -0.08859134 -0.00367779
v -0.04314110 -0.08029473 -0.03096837
v -0.04028448 -0.08921459 -0.01652485
v -0.02879032 -0.12306729 -0.00500232
v -0.02879032 -0.12306729 -0.00500232
v -0.04134044 -0.08316693 -0.02738232
v -0.03955433 -0.08754498 -0.02374584
v -0.03184828 -0.12283612 -0.01866943
v -0.02074250 -0.16557889 -0.00419444
v -0.02074250 -0.16557889 -0.00419444
v -0.03549132 -0.09200162 -0.03371102
v -0.03797933 -0.08722171 -0.03565890
v -0.04048189 -0.08394760 -0.03755623
v -0.03656456 -0.08269361 -0.05050200
v -0.03374383 -0.08583993 -0.04935974
v -0.02778789 -0.07937795 -0.06231243
v -0.03093752 -0.09049195 -0.04816705
v -0.02401301 -0.08529210 -0.06173009
v -0.01988610 -0.07157529 -0.06930238
v -0.01790938 -0.12096021 -0.05836040
v -0.00568935 -0.08284086 -0.07325310
v -0.01815721 -0.08506572 -0.06819433
v -0.01166531 -0.12125546 -0.06276244
v -0.02196154 -0.12065137 -0.04781503
v -0.00914857 -0.16653562 -0.05967683
v -0.02776548 -0.12087080 -0.03263694
v -0.01376268 -0.16765653 -0.05641228
v -0.02449819 -0.16624966 -0.02151662
v -0.02166495 -0.16699338 -0.03467292
v -0.02173695 -0.19297277 -0.02126235
v -0.01916334 -0.19442076 -0.00196892
v -0.01916334 -0.19442076 -0.00196892
v -0.01663562 -0.16900060 -0.04934854
v -0.02035948 -0.19399183 -0.03620607
v -0.01719591 -0.19944731 -0.04941315
v -0.02230653 -0.20617704 -0.03374654
v -0.02218517 -0.20406926 -0.02049047
v -0.02007040 -0.20834203 -0.00058609
v -0.02007040 -0.20834203 -0.00058609
v -0.02174577 -0.21120839 -0.02037150
v -0.01981744 -0.21535313 -0.00205225
v -0.01981744 -0.21535313 -0.00205225
v -0.01726672 -0.21743451 -0.00353414
v -0.01726672 -0.21743451 -0.00353414
v -0.02061590 -0.21138837 -0.04853624
v -0.01927945 -0.21319051 -0.02021438
v -0.01503345 -0.21807325 -0.00462908
v -0.01503345 -0.21807325 -0.00462908
v -0.02200672 -0.21269299 -0.03318852
v -0.01924082 -0.21478361 -0.03262168
v -0.01608559 -0.21348806 -0.01969177
v -0.01564297 -0.21442503 -0.03205425
v -0.01575383 -0.21684438 -0.02001471
v -0.01436135 -0.22113164 -0.00624746
v -0.01436135 -0.22113164 -0.00624746
v -0.01020226 -0.22140615 -0.00728089
v -0.01020226 -0.22140615 -0.00728089
v -0.01186606 -0.21761534 -0.02031082
v -0.01173839 -0.21842618 -0.03101081
v -0.01578054 -0.21801588 -0.03213543
v -0.01126286 -0.22352004 -0.04069180
v -0.01488969 -0.21982686 -0.04355377
v -0.01501795 -0.22212033 -0.04226929
v -0.00964352 -0.22869900 -0.04639119
v -0.01786575 -0.22025494 -0.04492969
v -0.01249215 -0.22612401 -0.05024427
v -0.01223442 -0.22816929 -0.04913515
v -0.00805685 -0.23398145 -0.05022472
v -0.02062318 -0.21843505 -0.04694337
v -0.01020166 -0.23322384 -0.05351633
v -0.00596198 -0.24002996 -0.05474109
v -0.01050886 -0.23203428 -0.05526775
v -0.01573667 -0.22615139 -0.05231148
v -0.00811478 -0.23839092 -0.05757147
v -0.01759085 -0.22466725 -0.05459827
v -0.00715205 -0.23919797 -0.05838925
v -0.00021478 -0.24139546 -0.05726415
v -0.00668666 -0.23335706 -0.05865735
v -0.00049707 -0.23988317 -0.06084472
v 0.02019647 -0.24130285 -0.05727893
v 0.02061573 -0.23955000 -0.06072623
v 0.02393058 -0.24076452 -0.05635244
v 0.00077751 -0.23357900 -0.06008500
v 0.02529350 -0.23897414 -0.05977422
v 0.02954319 -0.23747884 -0.05761153
v 0.02714971 -0.23864904 -0.05384821
v 0.02486256 -0.23298085 -0.05952913
v 0.02005366 -0.23292416 -0.05990762
v 0.03020409 -0.23620877 -0.05650312
v 0.02828577 -0.23112683 -0.05770964
v 0.03266755 -0.22795247 -0.04819793
v 0.02830163 -0.22816007 -0.04647035
v 0.03013984 -0.23223972 -0.05963475
v 0.03526631 -0.22200093 -0.03972513
v 0.03070930 -0.22339736 -0.03841526
v 0.03366581 -0.22275609 -0.04892713
v 0.03589288 -0.22865644 -0.05432993
v 0.02579692 -0.23346928 -0.06319946
v 0.03277162 -0.23224713 -0.06168205
v 0.01955000 -0.23342724 -0.06367761
v 0.02646664 -0.23148541 -0.06694228
v 0.00074390 -0.23363103 -0.06349749
v 0.01880160 -0.23158948 -0.06768006
v -0.01004490 -0.23342084 -0.06087226
v -0.00050756 -0.23196882 -0.06693369
v -0.01251158 -0.23257628 -0.05903310
v -0.01153466 -0.23173046 -0.06366009
v -0.01421854 -0.23030065 -0.06125134
v -0.01116761 -0.22237052 -0.06408996
v -0.01661870 -0.21884336 -0.05784708
v -0.01343939 -0.22156400 -0.06245059
v -0.00030073 -0.22260365 -0.06714291
v -0.00882956 -0.20212645 -0.06076604
v -0.01348111 -0.20177525 -0.05746490
v 0.00018528 -0.20237714 -0.06362981
v 0.00087753 -0.16669172 -0.06310791
v -0.00221547 -0.12098774 -0.06690711
v 0.02029947 -0.11940503 -0.06781358
v 0.02309683 -0.16666722 -0.06340438
v 0.01865092 -0.22303862 -0.06798166
v 0.02566770 -0.20285948 -0.06387264
v 0.02669218 -0.22336362 -0.06760890
v 0.03181079 -0.16692533 -0.06074184
v 0.03466621 -0.23071377 -0.06493896
v 0.03305021 -0.20272349 -0.06250936
v 0.03515771 -0.22358862 -0.06689888
v 0.04034272 -0.22783056 -0.05997306
v 0.03812388 -0.22909291 -0.05706781
v 0.04076758 -0.22070600 -0.06147248
v 0.04441324 -0.21857999 -0.04774171
v 0.04236105 -0.22042821 -0.04589170
v 0.03946141 -0.22112958 -0.04513687
v 0.03561738 -0.21852872 -0.04274148
v 0.04207948 -0.21659757 -0.03489238
v 0.03770176 -0.21486744 -0.03313965
v 0.03700093 -0.21939519 -0.03206510
v 0.03222552 -0.22056990 -0.03114599
v 0.03870455 -0.21458280 -0.02075356
v 0.03750912 -0.21914365 -0.02090293
v 0.03287891 -0.22006056 -0.02081150
v 0.03258470 -0.22317517 -0.01236874
v 0.03720680 -0.22219648 -0.01192957
v 0.03177694 -0.23055455 -0.00180489
v 0.03756884 -0.21810369 -0.01041287
v 0.03596845 -0.22912261 -0.00108391
v 0.03074196 -0.24093197 0.00689870
v 0.03566221 -0.22519529 0.00017124
v 0.03360132 -0.24011555 0.00943309
v 0.03257683 -0.24386938 0.01173323
v 0.02781478 -0.24509816 0.01012474
v 0.03250507 -0.23803313 0.01141339
v 0.02919248 -0.24673215 0.01449042
v 0.02442971 -0.24590093 0.01174587
v 0.02912298 -0.24076055 0.01442915
v 0.02367857 -0.24736859 0.01673943
v 0.00235215 -0.24656995 0.01236337
v 0.02385155 -0.24097386 0.01549929
v 0.00127092 -0.24823430 0.01579934
v -0.00120017 -0.24646300 0.01122969
v 0.02862790 -0.22926274 0.01276809
v -0.00229594 -0.24792096 0.01508564
v 0.03143481 -0.22657338 0.00930089
v -0.00566050 -0.24568653 0.01339358
v -0.00419578 -0.24447507 0.00955421
v 0.03477910 -0.21993116 0.00113410
v -0.00699326 -0.24268475 0.01249796
v -0.00533160 -0.24266629 0.00874239
v 0.03753165 -0.21540754 -0.01032752
v -0.01134106 -0.23045148 0.00493890
v -0.00781891 -0.23045224 0.00255602
v -0.00516102 -0.23990172 0.01413983
v -0.01082417 -0.22470395 0.00603372
v 0.00188437 -0.23783086 0.01429039
v -0.00785956 -0.23207152 0.01343208
v -0.01444432 -0.22373693 0.00780862
v 0.02362147 -0.22638577 0.01325482
v 0.00255004 -0.22444615 0.01248795
v 0.02927700 -0.24591954 0.02593905
v 0.00548235 -0.24611172 0.02492851
v -0.00126776 -0.24533993 0.02337986
v 0.00124601 -0.24615170 0.02478546
v 0.00337842 -0.24564435 0.02947789
v -0.00221786 -0.24574956 0.02789360
v -0.00454792 -0.24462208 0.02645975
v -0.01201364 -0.23012242 0.01527732
v -0.00433025 -0.24375257 0.03107947
v -0.00733825 -0.24213956 0.02897161
v -0.01461264 -0.22777127 0.01740056
v 0.00108162 -0.24369496 0.03245574
v -0.00402614 -0.23288311 0.03033918
v -0.00802466 -0.23148015 0.02751297
v -0.01742825 -0.22072187 0.00941258
v -0.01341936 -0.22233808 0.01997620
v -0.01701960 -0.21425107 0.01080006
v -0.00961467 -0.20435651 0.01637977
v -0.00303849 -0.20995130 0.02581113
v -0.00932452 -0.16669584 0.01385170
v -0.00020382 -0.16752622 0.02476030
v -0.01279041 -0.12209791 0.01576465
v 0.00112787 -0.23286954 0.03183752
v -0.01747784 -0.08902887 0.01828164
v 0.03055576 -0.24234556 0.03417676
v 0.00300327 -0.20996480 0.02945250
v 0.03022114 -0.23146436 0.03275901
v 0.03030041 -0.24492994 0.03094333
v 0.03487352 -0.24110615 0.03214234
v 0.03445032 -0.24418958 0.02921909
v 0.03297106 -0.24478193 0.02397221
v 0.03734496 -0.24065961 0.03005618
v 0.03606418 -0.24295789 0.02776795
v 0.03830746 -0.23181829 0.01263374
v 0.04186121 -0.23006955 0.01445204
v 0.04086915 -0.22355160 0.00176090
v 0.04472378 -0.22313352 0.00309771
v 0.04378358 -0.22744687 0.01621145
v 0.03697172 -0.23186734 0.02979010
v 0.04699329 -0.22050236 0.00399989
v 0.03485754 -0.23136504 0.03094274
v 0.04328123 -0.22138280 0.01754015
v 0.03525272 -0.20801358 0.02535230
v 0.02940837 -0.20921408 0.03016680
v 0.03390816 -0.20813856 0.02675825
v 0.02754036 -0.16798735 0.02860945
v 0.00402954 -0.16762281 0.02857703
v 0.03110102 -0.16740965 0.02545839
v 0.02553788 -0.12109906 0.03419178
v 0.00362542 -0.12120098 0.03357059
v 0.03428927 -0.16745107 0.02233821
v 0.02802101 -0.12016595 0.03300029
v 0.04343680 -0.20303205 0.00928408
v 0.03668192 -0.12118015 0.02586585
v 0.04742518 -0.21374524 0.00500065
v 0.04228214 -0.16795370 0.00814563
v 0.04880372 -0.21571805 -0.00803727
v 0.04548183 -0.12185466 0.00791198
v 0.04978636 -0.20892285 -0.00708586
v 0.04954174 -0.19709684 -0.00852365
v 0.05066970 -0.16599278 -0.01170248
v 0.04874364 -0.08629036 0.01009637
v 0.04990438 -0.19677609 -0.01902181
v 0.03710225 -0.08813119 0.03133386
v 0.05424360 -0.12255708 -0.01266736
v 0.05111411 -0.16529249 -0.02024824
v 0.05024937 -0.20630430 -0.01882476
v 0.04686561 -0.19705914 -0.03403527
v 0.04939011 -0.21266301 -0.01936120
v 0.04838172 -0.20697631 -0.03468997
v 0.04681996 -0.16469777 -0.03317338
v 0.04742745 -0.21509214 -0.01893229
v 0.05528358 -0.12233085 -0.02063006
v 0.04624835 -0.21807310 -0.00884515
v 0.04274967 -0.21783376 -0.00953955
v 0.04264084 -0.21551465 -0.01888401
v 0.04529670 -0.21624799 -0.03525251
v 0.04779008 -0.21430272 -0.03524536
v 0.04475120 -0.21193059 -0.04806131
v 0.04276839 -0.19916517 -0.04659552
v 0.03883186 -0.20202154 -0.05795294
v 0.04137126 -0.16559057 -0.04435164
v 0.03654149 -0.16705747 -0.05736667
v 0.03625384 -0.11929152 -0.06058127
v 0.04397813 -0.11946255 -0.04450685
v 0.05056492 -0.12036962 -0.03255218
v 0.05146185 -0.08450496 -0.04531378
v 0.03149715 -0.11872640 -0.06304103
v 0.04205361 -0.08344185 -0.06026739
v 0.01969472 -0.08157841 -0.07515663
v 0.03368786 -0.08253461 -0.06954307
v 0.01753476 -0.05231741 -0.08222729
v 0.02699128 -0.06532094 -0.07679504
v 0.02200082 -0.04978886 -0.08400506
v 0.02505163 -0.04722044 -0.08726782
v 0.03055540 -0.06304899 -0.07911271
v 0.03768054 -0.07477349 -0.07056517
v 0.03461018 -0.06142438 -0.08073265
v 0.04027310 -0.04797995 -0.08018917
v 0.04613283 -0.05523381 -0.07291645
v 0.04174772 -0.07130194 -0.07104260
v 0.04569283 -0.07909590 -0.06195647
v 0.05506340 -0.05854586 -0.06065911
v 0.04928127 -0.07515836 -0.06056684
v 0.05464664 -0.08067578 -0.04588515
v 0.06142226 -0.05699659 -0.05110079
v 0.05713216 -0.07542891 -0.04793757
v 0.06847051 -0.04877576 -0.03795022
v 0.06182209 -0.06999013 -0.03777880
v 0.06948260 -0.04575575 -0.03107661
v 0.05912009 -0.07453084 -0.03544516
v 0.06714609 -0.04427588 -0.02451474
v 0.05767039 -0.08308345 -0.03113312
v 0.06097511 -0.08235386 -0.02167160
v 0.07313076 -0.00322631 -0.01732725
v 0.06736532 -0.04390028 -0.02069563
v 0.06082788 -0.08274824 -0.01359564
v 0.06637982 -0.04568327 -0.01005334
v 0.05100802 -0.05030093 0.01465815
v 0.06891802 -0.00569639 -0.00373048
v 0.05095783 -0.01250395 0.02121860
v 0.03583172 -0.05311391 0.03860134
v 0.07095817 0.01878297 -0.01314956
v 0.03377524 -0.01803166 0.04558795
v 0.02511588 -0.02004004 0.05394000
v 0.02705327 -0.08831576 0.03883701
v 0.02661827 -0.05333182 0.04579776
v 0.02141419 -0.00012747 0.06169766
v 0.02268854 -0.02009824 0.05614108
v 0.02410677 -0.05456364 0.04714590
v 0.02486363 -0.08967289 0.03989678
v 0.00084701 -0.05566383 0.04601520
v 0.00261477 -0.09062410 0.03847426
v -0.00264570 -0.09046766 0.03290409
v -0.00151703 -0.12094128 0.02853566
v -0.00548205 -0.05559182 0.04040378
v -0.00207802 -0.02025381 0.05520147
v -0.02712998 -0.05278036 0.02298015
v -0.00861046 -0.02002898 0.04993802
v -0.00594434 -0.00061849 0.06068522
v -0.03413912 -0.02085337 0.03002327
v -0.01272461 -0.00026471 0.05461067
v -0.01201114 0.02249741 0.06740480
v -0.03887638 -0.00010553 0.03461772
v -0.01866445 0.02292055 0.06122726
v -0.01712629 0.03796479 0.07208472
v -0.04151663 0.02284804 0.04021221
v -0.04329702 0.04085708 0.04452938
v -0.02342352 0.03843555 0.06645435
v -0.03240904 0.06087470 0.07296628
v -0.02559599 0.05859843 0.07881814
v 0.02989033 0.11807507 0.01296359
v 0.03068486 0.11185869 0.02624231
v 0.02793792 0.12731892 0.00253230
v 0.03046420 0.11010054 0.04077095
v 0.02643946 0.14114928 -0.00377268
v 0.03026083 0.11404231 0.05452949
v 0.03389660 0.11760193 0.02750903
v 0.03438392 0.11735517 0.04071921
v 0.02874020 0.12228364 0.06724268
v 0.03394190 0.12058937 0.05243510
v 0.02712313 0.13459474 0.07577902
v 0.03288630 0.12769633 0.06278246
v 0.03302029 0.12719577 0.04887658
v 0.02517513 0.14809537 0.07950884
v 0.03222862 0.13282210 0.05699104
v 0.03153697 0.13803488 0.06972962
v 0.03109792 0.14085740 0.06267279
v 0.02336171 0.16313290 0.07799583
v 0.02976981 0.14997309 0.07307261
v 0.02123538 0.17687333 0.07159239
v 0.02792159 0.16218996 0.07219249
v 0.02976480 0.15033239 0.06523663
v 0.02838984 0.16010433 0.06437319
v 0.02637580 0.17354005 0.06673151
v 0.01991716 0.18674457 0.06143218
v 0.01862005 0.19320947 0.04792589
v 0.02512303 0.18238896 0.05773836
v 0.02713898 0.16899449 0.06018680
v 0.01837567 0.19445336 0.03333527
v 0.02443710 0.18751097 0.04641002
v 0.02616301 0.17593068 0.05318230
v 0.03131142 0.16838300 0.05849164
v 0.03247157 0.16013777 0.06237441
v 0.02557972 0.18007630 0.04420453
v 0.03374675 0.15107483 0.06317514
v 0.02400330 0.18894839 0.03382200
v 0.03498319 0.14228719 0.06079727
v 0.02470842 0.18521207 0.02128595
v 0.03603175 0.13483494 0.05552774
v 0.01906374 0.19037854 0.01854330
v 0.02046851 0.18195695 0.00685662
v 0.02557603 0.17840600 0.01132005
v 0.02234903 0.17000896 -0.00135392
v 0.02712313 0.16809183 0.00420576
v 0.02447120 0.15573400 -0.00504309
v 0.02911607 0.15570843 0.00144392
v 0.03068963 0.14347905 0.00225776
v 0.02660826 0.17276603 0.01665360
v 0.02773884 0.16473073 0.01097184
v 0.02581659 0.17839241 0.02476805
v 0.03081921 0.17188084 0.01811689
v 0.02545932 0.18093121 0.03433639
v 0.03008500 0.17709905 0.02564257
v 0.02986530 0.17866075 0.04366892
v 0.02975372 0.17945367 0.03451675
v 0.03040627 0.17481589 0.05199533
v 0.03172186 0.17155033 0.04960280
v 0.03248981 0.16613263 0.05507463
v 0.03339926 0.15917802 0.05834514
v 0.03509465 0.16605532 0.05444711
v 0.03120354 0.17478007 0.04258936
v 0.03434304 0.17128539 0.04916328
v 0.03584626 0.15932208 0.05760509
v 0.03446761 0.15154338 0.05901962
v 0.04065827 0.16098738 0.04736978
v 0.03550914 0.14414149 0.05701667
v 0.03686670 0.15194839 0.05825633
v 0.03639773 0.13786513 0.05257815
v 0.03787247 0.14480102 0.05632227
v 0.03874090 0.13874191 0.05203634
v 0.03707877 0.13347864 0.04623908
v 0.03676596 0.12961679 0.04800206
v 0.03951577 0.13452273 0.04591530
v 0.03337744 0.12465691 0.03930825
v 0.03736344 0.13149601 0.03876430
v 0.03709737 0.12726211 0.03912788
v 0.03325728 0.12551182 0.02943998
v 0.03698579 0.12805504 0.02997559
v 0.03720167 0.13215440 0.03105527
v 0.03644470 0.13189983 0.02164918
v 0.03338400 0.12352520 0.01608997
v 0.03267387 0.12965745 0.02046221
v 0.03223363 0.13237429 0.00745290
v 0.03169790 0.13659364 0.01345771
v 0.03044704 0.14548373 0.00927132
v 0.03553966 0.13833284 0.01515287
v 0.02907208 0.15525579 0.00840801
v 0.03437951 0.14657801 0.01127022
v 0.03674022 0.13539213 0.02404183
v 0.03597775 0.14081067 0.01856988
v 0.03906122 0.13635248 0.02448123
v 0.03310421 0.15564096 0.01046949
v 0.03500596 0.14775640 0.01529950
v 0.03186777 0.16442847 0.01284724
v 0.03399447 0.15539908 0.01462501
v 0.03295854 0.16280174 0.01662785
v 0.03200749 0.16906935 0.02106648
v 0.03554717 0.16283899 0.01732224
v 0.03138331 0.17346388 0.02740544
v 0.03450230 0.16887331 0.02160829
v 0.03110424 0.17544716 0.03488022
v 0.03388849 0.17311507 0.02772933
v 0.03372529 0.17438757 0.04239100
v 0.03361896 0.17503029 0.03494710
v 0.04010669 0.16491407 0.04336983
v 0.03996018 0.16602319 0.03995567
v 0.04005614 0.16531306 0.03173262
v 0.04059115 0.16319960 0.04229039
v 0.03990534 0.16638499 0.03577262
v 0.04039601 0.16292804 0.02829200
v 0.04042223 0.16440081 0.03595084
v 0.04075387 0.16030752 0.02587837
v 0.04046598 0.16408914 0.03954905
v 0.04054740 0.16351086 0.03259676
v 0.04104844 0.15995020 0.04560047
v 0.04083684 0.16145336 0.02962929
v 0.04113153 0.15935928 0.02769953
v 0.04114428 0.15760946 0.04845351
v 0.04175952 0.15489590 0.02651280
v 0.04172316 0.15346545 0.04881948
v 0.04151383 0.15491408 0.02444440
v 0.04228607 0.14946484 0.04773706
v 0.03653744 0.15568948 0.01538831
v 0.04276923 0.14605933 0.04532856
v 0.03739694 0.14829308 0.01603955
v 0.04309395 0.14368409 0.04265266
v 0.03832498 0.14158469 0.01919752
v 0.04201296 0.15143359 0.02518266
v 0.04253939 0.14766460 0.02695721
v 0.04295138 0.14473593 0.02991467
v 0.04215291 0.15210032 0.02710563
v 0.04260901 0.14885872 0.02863210
v 0.04295114 0.14642727 0.03108746
v 0.04281095 0.14742345 0.04381221
v 0.04325000 0.14430338 0.03716677
v 0.04320291 0.14297879 0.03372139
v 0.04316452 0.14491129 0.03437060
v 0.03951791 0.13322764 0.03125351
v 0.04329935 0.14221692 0.03721863
v 0.03980056 0.13260966 0.03869754
v 0.04307917 0.14551735 0.04166370
v 0.04239872 0.15035337 0.04588395
v 0.04193142 0.15367472 0.04678267
v 0.04142860 0.15724832 0.04646688
v -0.06669029 0.17056638 0.00637120
v -0.06458422 0.15741741 -0.00198204
v -0.06791040 0.17916155 0.01876956
v -0.06297943 0.14315748 -0.00553102
v -0.06846103 0.18304002 0.03338915
v -0.06093785 0.12931627 -0.00432319
v -0.06820437 0.18080115 0.04826218
v -0.07230148 0.17530686 0.03401178
v -0.06733569 0.17473304 0.06143850
v -0.07214650 0.17421484 0.04661828
v -0.06583485 0.16400534 0.07222610
v -0.07139477 0.16891998 0.05808705
v -0.06398925 0.15063274 0.07842332
v -0.07013723 0.16006064 0.06703514
v -0.06975564 0.16260469 0.05354768
v -0.06203267 0.13617849 0.07960564
v -0.06877121 0.15566969 0.06055218
v -0.07034406 0.16674953 0.04456991
v -0.07352385 0.16035765 0.05236071
v -0.06750938 0.14678103 0.06473857
v -0.06852528 0.14870572 0.07238310
v -0.07261070 0.15392578 0.05885702
v -0.06612238 0.13701081 0.06560188
v -0.06675336 0.13622457 0.07348603
v -0.06010315 0.12194687 0.07559961
v -0.06503543 0.12412268 0.07021087
v -0.05829665 0.10982600 0.06704134
v -0.06477758 0.12753743 0.06303805
v -0.05741867 0.10197970 0.05526441
v -0.06395516 0.11396479 0.06215495
v -0.06363711 0.11950356 0.05735630
v -0.05676839 0.09797334 0.04077476
v -0.06298539 0.10733309 0.05272871
v -0.05673238 0.09952620 0.02632516
v -0.06248900 0.10413065 0.04050225
v -0.06266877 0.10495400 0.02778214
v -0.06283852 0.11387819 0.04924196
v -0.06281039 0.11171877 0.02964479
v -0.06784913 0.12038356 0.05589312
v -0.06296310 0.11081576 0.03975636
v -0.06710848 0.11516631 0.04836732
v -0.06890687 0.12783456 0.06116265
v -0.06904039 0.12319368 0.05294341
v -0.07015416 0.13662064 0.06354040
v -0.06992599 0.12947047 0.05738204
v -0.07144043 0.14568204 0.06273967
v -0.07097658 0.13687104 0.05938488
v -0.07206592 0.14450276 0.05871039
v -0.07311937 0.15143698 0.05544001
v -0.07388291 0.15685534 0.04996806
v -0.07560071 0.15064078 0.05481237
v -0.07632801 0.15587437 0.04952866
v -0.07427999 0.16010225 0.04295462
v -0.07406947 0.16420180 0.04403430
v -0.07659420 0.15902626 0.04275638
v -0.07046541 0.16760433 0.03470164
v -0.07436940 0.16077071 0.03524560
v -0.07418200 0.16499454 0.03488201
v -0.07384786 0.16264033 0.02600783
v -0.07010504 0.16506594 0.02513331
v -0.07184121 0.17206412 0.02178865
v -0.07310721 0.15742308 0.01848215
v -0.07082102 0.16487789 0.01142269
v -0.06930646 0.15944058 0.01701885
v -0.06936404 0.15461486 0.00416440
v -0.06816599 0.15140670 0.01133710
v -0.06790349 0.14185726 0.00171810
v -0.06723937 0.14181453 0.00865918
v -0.07204947 0.14997208 0.01321262
v -0.06617316 0.13027424 0.00228435
v -0.06543419 0.13216311 0.00963670
v -0.05912968 0.11597466 0.00184756
v -0.06451854 0.11897546 0.00787288
v -0.05792424 0.10557920 0.01265150
v -0.06316027 0.10973683 0.01661139
v -0.06318793 0.11633944 0.02082759
v -0.06417236 0.12327438 0.01382309
v -0.06834552 0.12388086 0.01551825
v -0.06743249 0.11744898 0.02201456
v -0.06688675 0.11360487 0.03034097
v -0.06951591 0.13212460 0.01163548
v -0.06677422 0.11281207 0.03949326
v -0.07080218 0.14118600 0.01083475
v -0.06847927 0.11879021 0.04660445
v -0.07264671 0.14810669 0.01699322
v -0.07153484 0.12338674 0.05240172
v -0.07346985 0.15439236 0.02143174
v -0.07159051 0.14070689 0.01499039
v -0.07408795 0.15878778 0.02777081
v -0.07581267 0.15351265 0.02197355
v -0.07639834 0.15775841 0.02809459
v -0.07667014 0.15967321 0.03531235
v -0.08031437 0.14962452 0.03613800
v -0.08016226 0.14855266 0.03209799
v -0.07514426 0.14742511 0.01768762
v -0.07982775 0.14616692 0.02865737
v -0.07944545 0.14354986 0.02624374
v -0.07411441 0.14028120 0.01575356
v -0.07289049 0.13293630 0.01640481
v -0.07868096 0.13815707 0.02480978
v -0.07954559 0.14253413 0.02806490
v -0.07044431 0.13308328 0.01566475
v -0.06945333 0.12614018 0.01893526
v -0.07192311 0.12623346 0.01956278
v -0.06868419 0.12072253 0.02440709
v -0.07819602 0.13467455 0.02554792
v -0.06823024 0.11748379 0.03142065
v -0.07118043 0.12100214 0.02484661
v -0.06820330 0.11680645 0.03912967
v -0.07075330 0.11787313 0.03161889
v -0.07765731 0.13090730 0.02732247
v -0.07111010 0.11911803 0.04628068
v -0.07085368 0.11720109 0.03906291
v -0.07708701 0.12692898 0.04301804
v -0.07687780 0.12546241 0.03758400
v -0.07724163 0.12797916 0.03028005
v -0.07699629 0.12622112 0.03408664
v -0.07805511 0.13203531 0.02899736
v -0.07771000 0.12960434 0.03145271
v -0.07851526 0.13527638 0.02747088
v -0.07749483 0.12808859 0.03473586
v -0.07891199 0.13807154 0.02687818
v -0.07740864 0.12748074 0.03753215
v -0.07758090 0.12869459 0.04202896
v -0.07785138 0.13060033 0.04417759
v -0.07743332 0.12930125 0.04569393
v -0.07826730 0.13352972 0.04624921
v -0.07791278 0.13270724 0.04810232
v -0.07237956 0.12944925 0.05668765
v -0.07873866 0.13685048 0.04714805
v -0.07848069 0.13670713 0.04918486
v -0.07339403 0.13659531 0.05862170
v -0.07445702 0.14396304 0.05797034
v -0.07907280 0.14084923 0.04881876
v -0.07924589 0.14042348 0.04683226
v -0.07954189 0.14422953 0.04773515
v -0.07962939 0.14312494 0.04596585
v -0.08010027 0.14815533 0.04373520
v -0.08026680 0.14926159 0.04032093
v -0.08009061 0.14637381 0.04265564
v -0.08021685 0.14726311 0.03991443
v -0.08026108 0.14757478 0.03631621
v -0.08013484 0.14668494 0.03296214
v -0.07984277 0.14462781 0.02999466
vt 0.49171880 0.00664979
vt 0.38618255 0.18165571
vt 0.48953217 0.01880294
vt 0.48552030 0.03024751
vt 0.48508379 0.02345020
vt 0.48913509 0.00693828
vt 0.38588202 0.17897862
vt 0.49155653 0.01910335
vt 0.49060750 0.02968460
vt 0.48588893 0.03678769
vt 0.38640678 0.18740839
vt 0.49714416 0.00733769
vt 0.49186927 0.02901214
vt 0.49645776 0.01951599
vt 0.49951339 0.01894778
vt 0.38699284 0.19033277
vt 0.49991554 0.00761175
vt 0.38526353 0.19368291
vt 0.50354755 0.00762838
vt 0.49637127 0.02914214
vt 0.49209702 0.04121435
vt 0.48641446 0.04494083
vt 0.49048796 0.04124618
vt 0.49707782 0.04099786
vt 0.49913549 0.02915716
vt 0.50327200 0.01924109
vt 0.50842053 0.01771164
vt 0.38520154 0.19844639
vt 0.50820643 0.00659901
vt 0.51022738 0.00618947
vt 0.38436410 0.20033103
vt 0.50281143 0.02898341
vt 0.51012963 0.01823449
vt 0.50754929 0.02834511
vt 0.49975759 0.04170054
vt 0.50243318 0.04123819
vt 0.49683726 0.05432522
vt 0.49994218 0.05427057
vt 0.50736594 0.04109544
vt 0.50322193 0.05404598
vt 0.49902809 0.06508684
vt 0.50948167 0.02841210
vt 0.50796920 0.05333722
vt 0.50936914 0.04086381
vt 0.52389425 0.02728772
vt 0.50338167 0.06500810
vt 0.52418190 0.01689488
vt 0.52465492 0.00402731
vt 0.38571408 0.21463656
vt 0.52600735 0.01664925
vt 0.52634203 0.00407529
vt 0.38633186 0.21625310
vt 0.52578753 0.02671379
vt 0.53095400 0.01670885
vt 0.38715646 0.22135448
vt 0.53171009 0.00448716
vt 0.53431928 0.00592285
vt 0.38761100 0.22408849
vt 0.52561867 0.03760129
vt 0.53438550 0.01657283
vt 0.38855654 0.22659880
vt 0.53692657 0.00523216
vt 0.53053373 0.02630937
vt 0.53406006 0.02580059
vt 0.53773189 0.01656961
vt 0.54292369 0.01611406
vt 0.39172324 0.22980452
vt 0.54221719 0.00520116
vt 0.53770930 0.02559221
vt 0.38608593 0.22693109
vt 0.54516673 0.00536728
vt 0.39245978 0.23063576
vt 0.37304193 0.22505212
vt 0.54554385 0.01553702
vt 0.54286247 0.02525216
vt 0.36200255 0.22767508
vt 0.54572636 0.02555597
vt 0.53711760 0.03552532
vt 0.54285043 0.03491044
vt 0.35273045 0.23358756
vt 0.54528791 0.03494817
vt 0.54170454 0.04351485
vt 0.54461652 0.04302567
vt 0.34621265 0.24199057
vt 0.34298050 0.25184298
vt 0.54528362 0.04888850
vt 0.53413057 0.03627068
vt 0.53676146 0.04488415
vt 0.54260403 0.05043900
vt 0.54851323 0.05184561
vt 0.34303817 0.26211220
vt 0.53028750 0.03712356
vt 0.54685259 0.05467683
vt 0.34649554 0.27175647
vt 0.55630177 0.05118090
vt 0.53793275 0.05301833
vt 0.53416014 0.04532856
vt 0.53596824 0.05392867
vt 0.53090406 0.04673398
vt 0.53315252 0.05526924
vt 0.52662516 0.04860449
vt 0.53758895 0.06275100
vt 0.52370578 0.03838092
vt 0.52451330 0.04933339
vt 0.52857393 0.05782312
vt 0.52638352 0.05877209
vt 0.51001108 0.05337495
vt 0.53129244 0.06850839
vt 0.50893104 0.06430757
vt 0.51078153 0.06427371
vt 0.50527519 0.07785863
vt 0.51127332 0.07699597
vt 0.51398093 0.07662380
vt 0.53331816 0.06662673
vt 0.53161353 0.06975627
vt 0.51444835 0.08128411
vt 0.50910121 0.08539629
vt 0.53468227 0.06738734
vt 0.54012817 0.06392020
vt 0.53492498 0.06920755
vt 0.53147614 0.07105613
vt 0.54135424 0.06060910
vt 0.54283553 0.05842507
vt 0.54635906 0.06139547
vt 0.54015601 0.06598294
vt 0.55317318 0.06017357
vt 0.53936958 0.07155639
vt 0.54110563 0.06716174
vt 0.55573326 0.05483407
vt 0.55647516 0.06069064
vt 0.56238192 0.05689734
vt 0.35220149 0.27933067
vt 0.56504458 0.04969317
vt 0.55966222 0.05910385
vt 0.57369846 0.04430270
vt 0.36096901 0.28519762
vt 0.44745281 0.27311939
vt 0.57598674 0.05193311
vt 0.45393574 0.27845287
vt 0.54610473 0.06947577
vt 0.56733280 0.06004906
vt 0.45609877 0.27883017
vt 0.57741570 0.05300587
vt 0.58033943 0.05602014
vt 0.46089372 0.28013378
vt 0.56285298 0.06068856
vt 0.56667036 0.06547266
vt 0.55899739 0.06292504
vt 0.55907166 0.06481165
vt 0.54768854 0.06922787
vt 0.55159247 0.07206076
vt 0.57240957 0.07189220
vt 0.46828651 0.28448981
vt 0.58649850 0.06034690
vt 0.55901694 0.08160835
vt 0.54780704 0.07588762
vt 0.55285114 0.08509177
vt 0.54294992 0.07605445
vt 0.54676205 0.08557820
vt 0.54160124 0.07598144
vt 0.55233669 0.08726078
vt 0.53620601 0.07630581
vt 0.54463315 0.08554977
vt 0.51763058 0.08513463
vt 0.53926098 0.08029723
vt 0.52274299 0.08951616
vt 0.51021779 0.08738965
vt 0.51621407 0.08822709
vt 0.50581843 0.08934087
vt 0.51401228 0.09140611
vt 0.50931150 0.09288305
vt 0.51921046 0.09276062
vt 0.50370514 0.09203541
vt 0.51468301 0.09322226
vt 0.50882077 0.09619009
vt 0.51138413 0.09684795
vt 0.52157533 0.09393448
vt 0.52705038 0.09280527
vt 0.54422522 0.08732051
vt 0.53347170 0.09813154
vt 0.54637706 0.08799803
vt 0.53501701 0.09747410
vt 0.53557968 0.09928977
vt 0.53666616 0.10441291
vt 0.53382313 0.09966350
vt 0.53959066 0.10748291
vt 0.52152014 0.09511399
vt 0.53432989 0.10497516
vt 0.52305061 0.10089511
vt 0.51378918 0.09799045
vt 0.52305561 0.10383278
vt 0.50485355 0.10974002
vt 0.53569853 0.10879034
vt 0.51674962 0.10239989
vt 0.51860768 0.10562903
vt 0.50997651 0.11388987
vt 0.52966082 0.11522782
vt 0.54814506 0.11592782
vt 0.51586008 0.12783933
vt 0.54201710 0.12355733
vt 0.55016065 0.11447048
vt 0.55898201 0.12198550
vt 0.53106165 0.13608265
vt 0.56090707 0.12072945
vt 0.54367036 0.14153296
vt 0.55439788 0.12874412
vt 0.57325548 0.12983417
vt 0.55884016 0.14894182
vt 0.56946570 0.13592708
vt 0.53536642 0.15777707
vt 0.55010688 0.16433960
vt 0.52027416 0.15161234
vt 0.53298116 0.16529590
vt 0.51675940 0.15901989
vt 0.50401843 0.14394862
vt 0.50342768 0.12768614
vt 0.49670345 0.15686256
vt 0.50146282 0.11493099
vt 0.49714056 0.14092535
vt 0.49636799 0.12615716
vt 0.50088888 0.10787314
vt 0.49891674 0.11502564
vt 0.49915913 0.10409003
vt 0.49543154 0.10679483
vt 0.49924976 0.09942770
vt 0.49236196 0.10486388
vt 0.50043499 0.09578025
vt 0.49805254 0.09857565
vt 0.49960047 0.09601271
vt 0.50092941 0.09057951
vt 0.49706268 0.09403378
vt 0.50025028 0.07797629
vt 0.49713570 0.07908833
vt 0.49550223 0.06526023
vt 0.49031460 0.08006781
vt 0.49206573 0.09702224
vt 0.48918501 0.09652609
vt 0.45780453 0.06282538
vt 0.46964026 0.06594282
vt 0.48748794 0.08010387
vt 0.48756877 0.11632943
vt 0.44828278 0.05642617
vt 0.48748946 0.06472170
vt 0.48443714 0.06433481
vt 0.49101383 0.05422390
vt 0.48831090 0.05335724
vt 0.49422175 0.12546951
vt 0.44228038 0.04655445
vt 0.48001277 0.13464332
vt 0.49068084 0.13880259
vt 0.48721185 0.13796759
vt 0.48182166 0.14958566
vt 0.47108376 0.14974248
vt 0.44019938 0.03670013
vt 0.48430067 0.15035212
vt 0.48947549 0.15334189
vt 0.47669756 0.15796006
vt 0.47876200 0.15951300
vt 0.46916083 0.15982103
vt 0.44114235 0.02673942
vt 0.46045381 0.16437370
vt 0.47256926 0.16661787
vt 0.46096194 0.16744089
vt 0.44865140 0.17131835
vt 0.44497120 0.01740086
vt 0.46749443 0.16779602
vt 0.44989520 0.17366493
vt 0.46081272 0.17461604
vt 0.43811974 0.17745835
vt 0.43740395 0.17482448
vt 0.45169535 0.00931966
vt 0.42831919 0.17936778
vt 0.42716569 0.17690653
vt 0.45985317 0.00414556
vt 0.43967244 0.18329966
vt 0.41754365 0.18105394
vt 0.47044325 0.00192177
vt 0.41624692 0.17828578
vt 0.43023676 0.18499321
vt 0.45178154 0.18015564
vt 0.43069813 0.18814498
vt 0.44082391 0.18643081
vt 0.41879511 0.18666291
vt 0.41875020 0.18982112
vt 0.40698364 0.18699539
vt 0.40615782 0.18099046
vt 0.40594232 0.17820150
vt 0.48047408 0.00381929
vt 0.39684305 0.18166816
vt 0.48398346 0.01427281
vt 0.39606169 0.17845648
vt 0.39789361 0.18682987
vt 0.39770806 0.19025123
vt 0.40736184 0.19009489
vt 0.39774340 0.19430387
vt 0.40742657 0.19402492
vt 0.41853479 0.19349575
vt 0.40812111 0.19906271
vt 0.39731196 0.19935894
vt 0.39695364 0.20101428
vt 0.40838939 0.20121872
vt 0.39734060 0.21536547
vt 0.40729612 0.21619678
vt 0.39738622 0.21744120
vt 0.41927814 0.19874799
vt 0.39741796 0.22207433
vt 0.43160993 0.19760901
vt 0.39799300 0.22538477
vt 0.41934365 0.20101821
vt 0.41864282 0.21646833
vt 0.43174338 0.20036829
vt 0.40722129 0.21842468
vt 0.43078604 0.21603662
vt 0.41864258 0.21811402
vt 0.40701902 0.22257352
vt 0.41865528 0.22223872
vt 0.40666133 0.22681761
vt 0.41731390 0.22674942
vt 0.39874098 0.22849512
vt 0.40675423 0.22998673
vt 0.39803079 0.23268366
vt 0.40565801 0.23622674
vt 0.39586091 0.23367947
vt 0.40466800 0.23966169
vt 0.41674924 0.23603350
vt 0.41731060 0.23019803
vt 0.42863932 0.23043495
vt 0.41671404 0.23893827
vt 0.40728635 0.25284308
vt 0.40517137 0.26471472
vt 0.42681530 0.23920739
vt 0.42813298 0.23602271
vt 0.39992148 0.27482837
vt 0.43603939 0.23932660
vt 0.43626839 0.23652852
vt 0.42940360 0.22709173
vt 0.43805119 0.23113591
vt 0.44481996 0.23899907
vt 0.44332594 0.24163121
vt 0.39198858 0.28254384
vt 0.43898734 0.22770643
vt 0.45221335 0.24488848
vt 0.38215271 0.28707737
vt 0.44814986 0.24877250
vt 0.44765174 0.23420739
vt 0.45254004 0.23629951
vt 0.44921222 0.23087525
vt 0.45196113 0.25096124
vt 0.44851437 0.26130855
vt 0.37158290 0.28810328
vt 0.45407021 0.24547231
vt 0.45399606 0.25637758
vt 0.45575422 0.26404273
vt 0.45746711 0.26972282
vt 0.45714229 0.26397145
vt 0.46291184 0.27125520
vt 0.45485169 0.25434870
vt 0.46943980 0.27635616
vt 0.46172982 0.26331812
vt 0.48571727 0.28671551
vt 0.48301366 0.29436755
vt 0.59829658 0.06844199
vt 0.46956673 0.26923382
vt 0.48601916 0.28075671
vt 0.49907589 0.29425675
vt 0.60889256 0.07406265
vt 0.49678713 0.30090398
vt 0.61976016 0.08146191
vt 0.51262069 0.30717236
vt 0.50087160 0.28911489
vt 0.51617229 0.30101752
vt 0.63034147 0.09045523
vt 0.53051710 0.31079805
vt 0.48839042 0.27052587
vt 0.53001136 0.30349445
vt 0.55340910 0.31274033
vt 0.64221972 0.10401428
vt 0.51746523 0.29527026
vt 0.50424194 0.27741474
vt 0.47166508 0.25908327
vt 0.49169976 0.25946313
vt 0.52024645 0.28254437
vt 0.46290901 0.25394905
vt 0.50718349 0.26598495
vt 0.47309098 0.25020433
vt 0.45858041 0.25303328
vt 0.46384162 0.24639565
vt 0.45827091 0.24544400
vt 0.45498550 0.24525529
vt 0.46306962 0.23741424
vt 0.45456856 0.23649049
vt 0.45839220 0.23653221
vt 0.45534962 0.23637146
vt 0.45578372 0.22771406
vt 0.45648477 0.22742569
vt 0.45866513 0.22715920
vt 0.45374423 0.22670531
vt 0.46264488 0.22828764
vt 0.45246962 0.22882390
vt 0.45251444 0.22204924
vt 0.44992968 0.22673893
vt 0.45396203 0.21999955
vt 0.45138797 0.22108096
vt 0.43974450 0.22349745
vt 0.44132829 0.21871650
vt 0.43034163 0.22262299
vt 0.43045905 0.21830732
vt 0.44140479 0.21639675
vt 0.45166531 0.21882844
vt 0.44228333 0.19958824
vt 0.45400694 0.19810063
vt 0.44214269 0.19689512
vt 0.45691052 0.19802284
vt 0.45388243 0.19516182
vt 0.44164446 0.19129002
vt 0.45321372 0.18864602
vt 0.45612249 0.19409347
vt 0.43103892 0.19256663
vt 0.45268735 0.18324202
vt 0.45735392 0.18601686
vt 0.45850673 0.18130386
vt 0.46005309 0.18826354
vt 0.46260098 0.18228984
vt 0.46294415 0.19009358
vt 0.46515250 0.17471302
vt 0.46583256 0.18270439
vt 0.46920055 0.17438817
vt 0.47392043 0.16905737
vt 0.47057414 0.17631084
vt 0.46711412 0.18399930
vt 0.48209733 0.16490436
vt 0.46433878 0.19073653
vt 0.47024131 0.18620646
vt 0.47324824 0.17989588
vt 0.47762048 0.17276621
vt 0.48115960 0.17423469
vt 0.48740858 0.16531521
vt 0.47659916 0.18108296
vt 0.48923984 0.17660791
vt 0.49311233 0.16599786
vt 0.47354040 0.18750095
vt 0.51120120 0.17003191
vt 0.51500148 0.16308016
vt 0.53120887 0.16939568
vt 0.50819427 0.18199301
vt 0.52905744 0.17598349
vt 0.54557943 0.17536241
vt 0.48495686 0.19022894
vt 0.52385336 0.18735737
vt 0.50455260 0.19412649
vt 0.48165107 0.19819045
vt 0.54310978 0.18154466
vt 0.47067285 0.19438261
vt 0.50134081 0.20297384
vt 0.46699810 0.19312620
vt 0.47840443 0.20953894
vt 0.46069133 0.20220625
vt 0.46664384 0.20560551
vt 0.46330515 0.20357251
vt 0.46377522 0.21664923
vt 0.46013057 0.21529293
vt 0.45928791 0.20255429
vt 0.45778099 0.21523488
vt 0.45721951 0.21541721
vt 0.47529379 0.22045523
vt 0.47425950 0.23019201
vt 0.49768978 0.21782124
vt 0.47394708 0.24103028
vt 0.49557924 0.22583294
vt 0.49489212 0.23667777
vt 0.49407852 0.24769700
vt 0.50911701 0.25331151
vt 0.51029486 0.24279738
vt 0.51199299 0.23302448
vt 0.51365244 0.22419089
vt 0.49880928 0.21104586
vt 0.51558912 0.21656287
vt 0.53181159 0.23121607
vt 0.51713055 0.20853895
vt 0.53349668 0.22323430
vt 0.53482938 0.21445537
vt 0.52024692 0.19842386
vt 0.54003942 0.19342232
vt 0.53760010 0.20472646
vt 0.54809433 0.21939450
vt 0.55313539 0.19869155
vt 0.55012190 0.21019322
vt 0.55639583 0.18743956
vt 0.55853170 0.18137062
vt 0.56936300 0.19330555
vt 0.56361228 0.21593833
vt 0.56856179 0.20415056
vt 0.55595863 0.22386134
vt 0.54641414 0.22774869
vt 0.56320691 0.22849840
vt 0.54382145 0.23547733
vt 0.55663258 0.23312104
vt 0.55407345 0.23895770
vt 0.56376010 0.23804921
vt 0.53005832 0.23889160
vt 0.54194474 0.24324071
vt 0.52775586 0.24933314
vt 0.55427444 0.24622083
vt 0.52552891 0.25859845
vt 0.54011208 0.25294167
vt 0.52305776 0.27052015
vt 0.53911167 0.26155889
vt 0.55548471 0.25468349
vt 0.56176716 0.24218202
vt 0.56183726 0.24684024
vt 0.55637145 0.26377046
vt 0.56421852 0.24264818
vt 0.56423861 0.25446463
vt 0.56374943 0.24704504
vt 0.56605268 0.23951387
vt 0.56608605 0.25378650
vt 0.56803739 0.24425912
vt 0.56915855 0.25195783
vt 0.57070267 0.26332545
vt 0.57387215 0.26372433
vt 0.55750138 0.27430344
vt 0.57672113 0.27270251
vt 0.53773266 0.27407420
vt 0.55687892 0.28748322
vt 0.53472459 0.28600693
vt 0.53067833 0.29782444
vt 0.55212235 0.29896700
vt 0.55192781 0.30192971
vt 0.55267072 0.30504638
vt 0.65840310 0.12155163
vt 0.58150512 0.31079978
vt 0.57612991 0.29335797
vt 0.58178699 0.30255395
vt 0.67360657 0.13671941
vt 0.60455501 0.31044805
vt 0.57822490 0.29562408
vt 0.58125055 0.29795653
vt 0.60447681 0.30158049
vt 0.69360709 0.15487021
vt 0.63124454 0.31382829
vt 0.58529103 0.29138738
vt 0.58183581 0.29032844
vt 0.57915193 0.28936386
vt 0.57973689 0.28119892
vt 0.58247960 0.28130919
vt 0.58031726 0.27195138
vt 0.58595681 0.28161329
vt 0.58472830 0.27146953
vt 0.57781726 0.26440126
vt 0.60727376 0.27428174
vt 0.58708257 0.25746632
vt 0.58590358 0.26597828
vt 0.60860866 0.26935220
vt 0.60591984 0.28164202
vt 0.63629264 0.27549350
vt 0.60445619 0.29215896
vt 0.63627601 0.27930856
vt 0.63226008 0.30268693
vt 0.63373917 0.29418695
vt 0.64904147 0.30564982
vt 0.70895034 0.16704124
vt 0.64902777 0.31799424
vt 0.63632411 0.28440922
vt 0.65053505 0.29638720
vt 0.65491557 0.28870153
vt 0.65802187 0.29937953
vt 0.65603161 0.30717617
vt 0.71714288 0.17461526
vt 0.65776730 0.31990141
vt 0.66059381 0.30787867
vt 0.66220224 0.31947482
vt 0.72190714 0.17861742
vt 0.72423273 0.18042094
vt 0.66433239 0.31883794
vt 0.66230619 0.29137588
vt 0.66260570 0.30826312
vt 0.66579878 0.31826085
vt 0.72582275 0.18149239
vt 0.66214132 0.30030352
vt 0.66427576 0.30101460
vt 0.66462785 0.30878174
vt 0.66635954 0.30199951
vt 0.66698539 0.30899310
vt 0.72797775 0.18296921
vt 0.66803360 0.31770372
vt 0.73038703 0.18414819
vt 0.67054743 0.31716400
vt 0.66926032 0.30916071
vt 0.67093712 0.30323499
vt 0.66880184 0.30222529
vt 0.67378789 0.29777288
vt 0.67000639 0.29578388
vt 0.67158079 0.29658484
vt 0.67716682 0.29395467
vt 0.66860723 0.29436350
vt 0.67428619 0.29178959
vt 0.67577517 0.29230225
vt 0.68039805 0.29079968
vt 0.66666561 0.29295647
vt 0.67899025 0.28885728
vt 0.68455005 0.28681391
vt 0.67800957 0.28787285
vt 0.67266715 0.29026437
vt 0.68235481 0.28580236
vt 0.67101061 0.28902727
vt 0.68295169 0.28522909
vt 0.68690354 0.28210527
vt 0.67944306 0.28398246
vt 0.68486464 0.28128934
vt 0.69070196 0.26920044
vt 0.68854892 0.26848900
vt 0.69129443 0.26625186
vt 0.68125999 0.27932078
vt 0.68890011 0.26561820
vt 0.68931770 0.26265812
vt 0.69189596 0.26265705
vt 0.68524677 0.26419330
vt 0.68441749 0.26763606
vt 0.68912065 0.26165068
vt 0.68563366 0.26093757
vt 0.68818355 0.25406897
vt 0.69095039 0.25419092
vt 0.68391335 0.26109380
vt 0.68764657 0.24750864
vt 0.69068038 0.24810469
vt 0.68531978 0.25211632
vt 0.68295830 0.25566393
vt 0.68265265 0.26423711
vt 0.68209392 0.26034534
vt 0.68200111 0.26773661
vt 0.67988044 0.26410776
vt 0.67936623 0.27850121
vt 0.67917591 0.26793504
vt 0.67734754 0.28454477
vt 0.67692935 0.27822578
vt 0.67647082 0.28615540
vt 0.67544758 0.28399003
vt 0.67443329 0.28554362
vt 0.67012614 0.28273034
vt 0.66744292 0.28676295
vt 0.66944599 0.28411275
vt 0.67132288 0.27690983
vt 0.65773636 0.28014523
vt 0.65704352 0.28357387
vt 0.65891325 0.27451360
vt 0.63785464 0.26866835
vt 0.61012858 0.26260632
vt 0.61318934 0.24773323
vt 0.64147556 0.25444955
vt 0.67380053 0.26712072
vt 0.66294110 0.25973451
vt 0.67487383 0.26322430
vt 0.64336634 0.24872827
vt 0.67992723 0.26013851
vt 0.66423130 0.25543660
vt 0.67598093 0.25916600
vt 0.67934632 0.25626594
vt 0.68135422 0.25613379
vt 0.67549110 0.25498694
vt 0.67786247 0.24802411
vt 0.67999023 0.24810714
vt 0.68195766 0.24859661
vt 0.68491477 0.24772233
vt 0.68197370 0.24199474
vt 0.68507135 0.24207240
vt 0.68797350 0.24287260
vt 0.69098741 0.24365354
vt 0.68751079 0.23577672
vt 0.69032675 0.23735881
vt 0.69276315 0.23895466
vt 0.69660193 0.23644972
vt 0.69480944 0.23419476
vt 0.70393109 0.23289120
vt 0.69285244 0.23218059
vt 0.70230621 0.23063362
vt 0.71338677 0.23053420
vt 0.70033532 0.22869277
vt 0.71255720 0.22798347
vt 0.71545505 0.22779709
vt 0.71876609 0.22922766
vt 0.71193027 0.22590172
vt 0.71843278 0.22674054
vt 0.72246069 0.22682059
vt 0.71513933 0.22457015
vt 0.72099733 0.22436261
vt 0.73148197 0.21253157
vt 0.71747088 0.22219485
vt 0.72980690 0.21122026
vt 0.73214656 0.20857632
vt 0.70803875 0.22068995
vt 0.73002261 0.20861781
vt 0.70416611 0.22307289
vt 0.72951472 0.20574915
vt 0.73142988 0.20454597
vt 0.69734663 0.22690690
vt 0.72835243 0.20368475
vt 0.73051286 0.20247811
vt 0.69129384 0.23139942
vt 0.72612035 0.19273937
vt 0.72870284 0.19270086
vt 0.72579080 0.20361924
vt 0.72285777 0.18989038
vt 0.72442567 0.20859402
vt 0.72201431 0.19852221
vt 0.72064930 0.18810779
vt 0.71121532 0.21855175
vt 0.71963787 0.20650828
vt 0.70390701 0.21171403
vt 0.71165162 0.20339489
vt 0.71441591 0.20070732
vt 0.71304673 0.20155752
vt 0.71066868 0.20125210
vt 0.71278429 0.19964731
vt 0.71391398 0.19886971
vt 0.71972710 0.19473129
vt 0.71178401 0.19807541
vt 0.71285528 0.19695562
vt 0.71761954 0.19209987
vt 0.71002775 0.19936168
vt 0.70942068 0.19420904
vt 0.71165419 0.19300067
vt 0.71821785 0.18560946
vt 0.71372247 0.18882573
vt 0.71460277 0.18206644
vt 0.70497382 0.17955113
vt 0.70202160 0.18577617
vt 0.68548608 0.16545659
vt 0.67983204 0.17258441
vt 0.66243571 0.14878011
vt 0.70675737 0.19526869
vt 0.64619905 0.13546741
vt 0.70101029 0.20875144
vt 0.69850624 0.18844247
vt 0.69710755 0.20616597
vt 0.70231956 0.21009678
vt 0.69972885 0.21014172
vt 0.70122981 0.21152389
vt 0.70285380 0.21344787
vt 0.69926375 0.21133757
vt 0.70067787 0.21227014
vt 0.69997746 0.21926624
vt 0.69697636 0.21794194
vt 0.69423807 0.22391331
vt 0.69194514 0.22227287
vt 0.69470060 0.21659672
vt 0.69600755 0.20979738
vt 0.68964899 0.22112906
vt 0.69611651 0.20847893
vt 0.69104379 0.21433199
vt 0.68576837 0.20432246
vt 0.68819159 0.20048207
vt 0.68626696 0.20327246
vt 0.66863245 0.18805361
vt 0.67745733 0.17546862
vt 0.66680646 0.19063538
vt 0.64431095 0.17161822
vt 0.65206194 0.16011465
vt 0.66546041 0.19325042
vt 0.64293015 0.17286277
vt 0.68000448 0.21299350
vt 0.64016783 0.17950654
vt 0.68543273 0.21898353
vt 0.66123432 0.20303494
vt 0.68471593 0.22627819
vt 0.63522839 0.19135785
vt 0.68053931 0.22416449
vt 0.67314327 0.22175241
vt 0.65467727 0.21527392
vt 0.61533886 0.18082553
vt 0.67079741 0.22744399
vt 0.62215608 0.16784304
vt 0.62989724 0.20474589
vt 0.65228927 0.22024250
vt 0.67668533 0.22970176
vt 0.66773951 0.23600912
vt 0.68061656 0.23159337
vt 0.67377078 0.23837185
vt 0.64894265 0.22837633
vt 0.68267262 0.23220622
vt 0.62783700 0.20950931
vt 0.68678653 0.22750002
vt 0.68860674 0.22895134
vt 0.68559641 0.23363817
vt 0.67995822 0.24134487
vt 0.67810148 0.24043882
vt 0.67375386 0.24660093
vt 0.66611737 0.24382651
vt 0.66533095 0.25108993
vt 0.64676333 0.23619175
vt 0.64463741 0.24511385
vt 0.61665726 0.23645693
vt 0.62066942 0.22528970
vt 0.62402022 0.21696162
vt 0.60154557 0.21487510
vt 0.61526954 0.23977959
vt 0.59740710 0.22538561
vt 0.59100485 0.24192339
vt 0.59425735 0.23277909
vt 0.57372236 0.23826420
vt 0.58291060 0.23501450
vt 0.57265288 0.23544776
vt 0.57091254 0.23310649
vt 0.58143342 0.23262596
vt 0.59003568 0.22940582
vt 0.58041412 0.23015070
vt 0.57398349 0.22471172
vt 0.57956248 0.22158134
vt 0.58820427 0.22663975
vt 0.59445447 0.22342038
vt 0.58392400 0.21450853
vt 0.59263986 0.22045505
vt 0.59902322 0.21317756
vt 0.58486360 0.20806766
vt 0.59557342 0.21213287
vt 0.58281100 0.19823456
vt 0.59469849 0.20471454
vt 0.58226073 0.19397348
vt 0.59809643 0.20497036
vt 0.58304614 0.19013763
vt 0.60379893 0.20514679
vt 0.60522395 0.19912863
vt 0.56006974 0.17757255
vt 0.58349627 0.18805134
vt 0.60709059 0.19461209
vt 0.58635587 0.18291771
vt 0.59502220 0.16911864
vt 0.56353646 0.17096579
vt 0.57292378 0.15692460
vt 0.60267866 0.15483904
vt 0.54739004 0.17157423
vt 0.58215886 0.14290100
vt 0.58609265 0.13714880
vt 0.62556672 0.16108173
vt 0.60564411 0.14874834
vt 0.57499135 0.12867200
vt 0.58688551 0.13546455
vt 0.60712063 0.14759660
vt 0.62704325 0.16018069
vt 0.61555105 0.13660729
vt 0.63520992 0.14922517
vt 0.63831937 0.14565074
vt 0.65486073 0.15651172
vt 0.61908948 0.13287294
vt 0.59545106 0.12365896
vt 0.62929928 0.11924946
vt 0.59902895 0.12002552
vt 0.58496404 0.11571878
vt 0.61357832 0.10607260
vt 0.58905441 0.11181569
vt 0.57325035 0.10597962
vt 0.60380173 0.09738368
vt 0.57754934 0.10209507
vt 0.56604141 0.09908819
vt 0.59233940 0.08889210
vt 0.58359075 0.08221108
vt 0.57007676 0.09545350
vt 0.56099170 0.08486176
vt 0.55738896 0.08914983
vt 0.44303554 0.03716439
vt 0.44551227 0.04651147
vt 0.44303191 0.02787983
vt 0.45064095 0.05492681
vt 0.44682145 0.01888102
vt 0.45892578 0.06064403
vt 0.44904697 0.04505348
vt 0.45448759 0.05199862
vt 0.46998805 0.06376576
vt 0.46133256 0.05668324
vt 0.48241883 0.06192464
vt 0.46994793 0.05879462
vt 0.46256238 0.05253547
vt 0.48565331 0.05301851
vt 0.46899804 0.05409449
vt 0.47810939 0.05700797
vt 0.47483629 0.05281574
vt 0.48560852 0.04481721
vt 0.48158032 0.05054682
vt 0.48512241 0.03727710
vt 0.48301569 0.04426527
vt 0.47816274 0.04846257
vt 0.48013347 0.04325795
vt 0.48316827 0.03774357
vt 0.48468381 0.03069437
vt 0.48404470 0.02334774
vt 0.48283595 0.03125721
vt 0.48080656 0.03764486
vt 0.48244819 0.01526535
vt 0.48180902 0.02472126
vt 0.48054388 0.03188765
vt 0.47927350 0.03746235
vt 0.47846487 0.04245114
vt 0.47931907 0.02618176
vt 0.47645181 0.04687226
vt 0.47967985 0.01788479
vt 0.47331122 0.05030966
vt 0.47503257 0.01230973
vt 0.46857706 0.05136949
vt 0.47800261 0.00670749
vt 0.46953628 0.00496000
vt 0.46875808 0.01032042
vt 0.46067551 0.00689822
vt 0.46164364 0.01164097
vt 0.45282963 0.01177663
vt 0.45526856 0.01590902
vt 0.45035365 0.02163368
vt 0.46792778 0.01545614
vt 0.46246412 0.01627958
vt 0.47297531 0.01713943
vt 0.46763089 0.01833719
vt 0.47686112 0.02098489
vt 0.47194502 0.01970035
vt 0.47779137 0.02724481
vt 0.47543061 0.02284008
vt 0.47904226 0.03227627
vt 0.47750086 0.03266746
vt 0.47770712 0.03721678
vt 0.47688362 0.04155844
vt 0.47666889 0.03704697
vt 0.47631556 0.02832055
vt 0.47651625 0.03293616
vt 0.47595563 0.04099882
vt 0.47500044 0.04530001
vt 0.47251803 0.03658706
vt 0.47212991 0.04802728
vt 0.47418123 0.04434294
vt 0.46822381 0.04888862
vt 0.47154027 0.04671288
vt 0.46805924 0.04746395
vt 0.46394634 0.04781806
vt 0.46332625 0.05007982
vt 0.46430564 0.04645628
vt 0.45701623 0.04865551
vt 0.46008956 0.04507405
vt 0.45866773 0.04680061
vt 0.45310885 0.04313880
vt 0.45532966 0.04207653
vt 0.45727992 0.04107165
vt 0.45365041 0.03656095
vt 0.44708139 0.03686714
vt 0.45124003 0.03672433
vt 0.44757363 0.02890384
vt 0.45139769 0.03010184
vt 0.45360878 0.02410370
vt 0.45374757 0.03087401
vt 0.45746469 0.01931787
vt 0.45558387 0.02569914
vt 0.45583019 0.03638119
vt 0.45587724 0.03154898
vt 0.45705742 0.03626990
vt 0.45882878 0.02158618
vt 0.45738381 0.02714199
vt 0.46303716 0.01900518
vt 0.46008781 0.02364826
vt 0.46360087 0.02146441
vt 0.46744814 0.02091157
vt 0.46396279 0.02295089
vt 0.47111112 0.02202070
vt 0.46737987 0.02234632
vt 0.47415799 0.02461344
vt 0.47068411 0.02334094
vt 0.47545373 0.02898866
vt 0.47346049 0.02565342
vt 0.47242749 0.03355706
vt 0.47173828 0.03180826
vt 0.46905083 0.02882415
vt 0.47160837 0.03380918
vt 0.47059423 0.03002256
vt 0.46726030 0.02832866
vt 0.47004220 0.03086257
vt 0.46568534 0.02834415
vt 0.47104120 0.03239799
vt 0.46875748 0.02988023
vt 0.47167853 0.03634512
vt 0.46719509 0.02945018
vt 0.46593893 0.02945638
vt 0.47192377 0.03830749
vt 0.46416187 0.03065002
vt 0.47088578 0.04004371
vt 0.46352288 0.02977467
vt 0.46941382 0.04118258
vt 0.46084636 0.02487087
vt 0.46762946 0.04155242
vt 0.45841444 0.02796036
vt 0.46601051 0.04135942
vt 0.45708185 0.03192526
vt 0.46264318 0.03136432
vt 0.46200872 0.03347844
vt 0.46204612 0.03577197
vt 0.46347201 0.03194094
vt 0.46294430 0.03375274
vt 0.46298599 0.03565061
vt 0.46751603 0.04043847
vt 0.46435040 0.03890997
vt 0.46276143 0.03798300
vt 0.46360347 0.03754669
vt 0.45835867 0.04050136
vt 0.46371672 0.03969198
vt 0.46093136 0.04400194
vt 0.46622303 0.04027915
vt 0.46903169 0.04012263
vt 0.47026685 0.03919673
vt 0.47118232 0.03770983
vt 0.40489739 0.25275493
vt 0.40288624 0.26423830
vt 0.40239286 0.24151176
vt 0.39776400 0.27340436
vt 0.39435685 0.23512799
vt 0.39089587 0.28018343
vt 0.38510075 0.22942829
vt 0.39117804 0.23869848
vt 0.37395588 0.22776789
vt 0.38349697 0.23397314
vt 0.36317429 0.23007935
vt 0.37444255 0.23253584
vt 0.35460112 0.23554051
vt 0.36569524 0.23426807
vt 0.37480858 0.23723870
vt 0.34870625 0.24320376
vt 0.36782765 0.23855066
vt 0.38191724 0.23838603
vt 0.37496453 0.23992121
vt 0.36187497 0.24202728
vt 0.35837662 0.23867071
vt 0.36897689 0.24101096
vt 0.35759705 0.24715173
vt 0.35316631 0.24508333
vt 0.34575874 0.25234574
vt 0.35050842 0.25269258
vt 0.34576240 0.26187241
vt 0.35528931 0.25330561
vt 0.34899506 0.27028561
vt 0.35094964 0.26085490
vt 0.35526097 0.25974357
vt 0.35487351 0.27774090
vt 0.35329461 0.26770550
vt 0.36264363 0.28280717
vt 0.35832334 0.27383554
vt 0.36499512 0.27832174
vt 0.35731649 0.26577121
vt 0.36683175 0.27448392
vt 0.35798925 0.25925088
vt 0.36123377 0.27090484
vt 0.35976070 0.26452464
vt 0.35805574 0.25367325
vt 0.36050090 0.25881427
vt 0.36007813 0.24837863
vt 0.36059174 0.25404143
vt 0.36382839 0.24397725
vt 0.36234251 0.24952883
vt 0.36557704 0.24579394
vt 0.36997622 0.24328327
vt 0.37505978 0.24238813
vt 0.37056533 0.24468666
vt 0.37509090 0.24387085
vt 0.38017401 0.24324477
vt 0.38102001 0.24092090
vt 0.37966558 0.24458504
vt 0.38811094 0.24198395
vt 0.38465047 0.24579674
vt 0.38632071 0.24395955
vt 0.39030021 0.24840486
vt 0.39286533 0.24707317
vt 0.39737546 0.24459910
vt 0.39193603 0.25404441
vt 0.39954430 0.25318575
vt 0.39471155 0.25370818
vt 0.39836794 0.26210159
vt 0.39391616 0.26070678
vt 0.39374608 0.26992953
vt 0.39074618 0.26710123
vt 0.39133590 0.26003480
vt 0.38829976 0.27576864
vt 0.38586876 0.27204645
vt 0.38192597 0.28439599
vt 0.38067648 0.27930385
vt 0.37210652 0.28517461
vt 0.37243438 0.28043920
vt 0.37325314 0.27578169
vt 0.37979648 0.27504069
vt 0.37921664 0.27239096
vt 0.37350372 0.27309269
vt 0.36791259 0.27197993
vt 0.38448679 0.26977694
vt 0.36307687 0.26903993
vt 0.38878974 0.26556754
vt 0.36200357 0.26333922
vt 0.38893193 0.25943780
vt 0.36195916 0.25857711
vt 0.38937777 0.25437534
vt 0.38677230 0.26410812
vt 0.38795355 0.24960679
vt 0.38792783 0.25456804
vt 0.38661692 0.25029570
vt 0.38367462 0.24685776
vt 0.37957752 0.25138628
vt 0.38107076 0.25319803
vt 0.38743952 0.25907683
vt 0.38176268 0.25543803
vt 0.38186255 0.25745207
vt 0.38555613 0.26324523
vt 0.38237584 0.26654410
vt 0.38053825 0.26038557
vt 0.38069871 0.25727189
vt 0.38315609 0.26772624
vt 0.37865174 0.26997578
vt 0.37832048 0.26859021
vt 0.37374726 0.27061045
vt 0.37894741 0.26171434
vt 0.36897409 0.26965272
vt 0.37389067 0.26917720
vt 0.36487108 0.26715869
vt 0.36957675 0.26832849
vt 0.37679031 0.26282573
vt 0.36336324 0.26262706
vt 0.36596334 0.26600206
vt 0.36842102 0.25946778
vt 0.37030816 0.26190156
vt 0.37442651 0.26317394
vt 0.37211779 0.26271892
vt 0.37648678 0.26173246
vt 0.37452173 0.26202667
vt 0.37834308 0.26076150
vt 0.37252516 0.26163453
vt 0.37961015 0.25969809
vt 0.37107122 0.26098967
vt 0.36950120 0.25896811
vt 0.36921746 0.25740290
vt 0.36805046 0.25753403
vt 0.36928609 0.25541759
vt 0.36812937 0.25522369
vt 0.36204812 0.25426984
vt 0.37002835 0.25362581
vt 0.36901370 0.25306261
vt 0.36363626 0.25020295
vt 0.36656052 0.24682820
vt 0.37061286 0.25129473
vt 0.37141854 0.25210690
vt 0.37229413 0.25010991
vt 0.37276465 0.25115752
vt 0.37551761 0.24959755
vt 0.37750155 0.25018650
vt 0.37542421 0.25074744
vt 0.37700582 0.25122714
vt 0.37877771 0.25225246
vt 0.38001245 0.25374711
vt 0.38059694 0.25567335
f 21/21 9/9 13/13
f 9/9 21/21 23/23
f 24/24 13/13 20/20
f 13/13 24/24 21/21
f 20/20 15/15 25/25
f 25/25 24/24 20/20
f 15/15 19/19 26/26
f 26/26 25/25 15/15
f 19/19 27/27 26/26
f 27/27 19/19 29/29
f 30/30 27/27 29/29
f 1032/1032 1028/1028 1033/1033
f 84/84 1015/1015 1018/1018
f 1019/1019 1014/1014 1017/1017
f 1014/1014 1019/1019 1016/1016
f 1017/1017 1012/1012 1020/1020
f 34/34 36/36 32/32
f 35/35 32/32 36/36
f 35/35 37/37 24/24
f 37/37 21/21 24/24
f 36/36 38/38 35/35
f 37/37 35/35 38/38
f 34/34 39/39 36/36
f 38/38 36/36 40/40
f 39/39 40/40 36/36
f 14/14 13/13 8/8
f 12/12 14/14 8/8
f 9/9 8/8 13/13
f 1/1 12/12 8/8
f 8/8 9/9 3/3
f 3/3 1/1 8/8
f 15/15 20/20 14/14
f 54/54 57/57 60/60
f 60/60 57/57 62/62
f 53/53 54/54 63/63
f 63/63 59/59 53/53
f 64/64 54/54 60/60
f 54/54 64/64 63/63
f 62/62 65/65 60/60
f 65/65 64/64 60/60
f 62/62 66/66 65/65
f 38/38 41/41 37/37
f 40/40 41/41 38/38
f 42/42 39/39 34/34
f 34/34 33/33 42/42
f 40/40 39/39 43/43
f 39/39 42/42 44/44
f 44/44 43/43 39/39
f 75/75 74/74 77/77
f 78/78 64/64 69/69
f 75/75 78/78 69/69
f 77/77 79/79 75/75
f 78/78 75/75 79/79
f 79/79 77/77 81/81
f 81/81 82/82 79/79
f 82/82 78/78 79/79
f 82/82 81/81 83/83
f 53/53 47/47 50/50
f 45/45 47/47 53/53
f 51/51 54/54 50/50
f 54/54 53/53 50/50
f 56/56 54/54 51/51
f 57/57 54/54 56/56
f 59/59 45/45 53/53
f 86/86 90/90 89/89
f 63/63 87/87 92/92
f 59/59 63/63 92/92
f 93/93 89/89 90/90
f 93/93 90/90 95/95
f 88/88 89/89 96/96
f 93/93 96/96 89/89
f 87/87 88/88 97/97
f 97/97 92/92 87/87
f 68/68 66/66 62/62
f 64/64 65/65 69/69
f 66/66 69/69 65/65
f 68/68 71/71 74/74
f 66/66 68/68 74/74
f 74/74 75/75 66/66
f 69/69 66/66 75/75
f 92/92 101/101 59/59
f 98/98 102/102 100/100
f 101/101 103/103 59/59
f 45/45 59/59 103/103
f 44/44 45/45 103/103
f 103/103 101/101 104/104
f 104/104 44/44 103/103
f 101/101 100/100 105/105
f 102/102 105/105 100/100
f 83/83 86/86 82/82
f 64/64 78/78 87/87
f 87/87 63/63 64/64
f 78/78 82/82 88/88
f 88/88 87/87 78/78
f 89/89 82/82 86/86
f 89/89 88/88 82/82
f 46/46 43/43 109/109
f 107/107 106/106 110/110
f 109/109 107/107 110/110
f 108/108 110/110 106/106
f 109/109 111/111 46/46
f 110/110 112/112 109/109
f 109/109 112/112 111/111
f 110/110 108/108 113/113
f 112/112 110/110 113/113
f 98/98 88/88 96/96
f 88/88 98/98 97/97
f 92/92 97/97 99/99
f 100/100 97/97 98/98
f 97/97 100/100 99/99
f 101/101 92/92 99/99
f 100/100 101/101 99/99
f 112/112 117/117 111/111
f 115/115 114/114 118/118
f 114/114 119/119 118/118
f 114/114 102/102 119/119
f 118/118 120/120 115/115
f 118/118 119/119 120/120
f 120/120 121/121 115/115
f 121/121 116/116 115/115
f 122/122 119/119 102/102
f 101/101 106/106 104/104
f 106/106 101/101 105/105
f 44/44 104/104 107/107
f 106/106 107/107 104/104
f 43/43 44/44 107/107
f 105/105 108/108 106/106
f 107/107 109/109 43/43
f 119/119 125/125 120/120
f 123/123 126/126 124/124
f 126/126 125/125 124/124
f 123/123 93/93 126/126
f 125/125 127/127 120/120
f 127/127 121/121 120/120
f 126/126 128/128 125/125
f 127/127 125/125 128/128
f 93/93 129/129 126/126
f 108/108 105/105 114/114
f 105/105 102/102 114/114
f 115/115 113/113 108/108
f 114/114 115/115 108/108
f 116/116 112/112 113/113
f 113/113 115/115 116/116
f 117/117 112/112 116/116
f 133/133 135/135 138/138
f 138/138 131/131 133/133
f 130/130 140/140 128/128
f 127/127 128/128 140/140
f 131/131 138/138 141/141
f 143/143 141/141 138/138
f 144/144 141/141 143/143
f 146/146 131/131 141/141
f 131/131 146/146 134/134
f 102/102 98/98 122/122
f 122/122 98/98 96/96
f 96/96 123/123 122/122
f 96/96 93/93 123/123
f 119/119 122/122 124/124
f 122/122 123/123 124/124
f 124/124 125/125 119/119
f 149/149 150/150 148/148
f 140/140 148/148 150/150
f 147/147 151/151 149/149
f 151/151 150/150 149/149
f 147/147 144/144 152/152
f 144/144 154/154 152/152
f 147/147 155/155 151/151
f 155/155 147/147 152/152
f 156/156 150/150 151/151
f 129/129 93/93 95/95
f 128/128 126/126 130/130
f 95/95 131/131 129/129
f 131/131 95/95 133/133
f 129/129 134/134 126/126
f 134/134 129/129 131/131
f 130/130 126/126 134/134
f 159/159 160/160 158/158
f 160/160 127/127 140/140
f 161/161 159/159 157/157
f 160/160 162/162 127/127
f 121/121 127/127 162/162
f 160/160 159/159 163/163
f 162/162 164/164 121/121
f 116/116 121/121 164/164
f 160/160 165/165 162/162
f 144/144 147/147 141/141
f 148/148 134/134 146/146
f 134/134 148/148 130/130
f 140/140 130/130 148/148
f 149/149 146/146 141/141
f 146/146 149/149 148/148
f 147/147 149/149 141/141
f 117/117 167/167 169/169
f 117/117 169/169 111/111
f 167/167 168/168 170/170
f 171/171 169/169 167/167
f 167/167 170/170 171/171
f 168/168 166/166 172/172
f 172/172 170/170 168/168
f 171/171 173/173 169/169
f 170/170 172/172 174/174
f 157/157 151/151 155/155
f 151/151 157/157 156/156
f 150/150 156/156 158/158
f 158/158 140/140 150/150
f 156/156 159/159 158/158
f 156/156 157/157 159/159
f 140/140 158/158 160/160
f 166/166 165/165 178/178
f 178/178 165/165 179/179
f 163/163 179/179 165/165
f 180/180 177/177 178/178
f 163/163 181/181 179/179
f 181/181 163/163 159/159
f 178/178 179/179 182/182
f 181/181 182/182 179/179
f 178/178 182/182 180/180
f 160/160 163/163 165/165
f 164/164 162/162 166/166
f 165/165 166/166 162/162
f 164/164 167/167 116/116
f 167/167 117/117 116/116
f 166/166 168/168 164/164
f 167/167 164/164 168/168
f 161/161 186/186 184/184
f 187/187 180/180 185/185
f 180/180 187/187 177/177
f 185/185 184/184 188/188
f 186/186 188/188 184/184
f 185/185 189/189 187/187
f 189/189 185/185 188/188
f 190/190 177/177 187/187
f 189/189 190/190 187/187
f 170/170 175/175 171/171
f 175/175 170/170 174/174
f 176/176 174/174 172/172
f 175/175 174/174 176/176
f 166/166 177/177 172/172
f 177/177 176/176 172/172
f 177/177 166/166 178/178
f 189/189 195/195 194/194
f 194/194 196/196 190/190
f 195/195 196/196 194/194
f 192/192 190/190 196/196
f 191/191 197/197 195/195
f 191/191 193/193 197/197
f 197/197 196/196 195/195
f 198/198 197/197 193/193
f 198/198 193/193 186/186
f 159/159 161/161 181/181
f 182/182 181/181 183/183
f 161/161 184/184 181/181
f 181/181 184/184 183/183
f 185/185 182/182 183/183
f 184/184 185/185 183/183
f 182/182 185/185 180/180
f 202/202 201/201 204/204
f 200/200 205/205 203/203
f 200/200 202/202 206/206
f 205/205 200/200 206/206
f 207/207 206/206 202/202
f 207/207 202/202 204/204
f 206/206 208/208 205/205
f 206/206 207/207 209/209
f 209/209 208/208 206/206
f 177/177 190/190 176/176
f 189/189 188/188 191/191
f 190/190 192/192 176/176
f 193/193 191/191 188/188
f 188/188 186/186 193/193
f 190/190 189/189 194/194
f 195/195 189/189 191/191
f 210/210 213/213 214/214
f 199/199 212/212 215/215
f 214/214 215/215 212/212
f 215/215 216/216 199/199
f 216/216 196/196 199/199
f 215/215 214/214 217/217
f 196/196 216/216 218/218
f 218/218 192/192 196/196
f 216/216 215/215 219/219
f 196/196 197/197 199/199
f 197/197 198/198 200/200
f 197/197 200/200 199/199
f 186/186 201/201 198/198
f 202/202 200/200 198/198
f 201/201 202/202 198/198
f 200/200 203/203 199/199
f 222/222 221/221 218/218
f 175/175 221/221 223/223
f 221/221 224/224 223/223
f 224/224 221/221 222/222
f 225/225 175/175 223/223
f 224/224 225/225 223/223
f 175/175 225/225 171/171
f 171/171 225/225 173/173
f 226/226 224/224 222/222
f 210/210 203/203 205/205
f 208/208 211/211 205/205
f 205/205 211/211 210/210
f 203/203 210/210 212/212
f 203/203 212/212 199/199
f 211/211 213/213 210/210
f 212/212 210/210 214/214
f 169/169 173/173 230/230
f 230/230 111/111 169/169
f 231/231 229/229 228/228
f 230/230 229/229 231/231
f 111/111 230/230 232/232
f 232/232 46/46 111/111
f 46/46 232/232 41/41
f 230/230 233/233 232/232
f 233/233 230/230 231/231
f 215/215 217/217 219/219
f 218/218 216/216 220/220
f 219/219 220/220 216/216
f 192/192 218/218 221/221
f 221/221 176/176 192/192
f 221/221 175/175 176/176
f 220/220 222/222 218/218
f 236/236 228/228 226/226
f 237/237 235/235 236/236
f 226/226 237/237 236/236
f 235/235 237/237 240/240
f 241/241 237/237 226/226
f 226/226 222/222 241/241
f 240/240 243/243 235/235
f 243/243 234/234 235/235
f 243/243 37/37 234/234
f 173/173 225/225 227/227
f 224/224 228/228 225/225
f 228/228 224/224 226/226
f 229/229 227/227 225/225
f 229/229 225/225 228/228
f 227/227 230/230 173/173
f 229/229 230/230 227/227
f 222/222 247/247 241/241
f 247/247 222/222 220/220
f 247/247 249/249 241/241
f 250/250 247/247 220/220
f 220/220 219/219 250/250
f 249/249 247/247 251/251
f 251/251 247/247 250/250
f 252/252 249/249 251/251
f 249/249 252/252 253/253
f 41/41 232/232 234/234
f 234/234 232/232 233/233
f 41/41 234/234 37/37
f 233/233 231/231 235/235
f 234/234 233/233 235/235
f 228/228 236/236 231/231
f 235/235 231/231 236/236
f 257/257 255/255 258/258
f 255/255 251/251 250/250
f 252/252 251/251 255/255
f 256/256 250/250 219/219
f 255/255 250/250 256/256
f 219/219 217/217 256/256
f 255/255 257/257 252/252
f 253/253 252/252 257/257
f 256/256 258/258 255/255
f 243/243 240/240 244/244
f 37/37 243/243 245/245
f 244/244 245/245 243/243
f 21/21 37/37 245/245
f 21/21 245/245 23/23
f 245/245 246/246 23/23
f 245/245 244/244 246/246
f 253/253 257/257 259/259
f 259/259 261/261 253/253
f 262/262 257/257 258/258
f 262/262 259/259 257/257
f 261/261 259/259 263/263
f 263/263 264/264 261/261
f 259/259 262/262 266/266
f 264/264 263/263 267/267
f 259/259 268/268 263/263
f 268/268 259/259 266/266
f 268/268 267/267 263/263
f 267/267 269/269 264/264
f 264/264 269/269 270/270
f 272/272 270/270 269/269
f 270/270 272/272 273/273
f 267/267 275/275 269/269
f 275/275 272/272 269/269
f 276/276 273/273 272/272
f 273/273 276/276 278/278
f 272/272 275/275 279/279
f 279/279 276/276 272/272
f 275/275 267/267 280/280
f 267/267 268/268 280/280
f 279/279 275/275 281/281
f 275/275 280/280 282/282
f 281/281 275/275 282/282
f 276/276 279/279 283/283
f 284/284 279/279 281/281
f 279/279 284/284 283/283
f 285/285 276/276 283/283
f 284/284 285/285 283/283
f 276/276 286/286 278/278
f 276/276 285/285 286/286
f 278/278 286/286 287/287
f 286/286 289/289 287/287
f 291/291 287/287 289/289
f 7/7 291/291 2/2
f 289/289 2/2 291/291
f 289/289 11/11 2/2
f 286/286 292/292 289/289
f 11/11 289/289 292/292
f 286/286 285/285 292/292
f 293/293 11/11 292/292
f 11/11 293/293 16/16
f 294/294 292/292 285/285
f 292/292 294/294 293/293
f 285/285 284/284 294/294
f 295/295 16/16 293/293
f 16/16 295/295 18/18
f 295/295 28/28 18/18
f 296/296 293/293 294/294
f 293/293 296/296 295/295
f 297/297 294/294 284/284
f 294/294 297/297 296/296
f 295/295 296/296 298/298
f 297/297 298/298 296/296
f 28/28 295/295 299/299
f 298/298 299/299 295/295
f 300/300 28/28 299/299
f 28/28 300/300 31/31
f 300/300 49/49 31/31
f 301/301 299/299 298/298
f 299/299 301/301 300/300
f 49/49 300/300 302/302
f 49/49 302/302 52/52
f 303/303 302/302 300/300
f 301/301 303/303 300/300
f 304/304 52/52 302/302
f 302/302 303/303 304/304
f 304/304 55/55 52/52
f 305/305 301/301 298/298
f 298/298 297/297 305/305
f 55/55 304/304 306/306
f 297/297 307/307 305/305
f 308/308 55/55 306/306
f 55/55 308/308 58/58
f 308/308 61/61 58/58
f 309/309 301/301 305/305
f 307/307 309/309 305/305
f 309/309 310/310 301/301
f 310/310 303/303 301/301
f 309/309 307/307 311/311
f 310/310 312/312 303/303
f 312/312 304/304 303/303
f 309/309 313/313 310/310
f 313/313 309/309 311/311
f 312/312 310/310 314/314
f 313/313 314/314 310/310
f 304/304 312/312 315/315
f 315/315 306/306 304/304
f 316/316 312/312 314/314
f 312/312 316/316 315/315
f 317/317 306/306 315/315
f 306/306 317/317 308/308
f 318/318 315/315 316/316
f 315/315 318/318 317/317
f 317/317 319/319 308/308
f 61/61 308/308 319/319
f 318/318 320/320 317/317
f 319/319 317/317 320/320
f 321/321 61/61 319/319
f 61/61 321/321 67/67
f 322/322 319/319 320/320
f 319/319 322/322 321/321
f 67/67 323/323 72/72
f 323/323 67/67 321/321
f 324/324 321/321 322/322
f 321/321 324/324 323/323
f 320/320 325/325 322/322
f 325/325 324/324 322/322
f 320/320 318/318 326/326
f 325/325 320/320 326/326
f 318/318 327/327 326/326
f 327/327 325/325 326/326
f 324/324 325/325 328/328
f 325/325 331/331 328/328
f 331/331 325/325 332/332
f 325/325 327/327 332/332
f 332/332 334/334 331/331
f 327/327 335/335 332/332
f 334/334 332/332 335/335
f 327/327 318/318 336/336
f 316/316 336/336 318/318
f 335/335 327/327 337/337
f 336/336 337/337 327/327
f 335/335 338/338 334/334
f 337/337 338/338 335/335
f 338/338 339/339 334/334
f 337/337 336/336 341/341
f 338/338 342/342 339/339
f 344/344 339/339 342/342
f 338/338 337/337 345/345
f 341/341 345/345 337/337
f 346/346 338/338 345/345
f 338/338 346/346 342/342
f 345/345 341/341 347/347
f 345/345 347/347 346/346
f 342/342 348/348 344/344
f 348/348 349/349 344/344
f 348/348 342/342 351/351
f 349/349 348/348 352/352
f 351/351 352/352 348/348
f 353/353 349/349 352/352
f 353/353 137/137 349/349
f 137/137 353/353 139/139
f 139/139 353/353 354/354
f 139/139 354/354 142/142
f 352/352 355/355 353/353
f 355/355 354/354 353/353
f 356/356 142/142 354/354
f 356/356 354/354 355/355
f 142/142 356/356 145/145
f 355/355 352/352 357/357
f 352/352 351/351 357/357
f 145/145 356/356 358/358
f 153/153 145/145 358/358
f 355/355 359/359 356/356
f 360/360 153/153 358/358
f 153/153 360/360 361/361
f 358/358 356/356 363/363
f 359/359 363/363 356/356
f 360/360 358/358 364/364
f 363/363 364/364 358/358
f 365/365 361/361 360/360
f 361/361 365/365 367/367
f 369/369 367/367 365/365
f 370/370 360/360 364/364
f 360/360 370/370 365/365
f 365/365 371/371 369/369
f 371/371 365/365 370/370
f 371/371 373/373 369/369
f 374/374 370/370 364/364
f 363/363 374/374 364/364
f 373/373 371/371 375/375
f 375/375 376/376 373/373
f 370/370 378/378 371/371
f 378/378 375/375 371/371
f 370/370 374/374 379/379
f 378/378 370/370 379/379
f 374/374 363/363 380/380
f 359/359 380/380 363/363
f 379/379 374/374 381/381
f 380/380 381/381 374/374
f 379/379 382/382 378/378
f 380/380 359/359 383/383
f 382/382 379/379 384/384
f 381/381 384/384 379/379
f 383/383 385/385 380/380
f 385/385 381/381 380/380
f 383/383 359/359 386/386
f 355/355 386/386 359/359
f 386/386 355/355 357/357
f 385/385 383/383 387/387
f 386/386 387/387 383/383
f 357/357 388/388 386/386
f 387/387 386/386 388/388
f 357/357 389/389 388/388
f 389/389 357/357 351/351
f 388/388 390/390 387/387
f 351/351 391/391 389/389
f 342/342 391/391 351/351
f 391/391 342/342 346/346
f 389/389 392/392 388/388
f 390/390 388/388 392/392
f 393/393 389/389 391/391
f 392/392 389/389 393/393
f 391/391 394/394 393/393
f 346/346 394/394 391/391
f 395/395 392/392 393/393
f 395/395 393/393 394/394
f 392/392 395/395 396/396
f 346/346 397/397 394/394
f 398/398 392/392 396/396
f 392/392 398/398 390/390
f 397/397 346/346 399/399
f 347/347 399/399 346/346
f 400/400 397/397 399/399
f 399/399 347/347 401/401
f 401/401 400/400 399/399
f 401/401 347/347 341/341
f 397/397 400/400 402/402
f 397/397 402/402 394/394
f 400/400 401/401 403/403
f 403/403 402/402 400/400
f 404/404 401/401 341/341
f 336/336 404/404 341/341
f 401/401 405/405 403/403
f 405/405 401/401 404/404
f 404/404 336/336 406/406
f 406/406 405/405 404/404
f 336/336 316/316 406/406
f 316/316 407/407 406/406
f 407/407 405/405 406/406
f 314/314 407/407 316/316
f 314/314 313/313 407/407
f 407/407 408/408 405/405
f 313/313 408/408 407/407
f 409/409 403/403 405/405
f 408/408 409/409 405/405
f 409/409 402/402 403/403
f 313/313 410/410 408/408
f 410/410 313/313 311/311
f 408/408 411/411 409/409
f 408/408 410/410 411/411
f 311/311 412/412 410/410
f 412/412 411/411 410/410
f 412/412 311/311 307/307
f 413/413 409/409 411/411
f 409/409 413/413 402/402
f 411/411 412/412 414/414
f 414/414 413/413 411/411
f 307/307 415/415 412/412
f 412/412 416/416 414/414
f 416/416 412/412 415/415
f 416/416 417/417 414/414
f 413/413 414/414 417/417
f 415/415 307/307 418/418
f 307/307 297/297 418/418
f 284/284 418/418 297/297
f 418/418 284/284 281/281
f 282/282 418/418 281/281
f 418/418 282/282 415/415
f 419/419 415/415 282/282
f 415/415 419/419 416/416
f 282/282 280/280 419/419
f 419/419 420/420 416/416
f 417/417 416/416 420/420
f 280/280 421/421 419/419
f 420/420 419/419 421/421
f 421/421 280/280 268/268
f 422/422 417/417 420/420
f 422/422 413/413 417/417
f 421/421 423/423 420/420
f 423/423 422/422 420/420
f 268/268 423/423 421/421
f 424/424 413/413 422/422
f 423/423 424/424 422/422
f 423/423 268/268 425/425
f 268/268 266/266 425/425
f 425/425 426/426 423/423
f 424/424 423/423 426/426
f 266/266 427/427 425/425
f 425/425 427/427 426/426
f 262/262 427/427 266/266
f 427/427 262/262 428/428
f 262/262 258/258 428/428
f 426/426 427/427 429/429
f 428/428 429/429 427/427
f 429/429 430/430 426/426
f 428/428 258/258 431/431
f 258/258 256/256 431/431
f 432/432 426/426 430/430
f 426/426 432/432 424/424
f 429/429 433/433 430/430
f 433/433 432/432 430/430
f 428/428 434/434 429/429
f 433/433 429/429 434/434
f 428/428 431/431 435/435
f 435/435 434/434 428/428
f 431/431 436/436 435/435
f 436/436 434/434 435/435
f 256/256 437/437 431/431
f 436/436 431/431 437/437
f 437/437 256/256 217/217
f 434/434 436/436 438/438
f 437/437 439/439 436/436
f 438/438 436/436 439/439
f 217/217 440/440 437/437
f 440/440 439/439 437/437
f 438/438 441/441 434/434
f 441/441 433/433 434/434
f 217/217 442/442 440/440
f 442/442 439/439 440/440
f 442/442 217/217 443/443
f 214/214 443/443 217/217
f 214/214 444/444 443/443
f 444/444 442/442 443/443
f 444/444 214/214 213/213
f 439/439 442/442 445/445
f 442/442 444/444 446/446
f 446/446 445/445 442/442
f 447/447 444/444 213/213
f 447/447 446/446 444/444
f 445/445 448/448 439/439
f 448/448 438/438 439/439
f 448/448 441/441 438/438
f 445/445 446/446 449/449
f 448/448 445/445 450/450
f 449/449 450/450 445/445
f 451/451 441/441 448/448
f 452/452 449/449 446/446
f 446/446 447/447 452/452
f 441/441 451/451 453/453
f 441/441 453/453 433/433
f 448/448 454/454 451/451
f 454/454 448/448 450/450
f 453/453 455/455 433/433
f 432/432 433/433 455/455
f 456/456 453/453 451/451
f 455/455 457/457 432/432
f 432/432 457/457 424/424
f 453/453 458/458 455/455
f 453/453 456/456 458/458
f 459/459 455/455 458/458
f 457/457 455/455 459/459
f 460/460 459/459 458/458
f 456/456 460/460 458/458
f 461/461 457/457 459/459
f 459/459 460/460 461/461
f 462/462 424/424 457/457
f 413/413 424/424 462/462
f 457/457 463/463 462/462
f 457/457 461/461 463/463
f 464/464 413/413 462/462
f 464/464 462/462 463/463
f 413/413 464/464 402/402
f 402/402 464/464 394/394
f 394/394 464/464 395/395
f 395/395 464/464 463/463
f 395/395 463/463 396/396
f 461/461 396/396 463/463
f 396/396 461/461 398/398
f 460/460 398/398 461/461
f 460/460 465/465 398/398
f 460/460 456/456 465/465
f 398/398 465/465 466/466
f 398/398 466/466 390/390
f 467/467 465/465 456/456
f 468/468 390/390 466/466
f 468/468 387/387 390/390
f 387/387 468/468 385/385
f 468/468 381/381 385/385
f 469/469 466/466 465/465
f 465/465 467/467 469/469
f 470/470 468/468 466/466
f 466/466 469/469 470/470
f 381/381 468/468 471/471
f 468/468 470/470 471/471
f 472/472 381/381 471/471
f 381/381 472/472 384/384
f 473/473 471/471 470/470
f 471/471 473/473 472/472
f 474/474 470/470 469/469
f 470/470 474/474 473/473
f 469/469 467/467 475/475
f 469/469 475/475 474/474
f 456/456 476/476 467/467
f 476/476 475/475 467/467
f 476/476 456/456 451/451
f 451/451 454/454 476/476
f 475/475 476/476 477/477
f 454/454 477/477 476/476
f 478/478 474/474 475/475
f 477/477 454/454 479/479
f 450/450 479/479 454/454
f 480/480 475/475 477/477
f 475/475 480/480 478/478
f 481/481 477/477 479/479
f 477/477 481/481 480/480
f 479/479 450/450 482/482
f 481/481 479/479 482/482
f 450/450 449/449 482/482
f 483/483 482/482 449/449
f 449/449 452/452 483/483
f 482/482 484/484 481/481
f 482/482 483/483 484/484
f 484/484 485/485 481/481
f 481/481 485/485 480/480
f 486/486 484/484 483/483
f 485/485 484/484 487/487
f 484/484 486/486 487/487
f 488/488 483/483 452/452
f 483/483 488/488 486/486
f 452/452 489/489 488/488
f 489/489 452/452 447/447
f 490/490 486/486 488/488
f 490/490 488/488 489/489
f 486/486 491/491 487/487
f 486/486 490/490 492/492
f 491/491 486/486 492/492
f 487/487 493/493 485/485
f 493/493 487/487 491/491
f 494/494 485/485 493/493
f 480/480 485/485 494/494
f 491/491 495/495 493/493
f 496/496 480/480 494/494
f 480/480 496/496 478/478
f 497/497 494/494 493/493
f 493/493 495/495 497/497
f 498/498 494/494 497/497
f 494/494 498/498 496/496
f 495/495 499/499 497/497
f 497/497 499/499 498/498
f 500/500 478/478 496/496
f 474/474 478/478 500/500
f 500/500 473/473 474/474
f 500/500 496/496 501/501
f 498/498 501/501 496/496
f 473/473 500/500 502/502
f 501/501 502/502 500/500
f 502/502 472/472 473/473
f 501/501 498/498 503/503
f 472/472 502/502 504/504
f 504/504 384/384 472/472
f 502/502 501/501 505/505
f 505/505 504/504 502/502
f 503/503 505/505 501/501
f 384/384 504/504 506/506
f 384/384 506/506 382/382
f 504/504 505/505 507/507
f 507/507 506/506 504/504
f 505/505 503/503 508/508
f 508/508 507/507 505/505
f 509/509 503/503 498/498
f 498/498 499/499 509/509
f 510/510 508/508 503/503
f 503/503 509/509 510/510
f 507/507 508/508 511/511
f 512/512 510/510 509/509
f 499/499 512/512 509/509
f 508/508 510/510 513/513
f 511/511 508/508 513/513
f 510/510 512/512 514/514
f 514/514 513/513 510/510
f 512/512 499/499 515/515
f 513/513 514/514 516/516
f 517/517 514/514 512/512
f 517/517 512/512 515/515
f 514/514 518/518 516/516
f 518/518 514/514 517/517
f 516/516 519/519 513/513
f 519/519 511/511 513/513
f 518/518 520/520 516/516
f 516/516 520/520 519/519
f 519/519 521/521 511/511
f 520/520 522/522 519/519
f 521/521 519/519 522/522
f 523/523 511/511 521/521
f 511/511 523/523 507/507
f 506/506 507/507 523/523
f 523/523 521/521 524/524
f 522/522 524/524 521/521
f 506/506 523/523 525/525
f 524/524 525/525 523/523
f 382/382 506/506 525/525
f 526/526 382/382 525/525
f 382/382 526/526 378/378
f 375/375 378/378 526/526
f 525/525 527/527 526/526
f 527/527 525/525 524/524
f 528/528 375/375 526/526
f 526/526 527/527 528/528
f 528/528 529/529 375/375
f 376/376 375/375 529/529
f 531/531 376/376 529/529
f 527/527 532/532 528/528
f 532/532 527/527 524/524
f 529/529 533/533 531/531
f 533/533 535/535 531/531
f 528/528 536/536 529/529
f 528/528 532/532 536/536
f 529/529 537/537 533/533
f 529/529 536/536 537/537
f 535/535 533/533 538/538
f 533/533 537/537 538/538
f 540/540 535/535 538/538
f 536/536 541/541 537/537
f 538/538 537/537 541/541
f 542/542 536/536 532/532
f 541/541 536/536 542/542
f 532/532 543/543 542/542
f 543/543 532/532 524/524
f 543/543 524/524 544/544
f 524/524 522/522 544/544
f 543/543 544/544 545/545
f 522/522 545/545 544/544
f 543/543 545/545 542/542
f 545/545 522/522 546/546
f 520/520 546/546 522/522
f 542/542 545/545 547/547
f 542/542 547/547 541/541
f 545/545 546/546 548/548
f 548/548 547/547 545/545
f 546/546 520/520 549/549
f 549/549 548/548 546/546
f 518/518 549/549 520/520
f 550/550 547/547 548/548
f 551/551 549/549 518/518
f 552/552 548/548 549/549
f 549/549 551/551 552/552
f 550/550 548/548 552/552
f 551/551 518/518 517/517
f 552/552 553/553 550/550
f 551/551 553/553 552/552
f 547/547 550/550 554/554
f 554/554 541/541 547/547
f 555/555 550/550 553/553
f 541/541 554/554 556/556
f 541/541 556/556 538/538
f 557/557 554/554 550/550
f 550/550 555/555 557/557
f 558/558 538/538 556/556
f 538/538 558/558 540/540
f 554/554 559/559 556/556
f 556/556 559/559 558/558
f 540/540 558/558 560/560
f 559/559 560/560 558/558
f 540/540 560/560 562/562
f 559/559 554/554 563/563
f 554/554 557/557 563/563
f 563/563 564/564 559/559
f 560/560 559/559 564/564
f 563/563 565/565 564/564
f 557/557 565/565 563/563
f 560/560 564/564 566/566
f 565/565 566/566 564/564
f 562/562 560/560 567/567
f 560/560 566/566 567/567
f 562/562 567/567 569/569
f 570/570 569/569 567/567
f 566/566 570/570 567/567
f 569/569 570/570 571/571
f 570/570 574/574 571/571
f 566/566 565/565 575/575
f 574/574 570/570 576/576
f 574/574 576/576 577/577
f 570/570 566/566 579/579
f 575/575 579/579 566/566
f 570/570 580/580 576/576
f 580/580 570/570 579/579
f 577/577 576/576 581/581
f 582/582 576/576 580/580
f 576/576 582/582 581/581
f 577/577 581/581 583/583
f 581/581 582/582 583/583
f 583/583 585/585 577/577
f 583/583 587/587 585/585
f 587/587 583/583 588/588
f 589/589 588/588 583/583
f 583/583 590/590 589/589
f 590/590 583/583 582/582
f 591/591 589/589 590/590
f 592/592 590/590 582/582
f 580/580 592/592 582/582
f 590/590 593/593 591/591
f 593/593 590/590 592/592
f 593/593 594/594 591/591
f 580/580 595/595 592/592
f 579/579 595/595 580/580
f 593/593 592/592 596/596
f 595/595 596/596 592/592
f 593/593 597/597 594/594
f 597/597 593/593 596/596
f 598/598 594/594 597/597
f 579/579 599/599 595/595
f 579/579 575/575 599/599
f 597/597 600/600 598/598
f 601/601 598/598 600/600
f 596/596 602/602 597/597
f 600/600 597/597 602/602
f 596/596 595/595 603/603
f 603/603 602/602 596/596
f 599/599 603/603 595/595
f 601/601 600/600 604/604
f 599/599 605/605 603/603
f 604/604 606/606 601/601
f 606/606 607/607 601/601
f 600/600 608/608 604/604
f 608/608 606/606 604/604
f 608/608 600/600 602/602
f 607/607 606/606 609/609
f 608/608 609/609 606/606
f 610/610 607/607 609/609
f 610/610 609/609 611/611
f 612/612 610/610 611/611
f 609/609 608/608 613/613
f 613/613 611/611 609/609
f 611/611 614/614 612/612
f 612/612 614/614 615/615
f 615/615 616/616 612/612
f 611/611 617/617 614/614
f 617/617 615/615 614/614
f 613/613 618/618 611/611
f 617/617 611/611 618/618
f 615/615 619/619 616/616
f 615/615 617/617 620/620
f 619/619 615/615 620/620
f 621/621 616/616 619/619
f 621/621 619/619 620/620
f 616/616 621/621 622/622
f 620/620 617/617 623/623
f 621/621 624/624 622/622
f 625/625 622/622 624/624
f 620/620 626/626 621/621
f 626/626 624/624 621/621
f 623/623 627/627 620/620
f 627/627 626/626 620/620
f 628/628 623/623 617/617
f 618/618 628/628 617/617
f 629/629 627/627 623/623
f 623/623 628/628 629/629
f 628/628 618/618 630/630
f 613/613 630/630 618/618
f 631/631 629/629 628/628
f 630/630 631/631 628/628
f 630/630 613/613 632/632
f 608/608 632/632 613/613
f 631/631 630/630 633/633
f 632/632 633/633 630/630
f 632/632 608/608 634/634
f 602/602 634/634 608/608
f 633/633 632/632 635/635
f 634/634 635/635 632/632
f 634/634 602/602 636/636
f 603/603 636/636 602/602
f 635/635 634/634 637/637
f 638/638 636/636 603/603
f 638/638 634/634 636/636
f 634/634 638/638 637/637
f 605/605 638/638 603/603
f 639/639 635/635 637/637
f 639/639 637/637 638/638
f 640/640 638/638 605/605
f 605/605 599/599 640/640
f 640/640 599/599 575/575
f 638/638 641/641 639/639
f 638/638 640/640 641/641
f 639/639 642/642 635/635
f 642/642 633/633 635/635
f 643/643 639/639 641/641
f 642/642 639/639 643/643
f 643/643 641/641 640/640
f 644/644 640/640 575/575
f 643/643 640/640 644/644
f 644/644 575/575 565/565
f 565/565 557/557 644/644
f 557/557 643/643 644/644
f 643/643 557/557 555/555
f 645/645 642/642 643/643
f 646/646 643/643 555/555
f 643/643 646/646 645/645
f 555/555 647/647 646/646
f 647/647 555/555 553/553
f 553/553 551/551 647/647
f 646/646 647/647 648/648
f 551/551 648/648 647/647
f 649/649 645/645 646/646
f 648/648 649/649 646/646
f 650/650 642/642 645/645
f 633/633 642/642 650/650
f 651/651 650/650 645/645
f 645/645 649/649 651/651
f 652/652 633/633 650/650
f 651/651 652/652 650/650
f 633/633 652/652 631/631
f 651/651 649/649 653/653
f 652/652 654/654 631/631
f 629/629 631/631 654/654
f 652/652 651/651 655/655
f 653/653 655/655 651/651
f 652/652 656/656 654/654
f 655/655 656/656 652/652
f 657/657 629/629 654/654
f 654/654 656/656 657/657
f 629/629 657/657 658/658
f 627/627 629/629 658/658
f 659/659 657/657 656/656
f 656/656 655/655 659/659
f 657/657 660/660 658/658
f 659/659 660/660 657/657
f 661/661 627/627 658/658
f 658/658 660/660 661/661
f 627/627 661/661 662/662
f 627/627 662/662 626/626
f 626/626 662/662 663/663
f 624/624 626/626 663/663
f 664/664 663/663 662/662
f 661/661 664/664 662/662
f 665/665 624/624 663/663
f 663/663 664/664 665/665
f 624/624 665/665 666/666
f 666/666 625/625 624/624
f 625/625 666/666 667/667
f 668/668 666/666 665/665
f 664/664 668/668 665/665
f 669/669 667/667 666/666
f 666/666 668/668 669/669
f 667/667 669/669 670/670
f 669/669 671/671 670/670
f 671/671 669/669 672/672
f 673/673 671/671 672/672
f 668/668 674/674 669/669
f 672/672 669/669 674/674
f 672/672 675/675 673/673
f 675/675 676/676 673/673
f 677/677 672/672 674/674
f 672/672 677/677 675/675
f 675/675 678/678 676/676
f 678/678 679/679 676/676
f 676/676 679/679 680/680
f 675/675 681/681 678/678
f 678/678 681/681 679/679
f 681/681 675/675 677/677
f 679/679 682/682 680/680
f 680/680 682/682 683/683
f 679/679 681/681 684/684
f 684/684 682/682 679/679
f 685/685 683/683 682/682
f 685/685 686/686 683/683
f 687/687 682/682 684/684
f 682/682 687/687 685/685
f 685/685 688/688 686/686
f 687/687 688/688 685/685
f 688/688 689/689 686/686
f 690/690 687/687 684/684
f 690/690 684/684 681/681
f 689/689 688/688 691/691
f 681/681 692/692 690/690
f 681/681 677/677 692/692
f 693/693 689/689 691/691
f 694/694 689/689 693/693
f 692/692 677/677 695/695
f 674/674 695/695 677/677
f 696/696 694/694 693/693
f 694/694 696/696 697/697
f 695/695 674/674 698/698
f 674/674 668/668 698/698
f 699/699 697/697 696/696
f 697/697 699/699 700/700
f 696/696 693/693 701/701
f 699/699 696/696 701/701
f 693/693 691/691 701/701
f 584/584 700/700 699/699
f 700/700 584/584 586/586
f 702/702 584/584 699/699
f 701/701 702/702 699/699
f 584/584 702/702 578/578
f 578/578 702/702 573/573
f 691/691 703/703 701/701
f 703/703 691/691 688/688
f 688/688 687/687 703/703
f 701/701 704/704 702/702
f 703/703 704/704 701/701
f 705/705 573/573 702/702
f 704/704 705/705 702/702
f 705/705 572/572 573/573
f 706/706 703/703 687/687
f 706/706 687/687 690/690
f 706/706 707/707 703/703
f 704/704 703/703 707/707
f 690/690 708/708 706/706
f 707/707 706/706 709/709
f 706/706 708/708 709/709
f 707/707 710/710 704/704
f 707/707 709/709 711/711
f 710/710 707/707 711/711
f 712/712 711/711 709/709
f 713/713 710/710 711/711
f 711/711 712/712 713/713
f 704/704 710/710 714/714
f 710/710 713/713 714/714
f 704/704 714/714 715/715
f 705/705 704/704 715/715
f 714/714 713/713 716/716
f 717/717 715/715 714/714
f 717/717 714/714 716/716
f 718/718 705/705 715/715
f 715/715 717/717 718/718
f 713/713 719/719 716/716
f 719/719 713/713 712/712
f 720/720 717/717 716/716
f 719/719 720/720 716/716
f 718/718 717/717 721/721
f 721/721 717/717 720/720
f 705/705 718/718 722/722
f 572/572 705/705 722/722
f 718/718 721/721 723/723
f 723/723 722/722 718/718
f 724/724 572/572 722/722
f 722/722 723/723 724/724
f 572/572 724/724 568/568
f 724/724 723/723 725/725
f 725/725 568/568 724/724
f 725/725 723/723 721/721
f 725/725 561/561 568/568
f 726/726 721/721 720/720
f 725/725 721/721 726/726
f 727/727 561/561 725/725
f 727/727 539/539 561/561
f 727/727 534/534 539/539
f 725/725 728/728 727/727
f 728/728 725/725 726/726
f 534/534 727/727 729/729
f 728/728 729/729 727/727
f 729/729 530/530 534/534
f 726/726 720/720 730/730
f 720/720 719/719 730/730
f 530/530 729/729 731/731
f 719/719 732/732 730/730
f 732/732 719/719 712/712
f 730/730 733/733 726/726
f 728/728 726/726 733/733
f 734/734 730/730 732/732
f 734/734 733/733 730/730
f 732/732 712/712 735/735
f 735/735 712/712 709/709
f 735/735 709/709 708/708
f 736/736 732/732 735/735
f 734/734 732/732 736/736
f 708/708 737/737 735/735
f 736/736 735/735 737/737
f 737/737 708/708 738/738
f 708/708 690/690 738/738
f 737/737 739/739 736/736
f 738/738 740/740 737/737
f 739/739 737/737 740/740
f 738/738 690/690 741/741
f 741/741 690/690 692/692
f 695/695 741/741 692/692
f 738/738 742/742 740/740
f 742/742 738/738 741/741
f 740/740 742/742 739/739
f 741/741 695/695 743/743
f 698/698 743/743 695/695
f 741/741 744/744 742/742
f 741/741 743/743 744/744
f 745/745 739/739 742/742
f 744/744 745/745 742/742
f 739/739 745/745 746/746
f 746/746 736/736 739/739
f 745/745 744/744 747/747
f 748/748 736/736 746/746
f 736/736 748/748 734/734
f 746/746 745/745 749/749
f 745/745 747/747 749/749
f 750/750 748/748 746/746
f 749/749 750/750 746/746
f 748/748 751/751 734/734
f 733/733 734/734 751/751
f 751/751 748/748 752/752
f 748/748 750/750 752/752
f 753/753 733/733 751/751
f 753/753 751/751 752/752
f 754/754 733/733 753/753
f 733/733 754/754 728/728
f 752/752 755/755 753/753
f 756/756 754/754 753/753
f 755/755 756/756 753/753
f 757/757 728/728 754/754
f 757/757 754/754 756/756
f 752/752 758/758 755/755
f 758/758 752/752 750/750
f 756/756 755/755 759/759
f 760/760 758/758 750/750
f 750/750 749/749 760/760
f 761/761 755/755 758/758
f 755/755 761/761 759/759
f 762/762 760/760 749/749
f 749/749 747/747 762/762
f 758/758 760/760 763/763
f 764/764 762/762 747/747
f 765/765 758/758 763/763
f 758/758 765/765 761/761
f 766/766 760/760 762/762
f 762/762 764/764 766/766
f 767/767 763/763 760/760
f 760/760 766/766 767/767
f 768/768 765/765 763/763
f 763/763 767/767 768/768
f 769/769 761/761 765/765
f 770/770 768/768 767/767
f 771/771 761/761 769/769
f 771/771 759/759 761/761
f 765/765 768/768 772/772
f 772/772 769/769 765/765
f 768/768 770/770 773/773
f 773/773 772/772 768/768
f 767/767 774/774 770/770
f 774/774 767/767 766/766
f 775/775 773/773 770/770
f 775/775 770/770 774/774
f 774/774 766/766 776/776
f 764/764 776/776 766/766
f 775/775 774/774 777/777
f 777/777 774/774 776/776
f 773/773 775/775 778/778
f 764/764 779/779 776/776
f 778/778 780/780 773/773
f 772/772 773/773 780/780
f 781/781 779/779 764/764
f 747/747 781/781 764/764
f 781/781 747/747 744/744
f 743/743 781/781 744/744
f 781/781 743/743 782/782
f 782/782 779/779 781/781
f 743/743 698/698 782/782
f 782/782 698/698 783/783
f 779/779 782/782 783/783
f 698/698 668/668 783/783
f 668/668 664/664 783/783
f 784/784 783/783 664/664
f 783/783 784/784 779/779
f 664/664 661/661 784/784
f 779/779 784/784 785/785
f 784/784 661/661 785/785
f 785/785 776/776 779/779
f 785/785 661/661 660/660
f 777/777 776/776 785/785
f 786/786 785/785 660/660
f 786/786 777/777 785/785
f 659/659 786/786 660/660
f 787/787 777/777 786/786
f 787/787 775/775 777/777
f 788/788 786/786 659/659
f 786/786 788/788 787/787
f 788/788 659/659 655/655
f 789/789 775/775 787/787
f 655/655 790/790 788/788
f 790/790 787/787 788/788
f 789/789 787/787 790/790
f 790/790 655/655 653/653
f 778/778 775/775 789/789
f 653/653 791/791 790/790
f 791/791 789/789 790/790
f 792/792 778/778 789/789
f 789/789 791/791 792/792
f 778/778 792/792 793/793
f 780/780 778/778 793/793
f 794/794 792/792 791/791
f 794/794 793/793 792/792
f 791/791 653/653 795/795
f 649/649 795/795 653/653
f 795/795 649/649 648/648
f 791/791 796/796 794/794
f 795/795 796/796 791/791
f 797/797 795/795 648/648
f 648/648 551/551 797/797
f 797/797 551/551 517/517
f 796/796 795/795 798/798
f 795/795 797/797 798/798
f 799/799 797/797 517/517
f 515/515 799/799 517/517
f 800/800 798/798 797/797
f 797/797 799/799 800/800
f 799/799 515/515 801/801
f 801/801 800/800 799/799
f 515/515 802/802 801/801
f 802/802 515/515 499/499
f 495/495 802/802 499/499
f 800/800 801/801 803/803
f 802/802 803/803 801/801
f 798/798 800/800 804/804
f 803/803 804/804 800/800
f 804/804 796/796 798/798
f 803/803 802/802 805/805
f 805/805 804/804 803/803
f 806/806 802/802 495/495
f 805/805 802/802 806/806
f 806/806 495/495 491/491
f 491/491 807/807 806/806
f 805/805 806/806 807/807
f 492/492 807/807 491/491
f 804/804 805/805 808/808
f 807/807 808/808 805/805
f 796/796 804/804 809/809
f 809/809 804/804 808/808
f 809/809 794/794 796/796
f 810/810 808/808 807/807
f 807/807 492/492 810/810
f 811/811 809/809 808/808
f 808/808 810/810 811/811
f 794/794 809/809 812/812
f 813/813 811/811 810/810
f 492/492 813/813 810/810
f 814/814 809/809 811/811
f 811/811 813/813 814/814
f 812/812 809/809 814/814
f 813/813 492/492 815/815
f 490/490 815/815 492/492
f 813/813 816/816 814/814
f 816/816 813/813 815/815
f 490/490 817/817 815/815
f 816/816 815/815 817/817
f 817/817 490/490 489/489
f 818/818 814/814 816/816
f 814/814 818/818 812/812
f 819/819 816/816 817/817
f 816/816 819/819 818/818
f 489/489 819/819 817/817
f 820/820 812/812 818/818
f 812/812 820/820 794/794
f 820/820 818/818 819/819
f 793/793 794/794 820/820
f 793/793 820/820 821/821
f 819/819 821/821 820/820
f 821/821 780/780 793/793
f 819/819 489/489 822/822
f 447/447 822/822 489/489
f 821/821 819/819 823/823
f 823/823 819/819 822/822
f 824/824 780/780 821/821
f 780/780 824/824 772/772
f 769/769 772/772 824/824
f 825/825 821/821 823/823
f 821/821 825/825 824/824
f 824/824 826/826 769/769
f 826/826 824/824 825/825
f 826/826 771/771 769/769
f 823/823 827/827 825/825
f 827/827 823/823 822/822
f 825/825 828/828 826/826
f 828/828 825/825 827/827
f 829/829 771/771 826/826
f 829/829 826/826 828/828
f 822/822 447/447 830/830
f 830/830 827/827 822/822
f 213/213 830/830 447/447
f 213/213 211/211 830/830
f 827/827 830/830 211/211
f 208/208 827/827 211/211
f 827/827 208/208 828/828
f 209/209 828/828 208/208
f 828/828 209/209 831/831
f 831/831 829/829 828/828
f 209/209 832/832 831/831
f 832/832 829/829 831/831
f 832/832 209/209 207/207
f 829/829 833/833 771/771
f 759/759 771/771 833/833
f 829/829 832/832 834/834
f 833/833 829/829 834/834
f 835/835 832/832 207/207
f 204/204 835/835 207/207
f 836/836 834/834 832/832
f 832/832 835/835 836/836
f 837/837 833/833 834/834
f 834/834 836/836 837/837
f 838/838 759/759 833/833
f 833/833 837/837 838/838
f 759/759 838/838 756/756
f 838/838 757/757 756/756
f 836/836 839/839 837/837
f 839/839 838/838 837/837
f 757/757 838/838 840/840
f 838/838 839/839 840/840
f 757/757 840/840 841/841
f 839/839 841/841 840/840
f 841/841 842/842 757/757
f 728/728 757/757 842/842
f 729/729 728/728 842/842
f 842/842 731/731 729/729
f 731/731 842/842 841/841
f 841/841 839/839 843/843
f 843/843 731/731 841/841
f 836/836 844/844 839/839
f 844/844 843/843 839/839
f 835/835 844/844 836/836
f 845/845 731/731 843/843
f 530/530 731/731 845/845
f 377/377 530/530 845/845
f 843/843 844/844 846/846
f 846/846 845/845 843/843
f 835/835 847/847 844/844
f 846/846 844/844 847/847
f 204/204 847/847 835/835
f 377/377 845/845 848/848
f 846/846 848/848 845/845
f 848/848 372/372 377/377
f 849/849 846/846 847/847
f 848/848 846/846 849/849
f 847/847 204/204 850/850
f 850/850 849/849 847/847
f 201/201 850/850 204/204
f 851/851 372/372 848/848
f 849/849 851/851 848/848
f 372/372 851/851 368/368
f 849/849 850/850 852/852
f 852/852 851/851 849/849
f 201/201 853/853 850/850
f 852/852 850/850 853/853
f 186/186 853/853 201/201
f 854/854 368/368 851/851
f 851/851 852/852 854/854
f 368/368 854/854 366/366
f 854/854 362/362 366/366
f 362/362 854/854 855/855
f 852/852 855/855 854/854
f 154/154 362/362 855/855
f 152/152 154/154 855/855
f 855/855 852/852 856/856
f 856/856 152/152 855/855
f 856/856 852/852 853/853
f 152/152 856/856 857/857
f 857/857 856/856 853/853
f 152/152 857/857 155/155
f 853/853 858/858 857/857
f 867/867 864/864 868/868
f 865/865 862/862 860/860
f 859/859 865/865 860/860
f 868/868 870/870 867/867
f 869/869 867/867 870/870
f 866/866 871/871 868/868
f 246/246 869/869 872/872
f 873/873 868/868 871/871
f 868/868 873/873 870/870
f 242/242 860/860 862/862
f 238/238 242/242 864/864
f 858/858 155/155 857/857
f 186/186 858/858 853/853
f 155/155 858/858 157/157
f 186/186 161/161 858/858
f 858/858 161/161 157/157
f 869/869 870/870 874/874
f 248/248 254/254 859/859
f 254/254 260/260 859/859
f 859/859 860/860 248/248
f 860/860 242/242 248/248
f 861/861 859/859 260/260
f 265/265 861/861 260/260
f 877/877 876/876 872/872
f 863/863 861/861 265/265
f 864/864 242/242 862/862
f 876/876 877/877 879/879
f 879/879 878/878 876/876
f 877/877 874/874 880/880
f 874/874 875/875 880/880
f 877/877 881/881 879/879
f 881/881 877/877 880/880
f 878/878 879/879 882/882
f 866/866 864/864 862/862
f 865/865 866/866 862/862
f 238/238 864/864 867/867
f 239/239 238/238 867/867
f 867/867 244/244 239/239
f 866/866 868/868 864/864
f 884/884 290/290 5/5
f 244/244 867/867 869/869
f 869/869 246/246 244/244
f 886/886 885/885 882/882
f 881/881 886/886 882/882
f 290/290 884/884 887/887
f 887/887 288/288 290/290
f 885/885 888/888 884/884
f 888/888 887/887 884/884
f 885/885 886/886 889/889
f 872/872 869/869 874/874
f 875/875 870/870 873/873
f 870/870 875/875 874/874
f 246/246 872/872 876/876
f 22/22 246/246 876/876
f 872/872 874/874 877/877
f 880/880 893/893 891/891
f 22/22 876/876 878/878
f 10/10 22/22 878/878
f 880/880 895/895 893/893
f 895/895 880/880 875/875
f 896/896 887/887 894/894
f 875/875 897/897 895/895
f 897/897 875/875 873/873
f 873/873 871/871 897/897
f 887/887 896/896 898/898
f 882/882 879/879 881/881
f 10/10 878/878 883/883
f 882/882 883/883 878/878
f 4/4 10/10 883/883
f 883/883 5/5 4/4
f 5/5 883/883 884/884
f 274/274 899/899 901/901
f 882/882 885/885 883/883
f 884/884 883/883 885/885
f 899/899 902/902 901/901
f 271/271 901/901 903/903
f 903/903 265/265 271/271
f 265/265 903/903 863/863
f 901/901 904/904 903/903
f 904/904 901/901 902/902
f 903/903 905/905 863/863
f 889/889 888/888 885/885
f 886/886 881/881 890/890
f 890/890 889/889 886/886
f 881/881 891/891 890/890
f 881/881 880/880 891/891
f 888/888 889/889 892/892
f 909/909 907/907 906/906
f 892/892 894/894 888/888
f 887/887 888/888 894/894
f 910/910 896/896 894/894
f 894/894 892/892 910/910
f 909/909 908/908 911/911
f 908/908 910/910 911/911
f 912/912 910/910 892/892
f 911/911 910/910 913/913
f 910/910 912/912 913/913
f 288/288 887/887 898/898
f 898/898 277/277 288/288
f 277/277 898/898 899/899
f 899/899 274/274 277/277
f 898/898 900/900 899/899
f 900/900 898/898 896/896
f 890/890 917/917 916/916
f 901/901 271/271 274/274
f 902/902 899/899 900/900
f 917/917 918/918 916/916
f 912/912 915/915 919/919
f 919/919 913/913 912/912
f 915/915 918/918 920/920
f 920/920 919/919 915/915
f 918/918 917/917 921/921
f 891/891 922/922 917/917
f 905/905 903/903 904/904
f 902/902 900/900 906/906
f 896/896 906/906 900/900
f 907/907 904/904 902/902
f 906/906 907/907 902/902
f 906/906 896/896 908/908
f 922/922 925/925 921/921
f 909/909 906/906 908/908
f 896/896 910/910 908/908
f 927/927 922/922 924/924
f 922/922 927/927 925/925
f 928/928 924/924 926/926
f 924/924 928/928 927/927
f 897/897 929/929 926/926
f 926/926 929/929 928/928
f 929/929 897/897 930/930
f 892/892 914/914 912/912
f 914/914 892/892 889/889
f 889/889 890/890 914/914
f 915/915 912/912 914/914
f 916/916 914/914 890/890
f 914/914 916/916 915/915
f 929/929 933/933 931/931
f 917/917 890/890 891/891
f 918/918 915/915 916/916
f 932/932 865/865 935/935
f 932/932 936/936 934/934
f 936/936 932/932 935/935
f 937/937 934/934 936/936
f 934/934 937/937 933/933
f 935/935 938/938 936/936
f 938/938 937/937 936/936
f 917/917 922/922 921/921
f 922/922 891/891 893/893
f 923/923 920/920 918/918
f 921/921 923/923 918/918
f 893/893 924/924 922/922
f 924/924 893/893 895/895
f 939/939 941/941 940/940
f 895/895 926/926 924/924
f 926/926 895/895 897/897
f 941/941 942/942 940/940
f 905/905 942/942 941/941
f 940/940 942/942 938/938
f 942/942 905/905 943/943
f 904/904 943/943 905/905
f 944/944 938/938 942/942
f 942/942 943/943 944/944
f 871/871 930/930 897/897
f 929/929 931/931 928/928
f 871/871 932/932 930/930
f 871/871 866/866 932/932
f 865/865 932/932 866/866
f 930/930 933/933 929/929
f 944/944 948/948 947/947
f 930/930 932/932 934/934
f 933/933 930/930 934/934
f 947/947 948/948 949/949
f 950/950 946/946 945/945
f 951/951 948/948 946/946
f 950/950 951/951 946/946
f 952/952 945/945 907/907
f 945/945 952/952 950/950
f 907/907 909/909 952/952
f 939/939 935/935 865/865
f 865/865 859/859 939/939
f 861/861 939/939 859/859
f 935/935 939/939 940/940
f 938/938 935/935 940/940
f 939/939 861/861 941/941
f 956/956 953/953 954/954
f 863/863 941/941 861/861
f 941/941 863/863 905/905
f 954/954 955/955 958/958
f 955/955 957/957 958/958
f 958/958 956/956 954/954
f 913/913 959/959 957/957
f 913/913 919/919 959/959
f 958/958 957/957 960/960
f 957/957 959/959 960/960
f 943/943 904/904 945/945
f 904/904 907/907 945/945
f 946/946 944/944 943/943
f 945/945 946/946 943/943
f 938/938 944/944 947/947
f 937/937 938/938 947/947
f 964/964 962/962 961/961
f 944/944 946/946 948/948
f 949/949 937/937 947/947
f 964/964 963/963 966/966
f 962/962 967/967 965/965
f 962/962 964/964 967/967
f 968/968 960/960 965/965
f 968/968 958/958 960/960
f 964/964 969/969 967/967
f 970/970 958/958 968/968
f 952/952 953/953 950/950
f 951/951 950/950 953/953
f 909/909 954/954 952/952
f 953/953 952/952 954/954
f 954/954 909/909 955/955
f 909/909 911/911 955/955
f 972/972 968/968 965/965
f 955/955 911/911 957/957
f 911/911 913/913 957/957
f 972/972 971/971 973/973
f 973/973 963/963 923/923
f 968/968 972/972 974/974
f 975/975 968/968 974/974
f 975/975 974/974 972/972
f 968/968 975/975 970/970
f 976/976 973/973 923/923
f 961/961 959/959 919/919
f 919/919 920/920 961/961
f 960/960 959/959 962/962
f 959/959 961/961 962/962
f 963/963 961/961 920/920
f 920/920 923/923 963/963
f 925/925 980/980 978/978
f 961/961 963/963 964/964
f 965/965 960/960 962/962
f 953/953 956/956 981/981
f 927/927 982/982 980/980
f 981/981 983/983 953/953
f 979/979 983/983 981/981
f 982/982 927/927 928/928
f 953/953 983/983 951/951
f 928/928 984/984 982/982
f 958/958 970/970 956/956
f 969/969 964/964 971/971
f 966/966 971/971 964/964
f 972/972 967/967 969/969
f 972/972 969/969 971/971
f 967/967 972/972 965/965
f 985/985 983/983 987/987
f 971/971 966/966 973/973
f 973/973 966/966 963/963
f 985/985 987/987 988/988
f 977/977 989/989 986/986
f 989/989 977/977 975/975
f 989/989 975/975 972/972
f 986/986 990/990 987/987
f 990/990 986/986 989/989
f 991/991 987/987 990/990
f 923/923 921/921 976/976
f 977/977 970/970 975/975
f 921/921 978/978 976/976
f 978/978 921/921 925/925
f 970/970 977/977 979/979
f 979/979 956/956 970/970
f 991/991 994/994 988/988
f 980/980 925/925 927/927
f 956/956 979/979 981/981
f 994/994 991/991 995/995
f 993/993 994/994 995/995
f 994/994 996/996 949/949
f 937/937 949/949 996/996
f 996/996 933/933 937/937
f 997/997 996/996 994/994
f 994/994 993/993 997/997
f 984/984 928/928 931/931
f 983/983 985/985 951/951
f 948/948 951/951 985/985
f 985/985 949/949 948/948
f 983/983 979/979 986/986
f 986/986 979/979 977/977
f 993/993 999/999 984/984
f 983/983 986/986 987/987
f 988/988 949/949 985/985
f 999/999 992/992 982/982
f 1000/1000 982/982 992/992
f 982/982 1000/1000 980/980
f 978/978 980/980 1000/1000
f 1001/1001 1000/1000 992/992
f 978/978 1000/1000 1001/1001
f 973/973 1001/1001 992/992
f 991/991 990/990 989/989
f 987/987 991/991 988/988
f 989/989 972/972 992/992
f 972/972 973/973 992/992
f 991/991 989/989 993/993
f 989/989 992/992 993/993
f 1003/1003 330/330 1004/1004
f 994/994 949/949 988/988
f 995/995 991/991 993/993
f 1005/1005 323/323 324/324
f 1004/1004 333/333 1006/1006
f 340/340 1006/1006 333/333
f 323/323 1005/1005 1007/1007
f 1006/1006 340/340 1008/1008
f 1009/1009 323/323 1007/1007
f 323/323 1009/1009 70/70
f 933/933 996/996 998/998
f 996/996 997/997 998/998
f 931/931 933/933 998/998
f 997/997 931/931 998/998
f 931/931 997/997 984/984
f 993/993 984/984 997/997
f 1009/1009 1010/1010 1012/1012
f 993/993 992/992 999/999
f 982/982 984/984 999/999
f 1011/1011 1012/1012 1014/1014
f 1014/1014 1013/1013 1011/1011
f 80/80 1013/1013 1015/1015
f 1015/1015 84/84 80/80
f 1013/1013 1014/1014 1016/1016
f 1016/1016 1015/1015 1013/1013
f 976/976 1001/1001 1002/1002
f 330/330 1003/1003 329/329
f 1003/1003 324/324 329/329
f 1020/1020 1021/1021 1017/1017
f 333/333 1004/1004 330/330
f 324/324 1003/1003 1005/1005
f 1016/1016 1022/1022 1023/1023
f 1023/1023 1018/1018 1015/1015
f 1024/1024 1022/1022 1019/1019
f 1019/1019 1021/1021 1024/1024
f 1025/1025 1023/1023 1022/1022
f 1018/1018 1023/1023 1026/1026
f 1145/1145 1103/1103 1122/1122
f 1146/1146 1145/1145 1098/1098
f 1145/1145 1146/1146 1103/1103
f 1098/1098 1103/1103 1146/1146
f 1136/1136 1132/1132 1133/1133
f 1050/1050 1053/1053 1135/1135
f 1138/1138 1135/1135 1053/1053
f 1135/1135 1138/1138 1136/1136
f 1140/1140 1054/1054 1057/1057
f 1057/1057 1141/1141 1140/1140
f 1057/1057 1095/1095 1141/1141
f 1139/1139 1140/1140 1142/1142
f 1140/1140 1141/1141 1142/1142
f 1139/1139 1142/1142 1143/1143
f 1144/1144 1141/1141 1095/1095
f 1141/1141 1144/1144 1143/1143
f 1014/1014 1012/1012 1017/1017
f 1001/1001 976/976 978/978
f 973/973 1002/1002 1001/1001
f 973/973 976/976 1002/1002
f 1011/1011 76/76 73/73
f 1012/1012 1011/1011 1009/1009
f 85/85 1029/1029 91/91
f 1011/1011 1013/1013 76/76
f 1013/1013 80/80 76/76
f 1030/1030 1026/1026 1025/1025
f 94/94 1029/1029 1031/1031
f 1031/1031 132/132 94/94
f 1029/1029 1028/1028 1032/1032
f 1032/1032 1031/1031 1029/1029
f 1028/1028 1030/1030 1033/1033
f 1145/1145 1096/1096 1098/1098
f 1049/1049 1135/1135 1134/1134
f 1135/1135 1049/1049 1050/1050
f 1134/1134 1136/1136 1133/1133
f 1136/1136 1134/1134 1135/1135
f 1128/1128 1129/1129 1127/1127
f 1088/1088 1130/1130 1128/1128
f 1142/1142 1141/1141 1143/1143
f 1130/1130 1088/1088 1131/1131
f 1088/1088 1047/1047 1131/1131
f 1095/1095 1145/1145 1144/1144
f 1143/1143 1144/1144 1145/1145
f 1139/1139 1143/1143 1145/1145
f 1127/1127 1139/1139 1145/1145
f 1145/1145 1095/1095 1096/1096
f 1127/1127 1145/1145 1122/1122
f 1023/1023 1025/1025 1026/1026
f 1005/1005 1010/1010 1007/1007
f 1010/1010 1009/1009 1007/1007
f 1011/1011 70/70 1009/1009
f 70/70 1011/1011 73/73
f 1123/1123 1121/1121 1119/1119
f 1124/1124 1108/1108 1122/1122
f 1137/1137 1132/1132 1136/1136
f 1103/1103 1102/1102 1124/1124
f 1103/1103 1124/1124 1122/1122
f 1132/1132 1137/1137 1139/1139
f 1136/1136 1139/1139 1137/1137
f 1139/1139 1136/1136 1138/1138
f 1127/1127 1132/1132 1139/1139
f 1053/1053 1140/1140 1138/1138
f 1138/1138 1140/1140 1139/1139
f 1140/1140 1053/1053 1054/1054
f 1127/1127 1125/1125 1126/1126
f 1116/1116 1128/1128 1126/1126
f 1126/1126 1128/1128 1127/1127
f 1088/1088 1128/1128 1116/1116
f 1111/1111 1114/1114 1115/1115
f 1115/1115 1112/1112 1111/1111
f 1129/1129 1128/1128 1130/1130
f 1116/1116 1114/1114 1088/1088
f 1117/1117 1112/1112 1115/1115
f 1049/1049 1131/1131 1047/1047
f 1130/1130 1132/1132 1129/1129
f 1127/1127 1129/1129 1132/1132
f 1131/1131 1133/1133 1130/1130
f 1132/1132 1130/1130 1133/1133
f 1131/1131 1049/1049 1134/1134
f 1133/1133 1131/1131 1134/1134
f 1120/1120 1118/1118 1121/1121
f 1121/1121 1118/1118 1119/1119
f 1108/1108 1120/1120 1122/1122
f 1122/1122 1120/1120 1121/1121
f 1107/1107 1106/1106 1105/1105
f 1082/1082 1107/1107 1081/1081
f 1102/1102 1108/1108 1124/1124
f 1101/1101 1108/1108 1102/1102
f 1107/1107 1082/1082 1109/1109
f 1123/1123 1125/1125 1121/1121
f 1119/1119 1125/1125 1123/1123
f 1125/1125 1122/1122 1121/1121
f 1125/1125 1119/1119 1117/1117
f 1117/1117 1126/1126 1125/1125
f 1126/1126 1117/1117 1116/1116
f 1122/1122 1125/1125 1127/1127
f 1106/1106 1110/1110 1113/1113
f 1106/1106 1113/1113 1108/1108
f 1114/1114 1111/1111 1086/1086
f 1086/1086 1088/1088 1114/1114
f 1092/1092 1099/1099 1098/1098
f 1097/1097 1090/1090 1100/1100
f 1116/1116 1115/1115 1114/1114
f 1101/1101 1100/1100 1090/1090
f 1099/1099 1100/1100 1102/1102
f 1115/1115 1116/1116 1117/1117
f 1112/1112 1118/1118 1110/1110
f 1110/1110 1118/1118 1113/1113
f 1112/1112 1117/1117 1119/1119
f 1118/1118 1112/1112 1119/1119
f 1118/1118 1120/1120 1113/1113
f 1120/1120 1108/1108 1113/1113
f 1080/1080 1081/1081 1105/1105
f 1106/1106 1101/1101 1104/1104
f 1104/1104 1105/1105 1106/1106
f 1107/1107 1105/1105 1081/1081
f 1064/1064 1091/1091 1061/1061
f 1091/1091 1059/1059 1061/1061
f 1108/1108 1101/1101 1106/1106
f 1092/1092 1091/1091 1089/1089
f 1093/1093 1059/1059 1091/1091
f 1084/1084 1109/1109 1082/1082
f 1106/1106 1107/1107 1110/1110
f 1109/1109 1110/1110 1107/1107
f 1109/1109 1084/1084 1111/1111
f 1084/1084 1086/1086 1111/1111
f 1110/1110 1109/1109 1112/1112
f 1111/1111 1112/1112 1109/1109
f 1092/1092 1087/1087 1097/1097
f 1090/1090 1097/1097 1087/1087
f 1096/1096 1092/1092 1098/1098
f 1099/1099 1092/1092 1097/1097
f 1073/1073 1080/1080 1083/1083
f 1083/1083 1070/1070 1073/1073
f 1100/1100 1099/1099 1097/1097
f 1042/1042 1043/1043 1084/1084
f 1070/1070 1083/1083 1085/1085
f 1102/1102 1100/1100 1101/1101
f 1103/1103 1098/1098 1099/1099
f 1099/1099 1102/1102 1103/1103
f 1090/1090 1104/1104 1101/1101
f 1090/1090 1083/1083 1104/1104
f 1083/1083 1080/1080 1104/1104
f 1080/1080 1105/1105 1104/1104
f 1071/1071 1089/1089 1064/1064
f 1087/1087 1085/1085 1090/1090
f 1085/1085 1083/1083 1090/1090
f 1091/1091 1064/1064 1089/1089
f 1076/1076 1075/1075 1074/1074
f 350/350 1036/1036 1076/1076
f 1089/1089 1087/1087 1092/1092
f 1075/1075 1076/1076 1077/1077
f 1038/1038 1077/1077 1036/1036
f 1091/1091 1092/1092 1093/1093
f 1059/1059 1093/1093 1094/1094
f 1057/1057 1059/1059 1094/1094
f 1094/1094 1093/1093 1095/1095
f 1095/1095 1057/1057 1094/1094
f 1092/1092 1096/1096 1093/1093
f 1093/1093 1096/1096 1095/1095
f 1040/1040 1081/1081 1078/1078
f 1081/1081 1080/1080 1078/1078
f 1082/1082 1081/1081 1040/1040
f 1042/1042 1082/1082 1040/1040
f 1067/1067 1006/1006 1069/1069
f 1006/1006 1008/1008 1069/1069
f 1082/1082 1042/1042 1084/1084
f 1070/1070 1067/1067 1069/1069
f 1064/1064 1068/1068 1071/1071
f 1071/1071 1070/1070 1085/1085
f 1086/1086 1084/1084 1043/1043
f 1043/1043 1045/1045 1086/1086
f 1085/1085 1087/1087 1071/1071
f 1088/1088 1086/1086 1045/1045
f 1047/1047 1088/1088 1045/1045
f 1089/1089 1071/1071 1087/1087
f 350/350 1074/1074 343/343
f 1072/1072 1074/1074 1075/1075
f 1072/1072 1075/1075 1073/1073
f 1074/1074 350/350 1076/1076
f 1010/1010 1062/1062 1058/1058
f 1061/1061 1058/1058 1062/1062
f 1077/1077 1076/1076 1036/1036
f 1010/1010 1005/1005 1063/1063
f 1063/1063 1005/1005 1003/1003
f 1040/1040 1077/1077 1038/1038
f 1078/1078 1075/1075 1077/1077
f 1077/1077 1040/1040 1078/1078
f 1075/1075 1078/1078 1079/1079
f 1075/1075 1079/1079 1073/1073
f 1079/1079 1078/1078 1080/1080
f 1080/1080 1073/1073 1079/1079
f 1004/1004 1006/1006 1067/1067
f 1065/1065 1068/1068 1066/1066
f 1068/1068 1065/1065 1067/1067
f 1068/1068 1064/1064 1066/1066
f 1053/1053 1050/1050 1051/1051
f 1054/1054 1051/1051 1052/1052
f 1067/1067 1070/1070 1068/1068
f 1021/1021 1055/1055 1052/1052
f 1055/1055 1054/1054 1052/1052
f 1068/1068 1070/1070 1071/1071
f 1069/1069 1008/1008 1072/1072
f 1069/1069 1073/1073 1070/1070
f 1073/1073 1069/1069 1072/1072
f 1074/1074 1072/1072 1008/1008
f 1074/1074 1008/1008 340/340
f 340/340 343/343 1074/1074
f 1056/1056 1058/1058 1060/1060
f 1059/1059 1056/1056 1060/1060
f 1058/1058 1061/1061 1060/1060
f 1060/1060 1061/1061 1059/1059
f 1025/1025 1044/1044 1030/1030
f 1045/1045 1043/1043 1041/1041
f 1062/1062 1010/1010 1063/1063
f 1041/1041 1047/1047 1045/1045
f 1047/1047 1041/1041 1044/1044
f 1062/1062 1064/1064 1061/1061
f 1065/1065 1063/1063 1003/1003
f 1003/1003 1004/1004 1065/1065
f 1063/1063 1066/1066 1062/1062
f 1066/1066 1063/1063 1065/1065
f 1064/1064 1062/1062 1066/1066
f 1067/1067 1065/1065 1004/1004
f 1051/1051 1048/1048 1024/1024
f 1048/1048 1051/1051 1050/1050
f 1024/1024 1052/1052 1051/1051
f 1052/1052 1024/1024 1021/1021
f 1036/1036 350/350 136/136
f 1034/1034 1031/1031 1037/1037
f 1051/1051 1054/1054 1053/1053
f 1036/1036 1034/1034 1038/1038
f 1037/1037 1038/1038 1034/1034
f 1055/1055 1021/1021 1056/1056
f 1056/1056 1021/1021 1020/1020
f 1054/1054 1055/1055 1057/1057
f 1058/1058 1056/1056 1020/1020
f 1010/1010 1058/1058 1020/1020
f 1056/1056 1059/1059 1055/1055
f 1059/1059 1057/1057 1055/1055
f 1040/1040 1037/1037 1042/1042
f 1039/1039 1041/1041 1043/1043
f 1043/1043 1042/1042 1039/1039
f 1044/1044 1041/1041 1030/1030
f 1029/1029 85/85 1027/1027
f 1028/1028 1029/1029 1027/1027
f 1044/1044 1025/1025 1046/1046
f 1029/1029 94/94 91/91
f 1026/1026 1030/1030 1028/1028
f 1025/1025 1048/1048 1046/1046
f 1048/1048 1025/1025 1022/1022
f 1022/1022 1024/1024 1048/1048
f 1049/1049 1044/1044 1046/1046
f 1044/1044 1049/1049 1047/1047
f 1050/1050 1046/1046 1048/1048
f 1046/1046 1050/1050 1049/1049
f 132/132 1031/1031 1034/1034
f 1034/1034 136/136 132/132
f 1031/1031 1032/1032 1035/1035
f 136/136 1034/1034 1036/1036
f 1012/1012 1010/1010 1020/1020
f 1021/1021 1019/1019 1017/1017
f 1037/1037 1031/1031 1035/1035
f 1022/1022 1016/1016 1019/1019
f 1015/1015 1016/1016 1023/1023
f 1035/1035 1032/1032 1039/1039
f 1039/1039 1037/1037 1035/1035
f 1039/1039 1032/1032 1033/1033
f 1037/1037 1040/1040 1038/1038
f 1041/1041 1039/1039 1033/1033
f 1030/1030 1041/1041 1033/1033
f 1037/1037 1039/1039 1042/1042
f 1027/1027 84/84 1018/1018
f 1026/1026 1027/1027 1018/1018
f 84/84 1027/1027 85/85
f 1027/1027 1026/1026 1028/1028
f 33/33 45/45 42/42
f 45/45 44/44 42/42
f 43/43 46/46 40/40
f 41/41 40/40 46/46
f 45/45 33/33 47/47
f 30/30 47/47 33/33
f 48/48 47/47 30/30
f 47/47 48/48 50/50
f 48/48 51/51 50/50
f 25/25 26/26 32/32
f 27/27 30/30 33/33
f 34/34 26/26 27/27
f 26/26 34/34 32/32
f 33/33 34/34 27/27
f 32/32 35/35 25/25
f 24/24 25/25 35/35
f 13/13 14/14 20/20
f 19/19 15/15 17/17
f 17/17 15/15 12/12
f 14/14 12/12 15/15
f 1/1 3/3 6/6

