# https://github.com/mikedh/trimesh
mtllib material.mtl
usemtl M_UE4Man_ChestLogo
v -0.07643074 -0.09064599 0.05958800
v -0.07643074 -0.09064599 0.05958800
v -0.07643074 -0.09064599 0.05958800
v -0.08386261 -0.09351560 0.04790740
v -0.08386261 -0.09351560 0.04790740
v -0.07326103 -0.08863445 0.05848424
v -0.07326103 -0.08863445 0.05848424
v -0.07992191 -0.08821412 0.04230599
v -0.09063674 -0.08965393 0.04082636
v -0.09063674 -0.08965393 0.04082636
v -0.07014627 -0.08937558 0.05756383
v -0.07014627 -0.08937558 0.05756383
v -0.08751679 -0.08250877 0.03446059
v -0.09718705 -0.08152743 0.03580515
v -0.09718705 -0.08152743 0.03580515
v -0.07775230 -0.08978852 0.03940801
v -0.06327725 -0.08304700 0.05162422
v -0.06327725 -0.08304700 0.05162422
v -0.09457207 -0.07542249 0.03056888
v -0.10180051 -0.07606598 0.03522412
v -0.10180051 -0.07606598 0.03522412
v -0.08669585 -0.08423802 0.02859251
v -0.07078189 -0.08456632 0.03422956
v -0.03788704 -0.06802972 0.03513078
v -0.03788704 -0.06802972 0.03513078
v -0.07897151 -0.07959362 0.02283864
v -0.04794461 -0.07139369 0.01914267
v -0.01259310 -0.05717202 0.02189831
v -0.01259310 -0.05717202 0.02189831
v -0.05817932 -0.06788059 0.00795226
v -0.02121860 -0.05932113 0.00317244
v 0.02807778 -0.04308232 -0.00552233
v 0.02807778 -0.04308232 -0.00552233
v 0.01802581 -0.04371854 -0.02437051
v 0.04470413 -0.03404983 -0.01637955
v 0.04470413 -0.03404983 -0.01637955
v -0.02927739 -0.05546030 -0.01764555
v 0.03569966 -0.03413745 -0.03604241
v 0.05856633 -0.02651914 -0.02543171
v 0.05856633 -0.02651914 -0.02543171
v 0.00376951 -0.03816386 -0.04246159
v 0.05680143 -0.02269813 -0.04997797
v 0.06911963 -0.01912781 -0.03234573
v 0.06911963 -0.01912781 -0.03234573
v 0.02196925 -0.02803846 -0.05385013
v 0.04367238 -0.01596388 -0.06743093
v 0.07007700 -0.01574751 -0.04576631
v 0.07486122 -0.01202115 -0.03346284
v 0.07486122 -0.01202115 -0.03346284
v 0.07666862 -0.01003667 -0.04879792
v 0.07497113 -0.01029810 -0.03404875
v 0.07497113 -0.01029810 -0.03404875
v 0.07038825 -0.01315304 -0.05924113
v 0.07726246 -0.00870546 -0.04895754
v 0.07389932 -0.00595673 -0.03496428
v 0.07389932 -0.00595673 -0.03496428
v 0.07848066 -0.00652012 -0.06559415
v 0.06288510 -0.00898012 -0.07247146
v 0.07430827 -0.00423368 -0.07436617
v 0.07909285 -0.00559732 -0.06563969
v 0.07604247 -0.00330135 -0.04943021
v 0.07731312 -0.00106152 -0.03700526
v 0.07731312 -0.00106152 -0.03700526
v 0.07773166 0.00016896 -0.05059107
v 0.07812470 0.00008277 -0.03741391
v 0.07812470 0.00008277 -0.03741391
v 0.07829386 0.00002030 -0.06431361
v 0.07401901 0.00261799 -0.07222505
v 0.07873743 0.00212327 -0.06429310
v 0.07819670 0.00123683 -0.05093630
v 0.07476115 -0.00278660 -0.07451506
v 0.07483112 0.00416914 -0.07280691
v 0.07186198 -0.00342437 -0.07756682
v 0.07136273 0.00353245 -0.07575043
v 0.07218307 -0.00189539 -0.07746179
v 0.07066267 -0.00188120 -0.07777186
v 0.07059150 -0.00335296 -0.07795985
v 0.05038249 -0.00435361 -0.07986422
v 0.05048566 -0.00290092 -0.08010347
v 0.04650908 -0.00728985 -0.07630320
v 0.04612529 -0.00237139 -0.08100672
v 0.04493451 -0.00365206 -0.08055015
v 0.03606480 -0.00474592 -0.07747884
v 0.03184014 -0.00782152 -0.07468720
v 0.03888529 0.00186161 -0.08218844
v 0.01261502 -0.01933011 -0.06125672
v 0.03996014 0.00299589 -0.08198579
v -0.00699509 -0.03106888 -0.04755743
v 0.02019447 0.00440840 -0.07761200
v -0.03645319 -0.04639538 -0.02499290
v 0.00141412 -0.00661882 -0.06343921
v -0.06781990 -0.06148025 0.00248377
v -0.01751894 -0.01773592 -0.04915126
v -0.04458851 -0.03374489 -0.02738197
v -0.08801419 -0.07175609 0.01721756
v -0.07535732 -0.05380138 0.00152151
v -0.09459097 -0.07541927 0.02348714
v -0.09376157 -0.06433257 0.01729087
v -0.08140201 -0.04424282 0.00391595
v -0.09891338 -0.07016381 0.03042857
v -0.10830027 -0.06895562 0.03671615
v -0.10830027 -0.06895562 0.03671615
v -0.10015607 -0.06903859 0.02394633
v -0.10120696 -0.05797084 0.02013342
v -0.10794938 -0.06332501 0.02748828
v -0.10553718 -0.06526776 0.03329401
v -0.11590124 -0.06352254 0.04030709
v -0.11590124 -0.06352254 0.04030709
v -0.10892439 -0.05257233 0.02594738
v -0.11598236 -0.06183978 0.03937082
v -0.12574429 -0.06048425 0.05063002
v -0.12574429 -0.06048425 0.05063002
v -0.11711127 -0.05929907 0.03379314
v -0.12560803 -0.05899604 0.05110030
v -0.12840033 -0.05888137 0.05549030
v -0.12840033 -0.05888137 0.05549030
v -0.12867547 -0.05554935 0.05076663
v -0.12736637 -0.05770739 0.05549435
v -0.12887234 -0.05730077 0.06063299
v -0.12887234 -0.05730077 0.06063299
v -0.12804670 -0.05623838 0.06035225
v -0.12420899 -0.05272266 0.07403140
v -0.12420899 -0.05272266 0.07403140
v -0.13018078 -0.05433568 0.05578582
v -0.12976659 -0.05304714 0.06101350
v -0.12546671 -0.04903384 0.07345180
v -0.11939657 -0.05125936 0.07829802
v -0.12976414 -0.05245134 0.06062226
v -0.12524814 -0.04831215 0.07299380
v -0.13015229 -0.05378171 0.05531029
v -0.12862087 -0.05503734 0.05020682
v -0.12146897 -0.04655155 0.05427425
v -0.11915505 -0.04956123 0.04184012
v -0.12127179 -0.04809388 0.04795293
v -0.08744032 -0.02741893 0.01927738
v -0.11728865 -0.04312404 0.06759982
v -0.08399380 -0.01953682 0.03209691
v -0.08681608 -0.03826710 0.00776128
v -0.04950911 0.00665096 0.00174360
v -0.04980523 -0.02259430 -0.02628942
v -0.05466772 -0.00072487 -0.01167555
v -0.05466426 -0.01273259 -0.02245863
v -0.02402682 -0.00650521 -0.04842301
v -0.00577349 0.00335876 -0.06291969
v -0.03032387 0.00369564 -0.04524095
v -0.03008527 0.01407353 -0.03281231
v -0.01189030 0.01141611 -0.05892415
v -0.01228303 0.01913277 -0.05442412
v 0.01216334 0.01305179 -0.07716520
v 0.00783717 0.01950768 -0.07402475
v 0.00776415 0.02277151 -0.07224865
v 0.02360480 0.00612370 -0.07971211
v 0.01465600 0.01716558 -0.08052607
v 0.01303172 0.02296440 -0.07826145
v 0.02061074 0.02183298 -0.08428808
v 0.03053265 0.00980941 -0.08372898
v 0.01935100 0.02901427 -0.08335538
v 0.02182048 0.02226535 -0.08386810
v 0.01226764 0.02586571 -0.07721897
v 0.03148478 0.01101533 -0.08310397
v 0.00788360 0.02494053 -0.07209630
v -0.01188535 0.02132026 -0.05298419
v 0.00497245 0.03358761 -0.07463355
v -0.02998871 0.01697139 -0.03066655
v 0.01530462 0.03780106 -0.08293231
v -0.01453478 0.02865604 -0.05446167
v 0.02317792 0.03727881 -0.08737393
v -0.03237647 0.02299587 -0.03108426
v -0.01532716 0.03297118 -0.05401976
v -0.03296918 0.02674345 -0.03030844
v -0.05034125 0.01638357 0.00321703
v -0.04892481 0.00978545 0.00228791
v -0.05072553 0.02025608 0.00615935
v -0.08003909 -0.01558312 0.03989534
v -0.08032787 -0.01293870 0.04315500
v -0.08075661 -0.01698288 0.03796033
v -0.11157197 -0.04104551 0.07294516
v -0.11881543 -0.04596635 0.08052735
v -0.11886812 -0.04689273 0.08066241
v -0.11295623 -0.04431363 0.08321254
v -0.11349297 -0.04538866 0.08301501
v -0.11243052 -0.05030700 0.08016293
v -0.10523230 -0.04037007 0.07636146
v -0.10195452 -0.04408237 0.08438997
v -0.10328985 -0.04975589 0.08091371
v -0.07747061 -0.01172837 0.04551212
v -0.04846168 0.02231077 0.01285975
v -0.07552946 -0.01208635 0.04808204
v -0.04592151 0.02155475 0.02131180
v -0.09637040 -0.04006775 0.07944100
v -0.03693957 0.01802293 0.03725485
v -0.06906129 -0.01485559 0.05631988
v -0.02389688 0.04358605 0.00921111
v -0.02856625 0.04298202 -0.00106843
v -0.01170630 0.04139773 0.02563123
v -0.01188690 0.05353907 0.00306599
v -0.03209109 0.04024688 -0.01230152
v -0.01636917 0.05231301 -0.00814350
v 0.00089192 0.05242363 0.01904754
v -0.03188015 0.03564421 -0.02191205
v 0.00032812 0.06279305 -0.00243969
v -0.02024556 0.05021862 -0.01896925
v -0.00526524 0.06053869 -0.01353724
v -0.03242010 0.03123132 -0.02607484
v -0.02124882 0.04529802 -0.03282364
v -0.01704759 0.03761736 -0.04786904
v -0.01884258 0.04246453 -0.04145201
v -0.00861949 0.05809215 -0.02437110
v -0.00875736 0.05249993 -0.04280289
v -0.00413949 0.04855636 -0.05778630
v 0.00012165 0.04314736 -0.06789859
v 0.00398045 0.03847019 -0.07452543
v 0.00851422 0.05226902 -0.07059892
v 0.01522976 0.04280774 -0.08242948
v 0.01281148 0.04819218 -0.07735057
v 0.00307315 0.05658118 -0.05670197
v 0.02496498 0.04196135 -0.08955164
v 0.00160926 0.06028692 -0.04325362
v 0.02483624 0.04572419 -0.08927579
v 0.00240319 0.06401972 -0.02797408
v 0.01042514 0.06362335 -0.04523893
v 0.00523364 0.06687895 -0.01784952
v 0.01068401 0.06766394 -0.02972563
v 0.00974935 0.06869522 -0.00744875
v 0.01343184 0.07060090 -0.02025481
v 0.01512014 0.06388394 0.01166265
v 0.01741975 0.07281033 -0.01056500
v 0.02324187 0.06951562 0.00809495
v 0.01534831 0.07086197 -0.02083094
v 0.01283127 0.06792263 -0.03048559
v 0.01963955 0.07301060 -0.01158126
v 0.01269716 0.06393830 -0.04488654
v 0.02076411 0.06778840 -0.02326019
v 0.01223009 0.05949203 -0.06100793
v 0.01840096 0.06135527 -0.04442115
v 0.01779824 0.05572215 -0.07490571
v 0.01477080 0.05964092 -0.06090517
v 0.02068525 0.05239538 -0.08106048
v 0.01867109 0.06509308 -0.03106411
v 0.02343672 0.04870025 -0.08717127
v 0.02197062 0.05285314 -0.08024259
v 0.02519935 0.04911045 -0.08698817
v 0.01929759 0.05612091 -0.07441039
v 0.02156168 0.05740515 -0.06210788
v 0.02539378 0.05517427 -0.07239838
v 0.02194541 0.06295685 -0.04430731
v 0.02575665 0.05910925 -0.06252904
v 0.02756386 0.05270056 -0.07760342
v 0.02146458 0.06490616 -0.03179701
v 0.02922767 0.05730835 -0.07244237
v 0.02990031 0.04922453 -0.08270355
v 0.03203505 0.05528466 -0.07995136
v 0.03167158 0.05571739 -0.06939550
v 0.03011268 0.04626373 -0.08360441
v 0.03543215 0.05325905 -0.07769950
v 0.02645671 0.04579178 -0.08875819
v 0.03276771 0.04977230 -0.08365817
v 0.02631634 0.04197661 -0.08880957
v 0.02975624 0.04170195 -0.08472748
v 0.02439254 0.03706864 -0.08658536
v 0.03323775 0.04598442 -0.08616062
v 0.02068763 0.02864317 -0.08305509
v 0.02802288 0.03746919 -0.08271094
v 0.02590739 0.02375296 -0.08025725
v 0.02440714 0.02942518 -0.08009370
v 0.03356367 0.01471070 -0.07912441
v 0.03054362 0.02610866 -0.08338960
v 0.02956491 0.03018681 -0.08412202
v 0.03116619 0.03714327 -0.08528896
v 0.03241676 0.04095844 -0.08590908
v 0.03070598 0.03057400 -0.08296962
v 0.03228557 0.03696743 -0.08491798
v 0.03330117 0.04083136 -0.08557470
v 0.03186810 0.02695803 -0.08325537
v 0.03484415 0.03683845 -0.08153410
v 0.03764206 0.01879302 -0.08228119
v 0.03351116 0.02820555 -0.07878514
v 0.04366737 0.00543860 -0.07769628
v 0.03199380 0.03169445 -0.07779141
v 0.04746562 0.00213913 -0.07733496
v 0.04839885 0.00818638 -0.08070894
v 0.05136328 0.00157563 -0.07710548
v 0.05334883 0.00443999 -0.08002289
v 0.04903238 0.00920609 -0.08078463
v 0.06981307 0.00327007 -0.07578214
v 0.05536419 0.00381867 -0.07926853
v 0.05420082 0.00517777 -0.07989843
v 0.03864788 0.01962665 -0.08195408
v 0.05024153 0.01190833 -0.07669528
v 0.03981393 0.02083281 -0.07833584
v 0.03819012 0.03248838 -0.08405848
v 0.04602396 0.02474157 -0.08446141
v 0.05694502 0.01593534 -0.08275242
v 0.04752665 0.02596775 -0.08525725
v 0.03923195 0.03394059 -0.08451267
v 0.05530494 0.00856642 -0.07515962
v 0.03569322 0.04012195 -0.08190782
v 0.05590683 0.00511352 -0.07950290
v 0.03710544 0.04501346 -0.08284088
v 0.06979292 0.00500671 -0.07684203
v 0.03414469 0.04588226 -0.08569916
v 0.07147425 0.00512055 -0.07588907
v 0.03404581 0.04984836 -0.08416112
v 0.03685611 0.04821304 -0.08153410
v 0.03726726 0.04333774 -0.07759614
v 0.03449261 0.04881255 -0.07073338
v 0.03807753 0.04118911 -0.08029492
v 0.03608107 0.04645780 -0.06817539
v 0.04206341 0.03559724 -0.08299168
v 0.03980266 0.04093210 -0.07726045
v 0.03327190 0.05185942 -0.06671973
v 0.04926675 0.02883521 -0.08367284
v 0.02908486 0.05713169 -0.06111427
v 0.02667278 0.06047396 -0.04300876
v 0.03197026 0.05465714 -0.06079276
v 0.03461498 0.05005256 -0.06351145
v 0.02554029 0.06229774 -0.03091283
v 0.04226058 0.05220977 -0.06966646
v 0.03005653 0.05840114 -0.04247530
v 0.02474284 0.06671230 -0.02300747
v 0.02970576 0.05998842 -0.03017469
v 0.02491360 0.06939713 -0.01325853
v 0.02731853 0.06322292 -0.02342136
v 0.03415817 0.07114903 -0.00290127
v 0.03063273 0.06147245 -0.02368863
v 0.03182357 0.07437292 0.00271265
v 0.03940468 0.06967811 -0.03175779
v 0.03940468 0.06967811 -0.03175779
v 0.03829628 0.06563500 -0.04389985
v 0.03829628 0.06563500 -0.04389985
v 0.04014199 0.06411532 -0.05766936
v 0.04014199 0.06411532 -0.05766936
v 0.03984695 0.07200447 -0.02413650
v 0.04403287 0.07691399 -0.02285917
v 0.04403287 0.07691399 -0.02285917
v 0.04051071 0.06274430 -0.06310149
v 0.04501014 0.06664089 -0.06702729
v 0.04501014 0.06664089 -0.06702729
v 0.04350143 0.07648484 -0.02058132
v 0.05059349 0.08526806 -0.01661678
v 0.05059349 0.08526806 -0.01661678
v 0.04414588 0.06446508 -0.06802090
v 0.05144327 0.07103125 -0.07548674
v 0.05144327 0.07103125 -0.07548674
v 0.03976577 0.05990354 -0.06374295
v 0.05188637 0.06909946 -0.07758875
v 0.04174053 0.05415312 -0.06590183
v 0.04519325 0.06217007 -0.06824799
v 0.04602736 0.05566672 -0.06540664
v 0.04510122 0.05147783 -0.06848116
v 0.05284529 0.06753448 -0.07764991
v 0.06087565 0.07560817 -0.08295746
v 0.05994182 0.07771698 -0.08139248
v 0.05994182 0.07771698 -0.08139248
v 0.05727458 0.06329898 -0.07838221
v 0.06168991 0.07477454 -0.08364101
v 0.06978124 0.08490030 -0.08562632
v 0.06837809 0.08614222 -0.08342619
v 0.06837809 0.08614222 -0.08342619
v 0.07717239 0.09485558 -0.08169980
v 0.07717239 0.09485558 -0.08169980
v 0.07827120 0.09476773 -0.08301480
v 0.07827120 0.09476773 -0.08301480
v 0.07124549 0.08356480 -0.08495946
v 0.07947534 0.09401492 -0.08357914
v 0.07947534 0.09401492 -0.08357914
v 0.08514112 0.08919708 -0.08336027
v 0.08514112 0.08919708 -0.08336027
v 0.07473796 0.07848600 -0.08536716
v 0.08626753 0.08567170 -0.08057948
v 0.08626753 0.08567170 -0.08057948
v 0.06599408 0.06981400 -0.08306249
v 0.07737594 0.07520536 -0.08189793
v 0.08010297 0.07368437 -0.08582611
v 0.08974957 0.08379058 -0.08365078
v 0.08974957 0.08379058 -0.08365078
v 0.06813460 0.06690768 -0.07859464
v 0.09289711 0.08124546 -0.08279629
v 0.09289711 0.08124546 -0.08279629
v 0.06103068 0.06005708 -0.07325776
v 0.07040566 0.06491248 -0.08378024
v 0.06069868 0.05642978 -0.07739599
v 0.08279830 0.07029394 -0.08513029
v 0.07321941 0.06138579 -0.08284755
v 0.08503824 0.06908969 -0.08718593
v 0.09559005 0.07941440 -0.08471282
v 0.09559005 0.07941440 -0.08471282
v 0.10854047 0.06658474 -0.08162446
v 0.10854047 0.06658474 -0.08162446
v 0.07430094 0.05916540 -0.08476897
v 0.09776407 0.05530671 -0.08410247
v 0.09770792 0.05484775 -0.08217378
v 0.10844284 0.06612328 -0.07950039
v 0.10844284 0.06612328 -0.07950039
v 0.08641821 0.04503135 -0.08206923
v 0.06319373 0.05256132 -0.07599218
v 0.07576590 0.03606156 -0.07448240
v 0.05252450 0.05042473 -0.06712563
v 0.06309491 0.04905788 -0.07704194
v 0.05553573 0.04681472 -0.06498952
v 0.04630702 0.04952172 -0.06883366
v 0.05509179 0.04407004 -0.06673737
v 0.05060201 0.05507592 -0.07904394
v 0.04626578 0.04872517 -0.06899650
v 0.04759460 0.04436795 -0.07473226
v 0.05039101 0.05379764 -0.07933934
v 0.04888588 0.05536894 -0.08083828
v 0.04713052 0.05319861 -0.08042081
v 0.04874920 0.05397014 -0.08115085
v 0.04983073 0.04755155 -0.08190771
v 0.04794234 0.04774443 -0.08389743
v 0.04683512 0.04676668 -0.08340664
v 0.04995340 0.04021016 -0.07694705
v 0.05183148 0.04357211 -0.08368500
v 0.05006879 0.04273955 -0.08640714
v 0.04912942 0.04204623 -0.08621188
v 0.04456096 0.03598539 -0.08091648
v 0.04981791 0.03039709 -0.07929297
v 0.06781798 0.02589337 -0.08013983
v 0.06964015 0.02878467 -0.07720430
v 0.06854456 0.02636198 -0.08024736
v 0.05941206 0.02026645 -0.08201881
v 0.05959880 0.02198044 -0.07691009
v 0.05789106 0.01725499 -0.08350189
v 0.06687325 0.01578144 -0.07778831
v 0.06459456 0.01865975 -0.07236727
v 0.06414896 0.01118246 -0.07958837
v 0.06515240 0.01246027 -0.07968111
v 0.05722457 0.00796298 -0.07489355
v 0.06890541 0.00866143 -0.07535692
v 0.06954955 0.00614563 -0.07675238
v 0.06948834 0.01014224 -0.07469697
v 0.07155317 0.00624517 -0.07598729
v 0.07075482 0.00873808 -0.07524259
v 0.07529336 0.00505225 -0.07313819
v 0.07439285 0.00821606 -0.07166906
v 0.07894921 0.00312737 -0.06428333
v 0.07758468 0.00633816 -0.06293304
v 0.07263469 0.00862972 -0.06926973
v 0.07309597 0.01145748 -0.06794591
v 0.07631289 0.00566236 -0.05777152
v 0.07723182 0.00469390 -0.05064114
v 0.07699507 0.00338808 -0.03693600
v 0.07699507 0.00338808 -0.03693600
v 0.07838731 0.00855974 -0.03865512
v 0.07838731 0.00855974 -0.03865512
v 0.07681906 0.00870065 -0.05687995
v 0.07769817 0.00902144 -0.05024500
v 0.07707804 0.01184586 -0.04011901
v 0.07707804 0.01184586 -0.04011901
v 0.07742959 0.01073150 -0.05032285
v 0.08478862 0.01893858 -0.04363020
v 0.08478862 0.01893858 -0.04363020
v 0.08478862 0.01893858 -0.04363020
v 0.06977218 0.01633064 -0.06490357
v 0.07239729 0.01501194 -0.05383869
v 0.08474403 0.01756624 -0.05124112
v 0.09025847 0.02060059 -0.05500193
v 0.09025847 0.02060059 -0.05500193
v 0.07774317 0.01947013 -0.05714496
v 0.08856695 0.02011434 -0.05583723
v 0.07630711 0.02045838 -0.06401129
v 0.09607779 0.02532939 -0.06520315
v 0.09722900 0.02520124 -0.06422122
v 0.09722900 0.02520124 -0.06422122
v 0.08685594 0.02008907 -0.05658348
v 0.08311611 0.01673523 -0.05297275
v 0.10488772 0.03252379 -0.07120390
v 0.10565560 0.03218023 -0.07014079
v 0.10565560 0.03218023 -0.07014079
v 0.09537029 0.02621130 -0.06744726
v 0.11353140 0.04053108 -0.07322152
v 0.11454242 0.04067496 -0.07204087
v 0.11454242 0.04067496 -0.07204087
v 0.12281823 0.04966084 -0.06969233
v 0.12281823 0.04966084 -0.06969233
v 0.12281823 0.04966084 -0.06969233
v 0.12284213 0.05054275 -0.07128187
v 0.12284213 0.05054275 -0.07128187
v 0.11288368 0.04151360 -0.07472594
v 0.12226676 0.05194107 -0.07252462
v 0.12226676 0.05194107 -0.07252462
v 0.10428208 0.03303579 -0.07252880
v 0.10780936 0.04660241 -0.07773610
v 0.11760669 0.05775646 -0.07539506
v 0.11760669 0.05775646 -0.07539506
v 0.11279582 0.06017248 -0.07376798
v 0.11279582 0.06017248 -0.07376798
v 0.09876161 0.03824238 -0.07580920
v 0.10345500 0.04921416 -0.07617278
v 0.08913034 0.03103057 -0.07013734
v 0.09372848 0.04144982 -0.07355078
v 0.10193401 0.05120818 -0.08077486
v 0.11292278 0.06218783 -0.07787938
v 0.11292278 0.06218783 -0.07787938
v 0.09294474 0.04159705 -0.07821138
v 0.08734661 0.04500822 -0.07920499
v 0.08325970 0.03343705 -0.07181247
v 0.07664126 0.03638641 -0.07297392
v 0.08404582 0.03452674 -0.06649990
v 0.07533997 0.02901558 -0.06378754
v 0.06925827 0.03185514 -0.06585367
v 0.07047426 0.03188638 -0.06546469
v 0.06692403 0.02568416 -0.06952496
v 0.07175457 0.02487854 -0.06546564
v 0.07363724 0.02760509 -0.07444377
v 0.07859444 0.02760450 -0.07166560
v 0.07379436 0.02497069 -0.07644375
v 0.07355994 0.02404562 -0.07611664
v 0.07961708 0.02516571 -0.07277198
v 0.08033209 0.02406172 -0.07071693
v 0.08138185 0.02784709 -0.06966753
v 0.08217304 0.02546207 -0.07058473
v 0.07686036 0.02167980 -0.06269045
v 0.07564520 0.02497605 -0.06194015
v 0.07836013 0.02150384 -0.05574663
v 0.07711178 0.02746765 -0.06015141
v 0.08076995 0.02471856 -0.05932255
v 0.08328175 0.02093951 -0.03038283
v 0.08328175 0.02093951 -0.03038283
v 0.07679241 0.01428429 -0.02864011
v 0.07726359 0.01791886 -0.01799472
v 0.08501833 0.02558831 -0.01972230
v 0.08501833 0.02558831 -0.01972230
v 0.07842034 0.01042251 -0.02611597
v 0.07713443 0.00580076 -0.02311058
v 0.07850629 0.01510159 -0.01673885
v 0.07752483 0.00280551 -0.02085419
v 0.07664102 0.01059417 -0.01392670
v 0.07662695 0.00153057 -0.01985784
v 0.07810836 0.00780991 -0.01102443
v 0.07634753 0.01497725 -0.00823124
v 0.07348430 -0.00293180 -0.01637049
v 0.07663863 0.00644819 -0.01045568
v 0.07517379 -0.00722691 -0.01554902
v 0.07384806 0.00172273 -0.00603850
v 0.07478803 -0.00882050 -0.01497288
v 0.07478070 -0.00060578 -0.00304289
v 0.07325237 0.00977210 0.00232081
v 0.06901365 -0.01447555 -0.01100536
v 0.07417279 -0.00186249 -0.00190277
v 0.07442182 0.00722937 0.00604157
v 0.05834406 -0.02194413 -0.00348492
v 0.06894904 -0.00669976 0.00093941
v 0.04973202 -0.02795490 0.00292818
v 0.05922901 -0.00456914 0.01537161
v 0.03401756 -0.03567942 0.01164024
v 0.05095153 -0.01126763 0.02009360
v -0.00780798 -0.04824051 0.03516917
v 0.03525912 -0.01987930 0.02801983
v -0.03531910 -0.05909642 0.04746561
v -0.00568265 -0.03465661 0.04515998
v -0.06144989 -0.07816514 0.06057982
v -0.03491158 -0.04735263 0.05818026
v -0.06163192 -0.07257708 0.06814758
v -0.06850446 -0.08376595 0.06672899
v -0.07160354 -0.08298954 0.06699137
v -0.07447970 -0.08427271 0.06927125
v -0.06768871 -0.07700428 0.07341282
v -0.06369234 -0.06623431 0.07406895
v -0.07157368 -0.07540699 0.07218806
v -0.06776184 -0.06871029 0.07876472
v -0.06778414 -0.05536409 0.07816522
v -0.07235045 -0.05861291 0.08141892
v -0.07186699 -0.06918212 0.07689910
v -0.03874374 -0.03718706 0.06338184
v -0.00669486 -0.01952513 0.05106465
v -0.04784257 -0.02705141 0.06540744
v 0.02971702 0.00000504 0.03867130
v -0.01679773 -0.00025507 0.05222516
v -0.07461143 -0.04762920 0.07999282
v 0.04604822 0.01150016 0.03072981
v 0.01311916 0.02709369 0.03845398
v -0.02702350 0.01102821 0.04735033
v -0.00061828 0.03598586 0.03506546
v -0.05855132 -0.01807245 0.06278567
v 0.01165515 0.04800025 0.02790944
v -0.08829427 -0.04150995 0.08063798
v -0.07955403 -0.05060848 0.08393435
v -0.09193814 -0.04511400 0.08491664
v -0.08218617 -0.05415102 0.08088581
v -0.09335441 -0.04936572 0.08115153
v -0.07543660 -0.06089350 0.07846622
v -0.08429057 -0.05729517 0.08032696
v -0.07571143 -0.07015213 0.07677309
v -0.07957709 -0.06243547 0.07964294
v -0.08219165 -0.06376310 0.07823591
v -0.09562648 -0.05099627 0.08110134
v -0.08798028 -0.05894157 0.07946078
v -0.09677792 -0.05457171 0.08004765
v -0.10545636 -0.05317899 0.08000629
v -0.08809168 -0.05856165 0.07816856
v -0.11202986 -0.05457731 0.07971756
v -0.10521359 -0.05358776 0.07873647
v -0.11955983 -0.05571171 0.07802455
v -0.11080140 -0.05420753 0.07841711
v -0.11910767 -0.05617019 0.07756238
v -0.12290943 -0.05694934 0.07492118
v -0.12221718 -0.05723497 0.07453601
v -0.11878962 -0.05632850 0.07266669
v -0.12776250 -0.06138750 0.06163876
v -0.12678749 -0.06169864 0.06198566
v -0.12208599 -0.05985721 0.06284456
v -0.12736089 -0.06325241 0.05642538
v -0.12594581 -0.06305584 0.05685942
v -0.12435246 -0.06495126 0.05238680
v -0.11500460 -0.06631907 0.04346101
v -0.12310321 -0.06456181 0.05263488
v -0.12235916 -0.06181058 0.05801479
v -0.11382980 -0.06607767 0.04394726
v -0.10707743 -0.07038613 0.03989951
v -0.12065364 -0.06334993 0.05373852
v -0.10129721 -0.07658955 0.03978567
v -0.10608715 -0.06973513 0.04063754
v -0.11170990 -0.06535503 0.04599385
v -0.11901355 -0.06490632 0.05525272
v -0.12088311 -0.06316146 0.05912523
v -0.11021484 -0.06597336 0.04797380
v -0.12083310 -0.06134173 0.06320600
v -0.09339101 -0.05781420 0.05108838
v -0.11771048 -0.05877575 0.07261364
v -0.09053761 -0.05547246 0.05732708
v -0.10981381 -0.05653640 0.07692854
v -0.10447091 -0.05608662 0.07704918
v -0.09684635 -0.05447301 0.07871966
v -0.09769184 -0.05556818 0.07654886
v -0.08902205 -0.05861243 0.07628445
v -0.08548076 -0.05763348 0.06205003
v -0.08407009 -0.06244477 0.05277495
v -0.08086008 -0.06316932 0.06279175
v -0.08332921 -0.06426569 0.07563607
v -0.08206618 -0.06508299 0.07727878
v -0.08048612 -0.07132503 0.07483284
v -0.07885808 -0.07156738 0.07679920
v -0.07916731 -0.07105645 0.07621686
v -0.08011670 -0.07543214 0.07208614
v -0.07908732 -0.06919035 0.05916528
v -0.07826806 -0.07574960 0.07321076
v -0.08063430 -0.08207675 0.06517915
v -0.08108807 -0.07255372 0.05306356
v -0.07783431 -0.07624611 0.07388489
v -0.07813585 -0.08262607 0.06664936
v -0.07490141 -0.07666489 0.07504015
v -0.07769603 -0.08327230 0.06749861
v -0.07963843 -0.08750900 0.06011598
v -0.07917715 -0.08895942 0.06019418
v -0.08160401 -0.08535203 0.06038825
v -0.08523322 -0.08614966 0.05485360
v -0.08464838 -0.08851429 0.05190425
v -0.08587116 -0.09064087 0.04996483
v -0.09187717 -0.08722194 0.04399602
v -0.08941776 -0.08551987 0.04666988
v -0.09022415 -0.08393403 0.04884176
v -0.09701372 -0.08084592 0.04015343
v -0.09561134 -0.08030900 0.04208736
v -0.09905464 -0.07581075 0.04045467
v -0.09484888 -0.08016022 0.04512100
v -0.09781826 -0.07612344 0.04323046
v -0.10467530 -0.07039901 0.04206519
v -0.10363544 -0.07033476 0.04439013
v -0.09255148 -0.06343659 0.04659037
v -0.08712799 -0.07038029 0.04701357
v 0.12917917 0.05903486 -0.06270476
v 0.12996917 0.06002656 -0.06347509
v 0.12990546 0.06130425 -0.06453271
v 0.13365846 0.06625215 -0.05502339
v 0.12526303 0.06701819 -0.06758411
v 0.13351827 0.06774036 -0.05575772
v 0.12125962 0.06867496 -0.06696482
v 0.12954503 0.07356755 -0.05869789
v 0.12073284 0.07214562 -0.06987639
v 0.12531143 0.07521323 -0.05784269
v 0.13510066 0.07234839 -0.04321034
v 0.11667031 0.07620148 -0.07120211
v 0.13112717 0.07889096 -0.04485424
v 0.12457317 0.07973853 -0.05985935
v 0.12595504 0.08017854 -0.04499908
v 0.12659466 0.08404056 -0.04720672
v 0.12139201 0.08322660 -0.06021090
v 0.11740034 0.07739762 -0.07286961
v 0.12262248 0.08445886 -0.06169041
v 0.10358744 0.09019557 -0.07650967
v 0.10088908 0.09112338 -0.07496674
v 0.10842329 0.09767119 -0.06604095
v 0.12448042 0.08921996 -0.04843719
v 0.12292277 0.08742455 -0.04760774
v 0.11081033 0.10318390 -0.05118986
v 0.12084513 0.08901576 -0.03291054
v 0.12219035 0.09094755 -0.03279813
v 0.10863429 0.10449008 -0.03528352
v 0.10570293 0.09821562 -0.06471033
v 0.10790324 0.10285429 -0.05140050
v 0.09802168 0.09372345 -0.07581146
v 0.10412520 0.10644070 -0.05144735
v 0.09418862 0.09366969 -0.07232757
v 0.10232704 0.10101835 -0.06595059
v 0.09868580 0.10185114 -0.06516440
v 0.09236293 0.09817652 -0.07574315
v 0.09982460 0.10611597 -0.05202730
v 0.09659951 0.10472444 -0.06636806
v 0.08712178 0.10273639 -0.07658263
v 0.08579069 0.10348491 -0.07647725
v 0.09124273 0.10931710 -0.06745477
v 0.08374422 0.10319868 -0.07545455
v 0.08997839 0.11006860 -0.06734891
v 0.09178286 0.11491326 -0.05493350
v 0.08816581 0.11008159 -0.06649096
v 0.09280604 0.11444560 -0.05435546
v 0.09885591 0.11079685 -0.05296774
v 0.08907550 0.11648706 -0.04198141
v 0.09061056 0.11599246 -0.04108758
v 0.09611612 0.11138705 -0.03868683
v 0.09764873 0.10647241 -0.03819616
v 0.08665859 0.11402861 -0.02964766
v 0.09230524 0.10963897 -0.02781649
v 0.10156780 0.10768584 -0.03622527
v 0.09404808 0.10549096 -0.02844818
v 0.08387005 0.10464565 -0.01565273
v 0.08460545 0.11488370 -0.03041501
v 0.07841938 0.10946194 -0.01961048
v 0.08682888 0.10040192 -0.01811130
v 0.07395607 0.09601954 -0.01040371
v 0.09737592 0.10573272 -0.02498145
v 0.10561567 0.10400180 -0.03571935
v 0.10067909 0.10273949 -0.02431186
v 0.10390418 0.10251979 -0.02291353
v 0.11691445 0.08896212 -0.01927586
v 0.09619551 0.09775416 -0.01213713
v 0.11637002 0.08713011 -0.02124853
v 0.10920208 0.08333246 -0.00831635
v 0.10871869 0.08158020 -0.01046474
v 0.09694617 0.07439355 -0.00067230
v 0.09370499 0.09784213 -0.01391693
v 0.08493572 0.08772735 -0.00399752
v 0.08959573 0.10081080 -0.01460667
v 0.08306819 0.08817212 -0.00704737
v 0.07889753 0.09158961 -0.00742526
v 0.07635658 0.09261016 -0.01128753
v 0.06942611 0.08292023 -0.00556000
v 0.06711429 0.08474389 -0.00899597
v 0.06395858 0.08695403 -0.00851901
v 0.05738073 0.07405845 -0.01173694
v 0.07231110 0.07831518 -0.00416954
v 0.06049579 0.07369665 -0.00728853
v 0.07340985 0.07719509 -0.00159879
v 0.06363505 0.06904510 -0.00649996
v 0.05613094 0.06816331 -0.01024218
v 0.08634406 0.06470589 0.00161211
v 0.06402081 0.06730191 -0.00399502
v 0.09771186 0.07268123 -0.00232346
v 0.07733410 0.05524508 -0.00060232
v 0.08808761 0.06332413 0.00026719
v 0.10140663 0.06912676 -0.00196810
v 0.07928806 0.05310396 -0.00205751
v 0.11237835 0.07835583 -0.00920744
v 0.09296065 0.06050507 0.00008206
v 0.11988812 0.08376984 -0.02045746
v 0.11288195 0.07528809 -0.01006372
v 0.12431192 0.08552829 -0.03196378
v 0.12030619 0.08004753 -0.02084763
v 0.12477874 0.08165709 -0.03179224
v 0.12821334 0.08015052 -0.03074916
v 0.12393039 0.07878271 -0.01935180
v 0.13255971 0.07460348 -0.02986510
v 0.11563330 0.07299522 -0.00811608
v 0.12854844 0.07243887 -0.01895137
v 0.12085479 0.06703392 -0.00823338
v 0.13308119 0.07231490 -0.02990373
v 0.12861186 0.07091371 -0.01887961
v 0.11128646 0.05950943 -0.00196774
v 0.12808805 0.06905440 -0.01998968
v 0.12808805 0.06905440 -0.01998968
v 0.12132853 0.06427280 -0.01015230
v 0.12132853 0.06427280 -0.01015230
v 0.13217288 0.07067231 -0.03050406
v 0.12140053 0.06543855 -0.00875087
v 0.11255180 0.05771152 -0.00447126
v 0.11255180 0.05771152 -0.00447126
v 0.11204773 0.05829731 -0.00274237
v 0.10564058 0.06470147 -0.00156005
v 0.10379081 0.05043844 -0.00097115
v 0.10442280 0.04956333 -0.00285347
v 0.10442280 0.04956333 -0.00285347
v 0.09613668 0.04029528 -0.00518651
v 0.09613668 0.04029528 -0.00518651
v 0.10289752 0.05122391 -0.00022192
v 0.09442454 0.04068343 -0.00326581
v 0.08930987 0.03159312 -0.01029511
v 0.08930987 0.03159312 -0.01029511
v 0.09739380 0.05657188 0.00003044
v 0.09392863 0.04103545 -0.00284942
v 0.08748334 0.03246001 -0.00879486
v 0.10290813 0.06734351 -0.00467868
v 0.09441810 0.05902985 -0.00411959
v 0.08781772 0.04601935 -0.00260241
v 0.08428329 0.04851655 -0.00607999
v 0.08131700 0.05010132 -0.00255783
v 0.08034479 0.04310886 -0.00461932
v 0.07921230 0.04596928 -0.00381441
v 0.07648879 0.05005947 -0.00323863
v 0.07453036 0.05263726 -0.00098999
v 0.07916301 0.04592220 -0.00053068
v 0.06176775 0.06465200 -0.00530668
v 0.07298380 0.05217067 0.00256376
v 0.08100140 0.04191796 -0.00083347
v 0.06053650 0.06520478 -0.00881143
v 0.05421668 0.07012180 -0.00791045
v 0.08225876 0.03644148 -0.00368746
v 0.04974502 0.06911651 -0.01438816
v 0.08146041 0.03791109 -0.00862880
v 0.05461221 0.07751254 -0.01092131
v 0.08652144 0.03310744 -0.00871427
v 0.08200973 0.02874664 -0.01212736
v 0.08272498 0.03061465 -0.00945158
v 0.08233439 0.03528134 -0.00217374
v 0.08124309 0.02932040 -0.00931485
v 0.08443897 0.02641121 -0.01417406
v 0.08041053 0.02728549 -0.01250453
v 0.07782941 0.02148358 -0.01198562
v 0.07717770 0.02704064 -0.00620790
v 0.07834941 0.01956276 -0.01060458
v 0.07851201 0.02494971 -0.00504024
v 0.07609659 0.02231947 -0.00226040
v 0.07821816 0.01597039 -0.00268216
v 0.07639449 0.02801124 0.00190096
v 0.07808393 0.01486710 -0.00148769
v 0.07907515 0.02815000 0.00577299
v 0.07848918 0.02700654 0.00683741
v 0.07361614 0.02189247 0.01049225
v 0.07452189 0.01915983 0.01309232
v 0.07212442 0.02543060 0.01181547
v 0.07390910 0.01765410 0.01421539
v 0.07317179 0.02199439 0.01541416
v 0.07271772 0.01946346 0.01621251
v 0.07386761 0.00685207 0.00769441
v 0.06893664 0.01390270 0.01617937
v 0.06833046 0.00251047 0.01085059
v 0.05548632 0.01218835 0.02522902
v 0.07061320 0.02005736 0.01805334
v 0.05477088 0.01670352 0.02698879
v 0.04836303 0.01798514 0.02939396
v 0.07072311 0.02218644 0.01774327
v 0.05477577 0.01882116 0.02588038
v 0.06943035 0.02605621 0.01341216
v 0.04977089 0.02014927 0.02801184
v 0.05100136 0.02094880 0.01885895
v 0.07018351 0.03074983 0.01215975
v 0.04637247 0.02314118 0.02077059
v 0.07819741 0.03221039 0.01036040
v 0.05291789 0.02557651 0.01700835
v 0.07876747 0.03264741 0.00858431
v 0.07523417 0.03373686 0.00729887
v 0.07655268 0.03378037 0.00554173
v 0.06842261 0.03149108 0.00890224
v 0.07829874 0.03047637 -0.00016327
v 0.07780236 0.03679434 0.00481193
v 0.07780891 0.03237358 -0.00153859
v 0.07752239 0.03854386 0.00227444
v 0.08160930 0.04181782 0.00301282
v 0.07911187 0.04553977 0.00391059
v 0.07622760 0.04370037 0.00443737
v 0.07618933 0.04307929 0.00724272
v 0.07489514 0.04231194 0.00921087
v 0.07009655 0.05029754 0.00320475
v 0.07128947 0.05022005 0.00729649
v 0.06999766 0.04889778 0.00983100
v 0.05809366 0.06288604 0.00426428
v 0.06001144 0.06454328 -0.00062998
v 0.05806499 0.06238190 0.00050978
v 0.05291300 0.07046560 -0.00290425
v 0.04951113 0.06815986 0.00184004
v 0.04880493 0.07114271 -0.00689240
v 0.05016165 0.06767193 -0.00238533
v 0.05722671 0.06134108 0.00759225
v 0.04780071 0.06818632 0.00039951
v 0.04263037 0.06494132 -0.00839682
v 0.04534381 0.06885806 -0.01854618
v 0.05077189 0.08283965 -0.01325043
v 0.03615152 0.05812279 -0.01881321
v 0.06002432 0.09328500 -0.01130278
v 0.03981548 0.06664673 -0.00659438
v 0.06813710 0.10166470 -0.01209755
v 0.07692283 0.11008922 -0.02067514
v 0.06691664 0.10251490 -0.01399095
v 0.07590800 0.10952238 -0.02204318
v 0.07590800 0.10952238 -0.02204318
v 0.08281689 0.11407379 -0.03117295
v 0.08281689 0.11407379 -0.03117295
v 0.06755977 0.10261277 -0.01618107
v 0.06755977 0.10261277 -0.01618107
v 0.08743220 0.11573867 -0.04247435
v 0.05876827 0.09418944 -0.01429649
v 0.05876827 0.09418944 -0.01429649
v 0.05881869 0.09394208 -0.01255746
v 0.05028730 0.08458463 -0.01483710
v 0.04387456 0.07473556 -0.01954420
v 0.04010599 0.06957404 -0.02299900
v 0.03161895 0.06445066 -0.01617391
v 0.03901213 0.07057885 -0.00677534
v 0.02958947 0.06677452 -0.01582761
v 0.02752214 0.06928221 -0.01411147
v 0.04577147 0.06871239 0.00118856
v 0.03643113 0.07267467 -0.00420423
v 0.03747087 0.07308046 -0.00458248
v 0.04103070 0.07003085 0.00452547
v 0.04304271 0.07123081 0.00392382
v 0.04436200 0.07116488 0.00345914
v 0.04829090 0.06742278 0.00446241
v 0.04659813 0.06950728 0.00904278
v 0.04772937 0.06974951 0.00800483
v 0.04798060 0.06860474 0.00870518
v 0.04861837 0.06583575 0.00560944
v 0.04360145 0.06893340 0.00809233
v 0.04616981 0.06417862 0.01033847
v 0.05532509 0.05898217 0.00791661
v 0.04647260 0.06178252 0.00714020
v 0.06825488 0.04568724 0.01061468
v 0.05138957 0.05487076 0.00847559
v 0.07221025 0.04046193 0.01029722
v 0.06391400 0.04160122 0.01043849
v 0.06697183 0.03722934 0.01022367
v 0.05650222 0.03256849 0.00934772
v 0.04402983 0.04607180 0.00877432
v 0.05228561 0.02648834 0.01311676
v 0.04713660 0.02720610 0.01308016
v 0.04869180 0.02706078 0.01696686
v 0.03665083 0.03816918 0.01306920
v 0.04258853 0.05342690 0.00952427
v 0.03717327 0.04177765 0.01284818
v 0.03733199 0.03972200 0.01677398
v 0.03764933 0.04290787 0.01570217
v 0.04337763 0.05791644 0.01184945
v 0.03652387 0.04391269 0.01979522
v 0.03588420 0.04117588 0.02100007
v 0.04221230 0.06362347 0.01180570
v 0.03561812 0.04557101 0.02464990
v 0.03545206 0.04107729 0.02637295
v 0.03276163 0.04114834 0.02837603
v 0.02576857 0.03804175 0.03146486
v 0.02665674 0.04915325 0.02725427
v 0.03415214 0.04617885 0.02613370
v 0.02329593 0.05939535 0.02112226
v 0.03246611 0.06669692 0.01728038
v 0.03891962 0.06604961 0.01757269
v 0.04074019 0.06616298 0.01630036
v 0.03973525 0.07116000 0.01314358
v 0.04121178 0.07113806 0.01206450
v 0.03742992 0.07293490 0.01069729
v 0.03903973 0.07319371 0.00953273
v 0.03084117 0.07392851 0.00451080
v 0.08919739 0.11431626 -0.05458482
v 0.08507752 0.11790935 -0.04309578
v 0.08626192 0.11597589 -0.05509146
v 0.08044689 0.11571566 -0.03218611
v 0.07845222 0.11644784 -0.04491933
v 0.08505100 0.11180607 -0.06605692
v 0.07359939 0.11170105 -0.02272375
v 0.08081710 0.10500041 -0.07552703
v 0.06495720 0.10412852 -0.01718111
v 0.06885552 0.11125711 -0.02788659
v 0.07460516 0.11506013 -0.03549905
v 0.05617040 0.09610871 -0.01563342
v 0.06189697 0.10549775 -0.02300020
v 0.04864859 0.08781389 -0.01775558
v 0.05416899 0.09827534 -0.02219029
v 0.04215198 0.07970241 -0.02379413
v 0.04781109 0.09133927 -0.02361079
v 0.03798681 0.07325081 -0.03328295
v 0.04242920 0.08437542 -0.02899547
v 0.05561619 0.09752909 -0.02760990
v 0.05057865 0.09149639 -0.02914496
v 0.03872340 0.07849673 -0.03670450
v 0.03702455 0.06886104 -0.04459722
v 0.04629057 0.08605257 -0.03322001
v 0.03842860 0.06747643 -0.05622549
v 0.03780573 0.07529882 -0.04599662
v 0.04331219 0.06963471 -0.06749363
v 0.03948634 0.07421795 -0.05614765
v 0.04984658 0.07366363 -0.07578702
v 0.04329109 0.07560841 -0.06557961
v 0.05739790 0.08025543 -0.08105560
v 0.04855996 0.07914177 -0.07249756
v 0.06638836 0.08816186 -0.08319922
v 0.05576735 0.08457426 -0.07797630
v 0.05140376 0.08192638 -0.06807073
v 0.07432353 0.09684841 -0.08158489
v 0.04690295 0.07894949 -0.06211169
v 0.07538729 0.10598604 -0.07240732
v 0.04334032 0.07790545 -0.05492397
v 0.06990951 0.09903184 -0.07761307
v 0.04230409 0.07870106 -0.04678841
v 0.06309550 0.09159545 -0.07954712
v 0.04356563 0.08164278 -0.03936453
v 0.06258731 0.09193126 -0.07312544
v 0.05685084 0.08643488 -0.07189567
v 0.06792134 0.09775237 -0.07161148
v 0.05472510 0.08929376 -0.07094021
v 0.04967331 0.08511249 -0.06739266
v 0.04549902 0.08235148 -0.06186600
v 0.05463320 0.09092776 -0.06790991
v 0.04270595 0.08134393 -0.05502673
v 0.05037492 0.08740870 -0.06492253
v 0.04682296 0.08511845 -0.06027682
v 0.04163104 0.08221141 -0.04769988
v 0.04446715 0.08427290 -0.05451699
v 0.04919749 0.08911685 -0.06481285
v 0.04240381 0.08484928 -0.04076918
v 0.04360061 0.08496539 -0.04833527
v 0.04493111 0.08893923 -0.03507038
v 0.04425483 0.08718399 -0.04249640
v 0.04638355 0.09062890 -0.03769632
v 0.04890811 0.09398822 -0.03129096
v 0.04973036 0.09488479 -0.03451379
v 0.04329389 0.08889393 -0.04315622
v 0.04265576 0.08675782 -0.04879589
v 0.04534941 0.09222046 -0.03852125
v 0.04341995 0.08616070 -0.05478425
v 0.04570049 0.08697156 -0.06034453
v 0.04717826 0.09483568 -0.05775757
v 0.04545444 0.09420327 -0.05357154
v 0.04564964 0.09601501 -0.04756530
v 0.04788601 0.09607879 -0.05685635
v 0.04529404 0.09481136 -0.05073460
v 0.04645901 0.09555582 -0.05339249
v 0.04931110 0.09711329 -0.05839892
v 0.04894786 0.09612957 -0.05968006
v 0.04633551 0.09603731 -0.05112286
v 0.04664021 0.09707753 -0.04839011
v 0.04915905 0.10060815 -0.04475029
v 0.04759544 0.09862319 -0.04623611
v 0.04680019 0.09787718 -0.04497095
v 0.04861563 0.10018686 -0.04324420
v 0.04857516 0.09633569 -0.03544958
v 0.05062758 0.10228864 -0.04404290
v 0.05045002 0.10227445 -0.04236181
v 0.05386132 0.09946755 -0.03334053
v 0.05249679 0.10082737 -0.03433438
v 0.05371195 0.10540370 -0.04304142
v 0.05332642 0.10487870 -0.04460557
v 0.05681520 0.10498194 -0.03526433
v 0.06103438 0.10827450 -0.03812070
v 0.05385512 0.09938685 -0.02988692
v 0.05833941 0.10376445 -0.03430195
v 0.05917537 0.10448460 -0.03102739
v 0.06164914 0.10281388 -0.02886076
v 0.06422728 0.10866574 -0.03457494
v 0.06709629 0.10732237 -0.03268571
v 0.06263369 0.10724810 -0.03727980
v 0.06840151 0.11142687 -0.04010148
v 0.07159703 0.11029939 -0.03864475
v 0.06615286 0.10957042 -0.04193409
v 0.07460856 0.11138562 -0.04601891
v 0.07119446 0.11243442 -0.04694076
v 0.07993286 0.11525301 -0.05501147
v 0.07576757 0.11045030 -0.05391891
v 0.07886844 0.11161975 -0.06455787
v 0.07493442 0.10760621 -0.06139191
v 0.07220935 0.10319606 -0.06753643
v 0.07226949 0.11156694 -0.05426760
v 0.07149672 0.10892896 -0.06119843
v 0.06896942 0.10483900 -0.06689711
v 0.06499248 0.09979013 -0.07067652
v 0.06658911 0.10406307 -0.06451555
v 0.06004548 0.09439150 -0.07208057
v 0.06327819 0.09977201 -0.06768866
v 0.05911463 0.09522144 -0.06887050
v 0.05331546 0.09250883 -0.06769581
v 0.06165677 0.10105542 -0.06748386
v 0.05125909 0.09803847 -0.06130083
v 0.05764263 0.09665493 -0.06862338
v 0.05129724 0.09875730 -0.05979355
v 0.05368107 0.10035912 -0.06181999
v 0.05594044 0.10282973 -0.06117876
v 0.06478124 0.10527042 -0.06443901
v 0.05766075 0.10487107 -0.06003077
v 0.05525875 0.10281280 -0.05967100
v 0.05330806 0.10068385 -0.06022461
v 0.05662941 0.10444955 -0.05875440
v 0.06684559 0.10858837 -0.05980153
v 0.05919700 0.10736958 -0.05652507
v 0.06872111 0.10750500 -0.05971451
v 0.06757616 0.11063341 -0.05413754
v 0.06940788 0.10969142 -0.05386718
v 0.06850558 0.11041919 -0.04769488
v 0.06671076 0.11133007 -0.04817601
v 0.05924582 0.10817901 -0.05372424
v 0.05790120 0.10651676 -0.05585308
v 0.05794471 0.10716251 -0.05360325
v 0.05875676 0.10857324 -0.05037494
v 0.06443905 0.11051074 -0.04261322
v 0.05748522 0.10811464 -0.04726143
v 0.05557447 0.10685471 -0.04473539
v 0.05482047 0.10603408 -0.04595859
v 0.05646639 0.10712282 -0.04813774
v 0.05752199 0.10750345 -0.05072267
v 0.13500750 0.07065550 -0.04280181
v 0.13302880 0.06538347 -0.05360730
v 0.13395500 0.06916634 -0.04290135
v 0.13609701 0.06695095 -0.04169305
v 0.13489884 0.06229512 -0.05290313
v 0.13101130 0.05606262 -0.06181128
v 0.13433927 0.06836525 -0.03002341
v 0.12445658 0.04753832 -0.06803258
v 0.12965232 0.06652693 -0.01862116
v 0.13368266 0.06200091 -0.03021582
v 0.12309235 0.06191710 -0.01003738
v 0.12959158 0.06022326 -0.02056547
v 0.11512046 0.05508415 -0.00451358
v 0.12417036 0.05615631 -0.01334806
v 0.10667765 0.04661647 -0.00285740
v 0.11791545 0.05091528 -0.00906344
v 0.12190961 0.05297271 -0.01792915
v 0.11645686 0.04846970 -0.01410563
v 0.10986381 0.04348198 -0.00730069
v 0.12641435 0.05594567 -0.02388711
v 0.11071365 0.04298011 -0.01287766
v 0.10306423 0.03631095 -0.00900622
v 0.09853678 0.03810994 -0.00504513
v 0.09160476 0.02994446 -0.01128335
v 0.09768551 0.02953199 -0.01407380
v 0.10537284 0.03716580 -0.01439352
v 0.09410720 0.02398530 -0.02169021
v 0.08846455 0.02361122 -0.02025469
v 0.10107844 0.03172819 -0.01847012
v 0.08714145 0.01940969 -0.03132697
v 0.09252315 0.02019111 -0.03129526
v 0.08833974 0.01803604 -0.04306443
v 0.09834867 0.02732293 -0.02461596
v 0.09300637 0.01954428 -0.05359455
v 0.09479713 0.01918236 -0.04173274
v 0.09956711 0.02409283 -0.06302722
v 0.09751254 0.02448169 -0.03208967
v 0.10794919 0.03092591 -0.06873567
v 0.10424298 0.02436296 -0.05835994
v 0.11612182 0.03877548 -0.07055278
v 0.11124950 0.03010527 -0.06297691
v 0.09856349 0.02057639 -0.05074902
v 0.11846202 0.03707281 -0.06462522
v 0.10168421 0.02463154 -0.04736359
v 0.12510961 0.04441539 -0.06290598
v 0.09867095 0.02354697 -0.03998990
v 0.10618895 0.02760462 -0.05332156
v 0.10208362 0.02249400 -0.03906806
v 0.10487830 0.02349976 -0.04590686
v 0.11164170 0.03210751 -0.05714507
v 0.10905617 0.02625719 -0.05143257
v 0.11738491 0.03759722 -0.05837305
v 0.11411339 0.03043333 -0.05497868
v 0.11065107 0.02767257 -0.04872723
v 0.11943984 0.03552476 -0.05611749
v 0.10716789 0.02531449 -0.04406340
v 0.11490774 0.03119317 -0.05171497
v 0.11939430 0.03548173 -0.05267425
v 0.12439322 0.04091731 -0.05471166
v 0.12272578 0.04341141 -0.05685718
v 0.12356990 0.04002074 -0.05148919
v 0.13059777 0.05133025 -0.05760212
v 0.12837606 0.04596034 -0.05093081
v 0.12702012 0.04884914 -0.05278058
v 0.13406723 0.05695740 -0.04971726
v 0.13090783 0.05004588 -0.04523082
v 0.13484173 0.06037299 -0.04002531
v 0.12974995 0.05325428 -0.04663475
v 0.12942761 0.05703024 -0.03126080
v 0.13058608 0.05609564 -0.03916104
v 0.13168328 0.05268101 -0.03829940
v 0.13060897 0.05354802 -0.03097232
v 0.12781423 0.05254213 -0.02413364
v 0.12880211 0.05066291 -0.03149422
v 0.12363630 0.04978482 -0.01860793
v 0.12644809 0.04981569 -0.02573378
v 0.11857914 0.04560856 -0.01506181
v 0.12293237 0.04748992 -0.02107854
v 0.11871147 0.04393379 -0.01808138
v 0.11325257 0.04051713 -0.01392300
v 0.10829931 0.03512470 -0.01532872
v 0.11422175 0.03964845 -0.01712294
v 0.10431647 0.03008155 -0.01910968
v 0.11001354 0.03514174 -0.01831658
v 0.10178464 0.02599601 -0.02480955
v 0.10665571 0.03089682 -0.02150197
v 0.10100919 0.02336089 -0.03174110
v 0.10452324 0.02745561 -0.02630313
v 0.10387325 0.02523271 -0.03214081
v 0.10481709 0.02446417 -0.03830214
v 0.10668820 0.02347449 -0.03780086
v 0.10570424 0.02428810 -0.03187032
v 0.10632544 0.02644078 -0.02623518
v 0.10838472 0.02976385 -0.02159913
v 0.11438965 0.02793352 -0.02914079
v 0.11163300 0.03385679 -0.01852162
v 0.11554229 0.02979342 -0.02654584
v 0.11576372 0.03814224 -0.01735134
v 0.11736482 0.03209618 -0.02481730
v 0.11660569 0.03027526 -0.02774043
v 0.12010484 0.04227463 -0.01827534
v 0.11817151 0.03225795 -0.02625401
v 0.11564874 0.02873114 -0.02989478
v 0.11403745 0.02672640 -0.03230913
v 0.11534303 0.02769200 -0.03262790
v 0.11418527 0.02613071 -0.03514941
v 0.11546605 0.02721099 -0.03489752
v 0.11689388 0.02773301 -0.03836127
v 0.11591130 0.02676097 -0.03933485
v 0.11832028 0.02876631 -0.03990348
v 0.10895252 0.02430121 -0.04336543
v 0.11769324 0.02804271 -0.04125412
v 0.11224871 0.02664451 -0.04788657
v 0.11635297 0.03005008 -0.05077322
v 0.12000232 0.02995364 -0.04287548
v 0.12068527 0.03419105 -0.05169948
v 0.12030857 0.03040818 -0.04129763
v 0.12242728 0.03227154 -0.04339393
v 0.12232178 0.03233258 -0.04172798
v 0.12469416 0.03473452 -0.04275055
v 0.12472373 0.03856758 -0.05055352
v 0.12427490 0.03445891 -0.04117365
v 0.12807315 0.04256073 -0.04744931
v 0.12640482 0.03678528 -0.04160519
v 0.12564742 0.03609375 -0.04025669
v 0.12696349 0.04423014 -0.04829426
v 0.13012355 0.04589239 -0.04281564
v 0.12909287 0.04767457 -0.04349394
v 0.12794500 0.03928009 -0.03809841
v 0.12971013 0.04992966 -0.03766497
v 0.13065242 0.04813627 -0.03720470
v 0.12976962 0.04885022 -0.03124769
v 0.12800532 0.04007820 -0.03529461
v 0.12749654 0.04803208 -0.02568539
v 0.12751203 0.04047672 -0.03194650
v 0.12410807 0.04577998 -0.02118857
v 0.12623977 0.04001871 -0.02883311
v 0.12433200 0.03875581 -0.02630623
v 0.12245541 0.03731851 -0.02461596
v 0.12383955 0.03767721 -0.02746053
v 0.11919099 0.03419188 -0.02393706
v 0.12234407 0.03652314 -0.02610786
v 0.11964201 0.03393630 -0.02554615
v 0.12548690 0.03876451 -0.02963932
v 0.12654322 0.03914455 -0.03222413
v 0.12696570 0.03880385 -0.03510471
v 0.12692153 0.03815857 -0.03735478
v -0.11618740 -0.10593578 0.08156244
v -0.12297530 -0.08593150 0.09400861
v -0.13049114 -0.08986732 0.08399348
v -0.13117981 -0.06899246 0.07829504
v -0.10988695 -0.10063466 0.09178404
v -0.09664751 -0.10778531 0.07242577
v -0.12360543 -0.06683048 0.08879428
v -0.09200746 -0.10232695 0.08342378
v -0.10666985 -0.07888611 0.09884863
v -0.10018898 -0.08616682 0.09774713
v -0.07981039 -0.09001704 0.07382505
v -0.08331776 -0.09433230 0.06193571
v -0.08400649 -0.07345756 0.05623726
v -0.09133566 -0.08700474 0.09360747
v -0.09506274 -0.07453962 0.09473495
v -0.10698188 -0.06942817 0.09626679
v -0.08529610 -0.08090933 0.08885448
v -0.08560813 -0.07145115 0.08627264
v -0.08044059 -0.07091602 0.06861083
v -0.09831024 -0.05738910 0.05866830
v -0.09208906 -0.06417068 0.08737414
v -0.10094226 -0.06333264 0.09151380
v -0.09352887 -0.05621298 0.07083540
v -0.11140836 -0.05452069 0.07919566
v -0.11785007 -0.05553957 0.06780498
v -0.09152240 -0.07739338 0.04622213
v -0.10461069 -0.06269034 0.04844670
v -0.09089214 -0.09649440 0.05143647
v -0.12249011 -0.06099805 0.05680697
v -0.10782779 -0.08443864 0.04138212
v -0.11430866 -0.07715818 0.04248361
v -0.13468725 -0.07330783 0.06640570
v -0.12316198 -0.07632013 0.04662327
v -0.11943490 -0.08878525 0.04549579
v -0.10751570 -0.09389671 0.04396395
v -0.12920154 -0.08241554 0.05137627
v -0.12888951 -0.09187385 0.05395810
v -0.13405705 -0.09240886 0.07161991
v -0.12240863 -0.09915408 0.05285661
v -0.11355538 -0.09999212 0.04871695
v -0.12096870 -0.10711189 0.06939535
v -0.10308928 -0.10880419 0.06103508
v -0.11505926 -0.11030968 0.10191385
v -0.11372871 -0.10439356 0.11431770
v -0.10793996 -0.10818299 0.11038522
v -0.10441882 -0.11276623 0.12005775
v -0.12084944 -0.10651895 0.10584752
v -0.12244511 -0.11815079 0.09860782
v -0.11020452 -0.10897847 0.12398843
v -0.12823505 -0.11436065 0.10254125
v -0.12140948 -0.10878845 0.10832684
v -0.13242937 -0.12424906 0.10594611
v -0.12664187 -0.12803789 0.10201423
v -0.12568564 -0.13534411 0.11053900
v -0.12730355 -0.11504634 0.10568862
v -0.11572713 -0.10709175 0.11508672
v -0.12630713 -0.10968562 0.11525826
v -0.13065160 -0.12293728 0.10840611
v -0.11291558 -0.11075016 0.12280492
v -0.12988699 -0.12876888 0.11520819
v -0.13147027 -0.13155731 0.11446874
v -0.12002385 -0.13665112 0.12019293
v -0.13168449 -0.11792215 0.11530308
v -0.12580604 -0.13286587 0.12412123
v -0.12973744 -0.11332818 0.11372237
v -0.11808736 -0.12756249 0.13038699
v -0.11230583 -0.13134738 0.12645940
v -0.10614294 -0.12191423 0.12640600
v -0.12536735 -0.12981304 0.12291209
v -0.11192585 -0.11812862 0.13033454
v -0.11920763 -0.12558051 0.12791268
v -0.11428989 -0.11805221 0.12787060
v -0.12860460 -0.12192722 0.12374334
v -0.12501896 -0.11946388 0.12665348
v -0.13123709 -0.12131830 0.11926036
v -0.12554461 -0.11765488 0.12353460
v -0.12742544 -0.11894711 0.12200813
v -0.12880576 -0.11862799 0.11965649
v -0.12404347 -0.11535617 0.12352209
v -0.12215782 -0.11508127 0.12662975
v -0.12903995 -0.11684712 0.11757974
v -0.12135977 -0.11083003 0.12368290
v -0.12362433 -0.11312624 0.12197606
v -0.12801809 -0.11443742 0.11675028
v -0.12448341 -0.11200889 0.11961953
v -0.12621880 -0.11252662 0.11755590
v -0.12299854 -0.10869893 0.11919193
v -0.11423559 -0.14046963 0.11630623
v -0.11989493 -0.13916405 0.10665052
v -0.10651816 -0.13516530 0.12257306
v -0.12084813 -0.13185986 0.09812383
v -0.10035390 -0.12573322 0.12251870
v -0.10684258 -0.13370629 0.11956088
v -0.11300159 -0.13793930 0.11456005
v -0.09862692 -0.11658677 0.11616854
v -0.10192341 -0.12617894 0.11951785
v -0.10214526 -0.11200591 0.10649387
v -0.10054613 -0.11887880 0.11445050
v -0.10926289 -0.11413344 0.09802167
v -0.10335488 -0.11522242 0.10673015
v -0.10903556 -0.11692020 0.09996931
v -0.11664922 -0.12197443 0.09471600
v -0.09947283 -0.12521311 0.10889988
v -0.11828024 -0.13106724 0.10005049
v -0.10027671 -0.12946078 0.11185066
v -0.11751885 -0.13689693 0.10685436
v -0.11492986 -0.12317773 0.09733097
v -0.10935265 -0.13570007 0.10447948
v -0.10979343 -0.13230821 0.10051732
v -0.10441059 -0.12407514 0.10046880
v -0.10672522 -0.13630553 0.10896556
v -0.10784185 -0.12771722 0.09893350
v -0.10110540 -0.12308642 0.10440497
v -0.10474969 -0.12663540 0.10305516
v -0.10654927 -0.12854596 0.10224979
v -0.10301549 -0.12611683 0.10511975
v -0.10757286 -0.13095447 0.10308020
v -0.10215855 -0.12723299 0.10747747
v -0.10257954 -0.12946137 0.10902505
v -0.10734088 -0.13273402 0.10515813
v -0.10408176 -0.13175949 0.10903816
v -0.10596204 -0.13305195 0.10751133
v -0.10314090 -0.13384124 0.11187665
vt 0.82621902 0.41195297
vt 0.82211900 0.42124099
vt 0.95021498 0.41945696
vt 0.94084603 0.42171001
vt 0.82848197 0.40123099
vt 0.82192999 0.42394000
vt 0.95149600 0.42175299
vt 0.94091099 0.42777199
vt 0.93418902 0.42424500
vt 0.83386600 0.39599901
vt 0.82064402 0.42654097
vt 0.95315498 0.42424500
vt 0.93268299 0.43108100
vt 0.92684501 0.42756998
vt 0.84117198 0.39289796
vt 0.94180399 0.43100703
vt 0.95539498 0.43142104
vt 0.81808901 0.43394899
vt 0.92534202 0.43331099
vt 0.84594202 0.39197302
vt 0.92186302 0.42840397
vt 0.93300200 0.43531203
vt 0.94399798 0.43752700
vt 0.96355998 0.45236003
vt 0.81083202 0.45549500
vt 0.93507803 0.44218099
vt 0.95102203 0.45654404
vt 0.80242801 0.47411299
vt 0.97321498 0.47035700
vt 0.94069397 0.45999098
vt 0.96063501 0.47670901
vt 0.98483300 0.50347698
vt 0.78414398 0.50368601
vt 0.97128802 0.50867599
vt 0.98892403 0.51873499
vt 0.77844900 0.51771599
vt 0.94844103 0.48548001
vt 0.97502798 0.52374202
vt 0.77451301 0.52944601
vt 0.99135602 0.53209901
vt 0.95595699 0.51331800
vt 0.97762299 0.54178500
vt 0.77203900 0.53890198
vt 0.99211800 0.54353601
vt 0.95961600 0.52760100
vt 0.96265602 0.54447597
vt 0.98464203 0.54968101
vt 0.77320403 0.54511601
vt 0.99351197 0.55136299
vt 0.98416799 0.55650199
vt 0.99343198 0.55291498
vt 0.77328497 0.54632402
vt 0.97697699 0.55354202
vt 0.98418099 0.55758601
vt 0.99357700 0.55679399
vt 0.77383399 0.54932100
vt 0.97493798 0.56055999
vt 0.96716201 0.55544198
vt 0.96963298 0.56181097
vt 0.97493899 0.56122202
vt 0.98421598 0.56175297
vt 0.99233800 0.56207502
vt 0.77377898 0.55324399
vt 0.98314398 0.56475002
vt 0.77377999 0.55414098
vt 0.99198103 0.56327999
vt 0.97501898 0.56462199
vt 0.96918201 0.56569803
vt 0.97468698 0.56587899
vt 0.98277301 0.56565797
vt 0.96948499 0.56266701
vt 0.96880299 0.56668001
vt 0.96755999 0.56195003
vt 0.96626902 0.56582802
vt 0.96741402 0.56272203
vt 0.96666598 0.56250399
vt 0.96700901 0.56168097
vt 0.95829099 0.55520302
vt 0.95779699 0.55600601
vt 0.95847398 0.55158901
vt 0.95546400 0.55501902
vt 0.95546299 0.55395198
vt 0.95261502 0.54949898
vt 0.95238698 0.54596603
vt 0.95059401 0.55469000
vt 0.94997603 0.53044802
vt 0.95060903 0.55563402
vt 0.94673598 0.51434398
vt 0.94173598 0.54832298
vt 0.94016302 0.48960000
vt 0.93886900 0.53276998
vt 0.93189198 0.46173704
vt 0.93566501 0.51676202
vt 0.93049300 0.49278599
vt 0.92658299 0.44467700
vt 0.92440999 0.46270096
vt 0.92509800 0.43823999
vt 0.92042202 0.44564998
vt 0.91641903 0.46369499
vt 0.92062497 0.43389797
vt 0.91498399 0.42867196
vt 0.85271800 0.39204699
vt 0.91960502 0.43857503
vt 0.91389298 0.44452798
vt 0.91317701 0.43679297
vt 0.91508001 0.43253201
vt 0.85920298 0.39207000
vt 0.90815198 0.42770100
vt 0.90736097 0.44186801
vt 0.90755099 0.42887902
vt 0.90014601 0.42211902
vt 0.86937499 0.39434397
vt 0.90671098 0.43305898
vt 0.89925599 0.42274100
vt 0.87344801 0.39693600
vt 0.89642000 0.41987199
vt 0.89670998 0.42430800
vt 0.89594698 0.42081499
vt 0.87595201 0.40063798
vt 0.89239699 0.41865802
vt 0.89209801 0.41959500
vt 0.87853801 0.41227496
vt 0.88170701 0.41846299
vt 0.89382899 0.42276597
vt 0.89073098 0.42175299
vt 0.88184601 0.42120999
vt 0.87679100 0.41834903
vt 0.89074099 0.42221498
vt 0.88191903 0.42180699
vt 0.89383900 0.42323399
vt 0.89665997 0.42482501
vt 0.89080203 0.43017197
vt 0.89833599 0.43372798
vt 0.89474100 0.43151796
vt 0.89935798 0.46375901
vt 0.88160503 0.42919397
vt 0.88873500 0.46480298
vt 0.91033900 0.46291804
vt 0.89465702 0.50028598
vt 0.92264903 0.49523103
vt 0.90485197 0.49842501
vt 0.91513300 0.49640501
vt 0.92746502 0.51908302
vt 0.93101400 0.53457701
vt 0.91967398 0.52029097
vt 0.90963799 0.52176303
vt 0.92422497 0.53487998
vt 0.91890103 0.53724098
vt 0.93444598 0.54951900
vt 0.92914200 0.55012798
vt 0.92729998 0.55110902
vt 0.94239998 0.55083197
vt 0.93390500 0.55329299
vt 0.93032700 0.55483502
vt 0.93472898 0.55856800
vt 0.94369698 0.55592400
vt 0.93103498 0.56151998
vt 0.93507999 0.55929500
vt 0.92860001 0.55564398
vt 0.94366801 0.55696702
vt 0.92637903 0.55210799
vt 0.91741300 0.53811699
vt 0.92216402 0.55642998
vt 0.90749598 0.52259701
vt 0.92556101 0.56375098
vt 0.91355997 0.54178602
vt 0.92893201 0.56749099
vt 0.90432000 0.52546602
vt 0.91131699 0.54364002
vt 0.90232199 0.52698398
vt 0.88957798 0.50456101
vt 0.89316797 0.50186002
vt 0.88658500 0.50538498
vt 0.88214803 0.46598500
vt 0.87924802 0.46603000
vt 0.88384402 0.46565604
vt 0.87659401 0.43097103
vt 0.87593901 0.42304200
vt 0.87582803 0.42238402
vt 0.87260401 0.42567003
vt 0.87270802 0.42488003
vt 0.87148100 0.42184800
vt 0.87226301 0.43300498
vt 0.86702299 0.43008500
vt 0.86573702 0.42554301
vt 0.87672597 0.46703696
vt 0.88195598 0.50514698
vt 0.87449402 0.46691203
vt 0.87665200 0.50324798
vt 0.86667597 0.43588102
vt 0.86503100 0.50073600
vt 0.86709499 0.46590501
vt 0.87517798 0.52680498
vt 0.88184100 0.52762800
vt 0.86284798 0.52612501
vt 0.87454498 0.53868300
vt 0.88893402 0.52823901
vt 0.88167298 0.53968197
vt 0.86229700 0.53870702
vt 0.89516503 0.52911198
vt 0.87372500 0.55024302
vt 0.88849902 0.54018497
vt 0.88124001 0.55045700
vt 0.89869899 0.52806002
vt 0.89694202 0.54147601
vt 0.90671200 0.54370397
vt 0.90193999 0.54362398
vt 0.88807702 0.55115300
vt 0.89926100 0.55365300
vt 0.90791601 0.55712098
vt 0.91473299 0.55803001
vt 0.91973901 0.55851603
vt 0.91401303 0.56662500
vt 0.92318797 0.56584299
vt 0.91886097 0.56708998
vt 0.90533203 0.56473100
vt 0.92780399 0.57023197
vt 0.89700699 0.56289601
vt 0.92625499 0.57144600
vt 0.88731903 0.56092203
vt 0.89696598 0.57035297
vt 0.88056201 0.56000400
vt 0.88626200 0.56772703
vt 0.87344497 0.55899000
vt 0.87940001 0.56676197
vt 0.86171901 0.55231398
vt 0.87240797 0.56542301
vt 0.86079699 0.55933499
vt 0.87919003 0.56825000
vt 0.88630801 0.56950903
vt 0.87216401 0.56713003
vt 0.89661402 0.57204503
vt 0.87955600 0.57333398
vt 0.90800202 0.57183403
vt 0.89668399 0.57683700
vt 0.91663700 0.57325602
vt 0.90824199 0.57380402
vt 0.92058003 0.57276601
vt 0.88607103 0.57458198
vt 0.92437899 0.57200700
vt 0.92048299 0.57375902
vt 0.92479300 0.57290602
vt 0.91665900 0.57438499
vt 0.91083002 0.57913500
vt 0.91776699 0.57874900
vt 0.89640498 0.57970601
vt 0.91233999 0.58280402
vt 0.92141902 0.57733899
vt 0.88609201 0.57678098
vt 0.91915101 0.58146697
vt 0.92555898 0.57607299
vt 0.92351001 0.57951498
vt 0.91936302 0.58433402
vt 0.92749202 0.57503301
vt 0.92471200 0.58158398
vt 0.92668098 0.57214099
vt 0.92666000 0.57743102
vt 0.92833400 0.57086903
vt 0.93007201 0.57313001
vt 0.92962098 0.56794798
vt 0.92907703 0.57647800
vt 0.93179500 0.56199700
vt 0.93172598 0.57012498
vt 0.93652499 0.56242698
vt 0.93366897 0.56440502
vt 0.94342202 0.56063402
vt 0.93750203 0.56620699
vt 0.93543899 0.56805497
vt 0.93286097 0.57241601
vt 0.93138802 0.57450903
vt 0.93584502 0.56894499
vt 0.93330002 0.57302898
vt 0.93176103 0.57505500
vt 0.93776298 0.56716800
vt 0.93506700 0.57515800
vt 0.94350600 0.56474501
vt 0.93873000 0.57000500
vt 0.95149201 0.55906898
vt 0.93703902 0.57136202
vt 0.95447999 0.55853999
vt 0.95249200 0.56248701
vt 0.95658499 0.55920303
vt 0.95618701 0.56191701
vt 0.95240700 0.56320900
vt 0.96536398 0.56543100
vt 0.95746100 0.56204599
vt 0.95638698 0.56251699
vt 0.94366998 0.56554002
vt 0.95240003 0.56621200
vt 0.94413602 0.56791103
vt 0.93884897 0.57520902
vt 0.94546401 0.57320797
vt 0.95403999 0.57149202
vt 0.94571000 0.57435900
vt 0.93857402 0.57637298
vt 0.95610601 0.56580198
vt 0.93350899 0.57753199
vt 0.95737499 0.56285202
vt 0.93048698 0.57890803
vt 0.96484500 0.56654298
vt 0.92934299 0.57694203
vt 0.96594501 0.56677198
vt 0.92722899 0.57797998
vt 0.92860001 0.57997102
vt 0.93114698 0.58210498
vt 0.92488497 0.58632702
vt 0.93340498 0.58007002
vt 0.92600298 0.58848101
vt 0.93888801 0.57850599
vt 0.93332601 0.58270502
vt 0.92086500 0.58739501
vt 0.94553900 0.57651597
vt 0.91322303 0.58607400
vt 0.89580399 0.58375299
vt 0.91527802 0.58934200
vt 0.92133099 0.58992899
vt 0.88478100 0.58033198
vt 0.92999101 0.59386802
vt 0.89569902 0.58673400
vt 0.87820798 0.57613301
vt 0.88341999 0.58360201
vt 0.87141001 0.57170898
vt 0.87790501 0.57955003
vt 0.86142200 0.57127303
vt 0.87689799 0.58245802
vt 0.86001498 0.56702399
vt 0.83418602 0.70877999
vt 0.87958998 0.59318298
vt 0.82474101 0.70888102
vt 0.89524001 0.59430599
vt 0.81502497 0.70580697
vt 0.91274297 0.59873802
vt 0.87089598 0.59203601
vt 0.86588699 0.59568602
vt 0.84275103 0.70504397
vt 0.91954797 0.60013002
vt 0.92503500 0.60698003
vt 0.80891401 0.70075601
vt 0.86453098 0.59458500
vt 0.84992403 0.69866699
vt 0.85717702 0.60117698
vt 0.92596901 0.60540599
vt 0.80420798 0.69363701
vt 0.93263000 0.61684602
vt 0.92093497 0.59816802
vt 0.93432403 0.61608201
vt 0.92663199 0.59585202
vt 0.92757601 0.60438001
vt 0.92997098 0.59949797
vt 0.93249297 0.59595901
vt 0.93517297 0.61519802
vt 0.94229299 0.62439698
vt 0.80194998 0.68465400
vt 0.94120097 0.62598097
vt 0.93940097 0.61377698
vt 0.94304699 0.62391400
vt 0.95003998 0.63203299
vt 0.94896400 0.63355702
vt 0.80355698 0.67557800
vt 0.80862898 0.66839200
vt 0.95688999 0.63879800
vt 0.95765001 0.63802201
vt 0.80822200 0.66787797
vt 0.95086801 0.63091701
vt 0.80777901 0.66744298
vt 0.95822602 0.63723099
vt 0.80563599 0.66536802
vt 0.96099901 0.63374901
vt 0.95288998 0.62725902
vt 0.96218097 0.63145101
vt 0.80445099 0.66413599
vt 0.94604701 0.62072402
vt 0.95517200 0.62443501
vt 0.95866901 0.62307400
vt 0.96507502 0.63023400
vt 0.80224502 0.66392100
vt 0.94806403 0.61733103
vt 0.80070800 0.66305703
vt 0.96758097 0.62921101
vt 0.94260102 0.61023903
vt 0.95242298 0.61633599
vt 0.94624400 0.60835499
vt 0.96099400 0.62131500
vt 0.95492202 0.61444199
vt 0.96317398 0.62064201
vt 0.96985799 0.62817401
vt 0.79891700 0.66280901
vt 0.79049301 0.65916502
vt 0.98064101 0.62181902
vt 0.95677102 0.61335701
vt 0.97401297 0.61373699
vt 0.97497201 0.61282802
vt 0.98185003 0.62093598
vt 0.78985500 0.65815800
vt 0.96773797 0.60647303
vt 0.94866800 0.60619599
vt 0.96285999 0.59856099
vt 0.93902397 0.59996200
vt 0.95054901 0.60449398
vt 0.94323099 0.59895301
vt 0.93484998 0.59647900
vt 0.94534397 0.59762597
vt 0.93654901 0.59201902
vt 0.93551999 0.59646601
vt 0.94052702 0.59362698
vt 0.93706203 0.59163201
vt 0.93590897 0.59136802
vt 0.93536198 0.59062397
vt 0.93620199 0.59085703
vt 0.93919700 0.58897001
vt 0.93803501 0.58764797
vt 0.93752003 0.58679998
vt 0.94344699 0.59139103
vt 0.94177401 0.58732897
vt 0.94082201 0.58569902
vt 0.94059497 0.58506203
vt 0.93971098 0.58033001
vt 0.94573301 0.57879299
vt 0.95687902 0.58197802
vt 0.95758301 0.58463800
vt 0.95705700 0.58243698
vt 0.95437401 0.57440198
vt 0.95530200 0.57723200
vt 0.95409697 0.57247901
vt 0.96058601 0.57293600
vt 0.96122700 0.57626700
vt 0.95953101 0.57017499
vt 0.95981801 0.57094699
vt 0.95726597 0.56596202
vt 0.96381003 0.56888998
vt 0.96452302 0.56717998
vt 0.96435797 0.57006502
vt 0.96572202 0.56744301
vt 0.96506298 0.56898499
vt 0.96861202 0.56724501
vt 0.96841800 0.56918502
vt 0.97451401 0.56647301
vt 0.97448701 0.56857300
vt 0.96892500 0.57067299
vt 0.96902698 0.57237601
vt 0.97754598 0.56934702
vt 0.98233903 0.56845200
vt 0.99203098 0.56596202
vt 0.77486801 0.55620903
vt 0.77496898 0.55947799
vt 0.99040598 0.57011998
vt 0.97749197 0.57129300
vt 0.98185301 0.57193798
vt 0.77424198 0.56141198
vt 0.98911500 0.57268399
vt 0.98142499 0.57339603
vt 0.77116799 0.56779700
vt 0.73797298 0.66016400
vt 0.98699403 0.57965899
vt 0.96836799 0.57637298
vt 0.97628200 0.57610899
vt 0.98167902 0.58056098
vt 0.98152399 0.58436698
vt 0.74596798 0.66473502
vt 0.97432703 0.58096802
vt 0.98030198 0.58419800
vt 0.96928197 0.58140802
vt 0.98233300 0.59069598
vt 0.75483799 0.66672403
vt 0.98327500 0.59028500
vt 0.97905499 0.58414602
vt 0.98007703 0.58005899
vt 0.98584902 0.59715998
vt 0.98660702 0.59662998
vt 0.76411802 0.66545099
vt 0.98131901 0.59195399
vt 0.99004298 0.60323399
vt 0.99106997 0.60309201
vt 0.77302998 0.66069502
vt 0.78055799 0.65208602
vt 0.99664599 0.60921502
vt 0.78168797 0.64832401
vt 0.78169298 0.64868599
vt 0.99589902 0.61019802
vt 0.98911202 0.60413998
vt 0.78190303 0.64927799
vt 0.99508297 0.61125797
vt 0.98509699 0.59788698
vt 0.98481101 0.60732698
vt 0.99106002 0.61491299
vt 0.78358102 0.65355802
vt 0.78593099 0.65474302
vt 0.98759699 0.61643797
vt 0.98039901 0.60104102
vt 0.98134297 0.60858500
vt 0.97638100 0.59427500
vt 0.97612202 0.60171699
vt 0.97843599 0.61083698
vt 0.98542702 0.61871999
vt 0.78764302 0.65608197
vt 0.97380102 0.60387301
vt 0.96942103 0.60534799
vt 0.96898902 0.59675300
vt 0.96395201 0.59795701
vt 0.97173202 0.59424001
vt 0.96649700 0.59030199
vt 0.96035999 0.59266001
vt 0.96148402 0.59242701
vt 0.95986599 0.58899897
vt 0.96453500 0.58833802
vt 0.96068400 0.58467001
vt 0.96385300 0.58463198
vt 0.96075600 0.58270699
vt 0.96099198 0.58214903
vt 0.96408200 0.58338398
vt 0.96540099 0.58275700
vt 0.96571600 0.58460402
vt 0.96548802 0.58345401
vt 0.96976298 0.58274698
vt 0.96862900 0.58605897
vt 0.97457600 0.58240801
vt 0.96963102 0.58758902
vt 0.97315299 0.58605897
vt 0.73220801 0.65233600
vt 0.78096002 0.56902099
vt 0.78219903 0.56302398
vt 0.79061198 0.56434101
vt 0.79061598 0.57187998
vt 0.72965699 0.64407301
vt 0.78331000 0.55996603
vt 0.78432399 0.55641597
vt 0.79080200 0.56209099
vt 0.78504401 0.55408198
vt 0.79143602 0.55833000
vt 0.78532201 0.55290800
vt 0.79246497 0.55570501
vt 0.79633403 0.56002301
vt 0.78618801 0.54877800
vt 0.79243100 0.55423701
vt 0.78552002 0.54558802
vt 0.79354399 0.54956800
vt 0.78544903 0.54440701
vt 0.79454499 0.54717302
vt 0.80087799 0.55221999
vt 0.78637600 0.53850001
vt 0.79484397 0.54598802
vt 0.80198801 0.54935402
vt 0.78918898 0.52897298
vt 0.79537702 0.54074901
vt 0.79184502 0.52126801
vt 0.80494100 0.53521103
vt 0.79623300 0.50902098
vt 0.80628401 0.52758199
vt 0.81231201 0.47980601
vt 0.80994499 0.51515698
vt 0.82060403 0.45962596
vt 0.82207203 0.48602104
vt 0.82478303 0.43595302
vt 0.83079499 0.46396500
vt 0.83091402 0.43751502
vt 0.82743400 0.42884600
vt 0.82876098 0.42551500
vt 0.82989597 0.42278004
vt 0.83296901 0.43168104
vt 0.83682901 0.43872702
vt 0.83435798 0.42895001
vt 0.83860803 0.43466300
vt 0.84489602 0.44124603
vt 0.84576702 0.43676603
vt 0.83936101 0.43155801
vt 0.83887100 0.46620601
vt 0.83129901 0.49198997
vt 0.84841800 0.46667099
vt 0.82396400 0.52044600
vt 0.84493500 0.49661696
vt 0.85202801 0.44149101
vt 0.82148302 0.53478402
vt 0.84318799 0.52647102
vt 0.85506499 0.49886596
vt 0.85340101 0.52570301
vt 0.85829198 0.46700901
vt 0.85338300 0.53865403
vt 0.86165500 0.43832803
vt 0.85304898 0.43666196
vt 0.86149198 0.43366396
vt 0.85215199 0.43296099
vt 0.86009502 0.42992300
vt 0.84546697 0.43325001
vt 0.85159397 0.43039203
vt 0.84008503 0.42903000
vt 0.84655398 0.43034500
vt 0.84676802 0.42808604
vt 0.86073899 0.42807496
vt 0.85269201 0.42774296
vt 0.85998499 0.42564499
vt 0.86617702 0.42269003
vt 0.85268802 0.42685998
vt 0.87031698 0.41959202
vt 0.86567599 0.42204100
vt 0.87492198 0.41599202
vt 0.86916101 0.41941500
vt 0.87442601 0.41573203
vt 0.87583899 0.41255599
vt 0.87528598 0.41252100
vt 0.87270802 0.41286802
vt 0.87355000 0.40170097
vt 0.87304300 0.40226000
vt 0.87081599 0.40501797
vt 0.87118000 0.39864099
vt 0.87057102 0.39943200
vt 0.86800998 0.39698803
vt 0.85912901 0.39453697
vt 0.86736602 0.39756101
vt 0.86908001 0.40159202
vt 0.85858703 0.39526099
vt 0.85203701 0.39411998
vt 0.86636502 0.39914101
vt 0.84580702 0.39469701
vt 0.85189199 0.39504099
vt 0.85805899 0.39730400
vt 0.86560899 0.40059304
vt 0.86809200 0.40272301
vt 0.85760200 0.39899701
vt 0.86962497 0.40553600
vt 0.85130501 0.40920800
vt 0.87100798 0.41262501
vt 0.85141402 0.41349196
vt 0.86770898 0.41838300
vt 0.86445302 0.42063403
vt 0.85982102 0.42479700
vt 0.85978597 0.42309701
vt 0.85288400 0.42550003
vt 0.84929198 0.41713703
vt 0.84604299 0.41170204
vt 0.84507299 0.41788399
vt 0.84664202 0.42607999
vt 0.84581000 0.42731297
vt 0.84085101 0.42518604
vt 0.84040803 0.42677599
vt 0.84078902 0.42641604
vt 0.83768201 0.42297304
vt 0.84129101 0.41527998
vt 0.83708799 0.42415702
vt 0.83284199 0.41731000
vt 0.84021199 0.41078997
vt 0.83676398 0.42461801
vt 0.83178598 0.41915899
vt 0.83580899 0.42647600
vt 0.83129400 0.41984999
vt 0.82922202 0.41248298
vt 0.82817900 0.41224599
vt 0.83122498 0.41267097
vt 0.83243102 0.40738404
vt 0.83111399 0.40501898
vt 0.83047497 0.40274900
vt 0.83530301 0.39802599
vt 0.83507597 0.40085602
vt 0.83610100 0.40233600
vt 0.84143299 0.39553201
vt 0.84104699 0.39722598
vt 0.84521401 0.39625800
vt 0.84054798 0.39935100
vt 0.84451097 0.39821696
vt 0.85105699 0.39621401
vt 0.85088402 0.39785701
vt 0.84858602 0.40584201
vt 0.84339202 0.40616202
vt 0.78244698 0.64270502
vt 0.78325301 0.64238399
vt 0.78400201 0.64250499
vt 0.78425700 0.63563299
vt 0.78722399 0.64442497
vt 0.78514701 0.63579100
vt 0.78901899 0.64575303
vt 0.78912198 0.63757801
vt 0.79115498 0.64684200
vt 0.79163098 0.63813400
vt 0.78580701 0.62731600
vt 0.79389799 0.64838302
vt 0.79078299 0.62869900
vt 0.79452699 0.63926399
vt 0.79413497 0.62959897
vt 0.79696500 0.63143700
vt 0.79721498 0.64009499
vt 0.79488701 0.64892298
vt 0.79830402 0.64090002
vt 0.80391902 0.65389901
vt 0.80550802 0.65448898
vt 0.80872202 0.64729101
vt 0.80158299 0.63335299
vt 0.80015701 0.63248497
vt 0.81361097 0.63965702
vt 0.80320299 0.62445801
vt 0.80479300 0.62534303
vt 0.81808603 0.63159603
vt 0.81056899 0.64792401
vt 0.81527603 0.64079899
vt 0.80719900 0.65557897
vt 0.81860101 0.64242899
vt 0.80970800 0.65688097
vt 0.81271899 0.64983302
vt 0.81477702 0.65121400
vt 0.81194001 0.65881199
vt 0.82095897 0.64450699
vt 0.81650901 0.65281498
vt 0.81416601 0.66134900
vt 0.81461799 0.66193402
vt 0.81968200 0.65589100
vt 0.81509900 0.66294402
vt 0.82028800 0.65650999
vt 0.82730901 0.65128601
vt 0.82113999 0.65729898
vt 0.82702798 0.65047502
vt 0.82359302 0.64671999
vt 0.83561403 0.64712203
vt 0.83462399 0.64552701
vt 0.83013201 0.64023101
vt 0.82669997 0.63737899
vt 0.83726698 0.63485199
vt 0.83253002 0.63191998
vt 0.82391602 0.63472599
vt 0.82953101 0.63027000
vt 0.83686602 0.62151200
vt 0.83879697 0.63550699
vt 0.84143501 0.62492001
vt 0.83323503 0.62060302
vt 0.84076798 0.61204898
vt 0.82686502 0.62755197
vt 0.82016802 0.63266599
vt 0.82386303 0.62587899
vt 0.82150400 0.62468702
vt 0.80881900 0.61812002
vt 0.82517999 0.61683500
vt 0.80680197 0.61786401
vt 0.81282401 0.61039400
vt 0.81097400 0.60974401
vt 0.81801701 0.60106498
vt 0.82716101 0.61753201
vt 0.82958102 0.60646099
vt 0.83044702 0.61879098
vt 0.83182698 0.60748202
vt 0.83532298 0.60878199
vt 0.83824801 0.61045903
vt 0.83955097 0.60043901
vt 0.84304398 0.60222000
vt 0.84561300 0.60324198
vt 0.84928602 0.59276199
vt 0.83643198 0.59772402
vt 0.84431398 0.59234601
vt 0.83450103 0.59668398
vt 0.84082001 0.58954501
vt 0.84834099 0.58815700
vt 0.82155400 0.59242803
vt 0.83876801 0.58799100
vt 0.81637198 0.60049999
vt 0.82329702 0.58367598
vt 0.81972700 0.59213197
vt 0.81296599 0.59940600
vt 0.82059598 0.58306700
vt 0.80769700 0.60834801
vt 0.81579399 0.59208602
vt 0.80336899 0.61646002
vt 0.80569702 0.60708398
vt 0.79947901 0.62291801
vt 0.80063999 0.61503202
vt 0.79626101 0.62162697
vt 0.79315198 0.62031400
vt 0.79778999 0.61389500
vt 0.78713500 0.61867899
vt 0.80323899 0.60575599
vt 0.79240000 0.61159700
vt 0.79804897 0.60380697
vt 0.78492701 0.61826801
vt 0.79168803 0.61082399
vt 0.80174202 0.59656400
vt 0.77052599 0.61217201
vt 0.79033601 0.61010802
vt 0.79587001 0.60274702
vt 0.75797600 0.61077100
vt 0.78292102 0.61807102
vt 0.79702002 0.60318601
vt 0.74725002 0.61316901
vt 0.79943502 0.59605598
vt 0.80069798 0.59620500
vt 0.80691802 0.59768498
vt 0.80242097 0.59010500
vt 0.80100900 0.58971500
vt 0.73928600 0.61854500
vt 0.73304498 0.62644398
vt 0.80140400 0.58297002
vt 0.80335700 0.59025001
vt 0.80315298 0.58276302
vt 0.79910302 0.57661498
vt 0.72985297 0.63518298
vt 0.80846500 0.59106600
vt 0.80365801 0.58278000
vt 0.80084503 0.57623303
vt 0.81006801 0.59890902
vt 0.81224197 0.59136897
vt 0.80910802 0.58275902
vt 0.81290799 0.58204198
vt 0.81762999 0.58219701
vt 0.81261897 0.57777899
vt 0.81560701 0.57903999
vt 0.82010502 0.58056998
vt 0.82384098 0.58111799
vt 0.81690502 0.57748902
vt 0.84018099 0.58546197
vt 0.82476002 0.57872897
vt 0.81360900 0.57563198
vt 0.84319902 0.58717900
vt 0.84946603 0.58593601
vt 0.80878001 0.57331902
vt 0.85666603 0.58886600
vt 0.80699497 0.57571101
vt 0.85170698 0.59511101
vt 0.80162501 0.57598299
vt 0.79909402 0.57157898
vt 0.80204201 0.57187200
vt 0.80903399 0.57224602
vt 0.80145001 0.57069498
vt 0.79547399 0.57179499
vt 0.79833001 0.57011402
vt 0.79611701 0.56579298
vt 0.80240899 0.56733501
vt 0.79635000 0.56403202
vt 0.80214399 0.56556201
vt 0.80279398 0.56270301
vt 0.80010098 0.55865502
vt 0.80769497 0.56467700
vt 0.80037499 0.55759799
vt 0.80967599 0.56283200
vt 0.80971599 0.56169802
vt 0.81009102 0.55644798
vt 0.80982703 0.55388999
vt 0.81299597 0.55747998
vt 0.80979502 0.55255199
vt 0.81211197 0.55418003
vt 0.81143600 0.55255598
vt 0.80277002 0.54853803
vt 0.81020802 0.54822099
vt 0.80363500 0.54341602
vt 0.81685102 0.54017299
vt 0.81278002 0.55169302
vt 0.81958997 0.54182202
vt 0.82333702 0.53926301
vt 0.81347501 0.55293298
vt 0.82034701 0.54323697
vt 0.81509799 0.55672502
vt 0.82363301 0.54123300
vt 0.82345301 0.54751098
vt 0.81640202 0.56003797
vt 0.82617098 0.54634601
vt 0.81309199 0.56336701
vt 0.82383698 0.55100203
vt 0.81272399 0.56416398
vt 0.81487101 0.56538999
vt 0.81313199 0.56641400
vt 0.81843501 0.56175000
vt 0.80784100 0.56712401
vt 0.81422699 0.56863999
vt 0.80816603 0.56871498
vt 0.81396103 0.57065999
vt 0.81507403 0.57391602
vt 0.81795901 0.57502299
vt 0.81873399 0.57310498
vt 0.81913197 0.57148099
vt 0.81978601 0.57020599
vt 0.82588798 0.57675803
vt 0.82545501 0.57411099
vt 0.82557499 0.57220799
vt 0.84010798 0.57701898
vt 0.84061599 0.58190501
vt 0.84057200 0.57968301
vt 0.84876001 0.58212000
vt 0.84881699 0.57638800
vt 0.85318202 0.58395398
vt 0.85017103 0.57975900
vt 0.83915401 0.57441598
vt 0.85072499 0.57691598
vt 0.85936898 0.58086997
vt 0.86256200 0.58895803
vt 0.85535699 0.59875703
vt 0.87053198 0.58271301
vt 0.84949303 0.60733199
vt 0.85996997 0.57843500
vt 0.84565097 0.61480802
vt 0.84262502 0.62549198
vt 0.84694302 0.61576700
vt 0.85477799 0.66911697
vt 0.84371799 0.62596703
vt 0.84019798 0.63566899
vt 0.84878099 0.65864801
vt 0.85637200 0.67986298
vt 0.84765500 0.61723900
vt 0.83685702 0.64863503
vt 0.85162598 0.60856199
vt 0.85467202 0.68996900
vt 0.85067397 0.60781300
vt 0.85631901 0.60015202
vt 0.86391997 0.59324598
vt 0.86974400 0.59027302
vt 0.87080401 0.57812500
vt 0.86056298 0.57596600
vt 0.87128001 0.57610798
vt 0.87082702 0.57354802
vt 0.85190499 0.57560301
vt 0.86065602 0.57310599
vt 0.86023098 0.57376999
vt 0.85390800 0.57074899
vt 0.85303402 0.57220203
vt 0.85244501 0.57306200
vt 0.84814102 0.57399899
vt 0.84931898 0.57056999
vt 0.84910399 0.57147402
vt 0.84844202 0.57110798
vt 0.84656400 0.57289600
vt 0.85074401 0.56931299
vt 0.84661001 0.56834799
vt 0.83877802 0.57232499
vt 0.84430098 0.56927699
vt 0.82498199 0.56989503
vt 0.83826000 0.56847298
vt 0.82040799 0.56824303
vt 0.82531500 0.56625098
vt 0.82167798 0.56475198
vt 0.82510197 0.55888802
vt 0.83666599 0.56102198
vt 0.82507598 0.55340099
vt 0.82751298 0.55242503
vt 0.82666802 0.55006301
vt 0.83588701 0.55407900
vt 0.84109801 0.56301600
vt 0.83716202 0.55525398
vt 0.83700103 0.55202299
vt 0.83839202 0.55398202
vt 0.84406000 0.56397802
vt 0.83983999 0.55163401
vt 0.83870202 0.54967600
vt 0.84727198 0.56542099
vt 0.84190601 0.54916501
vt 0.83962601 0.54617101
vt 0.84087998 0.54442799
vt 0.84249300 0.53910101
vt 0.84715098 0.54585898
vt 0.84281200 0.54817098
vt 0.85364801 0.55079001
vt 0.85297900 0.55900299
vt 0.85007298 0.56163698
vt 0.84952498 0.56302202
vt 0.85220403 0.56513703
vt 0.85179800 0.56622702
vt 0.85425699 0.56559700
vt 0.85392100 0.56682801
vt 0.85966098 0.56567401
vt 0.82838798 0.65269703
vt 0.83735400 0.65191603
vt 0.82925701 0.65484500
vt 0.84706402 0.65978199
vt 0.83724600 0.65816701
vt 0.82244998 0.65884900
vt 0.85268700 0.66959000
vt 0.81606102 0.66431397
vt 0.85428899 0.68004698
vt 0.84834701 0.67107099
vt 0.84401500 0.66346502
vt 0.85245597 0.68931001
vt 0.84990901 0.67931402
vt 0.84839398 0.69692802
vt 0.84814602 0.68735999
vt 0.84187299 0.70282602
vt 0.84506500 0.69382101
vt 0.83378899 0.70602500
vt 0.83952498 0.69882399
vt 0.84490699 0.68570602
vt 0.84208202 0.69127500
vt 0.83285999 0.70193499
vt 0.82520700 0.70648003
vt 0.83772397 0.69543999
vt 0.81730402 0.70415002
vt 0.82604003 0.70208299
vt 0.81047398 0.69895798
vt 0.81926602 0.69998300
vt 0.80598998 0.69247001
vt 0.81353003 0.69602698
vt 0.80439800 0.68463600
vt 0.81002599 0.69073403
vt 0.80537999 0.67613697
vt 0.80808401 0.68388802
vt 0.81349701 0.68884402
vt 0.81003398 0.66964501
vt 0.81653100 0.69343102
vt 0.81835401 0.66650200
vt 0.82104403 0.69678700
vt 0.81312299 0.67139399
vt 0.82664698 0.69837499
vt 0.80923301 0.67711502
vt 0.83238697 0.69778901
vt 0.81325698 0.67802000
vt 0.81230301 0.68347502
vt 0.81622601 0.67313498
vt 0.81472701 0.68318099
vt 0.81573302 0.68781102
vt 0.81834602 0.69179499
vt 0.81694502 0.68290001
vt 0.82217801 0.69475699
vt 0.81778598 0.68685699
vt 0.82000297 0.69025499
vt 0.82696098 0.69598800
vt 0.82327402 0.69272500
vt 0.81897497 0.68630600
vt 0.83194601 0.69545698
vt 0.82731402 0.69375598
vt 0.83658397 0.69334900
vt 0.83156002 0.69330102
vt 0.83552700 0.69145399
vt 0.84035999 0.68970799
vt 0.83874899 0.68831599
vt 0.83134597 0.69205499
vt 0.82751900 0.69248802
vt 0.83491999 0.69036800
vt 0.82394499 0.69147998
vt 0.82100499 0.68932498
vt 0.82461101 0.68540299
vt 0.82670402 0.68691999
vt 0.83042300 0.68684900
vt 0.82541800 0.68470597
vt 0.82839602 0.68711001
vt 0.82715201 0.68595803
vt 0.82486099 0.68349099
vt 0.82390499 0.68390000
vt 0.82849997 0.68608803
vt 0.83024400 0.68585402
vt 0.83312601 0.68369800
vt 0.83180797 0.68504798
vt 0.83230901 0.68589300
vt 0.83384401 0.68434101
vt 0.83781499 0.68752098
vt 0.83393800 0.68243301
vt 0.83485699 0.68275899
vt 0.84086800 0.68420601
vt 0.83965701 0.68380398
vt 0.83529103 0.67986202
vt 0.83430302 0.68005103
vt 0.84018201 0.67963302
vt 0.83946598 0.67549503
vt 0.84289497 0.68491203
vt 0.84147900 0.67951900
vt 0.84357899 0.67936498
vt 0.84585798 0.67924398
vt 0.84249002 0.67382598
vt 0.84459698 0.67274600
vt 0.84055901 0.67488098
vt 0.83971500 0.66906398
vt 0.84128302 0.66697502
vt 0.83825099 0.67097199
vt 0.83630699 0.66337299
vt 0.83559602 0.66612500
vt 0.83039099 0.65903997
vt 0.83082300 0.66337901
vt 0.82405001 0.66211402
vt 0.82543701 0.66547602
vt 0.82051301 0.66892302
vt 0.83085799 0.66588002
vt 0.82612097 0.66750401
vt 0.82175601 0.67041302
vt 0.81805402 0.67412698
vt 0.82289600 0.67183697
vt 0.81553602 0.67845398
vt 0.81974000 0.67505801
vt 0.81762499 0.67883098
vt 0.81821698 0.68273199
vt 0.82070601 0.67559898
vt 0.82351500 0.68196702
vt 0.81882602 0.67904103
vt 0.82451999 0.68181902
vt 0.82383102 0.67994702
vt 0.82481599 0.67803901
vt 0.82360202 0.67275900
vt 0.82597601 0.67657298
vt 0.82562798 0.67846298
vt 0.82477999 0.68012500
vt 0.82655001 0.67728001
vt 0.82700801 0.67060298
vt 0.82849997 0.67515498
vt 0.82669401 0.66942197
vt 0.83071500 0.66950297
vt 0.83079600 0.66817999
vt 0.83482599 0.66855699
vt 0.83434498 0.66991198
vt 0.83021098 0.67500699
vt 0.82864398 0.67613202
vt 0.83002502 0.67604500
vt 0.83211899 0.67534000
vt 0.83739299 0.67205000
vt 0.83370698 0.67642999
vt 0.83476001 0.67815399
vt 0.83387500 0.67871702
vt 0.83298701 0.67725301
vt 0.83166897 0.67635697
vt 0.78468400 0.62713599
vt 0.78341103 0.63508600
vt 0.78358299 0.62741703
vt 0.78146100 0.62727100
vt 0.78131902 0.63531500
vt 0.78035498 0.64283001
vt 0.78004199 0.61912799
vt 0.77849197 0.65125400
vt 0.76894599 0.61378503
vt 0.77514100 0.62169802
vt 0.75823301 0.61269599
vt 0.76705998 0.61786699
vt 0.74867499 0.61521000
vt 0.75866699 0.61710203
vt 0.74086899 0.62041801
vt 0.75135201 0.61884201
vt 0.75866002 0.62094802
vt 0.75214797 0.62238699
vt 0.74390000 0.62325698
vt 0.76532203 0.62169898
vt 0.74657899 0.62570101
vt 0.73896003 0.62893897
vt 0.73506600 0.62732398
vt 0.73179400 0.63576698
vt 0.73640501 0.63571900
vt 0.74251699 0.63045400
vt 0.73619199 0.64282602
vt 0.73235202 0.64386898
vt 0.74031800 0.63608497
vt 0.73507100 0.65171403
vt 0.73822898 0.64976800
vt 0.73988402 0.65844703
vt 0.74021399 0.64193600
vt 0.74682599 0.66260999
vt 0.74315900 0.65522599
vt 0.75523800 0.66472202
vt 0.74200499 0.64739698
vt 0.76403999 0.66330397
vt 0.75590700 0.66014701
vt 0.77189201 0.65909600
vt 0.76311201 0.65879703
vt 0.74894202 0.65873498
vt 0.76978600 0.65514803
vt 0.75040501 0.65481597
vt 0.77484697 0.64942300
vt 0.74554199 0.65185702
vt 0.75607902 0.65588999
vt 0.74720597 0.64996701
vt 0.75142002 0.65249598
vt 0.76193398 0.65490699
vt 0.75632298 0.65339202
vt 0.76726299 0.65186203
vt 0.76135701 0.65252000
vt 0.75652200 0.65110803
vt 0.76588702 0.64992398
vt 0.75234199 0.65035802
vt 0.76079398 0.65035099
vt 0.76462799 0.64814699
vt 0.76928699 0.64595199
vt 0.77121800 0.64725298
vt 0.76753700 0.64475501
vt 0.77678698 0.64238298
vt 0.77115202 0.64102399
vt 0.77322900 0.64153701
vt 0.77766198 0.63527697
vt 0.77174598 0.63578701
vt 0.77702200 0.62823200
vt 0.77393800 0.63554102
vt 0.77077401 0.62472898
vt 0.77324998 0.62971902
vt 0.77100199 0.63075399
vt 0.76863903 0.62651998
vt 0.76413900 0.62396502
vt 0.76678997 0.62822402
vt 0.75858903 0.62331200
vt 0.76305902 0.62606800
vt 0.75303298 0.62451899
vt 0.75846398 0.62550598
vt 0.75378901 0.62650400
vt 0.74822199 0.62737000
vt 0.74468499 0.63147003
vt 0.74969602 0.62892801
vt 0.74275398 0.63633102
vt 0.74665803 0.63242102
vt 0.74261200 0.64139801
vt 0.74498600 0.63656902
vt 0.74416500 0.64611298
vt 0.74483401 0.64090198
vt 0.74614501 0.64493000
vt 0.74873698 0.64821899
vt 0.74967098 0.64714098
vt 0.74727398 0.64425802
vt 0.74611598 0.64061499
vt 0.74627000 0.63670600
vt 0.75148898 0.63945800
vt 0.74779600 0.63297099
vt 0.75162101 0.63736600
vt 0.75057101 0.62986797
vt 0.75246298 0.63536602
vt 0.75263500 0.63749897
vt 0.75423503 0.62773597
vt 0.75337499 0.63577199
vt 0.75251597 0.63924003
vt 0.75208098 0.64141202
vt 0.75301802 0.64092898
vt 0.75295901 0.64289099
vt 0.75370598 0.64211601
vt 0.75563103 0.64323002
vt 0.75527901 0.64423901
vt 0.75704300 0.64327699
vt 0.75287902 0.64907002
vt 0.75702900 0.64431399
vt 0.75661701 0.64979100
vt 0.76046002 0.64911002
vt 0.75907397 0.64392799
vt 0.76391101 0.64712298
vt 0.75880098 0.64294499
vt 0.76090998 0.64285702
vt 0.76033002 0.64205098
vt 0.76233900 0.64121598
vt 0.76655501 0.64406699
vt 0.76156902 0.64063001
vt 0.76799899 0.64026499
vt 0.76324600 0.63957900
vt 0.76231098 0.63932502
vt 0.76921898 0.64055198
vt 0.76844901 0.63625401
vt 0.76969898 0.63605797
vt 0.76348603 0.63669902
vt 0.76894897 0.63177103
vt 0.76777399 0.63239199
vt 0.76577097 0.62921798
vt 0.76287001 0.63506502
vt 0.76245397 0.62728602
vt 0.76172000 0.63343900
vt 0.75837398 0.62675297
vt 0.76000702 0.63241100
vt 0.75793499 0.63212103
vt 0.75610203 0.63230199
vt 0.75778598 0.63315302
vt 0.75354302 0.63382798
vt 0.75634199 0.63327801
vt 0.75423598 0.63453901
vt 0.75955302 0.63339800
vt 0.76096600 0.63425702
vt 0.76197398 0.63564599
vt 0.76249301 0.63695002
vt 0.91625839 0.30248976
vt 0.87201798 0.26706493
vt 0.88792378 0.24786222
vt 0.82926059 0.22927046
vt 0.89143288 0.30482101
vt 0.89766645 0.36115295
vt 0.83159185 0.25409591
vt 0.87846375 0.34524715
vt 0.85095465 0.29196674
vt 0.85893071 0.30753535
vt 0.84070766 0.36466223
vt 0.84303886 0.38948762
vt 0.78437579 0.37089574
vt 0.85356194 0.32418394
vt 0.83614957 0.30937904
vt 0.83430606 0.28659809
vt 0.83799338 0.33216006
vt 0.82134473 0.32679135
vt 0.80028146 0.35169303
vt 0.75604105 0.31626821
vt 0.81336868 0.31122279
vt 0.81873745 0.29457420
vt 0.78086644 0.31393701
vt 0.79383576 0.27351099
vt 0.77463305 0.25760520
vt 0.80028146 0.35169303
vt 0.78086644 0.31393701
vt 0.84070766 0.36466223
vt 0.79383576 0.27351099
vt 0.82134473 0.32679135
vt 0.81336868 0.31122279
vt 0.83159185 0.25409591
vt 0.81873745 0.29457420
vt 0.83614957 0.30937904
vt 0.83799338 0.33216006
vt 0.83430606 0.28659809
vt 0.85095465 0.29196674
vt 0.87201798 0.26706493
vt 0.85893071 0.30753535
vt 0.85356194 0.32418394
vt 0.89143288 0.30482101
vt 0.87846375 0.34524715
vt 0.93059444 0.32753301
vt 0.95887947 0.33633959
vt 0.96212041 0.32454586
vt 0.98820424 0.34251404
vt 0.93566346 0.33867121
vt 0.90834844 0.35007644
vt 0.97815669 0.34947109
vt 0.91937387 0.35538423
vt 0.93834329 0.34458566
vt 0.91764295 0.37865925
vt 0.90578520 0.38165760
vt 0.92413330 0.40750766
vt 0.92513025 0.35815930
vt 0.95719147 0.34268308
vt 0.94429803 0.35694957
vt 0.92373156 0.37704503
vt 0.97285044 0.35334420
vt 0.93479896 0.39240575
vt 0.93127990 0.39759469
vt 0.95482027 0.41550720
vt 0.93708170 0.37337315
vt 0.95389903 0.40332913
vt 0.93770289 0.36384892
vt 0.97490728 0.39318681
vt 0.98346591 0.40189397
vt 0.99664533 0.37305689
vt 0.95314860 0.39706218
vt 0.98448563 0.37191904
vt 0.97020304 0.38883781
vt 0.97798538 0.37157464
vt 0.95201755 0.38330865
vt 0.96056485 0.37906647
vt 0.94273627 0.38106263
vt 0.95577204 0.37449527
vt 0.95129657 0.37672281
vt 0.94643211 0.37555361
vt 0.95775795 0.36991584
vt 0.96438372 0.37033164
vt 0.94345760 0.37152874
vt 0.96170270 0.36118901
vt 0.95634961 0.36512101
vt 0.94377541 0.36653638
vt 0.95219040 0.36236227
vt 0.94722331 0.36291647
vt 0.95377278 0.35590494
vt 0.95389903 0.40332913
vt 0.93127990 0.39759469
vt 0.97490728 0.39318681
vt 0.91764295 0.37865925
vt 0.98448563 0.37191904
vt 0.97020304 0.38883781
vt 0.95314860 0.39706218
vt 0.97815669 0.34947109
vt 0.97798538 0.37157464
vt 0.95887947 0.33633959
vt 0.97285044 0.35334420
vt 0.93566346 0.33867121
vt 0.95719147 0.34268308
vt 0.93834329 0.34458566
vt 0.91937387 0.35538423
vt 0.96170270 0.36118901
vt 0.92373156 0.37704503
vt 0.96438372 0.37033164
vt 0.93479896 0.39240575
vt 0.92513025 0.35815930
vt 0.94273627 0.38106263
vt 0.93708170 0.37337315
vt 0.94429803 0.35694957
vt 0.95201755 0.38330865
vt 0.93770289 0.36384892
vt 0.95377278 0.35590494
vt 0.94722331 0.36291647
vt 0.94377541 0.36653638
vt 0.95219040 0.36236227
vt 0.94345760 0.37152874
vt 0.95634961 0.36512101
vt 0.95775795 0.36991584
vt 0.94643211 0.37555361
vt 0.95577204 0.37449527
vt 0.95129657 0.37672281
vt 0.96056485 0.37906647
f 512/512 510/510 507/507
f 505/505 512/512 507/507
f 513/513 511/511 510/510
f 510/510 512/512 513/513
f 511/511 514/514 462/462
f 514/514 511/511 513/513
f 462/462 514/514 460/460
f 515/515 513/513 512/512
f 513/513 515/515 514/514
f 505/505 515/515 512/512
f 514/514 516/516 460/460
f 516/516 514/514 515/515
f 467/467 460/460 516/516
f 505/505 517/517 515/515
f 517/517 505/505 501/501
f 501/501 500/500 517/517
f 1047/1047 961/961 1050/1050
f 1061/1061 1062/1062 1065/1065
f 1064/1064 1065/1065 1062/1062
f 1065/1065 1063/1063 1061/1061
f 1064/1064 1000/1000 1066/1066
f 1065/1065 1064/1064 1066/1066
f 1067/1067 1066/1066 1000/1000
f 1000/1000 1006/1006 1067/1067
f 1026/1026 1067/1067 1006/1006
f 1065/1065 1066/1066 1068/1068
f 1067/1067 1026/1026 1069/1069
f 1052/1052 1054/1054 1055/1055
f 1056/1056 1054/1054 953/953
f 1036/1036 1012/1012 1042/1042
f 1012/1012 970/970 1042/1042
f 1040/1040 1036/1036 1043/1043
f 1054/1054 1057/1057 1055/1055
f 1072/1072 1069/1069 1071/1071
f 1070/1070 1073/1073 1068/1068
f 1073/1073 1070/1070 1072/1072
f 1074/1074 1065/1065 1068/1068
f 1065/1065 1074/1074 1063/1063
f 1075/1075 1068/1068 1073/1073
f 1068/1068 1075/1075 1074/1074
f 1072/1072 1076/1076 1073/1073
f 1076/1076 1075/1075 1073/1073
f 1072/1072 1071/1071 1077/1077
f 1061/1061 996/996 1062/1062
f 994/994 1062/1062 996/996
f 1043/1043 1048/1048 1041/1041
f 1047/1047 1049/1049 1046/1046
f 1049/1049 1048/1048 1046/1046
f 1064/1064 997/997 1000/1000
f 1074/1074 1079/1079 1063/1063
f 1078/1078 1080/1080 1075/1075
f 1079/1079 1075/1075 1080/1080
f 1063/1063 1079/1079 1081/1081
f 1063/1063 1081/1081 1060/1060
f 1081/1081 1059/1059 1060/1060
f 1079/1079 1082/1082 1081/1081
f 1080/1080 1082/1082 1079/1079
f 1059/1059 1081/1081 1083/1083
f 1081/1081 1082/1082 1083/1083
f 1066/1066 1067/1067 1070/1070
f 1069/1069 1070/1070 1067/1067
f 956/956 1056/1056 953/953
f 958/958 1056/1056 956/956
f 1056/1056 958/958 988/988
f 1070/1070 1069/1069 1072/1072
f 1082/1082 1080/1080 1086/1086
f 1086/1086 1085/1085 1082/1082
f 1080/1080 1087/1087 1086/1086
f 1078/1078 1087/1087 1080/1080
f 1087/1087 1088/1088 1086/1086
f 1078/1078 1088/1088 1087/1087
f 1085/1085 1086/1086 1089/1089
f 1089/1089 1086/1086 1088/1088
f 1051/1051 1085/1085 1090/1090
f 1090/1090 1048/1048 1051/1051
f 1076/1076 1072/1072 1077/1077
f 1025/1025 1077/1077 1071/1071
f 1060/1060 1061/1061 1063/1063
f 1062/1062 994/994 1064/1064
f 994/994 997/997 1064/1064
f 1075/1075 1079/1079 1074/1074
f 661/661 618/618 660/660
f 658/658 661/661 660/660
f 620/620 618/618 661/661
f 629/629 620/620 661/661
f 661/661 658/658 662/662
f 629/629 661/661 662/662
f 662/662 658/658 657/657
f 662/662 657/657 653/653
f 629/629 662/662 640/640
f 662/662 653/653 640/640
f 1083/1083 1053/1053 1059/1059
f 1053/1053 1083/1083 1084/1084
f 1070/1070 1068/1068 1066/1066
f 1026/1026 1071/1071 1069/1069
f 1071/1071 1026/1026 1025/1025
f 1082/1082 1085/1085 1083/1083
f 613/613 15/15 654/654
f 654/654 651/651 655/655
f 652/652 655/655 651/651
f 613/613 654/654 656/656
f 655/655 656/656 654/654
f 656/656 614/614 613/613
f 655/655 652/652 657/657
f 657/657 652/652 653/653
f 656/656 655/655 658/658
f 658/658 655/655 657/657
f 659/659 614/614 656/656
f 659/659 615/615 614/614
f 1077/1077 1078/1078 1076/1076
f 1025/1025 1078/1078 1077/1077
f 1075/1075 1076/1076 1078/1078
f 660/660 656/656 658/658
f 639/639 640/640 647/647
f 648/648 645/645 647/647
f 640/640 648/648 647/647
f 649/649 646/646 645/645
f 645/645 648/648 649/649
f 5/5 646/646 650/650
f 646/646 649/649 650/650
f 5/5 650/650 651/651
f 10/10 5/5 651/651
f 649/649 652/652 650/650
f 651/651 650/650 652/652
f 653/653 649/649 648/648
f 1051/1051 1053/1053 1084/1084
f 1083/1083 1085/1085 1084/1084
f 1085/1085 1051/1051 1084/1084
f 15/15 10/10 654/654
f 641/641 585/585 634/634
f 638/638 639/639 642/642
f 585/585 641/641 643/643
f 585/585 643/643 561/561
f 558/558 561/561 643/643
f 638/638 644/644 641/641
f 641/641 644/644 643/643
f 643/643 644/644 558/558
f 644/644 638/638 642/642
f 644/644 1/1 558/558
f 644/644 642/642 645/645
f 645/645 642/642 639/639
f 659/659 618/618 615/615
f 656/656 660/660 659/659
f 618/618 659/659 660/660
f 639/639 647/647 645/645
f 632/632 634/634 587/587
f 587/587 634/634 585/585
f 631/631 635/635 632/632
f 635/635 631/631 633/633
f 634/634 632/632 635/635
f 633/633 630/630 636/636
f 636/636 635/635 633/633
f 636/636 630/630 637/637
f 629/629 637/637 630/630
f 635/635 636/636 638/638
f 635/635 638/638 634/634
f 637/637 639/639 636/636
f 649/649 653/653 652/652
f 648/648 640/640 653/653
f 651/651 654/654 10/10
f 641/641 634/634 638/638
f 625/625 592/592 590/590
f 625/625 624/624 626/626
f 624/624 622/622 626/626
f 592/592 625/625 627/627
f 626/626 627/627 625/625
f 628/628 626/626 622/622
f 628/628 627/627 626/626
f 629/629 628/628 622/622
f 629/629 622/622 620/620
f 630/630 627/627 628/628
f 629/629 630/630 628/628
f 631/631 592/592 627/627
f 1/1 644/644 646/646
f 646/646 644/644 645/645
f 646/646 5/5 1/1
f 630/630 633/633 631/631
f 603/603 617/617 619/619
f 620/620 617/617 616/616
f 620/620 619/619 617/617
f 618/618 620/620 616/616
f 621/621 603/603 619/619
f 603/603 621/621 600/600
f 621/621 596/596 600/600
f 619/619 622/622 621/621
f 622/622 619/619 620/620
f 596/596 621/621 623/623
f 622/622 623/623 621/621
f 623/623 594/594 596/596
f 636/636 639/639 638/638
f 629/629 640/640 637/637
f 640/640 639/639 637/637
f 590/590 594/594 625/625
f 607/607 611/611 610/610
f 611/611 107/107 102/102
f 20/20 611/611 102/102
f 608/608 610/610 612/612
f 609/609 608/608 612/612
f 611/611 20/20 613/613
f 613/613 20/20 15/15
f 614/614 610/610 611/611
f 611/611 613/613 614/614
f 615/615 612/612 610/610
f 614/614 615/615 610/610
f 609/609 612/612 616/616
f 627/627 630/630 631/631
f 592/592 631/631 632/632
f 587/587 592/592 632/632
f 616/616 615/615 618/618
f 599/599 602/602 603/603
f 601/601 115/115 604/604
f 112/112 604/604 115/115
f 601/601 605/605 602/602
f 605/605 601/601 604/604
f 112/112 606/606 604/604
f 604/604 606/606 605/605
f 112/112 607/607 606/606
f 607/607 112/112 107/107
f 608/608 605/605 606/606
f 606/606 607/607 608/608
f 602/602 605/605 609/609
f 594/594 623/623 624/624
f 622/622 624/624 623/623
f 624/624 625/625 594/594
f 107/107 611/611 607/607
f 127/127 122/122 595/595
f 591/591 593/593 596/596
f 591/591 596/596 594/594
f 597/597 593/593 595/595
f 593/593 597/597 596/596
f 122/122 598/598 595/595
f 122/122 119/119 598/598
f 595/595 599/599 597/597
f 599/599 595/595 598/598
f 600/600 596/596 597/597
f 600/600 597/597 599/599
f 601/601 598/598 119/119
f 615/615 616/616 612/612
f 609/609 616/616 617/617
f 617/617 603/603 609/609
f 603/603 600/600 599/599
f 584/584 587/587 586/586
f 587/587 585/585 586/586
f 584/584 582/582 588/588
f 582/582 185/185 588/588
f 584/584 588/588 589/589
f 587/587 584/584 589/589
f 588/588 185/185 590/590
f 589/589 588/588 590/590
f 185/185 591/591 590/590
f 185/185 182/182 591/591
f 589/589 590/590 592/592
f 592/592 587/587 589/589
f 608/608 609/609 605/605
f 603/603 602/602 609/609
f 610/610 608/608 607/607
f 593/593 127/127 595/595
f 578/578 190/190 580/580
f 578/578 580/580 579/579
f 190/190 184/184 580/580
f 581/581 564/564 579/579
f 580/580 581/581 579/579
f 184/184 582/582 580/580
f 581/581 580/580 582/582
f 582/582 184/184 185/185
f 564/564 581/581 583/583
f 565/565 564/564 583/583
f 581/581 582/582 584/584
f 583/583 585/585 565/565
f 115/115 601/601 119/119
f 598/598 602/602 599/599
f 602/602 598/598 601/601
f 565/565 585/585 561/561
f 570/570 575/575 574/574
f 568/568 574/574 576/576
f 571/571 568/568 576/576
f 195/195 574/574 575/575
f 574/574 195/195 191/191
f 576/576 574/574 191/191
f 575/575 199/199 195/195
f 191/191 192/192 576/576
f 199/199 575/575 577/577
f 573/573 577/577 575/575
f 199/199 577/577 226/226
f 578/578 576/576 192/192
f 591/591 182/182 593/593
f 127/127 593/593 182/182
f 594/594 590/590 591/591
f 564/564 571/571 579/579
f 566/566 552/552 567/567
f 550/550 567/567 552/552
f 563/563 566/566 568/568
f 567/567 568/568 566/566
f 567/567 550/550 569/569
f 548/548 569/569 550/550
f 568/568 567/567 570/570
f 567/567 569/569 570/570
f 568/568 571/571 563/563
f 571/571 564/564 563/563
f 569/569 548/548 572/572
f 572/572 548/548 546/546
f 581/581 586/586 583/583
f 585/585 583/583 586/586
f 586/586 581/581 584/584
f 575/575 570/570 573/573
f 2/2 557/557 558/558
f 556/556 555/555 559/559
f 559/559 557/557 556/556
f 560/560 559/559 555/555
f 555/555 554/554 560/560
f 559/559 561/561 557/557
f 561/561 558/558 557/557
f 559/559 560/560 562/562
f 562/562 561/561 559/559
f 560/560 554/554 563/563
f 560/560 564/564 562/562
f 564/564 560/560 563/563
f 571/571 576/576 578/578
f 192/192 190/190 578/578
f 571/571 578/578 579/579
f 552/552 566/566 554/554
f 547/547 548/548 550/550
f 25/25 549/549 551/551
f 18/18 25/25 551/551
f 547/547 552/552 549/549
f 552/552 547/547 550/550
f 551/551 553/553 18/18
f 553/553 11/11 18/18
f 549/549 554/554 551/551
f 554/554 549/549 552/552
f 553/553 551/551 555/555
f 554/554 555/555 551/551
f 11/11 553/553 556/556
f 569/569 573/573 570/570
f 572/572 573/573 569/569
f 568/568 570/570 574/574
f 557/557 2/2 6/6
f 538/538 539/539 542/542
f 542/542 541/541 538/538
f 543/543 39/39 540/540
f 543/543 36/36 39/39
f 540/540 541/541 544/544
f 543/543 540/540 544/544
f 36/36 543/543 545/545
f 36/36 545/545 33/33
f 543/543 544/544 546/546
f 545/545 547/547 33/33
f 28/28 33/33 547/547
f 548/548 545/545 543/543
f 561/561 562/562 565/565
f 564/564 565/565 562/562
f 563/563 554/554 566/566
f 549/549 25/25 28/28
f 531/531 534/534 530/530
f 530/530 534/534 533/533
f 535/535 52/52 533/533
f 52/52 535/535 48/48
f 533/533 534/534 536/536
f 533/533 536/536 535/535
f 537/537 48/48 535/535
f 537/537 43/43 48/48
f 535/535 536/536 538/538
f 538/538 537/537 535/535
f 534/534 539/539 536/536
f 539/539 538/538 536/536
f 555/555 556/556 553/553
f 556/556 6/6 11/11
f 6/6 556/556 557/557
f 541/541 540/540 537/537
f 444/444 525/525 526/526
f 526/526 65/65 444/444
f 525/525 527/527 526/526
f 525/525 522/522 527/527
f 65/65 526/526 528/528
f 528/528 63/63 65/65
f 526/526 527/527 529/529
f 526/526 529/529 528/528
f 63/63 528/528 530/530
f 530/530 56/56 63/63
f 528/528 529/529 531/531
f 528/528 531/531 530/530
f 548/548 547/547 545/545
f 543/543 546/546 548/548
f 547/547 549/549 28/28
f 56/56 533/533 52/52
f 1039/1039 1092/1092 1093/1093
f 1093/1093 1091/1091 1094/1094
f 1094/1094 1039/1039 1093/1093
f 1089/1089 1094/1094 1091/1091
f 1094/1094 1029/1029 1039/1039
f 1025/1025 1029/1029 1094/1094
f 1025/1025 1094/1094 1078/1078
f 1078/1078 1094/1094 1088/1088
f 520/520 449/449 452/452
f 449/449 520/520 521/521
f 449/449 521/521 445/445
f 520/520 522/522 521/521
f 43/43 537/537 540/540
f 43/43 540/540 39/39
f 537/537 538/538 541/541
f 525/525 444/444 445/445
f 1096/1096 668/668 673/673
f 668/668 1096/1096 666/666
f 1096/1096 768/768 775/775
f 666/666 1096/1096 1097/1097
f 663/663 666/666 1097/1097
f 1094/1094 1089/1089 1095/1095
f 1088/1088 1094/1094 1095/1095
f 1088/1088 1095/1095 1089/1089
f 1048/1048 1090/1090 1041/1041
f 1085/1085 1091/1091 1090/1090
f 1091/1091 1085/1085 1089/1089
f 1090/1090 1092/1092 1041/1041
f 527/527 532/532 529/529
f 529/529 532/532 531/531
f 56/56 530/530 533/533
f 1091/1091 1093/1093 1092/1092
f 1097/1097 1096/1096 1098/1098
f 775/775 1099/1099 1098/1098
f 1097/1097 1098/1098 1099/1099
f 663/663 1097/1097 1100/1100
f 1099/1099 1100/1100 1097/1097
f 1100/1100 1101/1101 663/663
f 475/475 663/663 1101/1101
f 1099/1099 775/775 1102/1102
f 771/771 1102/1102 775/775
f 1101/1101 1103/1103 475/475
f 474/474 475/475 1103/1103
f 1102/1102 771/771 1104/1104
f 522/522 520/520 523/523
f 525/525 445/445 521/521
f 521/521 522/522 525/525
f 673/673 768/768 1096/1096
f 1105/1105 1104/1104 1107/1107
f 1106/1106 1107/1107 1104/1104
f 774/774 1108/1108 1106/1106
f 1108/1108 774/774 777/777
f 783/783 1108/1108 777/777
f 1106/1106 1109/1109 1107/1107
f 1109/1109 1106/1106 1108/1108
f 1108/1108 783/783 1110/1110
f 784/784 1110/1110 783/783
f 1111/1111 1109/1109 1108/1108
f 1111/1111 1108/1108 1110/1110
f 1112/1112 1107/1107 1109/1109
f 1092/1092 1090/1090 1091/1091
f 1038/1038 1041/1041 1092/1092
f 1092/1092 1039/1039 1038/1038
f 1096/1096 775/775 1098/1098
f 1115/1115 1105/1105 1107/1107
f 1116/1116 1111/1111 1114/1114
f 1111/1111 1116/1116 1113/1113
f 1110/1110 1117/1117 1114/1114
f 1114/1114 1117/1117 1116/1116
f 1117/1117 1110/1110 1118/1118
f 1110/1110 784/784 1118/1118
f 784/784 1119/1119 1118/1118
f 1119/1119 784/784 789/789
f 1118/1118 1120/1120 1117/1117
f 1120/1120 1118/1118 1119/1119
f 1117/1117 1120/1120 1121/1121
f 774/774 1104/1104 771/771
f 1104/1104 1105/1105 1102/1102
f 1105/1105 1099/1099 1102/1102
f 1104/1104 774/774 1106/1106
f 789/789 524/524 1123/1123
f 524/524 519/519 1123/1123
f 1122/1122 1124/1124 1120/1120
f 1120/1120 1124/1124 1121/1121
f 1123/1123 519/519 1125/1125
f 453/453 1125/1125 519/519
f 1123/1123 1126/1126 1122/1122
f 1126/1126 1123/1123 1125/1125
f 1125/1125 453/453 1127/1127
f 1125/1125 1127/1127 1126/1126
f 459/459 1127/1127 453/453
f 1126/1126 1128/1128 1122/1122
f 1113/1113 1109/1109 1111/1111
f 1109/1109 1113/1113 1112/1112
f 1114/1114 1111/1111 1110/1110
f 1107/1107 1112/1112 1115/1115
f 1129/1129 1130/1130 1127/1127
f 1129/1129 464/464 1131/1131
f 470/470 1131/1131 464/464
f 1126/1126 1130/1130 1132/1132
f 1128/1128 1126/1126 1132/1132
f 1131/1131 470/470 1133/1133
f 474/474 1133/1133 470/470
f 1134/1134 1129/1129 1131/1131
f 1133/1133 1134/1134 1131/1131
f 1133/1133 474/474 1135/1135
f 1103/1103 1135/1135 474/474
f 1133/1133 1136/1136 1134/1134
f 1117/1117 1121/1121 1116/1116
f 1119/1119 1122/1122 1120/1120
f 1123/1123 1119/1119 789/789
f 1122/1122 1119/1119 1123/1123
f 1139/1139 1130/1130 1137/1137
f 1135/1135 1140/1140 1138/1138
f 1140/1140 1135/1135 1103/1103
f 1130/1130 1139/1139 1141/1141
f 1130/1130 1141/1141 1132/1132
f 1137/1137 1142/1142 1139/1139
f 1142/1142 1137/1137 1134/1134
f 1139/1139 1143/1143 1141/1141
f 1132/1132 1141/1141 1143/1143
f 1142/1142 1144/1144 1139/1139
f 1143/1143 1139/1139 1144/1144
f 1134/1134 1145/1145 1142/1142
f 1124/1124 1122/1122 1128/1128
f 1127/1127 459/459 1129/1129
f 464/464 1129/1129 459/459
f 1126/1126 1127/1127 1130/1130
f 1147/1147 1136/1136 1138/1138
f 1140/1140 1147/1147 1138/1138
f 1146/1146 1145/1145 1148/1148
f 1147/1147 1148/1148 1145/1145
f 1149/1149 1144/1144 1146/1146
f 1148/1148 1147/1147 1150/1150
f 1144/1144 1149/1149 1151/1151
f 1143/1143 1144/1144 1151/1151
f 1152/1152 1146/1146 1148/1148
f 1146/1146 1152/1152 1149/1149
f 1153/1153 1148/1148 1150/1150
f 1148/1148 1153/1153 1152/1152
f 1136/1136 1133/1133 1135/1135
f 1129/1129 1134/1134 1137/1137
f 1130/1130 1129/1129 1137/1137
f 1138/1138 1136/1136 1135/1135
f 1153/1153 1154/1154 1156/1156
f 1157/1157 1155/1155 1140/1140
f 1103/1103 1157/1157 1140/1140
f 1157/1157 1103/1103 1101/1101
f 1101/1101 1100/1100 1157/1157
f 1158/1158 1154/1154 1155/1155
f 1158/1158 1156/1156 1154/1154
f 1155/1155 1157/1157 1159/1159
f 1155/1155 1159/1159 1158/1158
f 1157/1157 1100/1100 1160/1160
f 1160/1160 1159/1159 1157/1157
f 1100/1100 1099/1099 1160/1160
f 1145/1145 1134/1134 1136/1136
f 1144/1144 1142/1142 1146/1146
f 1145/1145 1146/1146 1142/1142
f 1136/1136 1147/1147 1145/1145
f 1160/1160 1162/1162 1163/1163
f 1159/1159 1163/1163 1161/1161
f 1164/1164 1162/1162 1105/1105
f 1105/1105 1115/1115 1164/1164
f 1162/1162 1165/1165 1163/1163
f 1162/1162 1164/1164 1165/1165
f 1163/1163 1165/1165 1166/1166
f 1164/1164 1166/1166 1165/1165
f 1163/1163 1166/1166 1161/1161
f 1115/1115 1167/1167 1164/1164
f 1166/1166 1164/1164 1167/1167
f 1167/1167 1115/1115 1168/1168
f 1154/1154 1150/1150 1147/1147
f 1154/1154 1153/1153 1150/1150
f 1147/1147 1155/1155 1154/1154
f 1147/1147 1140/1140 1155/1155
f 1171/1171 1167/1167 1168/1168
f 1167/1167 1171/1171 1169/1169
f 1170/1170 1113/1113 1172/1172
f 1116/1116 1172/1172 1113/1113
f 1173/1173 1168/1168 1170/1170
f 1168/1168 1173/1173 1171/1171
f 1174/1174 1170/1170 1172/1172
f 1170/1170 1174/1174 1173/1173
f 1172/1172 1116/1116 1175/1175
f 1175/1175 1174/1174 1172/1172
f 1116/1116 1176/1176 1175/1175
f 1176/1176 1116/1116 1121/1121
f 1161/1161 1158/1158 1159/1159
f 1160/1160 1099/1099 1162/1162
f 1099/1099 1105/1105 1162/1162
f 1159/1159 1160/1160 1163/1163
f 1178/1178 1179/1179 1176/1176
f 1175/1175 1179/1179 1177/1177
f 1180/1180 1178/1178 1124/1124
f 1124/1124 1128/1128 1180/1180
f 1179/1179 1178/1178 1181/1181
f 1180/1180 1181/1181 1178/1178
f 1182/1182 1180/1180 1128/1128
f 1128/1128 1132/1132 1182/1182
f 1132/1132 1143/1143 1182/1182
f 1182/1182 1183/1183 1180/1180
f 1181/1181 1180/1180 1183/1183
f 1143/1143 1184/1184 1182/1182
f 1112/1112 1168/1168 1115/1115
f 1166/1166 1167/1167 1169/1169
f 1168/1168 1112/1112 1170/1170
f 1113/1113 1170/1170 1112/1112
f 1151/1151 1186/1186 1185/1185
f 1183/1183 1184/1184 1187/1187
f 1184/1184 1186/1186 1187/1187
f 1181/1181 1183/1183 1188/1188
f 1187/1187 1188/1188 1183/1183
f 1188/1188 1189/1189 1181/1181
f 1189/1189 1179/1179 1181/1181
f 1187/1187 1190/1190 1188/1188
f 1189/1189 1191/1191 1179/1179
f 1191/1191 1177/1177 1179/1179
f 1188/1188 1192/1192 1189/1189
f 1192/1192 1191/1191 1189/1189
f 1174/1174 1175/1175 1177/1177
f 1178/1178 1176/1176 1121/1121
f 1178/1178 1121/1121 1124/1124
f 1179/1179 1175/1175 1176/1176
f 1192/1192 1190/1190 1195/1195
f 1196/1196 1177/1177 1193/1193
f 1177/1177 1196/1196 1174/1174
f 1195/1195 1197/1197 1192/1192
f 1197/1197 1194/1194 1192/1192
f 1198/1198 1195/1195 1190/1190
f 1198/1198 1197/1197 1195/1195
f 1190/1190 1199/1199 1198/1198
f 1190/1190 1187/1187 1199/1199
f 1198/1198 1199/1199 1200/1200
f 1199/1199 1187/1187 1201/1201
f 1199/1199 1201/1201 1200/1200
f 1183/1183 1182/1182 1184/1184
f 1184/1184 1143/1143 1185/1185
f 1143/1143 1151/1151 1185/1185
f 1186/1186 1184/1184 1185/1185
f 1201/1201 1203/1203 1202/1202
f 1186/1186 1204/1204 1201/1201
f 1203/1203 1201/1201 1204/1204
f 1205/1205 1202/1202 1203/1203
f 1204/1204 1205/1205 1203/1203
f 1205/1205 1197/1197 1202/1202
f 1206/1206 1204/1204 1186/1186
f 1186/1186 1151/1151 1206/1206
f 1149/1149 1206/1206 1151/1151
f 1206/1206 1207/1207 1204/1204
f 1205/1205 1204/1204 1207/1207
f 1206/1206 1149/1149 1208/1208
f 1192/1192 1188/1188 1190/1190
f 1177/1177 1191/1191 1193/1193
f 1191/1191 1192/1192 1194/1194
f 1194/1194 1193/1193 1191/1191
f 1208/1208 1210/1210 1207/1207
f 1210/1210 1208/1208 1209/1209
f 1209/1209 1153/1153 1211/1211
f 1211/1211 1210/1210 1209/1209
f 1212/1212 1207/1207 1210/1210
f 1207/1207 1212/1212 1205/1205
f 1210/1210 1211/1211 1213/1213
f 1210/1210 1214/1214 1212/1212
f 1214/1214 1210/1210 1213/1213
f 1214/1214 1205/1205 1212/1212
f 1211/1211 1215/1215 1213/1213
f 1214/1214 1213/1213 1215/1215
f 1186/1186 1201/1201 1187/1187
f 1200/1200 1202/1202 1198/1198
f 1200/1200 1201/1201 1202/1202
f 1198/1198 1202/1202 1197/1197
f 1156/1156 1218/1218 1216/1216
f 1215/1215 1216/1216 1219/1219
f 1217/1217 1215/1215 1219/1219
f 1216/1216 1218/1218 1219/1219
f 1220/1220 1214/1214 1217/1217
f 1220/1220 1217/1217 1219/1219
f 1220/1220 1205/1205 1214/1214
f 1218/1218 1156/1156 1221/1221
f 1156/1156 1158/1158 1221/1221
f 1161/1161 1221/1221 1158/1158
f 1222/1222 1218/1218 1221/1221
f 1222/1222 1219/1219 1218/1218
f 1207/1207 1206/1206 1208/1208
f 1152/1152 1208/1208 1149/1149
f 1208/1208 1152/1152 1209/1209
f 1153/1153 1209/1209 1152/1152
f 1219/1219 1224/1224 1220/1220
f 1223/1223 1166/1166 1225/1225
f 1166/1166 1169/1169 1225/1225
f 1226/1226 1222/1222 1223/1223
f 1223/1223 1225/1225 1226/1226
f 1169/1169 1226/1226 1225/1225
f 1226/1226 1224/1224 1222/1222
f 1226/1226 1169/1169 1227/1227
f 1171/1171 1227/1227 1169/1169
f 1224/1224 1226/1226 1228/1228
f 1227/1227 1171/1171 1229/1229
f 1173/1173 1229/1229 1171/1171
f 1216/1216 1211/1211 1153/1153
f 1215/1215 1211/1211 1216/1216
f 1153/1153 1156/1156 1216/1216
f 1217/1217 1214/1214 1215/1215
f 1196/1196 1231/1231 1174/1174
f 1232/1232 1227/1227 1229/1229
f 1227/1227 1232/1232 1230/1230
f 1233/1233 1229/1229 1231/1231
f 1196/1196 1233/1233 1231/1231
f 1229/1229 1233/1233 1232/1232
f 1233/1233 1196/1196 1234/1234
f 1193/1193 1234/1234 1196/1196
f 1235/1235 1232/1232 1233/1233
f 1234/1234 1193/1193 1236/1236
f 1193/1193 1194/1194 1236/1236
f 1237/1237 1233/1233 1234/1234
f 1221/1221 1161/1161 1223/1223
f 1221/1221 1223/1223 1222/1222
f 1166/1166 1223/1223 1161/1161
f 1219/1219 1222/1222 1224/1224
f 1194/1194 1197/1197 1238/1238
f 1197/1197 1237/1237 1238/1238
f 1237/1237 1239/1239 1235/1235
f 1197/1197 1239/1239 1237/1237
f 1232/1232 1235/1235 1239/1239
f 1197/1197 1205/1205 1239/1239
f 1239/1239 1230/1230 1232/1232
f 1239/1239 1205/1205 1220/1220
f 1230/1230 1239/1239 1240/1240
f 1240/1240 1228/1228 1230/1230
f 1239/1239 1241/1241 1240/1240
f 1228/1228 1240/1240 1241/1241
f 1227/1227 1230/1230 1226/1226
f 1226/1226 1230/1230 1228/1228
f 1229/1229 1173/1173 1231/1231
f 1239/1239 1220/1220 1241/1241
f 1242/1242 1228/1228 1241/1241
f 1241/1241 1220/1220 1242/1242
f 1231/1231 1173/1173 1174/1174
f 1234/1234 1236/1236 1237/1237
f 1233/1233 1237/1237 1235/1235
f 1194/1194 1238/1238 1236/1236
f 1043/1043 1041/1041 1040/1040
f 1057/1057 1054/1054 1056/1056
f 1058/1058 1056/1056 988/988
f 1056/1056 1058/1058 1057/1057
f 996/996 1058/1058 988/988
f 1057/1057 1059/1059 1055/1055
f 1053/1053 1055/1055 1059/1059
f 1058/1058 1060/1060 1057/1057
f 1059/1059 1057/1057 1060/1060
f 996/996 1061/1061 1058/1058
f 1060/1060 1058/1058 1061/1061
f 961/961 1047/1047 960/960
f 1043/1043 1046/1046 1048/1048
f 1033/1033 1032/1032 1016/1016
f 1033/1033 1016/1016 1013/1013
f 1034/1034 1029/1029 1032/1032
f 1224/1224 1228/1228 1242/1242
f 1220/1220 1224/1224 1242/1242
f 1237/1237 1236/1236 1238/1238
f 1033/1033 1035/1035 1032/1032
f 1047/1047 1050/1050 1049/1049
f 961/961 955/955 1050/1050
f 1048/1048 1049/1049 1051/1051
f 955/955 1052/1052 1050/1050
f 1050/1050 1053/1053 1049/1049
f 1053/1053 1050/1050 1052/1052
f 1053/1053 1051/1051 1049/1049
f 1054/1054 1052/1052 955/955
f 955/955 953/953 1054/1054
f 1055/1055 1053/1053 1052/1052
f 1036/1036 1040/1040 1037/1037
f 1041/1041 1038/1038 1040/1040
f 1006/1006 1019/1019 1026/1026
f 1019/1019 1025/1025 1026/1026
f 1024/1024 1023/1023 1027/1027
f 1023/1023 1028/1028 1027/1027
f 1044/1044 1036/1036 1042/1042
f 1036/1036 1044/1044 1043/1043
f 970/970 1044/1044 1042/1042
f 970/970 1045/1045 1044/1044
f 970/970 963/963 1045/1045
f 960/960 1045/1045 963/963
f 1046/1046 1043/1043 1044/1044
f 1045/1045 1046/1046 1044/1044
f 1045/1045 960/960 1047/1047
f 1045/1045 1047/1047 1046/1046
f 1016/1016 1032/1032 1031/1031
f 1031/1031 1032/1032 1029/1029
f 1005/1005 1015/1015 1017/1017
f 1017/1017 1003/1003 1005/1005
f 1003/1003 1017/1017 1018/1018
f 1018/1018 1006/1006 1003/1003
f 1032/1032 1035/1035 1034/1034
f 1013/1013 1036/1036 1033/1033
f 1012/1012 1036/1036 1013/1013
f 1035/1035 1033/1033 1037/1037
f 1037/1037 1033/1033 1036/1036
f 1038/1038 1034/1034 1035/1035
f 1035/1035 1037/1037 1038/1038
f 1039/1039 1029/1029 1034/1034
f 1034/1034 1038/1038 1039/1039
f 1037/1037 1040/1040 1038/1038
f 1025/1025 1019/1019 1022/1022
f 1024/1024 1025/1025 1022/1022
f 1007/1007 974/974 1009/1009
f 971/971 1009/1009 974/974
f 1004/1004 1007/1007 1010/1010
f 1010/1010 1008/1008 1004/1004
f 1027/1027 1028/1028 1024/1024
f 1028/1028 1023/1023 1021/1021
f 1024/1024 1028/1028 1029/1029
f 1029/1029 1025/1025 1024/1024
f 1021/1021 1030/1030 1028/1028
f 1029/1029 1028/1028 1030/1030
f 1021/1021 1031/1031 1030/1030
f 1021/1021 1014/1014 1031/1031
f 1031/1031 1029/1029 1030/1030
f 1016/1016 1031/1031 1014/1014
f 1011/1011 1016/1016 1014/1014
f 1011/1011 1013/1013 1016/1016
f 1001/1001 999/999 987/987
f 1001/1001 987/987 989/989
f 999/999 1002/1002 998/998
f 1000/1000 998/998 1002/1002
f 1017/1017 1019/1019 1018/1018
f 1019/1019 1006/1006 1018/1018
f 1015/1015 1020/1020 1017/1017
f 1019/1019 1017/1017 1020/1020
f 1015/1015 1014/1014 1021/1021
f 1020/1020 1022/1022 1019/1019
f 1020/1020 1015/1015 1023/1023
f 1023/1023 1015/1015 1021/1021
f 1022/1022 1020/1020 1024/1024
f 1023/1023 1024/1024 1020/1020
f 974/974 1007/1007 993/993
f 1005/1005 1004/1004 1008/1008
f 976/976 993/993 991/991
f 976/976 972/972 993/993
f 972/972 974/974 993/993
f 992/992 984/984 994/994
f 1007/1007 1009/1009 1011/1011
f 1007/1007 1011/1011 1010/1010
f 1009/1009 971/971 1012/1012
f 970/970 1012/1012 971/971
f 1009/1009 1013/1013 1011/1011
f 1009/1009 1012/1012 1013/1013
f 1010/1010 1011/1011 1014/1014
f 1008/1008 1010/1010 1015/1015
f 1015/1015 1010/1010 1014/1014
f 1015/1015 1005/1005 1008/1008
f 999/999 985/985 987/987
f 998/998 1000/1000 997/997
f 982/982 984/984 981/981
f 983/983 981/981 984/984
f 980/980 985/985 982/982
f 983/983 986/986 359/359
f 1001/1001 1003/1003 999/999
f 1002/1002 999/999 1003/1003
f 1004/1004 1001/1001 989/989
f 989/989 991/991 1004/1004
f 993/993 1004/1004 991/991
f 1003/1003 1001/1001 1005/1005
f 1004/1004 1005/1005 1001/1001
f 1003/1003 1006/1006 1002/1002
f 1006/1006 1000/1000 1002/1002
f 1004/1004 993/993 1007/1007
f 990/990 983/983 992/992
f 984/984 992/992 983/983
f 975/975 338/338 331/331
f 973/973 972/972 976/976
f 338/338 975/975 977/977
f 977/977 343/343 338/338
f 990/990 992/992 994/994
f 982/982 995/995 984/984
f 984/984 995/995 994/994
f 995/995 982/982 985/985
f 996/996 990/990 994/994
f 988/988 990/990 996/996
f 997/997 994/994 995/995
f 998/998 995/995 985/985
f 995/995 998/998 997/997
f 985/985 999/999 998/998
f 981/981 983/983 353/353
f 353/353 983/983 359/359
f 335/335 966/966 968/968
f 327/327 335/335 968/968
f 966/966 967/967 969/969
f 969/969 968/968 966/966
f 360/360 359/359 986/986
f 986/986 958/958 360/360
f 985/985 980/980 987/987
f 978/978 987/987 980/980
f 986/986 988/988 958/958
f 987/987 978/978 989/989
f 988/988 986/986 990/990
f 983/983 990/990 986/986
f 991/991 989/989 978/978
f 978/978 976/976 991/991
f 975/975 329/329 973/973
f 329/329 975/975 331/331
f 959/959 893/893 889/889
f 954/954 960/960 957/957
f 960/960 959/959 957/957
f 960/960 954/954 961/961
f 973/973 978/978 975/975
f 978/978 977/977 975/975
f 978/978 973/973 976/976
f 343/343 977/977 979/979
f 979/979 353/353 343/343
f 978/978 980/980 977/977
f 977/977 980/980 979/979
f 353/353 979/979 981/981
f 980/980 982/982 979/979
f 981/981 979/979 982/982
f 967/967 962/962 965/965
f 966/966 964/964 967/967
f 707/707 951/951 706/706
f 951/951 952/952 891/891
f 952/952 888/888 891/891
f 707/707 953/953 951/951
f 970/970 967/967 965/965
f 963/963 970/970 965/965
f 971/971 969/969 967/967
f 967/967 970/970 971/971
f 968/968 969/969 972/972
f 973/973 327/327 968/968
f 972/972 973/973 968/968
f 327/327 973/973 329/329
f 974/974 972/972 969/969
f 969/969 971/971 974/974
f 704/704 360/360 958/958
f 889/889 957/957 959/959
f 704/704 956/956 707/707
f 885/885 954/954 957/957
f 957/957 889/889 885/885
f 958/958 956/956 704/704
f 954/954 955/955 961/961
f 893/893 959/959 962/962
f 959/959 960/960 963/963
f 963/963 962/962 959/959
f 962/962 964/964 893/893
f 340/340 893/893 964/964
f 962/962 963/963 965/965
f 964/964 966/966 340/340
f 335/335 340/340 966/966
f 962/962 967/967 964/964
f 951/951 710/710 706/706
f 710/710 951/951 891/891
f 949/949 946/946 947/947
f 946/946 949/949 948/948
f 949/949 913/913 905/905
f 905/905 326/326 949/949
f 950/950 943/943 948/948
f 949/949 950/950 948/948
f 950/950 949/949 326/326
f 943/943 950/950 228/228
f 326/326 227/227 950/950
f 227/227 228/228 950/950
f 953/953 952/952 951/951
f 888/888 952/952 954/954
f 954/954 885/885 888/888
f 953/953 955/955 952/952
f 954/954 952/952 955/955
f 953/953 707/707 956/956
f 577/577 942/942 226/226
f 226/226 942/942 228/228
f 940/940 943/943 942/942
f 943/943 228/228 942/942
f 941/941 943/943 940/940
f 936/936 944/944 941/941
f 943/943 941/941 944/944
f 944/944 936/936 945/945
f 936/936 935/935 945/945
f 946/946 943/943 944/944
f 946/946 944/944 945/945
f 935/935 947/947 945/945
f 945/945 947/947 946/946
f 935/935 913/913 947/947
f 943/943 946/946 948/948
f 913/913 949/949 947/947
f 935/935 936/936 933/933
f 937/937 848/848 934/934
f 936/936 937/937 934/934
f 937/937 845/845 848/848
f 937/937 841/841 845/845
f 841/841 937/937 938/938
f 936/936 938/938 937/937
f 939/939 841/841 938/938
f 939/939 572/572 841/841
f 573/573 572/572 939/939
f 577/577 573/573 939/939
f 940/940 939/939 938/938
f 939/939 940/940 577/577
f 938/938 936/936 941/941
f 940/940 938/938 941/941
f 577/577 940/940 942/942
f 926/926 927/927 930/930
f 929/929 930/930 927/927
f 929/929 928/928 931/931
f 930/930 929/929 931/931
f 928/928 916/916 932/932
f 932/932 931/931 928/928
f 914/914 932/932 916/916
f 931/931 933/933 930/930
f 932/932 933/933 931/931
f 926/926 930/930 934/934
f 933/933 934/934 930/930
f 934/934 848/848 926/926
f 935/935 932/932 914/914
f 933/933 932/932 935/935
f 914/914 913/913 935/935
f 933/933 936/936 934/934
f 923/923 920/920 918/918
f 920/920 923/923 922/922
f 924/924 854/854 922/922
f 850/850 854/854 924/924
f 922/922 925/925 924/924
f 923/923 925/925 922/922
f 924/924 926/926 850/850
f 926/926 924/924 925/925
f 926/926 846/846 850/850
f 846/846 926/926 848/848
f 925/925 923/923 927/927
f 927/927 926/926 925/925
f 918/918 928/928 923/923
f 928/928 918/918 916/916
f 923/923 929/929 927/927
f 923/923 928/928 929/929
f 916/916 912/912 914/914
f 916/916 915/915 912/912
f 866/866 915/915 917/917
f 917/917 863/863 866/866
f 915/915 916/916 918/918
f 918/918 917/917 915/915
f 863/863 917/917 919/919
f 919/919 856/856 863/863
f 856/856 919/919 852/852
f 920/920 919/919 917/917
f 917/917 918/918 920/920
f 921/921 852/852 919/919
f 919/919 920/920 921/921
f 854/854 852/852 921/921
f 921/921 920/920 922/922
f 854/854 921/921 922/922
f 875/875 908/908 871/871
f 874/874 871/871 908/908
f 906/906 909/909 907/907
f 910/910 908/908 907/907
f 910/910 907/907 909/909
f 908/908 910/910 911/911
f 909/909 911/911 910/910
f 874/874 908/908 912/912
f 911/911 912/912 908/908
f 909/909 906/906 913/913
f 905/905 913/913 906/906
f 909/909 914/914 911/911
f 912/912 911/911 914/914
f 913/913 914/914 909/909
f 874/874 912/912 915/915
f 915/915 866/866 874/874
f 901/901 899/899 900/900
f 320/320 322/322 901/901
f 322/322 324/324 901/901
f 899/899 902/902 875/875
f 903/903 901/901 324/324
f 899/899 901/901 904/904
f 901/901 903/903 904/904
f 902/902 899/899 904/904
f 324/324 905/905 903/903
f 326/326 905/905 324/324
f 903/903 906/906 904/904
f 906/906 903/903 905/905
f 904/904 907/907 902/902
f 907/907 904/904 906/906
f 908/908 875/875 902/902
f 908/908 902/902 907/907
f 878/878 896/896 877/877
f 333/333 896/896 339/339
f 877/877 896/896 897/897
f 897/897 896/896 333/333
f 879/879 877/877 897/897
f 333/333 325/325 897/897
f 879/879 897/897 325/325
f 325/325 898/898 879/879
f 323/323 898/898 325/325
f 881/881 879/879 898/898
f 320/320 898/898 323/323
f 899/899 881/881 898/898
f 899/899 875/875 881/881
f 898/898 320/320 900/900
f 900/900 899/899 898/898
f 900/900 320/320 901/901
f 719/719 886/886 883/883
f 886/886 719/719 887/887
f 890/890 883/883 886/886
f 884/884 883/883 890/890
f 719/719 891/891 887/887
f 890/890 892/892 884/884
f 719/719 710/710 891/891
f 884/884 892/892 894/894
f 880/880 884/884 894/894
f 892/892 341/341 894/894
f 895/895 880/880 894/894
f 895/895 894/894 341/341
f 878/878 880/880 895/895
f 339/339 895/895 341/341
f 339/339 878/878 895/895
f 878/878 339/339 896/896
f 809/809 877/877 872/872
f 877/877 876/876 872/872
f 809/809 878/878 877/877
f 878/878 809/809 811/811
f 741/741 878/878 811/811
f 876/876 877/877 879/879
f 878/878 741/741 880/880
f 722/722 880/880 741/741
f 879/879 881/881 876/876
f 875/875 876/876 881/881
f 880/880 722/722 882/882
f 722/722 720/720 882/882
f 882/882 720/720 883/883
f 720/720 719/719 883/883
f 884/884 880/880 882/882
f 882/882 883/883 884/884
f 870/870 807/807 872/872
f 869/869 870/870 873/873
f 872/872 873/873 870/870
f 871/871 869/869 873/873
f 807/807 809/809 872/872
f 871/871 874/874 867/867
f 866/866 867/867 874/874
f 875/875 871/871 873/873
f 873/873 872/872 876/876
f 873/873 876/876 875/875
f 3/3 4/4 7/7
f 8/8 7/7 4/4
f 8/8 4/4 9/9
f 8/8 12/12 7/7
f 13/13 8/8 9/9
f 9/9 14/14 13/13
f 12/12 8/8 16/16
f 13/13 16/16 8/8
f 12/12 16/16 17/17
f 13/13 14/14 19/19
f 14/14 21/21 19/19
f 16/16 13/13 22/22
f 19/19 22/22 13/13
f 23/23 17/17 16/16
f 23/23 24/24 17/17
f 26/26 16/16 22/22
f 16/16 26/26 23/23
f 24/24 23/23 27/27
f 27/27 29/29 24/24
f 23/23 30/30 27/27
f 30/30 23/23 26/26
f 29/29 27/27 31/31
f 30/30 31/31 27/27
f 32/32 29/29 31/31
f 31/31 34/34 32/32
f 35/35 32/32 34/34
f 31/31 30/30 37/37
f 34/34 31/31 37/37
f 38/38 35/35 34/34
f 38/38 40/40 35/35
f 37/37 41/41 34/34
f 40/40 38/38 42/42
f 40/40 42/42 44/44
f 34/34 45/45 38/38
f 45/45 34/34 41/41
f 38/38 46/46 42/42
f 46/46 38/38 45/45
f 44/44 42/42 47/47
f 44/44 47/47 49/49
f 50/50 49/49 47/47
f 49/49 50/50 51/51
f 42/42 53/53 47/47
f 47/47 53/53 50/50
f 54/54 51/51 50/50
f 51/51 54/54 55/55
f 57/57 50/50 53/53
f 50/50 57/57 54/54
f 42/42 58/58 53/53
f 58/58 42/42 46/46
f 53/53 59/59 57/57
f 59/59 53/53 58/58
f 54/54 57/57 60/60
f 57/57 59/59 60/60
f 61/61 55/55 54/54
f 60/60 61/61 54/54
f 55/55 61/61 62/62
f 64/64 62/62 61/61
f 62/62 64/64 66/66
f 61/61 60/60 67/67
f 61/61 67/67 64/64
f 60/60 68/68 67/67
f 69/69 64/64 67/67
f 67/67 68/68 69/69
f 70/70 66/66 64/64
f 64/64 69/69 70/70
f 68/68 60/60 71/71
f 71/71 60/60 59/59
f 72/72 69/69 68/68
f 73/73 71/71 59/59
f 59/59 58/58 73/73
f 68/68 71/71 74/74
f 68/68 74/74 72/72
f 71/71 73/73 75/75
f 71/71 75/75 74/74
f 76/76 75/75 73/73
f 74/74 75/75 76/76
f 58/58 77/77 73/73
f 76/76 73/73 77/77
f 78/78 77/77 58/58
f 77/77 79/79 76/76
f 79/79 77/77 78/78
f 58/58 80/80 78/78
f 46/46 80/80 58/58
f 78/78 81/81 79/79
f 80/80 82/82 78/78
f 81/81 78/78 82/82
f 46/46 83/83 80/80
f 82/82 80/80 83/83
f 83/83 46/46 84/84
f 45/45 84/84 46/46
f 82/82 83/83 85/85
f 45/45 86/86 84/84
f 41/41 86/86 45/45
f 87/87 82/82 85/85
f 82/82 87/87 81/81
f 41/41 88/88 86/86
f 41/41 37/37 88/88
f 86/86 89/89 84/84
f 88/88 37/37 90/90
f 30/30 90/90 37/37
f 88/88 91/91 86/86
f 86/86 91/91 89/89
f 90/90 30/30 92/92
f 26/26 92/92 30/30
f 90/90 93/93 88/88
f 93/93 91/91 88/88
f 92/92 94/94 90/90
f 94/94 93/93 90/90
f 92/92 26/26 95/95
f 22/22 95/95 26/26
f 96/96 94/94 92/92
f 95/95 96/96 92/92
f 22/22 97/97 95/95
f 22/22 19/19 97/97
f 98/98 96/96 95/95
f 97/97 98/98 95/95
f 99/99 94/94 96/96
f 98/98 99/99 96/96
f 100/100 97/97 19/19
f 19/19 21/21 100/100
f 101/101 100/100 21/21
f 97/97 103/103 98/98
f 97/97 100/100 103/103
f 103/103 104/104 98/98
f 104/104 99/99 98/98
f 103/103 100/100 105/105
f 103/103 105/105 104/104
f 100/100 101/101 106/106
f 100/100 106/106 105/105
f 108/108 106/106 101/101
f 104/104 105/105 109/109
f 106/106 108/108 110/110
f 111/111 110/110 108/108
f 113/113 105/105 106/106
f 106/106 110/110 113/113
f 105/105 113/113 109/109
f 110/110 111/111 114/114
f 111/111 116/116 114/114
f 117/117 110/110 114/114
f 110/110 117/117 113/113
f 118/118 114/114 116/116
f 114/114 118/118 117/117
f 116/116 120/120 118/118
f 118/118 120/120 121/121
f 121/121 120/120 123/123
f 118/118 121/121 124/124
f 124/124 117/117 118/118
f 121/121 123/123 125/125
f 125/125 124/124 121/121
f 126/126 125/125 123/123
f 127/127 126/126 123/123
f 128/128 124/124 125/125
f 129/129 125/125 126/126
f 125/125 129/129 128/128
f 130/130 117/117 124/124
f 124/124 128/128 130/130
f 117/117 130/130 131/131
f 131/131 113/113 117/117
f 128/128 132/132 130/130
f 133/133 113/113 131/131
f 113/113 133/133 109/109
f 134/134 131/131 130/130
f 131/131 134/134 133/133
f 134/134 130/130 132/132
f 135/135 133/133 134/134
f 133/133 135/135 109/109
f 135/135 134/134 132/132
f 128/128 136/136 132/132
f 136/136 128/128 129/129
f 135/135 132/132 137/137
f 137/137 132/132 136/136
f 109/109 135/135 138/138
f 109/109 138/138 104/104
f 104/104 138/138 99/99
f 139/139 135/135 137/137
f 138/138 140/140 99/99
f 94/94 99/99 140/140
f 140/140 93/93 94/94
f 141/141 138/138 135/135
f 135/135 139/139 141/141
f 140/140 138/138 142/142
f 138/138 141/141 142/142
f 93/93 140/140 143/143
f 142/142 143/143 140/140
f 93/93 143/143 144/144
f 93/93 144/144 91/91
f 143/143 142/142 145/145
f 146/146 142/142 141/141
f 142/142 146/146 145/145
f 146/146 141/141 139/139
f 145/145 147/147 143/143
f 143/143 147/147 144/144
f 146/146 148/148 145/145
f 145/145 148/148 147/147
f 91/91 144/144 149/149
f 91/91 149/149 89/89
f 147/147 150/150 144/144
f 144/144 150/150 149/149
f 147/147 148/148 151/151
f 147/147 151/151 150/150
f 89/89 149/149 152/152
f 84/84 89/89 152/152
f 152/152 83/83 84/84
f 153/153 149/149 150/150
f 153/153 152/152 149/149
f 153/153 150/150 154/154
f 154/154 150/150 151/151
f 155/155 152/152 153/153
f 154/154 155/155 153/153
f 83/83 152/152 156/156
f 152/152 155/155 156/156
f 83/83 156/156 85/85
f 156/156 87/87 85/85
f 155/155 154/154 157/157
f 156/156 155/155 158/158
f 157/157 154/154 159/159
f 151/151 159/159 154/154
f 158/158 160/160 156/156
f 87/87 156/156 160/160
f 151/151 161/161 159/159
f 151/151 148/148 161/161
f 162/162 161/161 148/148
f 148/148 146/146 162/162
f 163/163 159/159 161/161
f 162/162 163/163 161/161
f 164/164 162/162 146/146
f 139/139 164/164 146/146
f 165/165 159/159 163/163
f 157/157 159/159 165/165
f 163/163 162/162 166/166
f 167/167 157/157 165/165
f 168/168 166/166 162/162
f 168/168 162/162 164/164
f 163/163 166/166 169/169
f 170/170 166/166 168/168
f 166/166 170/170 169/169
f 171/171 168/168 164/164
f 171/171 170/170 168/168
f 171/171 164/164 172/172
f 164/164 139/139 172/172
f 170/170 171/171 173/173
f 139/139 174/174 172/172
f 175/175 171/171 172/172
f 172/172 174/174 175/175
f 175/175 173/173 171/171
f 174/174 139/139 176/176
f 137/137 176/176 139/139
f 137/137 136/136 176/176
f 176/176 177/177 174/174
f 177/177 176/176 136/136
f 174/174 177/177 175/175
f 136/136 178/178 177/177
f 178/178 136/136 129/129
f 126/126 178/178 129/129
f 178/178 126/126 179/179
f 126/126 127/127 179/179
f 180/180 177/177 178/178
f 179/179 181/181 178/178
f 180/180 178/178 181/181
f 182/182 179/179 127/127
f 179/179 182/182 181/181
f 177/177 180/180 183/183
f 175/175 177/177 183/183
f 180/180 181/181 184/184
f 184/184 183/183 180/180
f 185/185 181/181 182/182
f 181/181 185/185 184/184
f 175/175 183/183 186/186
f 186/186 187/187 175/175
f 173/173 175/175 187/187
f 183/183 188/188 186/186
f 187/187 186/186 189/189
f 188/188 189/189 186/186
f 190/190 188/188 183/183
f 190/190 183/183 184/184
f 188/188 191/191 189/189
f 188/188 190/190 192/192
f 191/191 188/188 192/192
f 189/189 193/193 187/187
f 191/191 193/193 189/189
f 187/187 193/193 194/194
f 194/194 173/173 187/187
f 193/193 191/191 195/195
f 193/193 196/196 194/194
f 195/195 196/196 193/193
f 173/173 194/194 197/197
f 194/194 196/196 198/198
f 197/197 194/194 198/198
f 196/196 195/195 199/199
f 173/173 197/197 200/200
f 201/201 198/198 196/196
f 196/196 199/199 201/201
f 197/197 198/198 202/202
f 202/202 200/200 197/197
f 198/198 201/201 203/203
f 203/203 202/202 198/198
f 204/204 173/173 200/200
f 173/173 204/204 170/170
f 200/200 202/202 205/205
f 204/204 206/206 170/170
f 200/200 207/207 204/204
f 206/206 204/204 207/207
f 200/200 205/205 207/207
f 206/206 169/169 170/170
f 205/205 202/202 208/208
f 202/202 203/203 208/208
f 207/207 205/205 209/209
f 208/208 209/209 205/205
f 207/207 210/210 206/206
f 209/209 210/210 207/207
f 206/206 211/211 169/169
f 211/211 206/206 210/210
f 211/211 212/212 169/169
f 169/169 212/212 163/163
f 212/212 165/165 163/163
f 210/210 213/213 211/211
f 212/212 214/214 165/165
f 211/211 215/215 212/212
f 215/215 214/214 212/212
f 215/215 211/211 213/213
f 214/214 167/167 165/165
f 216/216 213/213 210/210
f 210/210 209/209 216/216
f 214/214 217/217 167/167
f 209/209 218/218 216/216
f 217/217 214/214 219/219
f 218/218 209/209 220/220
f 209/209 208/208 220/220
f 216/216 218/218 221/221
f 208/208 222/222 220/220
f 222/222 208/208 203/203
f 223/223 218/218 220/220
f 222/222 223/223 220/220
f 218/218 223/223 221/221
f 203/203 224/224 222/222
f 224/224 203/203 201/201
f 223/223 222/222 225/225
f 224/224 225/225 222/222
f 201/201 226/226 224/224
f 226/226 201/201 199/199
f 225/225 224/224 227/227
f 228/228 224/224 226/226
f 228/228 227/227 224/224
f 223/223 225/225 229/229
f 227/227 229/229 225/225
f 229/229 230/230 223/223
f 221/221 223/223 230/230
f 229/229 227/227 231/231
f 230/230 232/232 221/221
f 231/231 233/233 229/229
f 230/230 229/229 233/233
f 232/232 234/234 221/221
f 234/234 216/216 221/221
f 234/234 213/213 216/216
f 230/230 235/235 232/232
f 213/213 234/234 236/236
f 236/236 215/215 213/213
f 234/234 232/232 237/237
f 236/236 234/234 237/237
f 237/237 232/232 235/235
f 215/215 236/236 238/238
f 235/235 230/230 239/239
f 230/230 233/233 239/239
f 240/240 215/215 238/238
f 215/215 240/240 214/214
f 219/219 214/214 240/240
f 241/241 240/240 238/238
f 238/238 236/236 241/241
f 242/242 219/219 240/240
f 240/240 241/241 242/242
f 237/237 243/243 236/236
f 243/243 241/241 236/236
f 244/244 243/243 237/237
f 235/235 244/244 237/237
f 241/241 243/243 245/245
f 243/243 244/244 245/245
f 246/246 244/244 235/235
f 247/247 245/245 244/244
f 244/244 246/246 247/247
f 245/245 248/248 241/241
f 235/235 249/249 246/246
f 249/249 235/235 239/239
f 233/233 249/249 239/239
f 250/250 248/248 245/245
f 245/245 247/247 250/250
f 251/251 241/241 248/248
f 241/241 251/251 242/242
f 248/248 250/250 252/252
f 251/251 248/248 252/252
f 250/250 247/247 253/253
f 254/254 242/242 251/251
f 255/255 250/250 253/253
f 250/250 255/255 252/252
f 242/242 254/254 256/256
f 219/219 242/242 256/256
f 257/257 254/254 251/251
f 252/252 257/257 251/251
f 258/258 219/219 256/256
f 219/219 258/258 217/217
f 259/259 256/256 254/254
f 256/256 259/259 258/258
f 260/260 217/217 258/258
f 259/259 260/260 258/258
f 217/217 260/260 167/167
f 261/261 259/259 254/254
f 254/254 257/257 261/261
f 262/262 167/167 260/260
f 167/167 262/262 157/157
f 262/262 155/155 157/157
f 155/155 262/262 158/158
f 262/262 260/260 263/263
f 260/260 259/259 263/263
f 262/262 264/264 158/158
f 160/160 158/158 264/264
f 263/263 265/265 262/262
f 264/264 262/262 265/265
f 160/160 264/264 266/266
f 266/266 87/87 160/160
f 264/264 265/265 267/267
f 266/266 264/264 267/267
f 268/268 265/265 263/263
f 265/265 268/268 267/267
f 269/269 263/263 259/259
f 269/269 268/268 263/263
f 270/270 269/269 259/259
f 259/259 261/261 270/270
f 268/268 269/269 271/271
f 270/270 272/272 269/269
f 272/272 271/271 269/269
f 261/261 273/273 270/270
f 272/272 270/270 273/273
f 271/271 274/274 268/268
f 267/267 268/268 274/274
f 275/275 271/271 272/272
f 864/864 868/868 869/869
f 867/867 864/864 869/869
f 803/803 870/870 868/868
f 870/870 869/869 868/868
f 870/870 803/803 807/807
f 869/869 871/871 867/867
f 276/276 267/267 274/274
f 266/266 267/267 276/276
f 271/271 277/277 274/274
f 276/276 278/278 266/266
f 87/87 266/266 278/278
f 271/271 279/279 277/277
f 271/271 275/275 279/279
f 280/280 87/87 278/278
f 87/87 280/280 81/81
f 280/280 79/79 81/81
f 281/281 280/280 278/278
f 278/278 276/276 281/281
f 79/79 280/280 282/282
f 282/282 76/76 79/79
f 280/280 281/281 283/283
f 280/280 283/283 282/282
f 804/804 860/860 802/802
f 861/861 859/859 860/860
f 804/804 861/861 860/860
f 861/861 858/858 859/859
f 858/858 862/862 856/856
f 862/862 858/858 861/861
f 856/856 862/862 863/863
f 861/861 804/804 864/864
f 861/861 865/865 862/862
f 865/865 861/861 864/864
f 866/866 862/862 865/865
f 862/862 866/866 863/863
f 864/864 867/867 865/865
f 865/865 867/867 866/866
f 868/868 864/864 804/804
f 804/804 803/803 868/868
f 847/847 852/852 854/854
f 854/854 850/850 847/847
f 855/855 853/853 825/825
f 822/822 855/855 825/825
f 855/855 822/822 820/820
f 853/853 855/855 856/856
f 853/853 856/856 852/852
f 820/820 857/857 855/855
f 856/856 855/855 857/857
f 820/820 815/815 857/857
f 815/815 858/858 857/857
f 856/856 857/857 858/858
f 858/858 815/815 859/859
f 859/859 815/815 805/805
f 802/802 859/859 805/805
f 859/859 802/802 860/860
f 840/840 845/845 841/841
f 843/843 844/844 846/846
f 846/846 845/845 843/843
f 831/831 847/847 844/844
f 845/845 846/846 848/848
f 847/847 831/831 849/849
f 849/849 831/831 828/828
f 846/846 844/844 850/850
f 850/850 844/844 847/847
f 849/849 828/828 851/851
f 827/827 851/851 828/828
f 852/852 847/847 849/849
f 852/852 849/849 851/851
f 827/827 853/853 851/851
f 851/851 853/853 852/852
f 853/853 827/827 825/825
f 837/837 838/838 546/546
f 838/838 837/837 836/836
f 572/572 546/546 838/838
f 836/836 834/834 839/839
f 833/833 839/839 834/834
f 838/838 836/836 840/840
f 839/839 840/840 836/836
f 838/838 841/841 572/572
f 841/841 838/838 840/840
f 833/833 842/842 839/839
f 839/839 843/843 840/840
f 843/843 839/839 842/842
f 842/842 833/833 844/844
f 844/844 843/843 842/842
f 844/844 833/833 831/831
f 845/845 840/840 843/843
f 830/830 539/539 829/829
f 539/539 830/830 542/542
f 829/829 828/828 831/831
f 832/832 542/542 830/830
f 829/829 833/833 830/830
f 833/833 829/829 831/831
f 830/830 834/834 832/832
f 834/834 830/830 833/833
f 542/542 832/832 835/835
f 541/541 542/542 835/835
f 836/836 832/832 834/834
f 832/832 836/836 835/835
f 837/837 541/541 835/835
f 836/836 837/837 835/835
f 541/541 837/837 544/544
f 546/546 544/544 837/837
f 819/819 822/822 821/821
f 822/822 819/819 820/820
f 821/821 823/823 532/532
f 823/823 821/821 822/822
f 823/823 824/824 532/532
f 824/824 531/531 532/532
f 825/825 823/823 822/822
f 826/826 531/531 824/824
f 531/531 826/826 534/534
f 539/539 534/534 826/826
f 827/827 824/824 823/823
f 827/827 823/823 825/825
f 824/824 828/828 826/826
f 828/828 824/824 827/827
f 826/826 829/829 539/539
f 829/829 826/826 828/828
f 816/816 813/813 814/814
f 814/814 815/815 816/816
f 792/792 813/813 817/817
f 792/792 817/817 788/788
f 523/523 788/788 817/817
f 817/817 522/522 523/523
f 813/813 816/816 818/818
f 817/817 813/813 818/818
f 522/522 817/817 819/819
f 817/817 818/818 819/819
f 820/820 818/818 816/816
f 818/818 820/820 819/819
f 815/815 820/820 816/816
f 821/821 522/522 819/819
f 522/522 821/821 527/527
f 532/532 527/527 821/821
f 808/808 798/798 805/805
f 807/807 747/747 809/809
f 742/742 809/809 747/747
f 798/798 808/808 810/810
f 795/795 798/798 810/810
f 810/810 791/791 795/795
f 811/811 809/809 742/742
f 742/742 741/741 811/811
f 791/791 810/810 812/812
f 792/792 791/791 812/812
f 813/813 812/812 810/810
f 813/813 792/792 812/812
f 814/814 810/810 808/808
f 813/813 810/810 814/814
f 815/815 814/814 808/808
f 805/805 815/815 808/808
f 797/797 800/800 799/799
f 754/754 801/801 800/800
f 801/801 754/754 751/751
f 749/749 801/801 751/751
f 802/802 799/799 800/800
f 801/801 802/802 800/800
f 801/801 749/749 803/803
f 803/803 749/749 746/746
f 802/802 801/801 804/804
f 803/803 804/804 801/801
f 799/799 802/802 805/805
f 805/805 798/798 799/799
f 746/746 806/806 803/803
f 746/746 747/747 806/806
f 806/806 807/807 803/803
f 806/806 747/747 807/807
f 790/790 780/780 793/793
f 758/758 753/753 793/793
f 756/756 793/793 753/753
f 790/790 793/793 794/794
f 793/793 756/756 794/794
f 795/795 790/790 794/794
f 791/791 790/790 795/795
f 756/756 796/796 794/794
f 795/795 794/794 796/796
f 796/796 756/756 797/797
f 752/752 797/797 756/756
f 797/797 752/752 754/754
f 798/798 795/795 796/796
f 799/799 796/796 797/797
f 796/796 799/799 798/798
f 800/800 797/797 754/754
f 758/758 780/780 765/765
f 781/781 778/778 779/779
f 778/778 781/781 782/782
f 781/781 785/785 782/782
f 786/786 779/779 770/770
f 779/779 786/786 781/781
f 786/786 770/770 780/780
f 785/785 781/781 787/787
f 787/787 781/781 786/786
f 787/787 788/788 785/785
f 786/786 780/780 790/790
f 786/786 791/791 787/787
f 791/791 786/786 790/790
f 788/788 787/787 792/792
f 791/791 792/792 787/787
f 780/780 758/758 793/793
f 763/763 767/767 766/766
f 768/768 673/673 764/764
f 766/766 768/768 764/764
f 767/767 769/769 766/766
f 768/768 766/766 769/769
f 765/765 770/770 767/767
f 772/772 768/768 769/769
f 769/769 773/773 772/772
f 768/768 772/772 775/775
f 773/773 769/769 776/776
f 776/776 769/769 767/767
f 767/767 770/770 776/776
f 778/778 773/773 776/776
f 779/779 776/776 770/770
f 778/778 776/776 779/779
f 770/770 765/765 780/780
f 755/755 760/760 757/757
f 760/760 755/755 758/758
f 757/757 761/761 759/759
f 677/677 759/759 761/761
f 761/761 757/757 760/760
f 761/761 675/675 677/677
f 675/675 761/761 762/762
f 675/675 762/762 673/673
f 763/763 761/761 760/760
f 763/763 762/762 761/761
f 762/762 764/764 673/673
f 763/763 764/764 762/762
f 765/765 763/763 760/760
f 765/765 760/760 758/758
f 764/764 763/763 766/766
f 767/767 763/763 765/765
f 748/748 745/745 751/751
f 751/751 745/745 749/749
f 750/750 748/748 752/752
f 751/751 752/752 748/748
f 753/753 731/731 750/750
f 752/752 751/751 754/754
f 731/731 753/753 755/755
f 755/755 729/729 731/731
f 756/756 750/750 752/752
f 750/750 756/756 753/753
f 729/729 755/755 757/757
f 757/757 688/688 729/729
f 753/753 758/758 755/755
f 688/688 757/757 759/759
f 678/678 688/688 759/759
f 759/759 677/677 678/678
f 742/742 739/739 740/740
f 741/741 742/742 740/740
f 736/736 739/739 743/743
f 739/739 742/742 744/744
f 744/744 743/743 739/739
f 736/736 743/743 745/745
f 745/745 734/734 736/736
f 743/743 744/744 746/746
f 746/746 745/745 743/743
f 747/747 744/744 742/742
f 747/747 746/746 744/744
f 748/748 734/734 745/745
f 734/734 748/748 732/732
f 745/745 746/746 749/749
f 748/748 750/750 732/732
f 731/731 732/732 750/750
f 733/733 725/725 723/723
f 732/732 728/728 734/734
f 734/734 728/728 733/733
f 733/733 723/723 735/735
f 723/723 721/721 735/735
f 733/733 736/736 734/734
f 736/736 733/733 735/735
f 737/737 735/735 721/721
f 736/736 735/735 737/737
f 721/721 738/738 737/737
f 721/721 722/722 738/738
f 739/739 736/736 737/737
f 739/739 737/737 738/738
f 722/722 740/740 738/738
f 738/738 740/740 739/739
f 740/740 722/722 741/741
f 716/716 725/725 724/724
f 725/725 716/716 723/723
f 724/724 726/726 690/690
f 726/726 724/724 725/725
f 727/727 690/690 726/726
f 690/690 727/727 689/689
f 728/728 726/726 725/725
f 729/729 689/689 727/727
f 689/689 729/729 688/688
f 726/726 730/730 727/727
f 730/730 726/726 728/728
f 731/731 727/727 730/730
f 727/727 731/731 729/729
f 728/728 732/732 730/730
f 732/732 731/731 730/730
f 728/728 725/725 733/733
f 713/713 715/715 717/717
f 717/717 716/716 713/713
f 718/718 715/715 714/714
f 715/715 718/718 717/717
f 711/711 719/719 714/714
f 710/710 719/719 711/711
f 718/718 714/714 720/720
f 720/720 714/714 719/719
f 717/717 718/718 721/721
f 722/722 718/718 720/720
f 722/722 721/721 718/718
f 716/716 717/717 723/723
f 721/721 723/723 717/717
f 724/724 694/694 716/716
f 694/694 724/724 692/692
f 690/690 692/692 724/724
f 706/706 705/705 707/707
f 708/708 700/700 703/703
f 703/703 706/706 708/708
f 700/700 708/708 709/709
f 699/699 700/700 709/709
f 710/710 708/708 706/706
f 711/711 709/709 708/708
f 708/708 710/710 711/711
f 709/709 712/712 699/699
f 709/709 711/711 712/712
f 713/713 699/699 712/712
f 713/713 694/694 699/699
f 711/711 714/714 712/712
f 715/715 713/713 712/712
f 712/712 714/714 715/715
f 694/694 713/713 716/716
f 699/699 696/696 697/697
f 696/696 699/699 694/694
f 697/697 698/698 700/700
f 700/700 699/699 697/697
f 698/698 365/365 701/701
f 701/701 700/700 698/698
f 365/365 702/702 701/701
f 702/702 365/365 363/363
f 700/700 701/701 703/703
f 702/702 363/363 704/704
f 702/702 705/705 701/701
f 703/703 701/701 705/705
f 704/704 705/705 702/702
f 704/704 363/363 360/360
f 706/706 703/703 705/705
f 705/705 704/704 707/707
f 683/683 691/691 684/684
f 692/692 690/690 687/687
f 687/687 691/691 692/692
f 693/693 691/691 683/683
f 683/683 376/376 693/693
f 691/691 694/694 692/692
f 376/376 695/695 693/693
f 695/695 376/376 371/371
f 367/367 695/695 371/371
f 691/691 693/693 696/696
f 694/694 691/691 696/696
f 697/697 693/693 695/695
f 693/693 697/697 696/696
f 695/695 367/367 698/698
f 698/698 697/697 695/695
f 365/365 698/698 367/367
f 387/387 683/683 682/682
f 683/683 387/387 378/378
f 376/376 683/683 378/378
f 681/681 682/682 684/684
f 683/683 684/684 682/682
f 685/685 679/679 681/681
f 684/684 685/685 681/681
f 679/679 685/685 686/686
f 678/678 679/679 686/686
f 685/685 684/684 687/687
f 686/686 688/688 678/678
f 689/689 686/686 685/685
f 686/686 689/689 688/688
f 687/687 690/690 685/685
f 690/690 689/689 685/685
f 691/691 687/687 684/684
f 673/673 670/670 675/675
f 672/672 675/675 670/670
f 671/671 676/676 672/672
f 674/674 676/676 671/671
f 675/675 672/672 677/677
f 678/678 672/672 676/676
f 672/672 678/678 677/677
f 676/676 674/674 679/679
f 679/679 678/678 676/676
f 394/394 680/680 674/674
f 680/680 394/394 388/388
f 387/387 680/680 388/388
f 681/681 674/674 680/680
f 674/674 681/681 679/679
f 680/680 387/387 682/682
f 682/682 681/681 680/680
f 666/666 663/663 664/664
f 665/665 666/666 664/664
f 665/665 486/486 667/667
f 666/666 665/665 668/668
f 668/668 665/665 667/667
f 486/486 669/669 667/667
f 669/669 486/486 487/487
f 667/667 670/670 668/668
f 487/487 671/671 669/669
f 671/671 487/487 495/495
f 672/672 667/667 669/669
f 672/672 669/669 671/671
f 667/667 672/672 670/670
f 394/394 671/671 495/495
f 670/670 673/673 668/668
f 671/671 394/394 674/674
f 478/478 663/663 477/477
f 663/663 478/478 664/664
f 481/481 664/664 478/478
f 664/664 481/481 665/665
f 486/486 665/665 481/481
f 281/281 276/276 284/284
f 284/284 283/283 281/281
f 282/282 285/285 76/76
f 76/76 285/285 74/74
f 282/282 283/283 286/286
f 286/286 285/285 282/282
f 283/283 284/284 287/287
f 287/287 286/286 283/283
f 284/284 276/276 288/288
f 274/274 288/288 276/276
f 289/289 287/287 284/284
f 288/288 289/289 284/284
f 274/274 290/290 288/288
f 289/289 288/288 290/290
f 290/290 274/274 277/277
f 290/290 277/277 291/291
f 291/291 277/277 279/279
f 279/279 275/275 291/291
f 292/292 289/289 290/290
f 290/290 291/291 292/292
f 289/289 292/292 293/293
f 292/292 291/291 294/294
f 293/293 292/292 294/294
f 291/291 275/275 295/295
f 295/295 294/294 291/291
f 293/293 296/296 289/289
f 287/287 289/289 296/296
f 297/297 295/295 275/275
f 272/272 297/297 275/275
f 297/297 272/272 273/273
f 287/287 296/296 298/298
f 298/298 286/286 287/287
f 273/273 299/299 297/297
f 298/298 300/300 286/286
f 285/285 286/286 300/300
f 300/300 74/74 285/285
f 299/299 273/273 301/301
f 273/273 261/261 301/301
f 300/300 302/302 74/74
f 302/302 72/72 74/74
f 303/303 301/301 261/261
f 261/261 257/257 303/303
f 257/257 252/252 303/303
f 304/304 301/301 303/303
f 252/252 304/304 303/303
f 301/301 304/304 299/299
f 304/304 252/252 255/255
f 305/305 299/299 304/304
f 255/255 305/305 304/304
f 297/297 299/299 305/305
f 305/305 255/255 306/306
f 306/306 255/255 253/253
f 297/297 305/305 307/307
f 295/295 297/297 307/307
f 308/308 305/305 306/306
f 295/295 307/307 309/309
f 310/310 307/307 305/305
f 310/310 309/309 307/307
f 305/305 308/308 310/310
f 309/309 294/294 295/295
f 306/306 311/311 308/308
f 306/306 253/253 311/311
f 294/294 309/309 312/312
f 313/313 311/311 253/253
f 313/313 253/253 247/247
f 246/246 313/313 247/247
f 313/313 246/246 314/314
f 249/249 314/314 246/246
f 311/311 313/313 315/315
f 313/313 314/314 315/315
f 316/316 308/308 311/311
f 316/316 311/311 315/315
f 314/314 249/249 317/317
f 316/316 318/318 308/308
f 314/314 317/317 319/319
f 315/315 314/314 319/319
f 249/249 320/320 317/317
f 249/249 233/233 320/320
f 319/319 317/317 321/321
f 322/322 320/320 233/233
f 233/233 231/231 322/322
f 320/320 323/323 317/317
f 317/317 323/323 321/321
f 231/231 324/324 322/322
f 321/321 323/323 325/325
f 324/324 231/231 326/326
f 227/227 326/326 231/231
f 319/319 321/321 328/328
f 328/328 321/321 325/325
f 330/330 319/319 328/328
f 330/330 315/315 319/319
f 315/315 330/330 332/332
f 328/328 325/325 333/333
f 334/334 328/328 333/333
f 336/336 315/315 332/332
f 332/332 337/337 336/336
f 333/333 339/339 334/334
f 341/341 334/334 339/339
f 336/336 337/337 342/342
f 344/344 342/342 337/337
f 345/345 315/315 336/336
f 342/342 344/344 346/346
f 347/347 315/315 345/345
f 315/315 347/347 316/316
f 318/318 316/316 347/347
f 345/345 336/336 348/348
f 336/336 342/342 348/348
f 345/345 349/349 347/347
f 345/345 348/348 349/349
f 347/347 350/350 318/318
f 350/350 347/347 349/349
f 342/342 351/351 348/348
f 351/351 342/342 346/346
f 344/344 352/352 346/346
f 352/352 351/351 346/346
f 352/352 344/344 354/354
f 355/355 348/348 351/351
f 348/348 355/355 349/349
f 351/351 352/352 356/356
f 356/356 355/355 351/351
f 357/357 352/352 354/354
f 352/352 357/357 356/356
f 357/357 354/354 358/358
f 361/361 357/357 358/358
f 357/357 361/361 362/362
f 362/362 364/364 357/357
f 356/356 357/357 364/364
f 364/364 362/362 366/366
f 368/368 364/364 366/366
f 364/364 368/368 369/369
f 369/369 356/356 364/364
f 370/370 369/369 368/368
f 356/356 369/369 372/372
f 355/355 356/356 372/372
f 369/369 370/370 373/373
f 373/373 372/372 369/369
f 370/370 374/374 373/373
f 374/374 370/370 375/375
f 372/372 373/373 377/377
f 377/377 355/355 372/372
f 374/374 377/377 373/373
f 379/379 374/374 375/375
f 355/355 377/377 380/380
f 380/380 349/349 355/355
f 374/374 381/381 377/377
f 377/377 382/382 380/380
f 382/382 377/377 381/381
f 349/349 380/380 382/382
f 383/383 381/381 374/374
f 374/374 379/379 383/383
f 384/384 382/382 381/381
f 381/381 383/383 384/384
f 379/379 385/385 383/383
f 385/385 379/379 386/386
f 389/389 385/385 386/386
f 383/383 390/390 384/384
f 390/390 383/383 385/385
f 385/385 389/389 391/391
f 391/391 390/390 385/385
f 389/389 392/392 391/391
f 392/392 389/389 393/393
f 390/390 391/391 395/395
f 392/392 395/395 391/391
f 390/390 396/396 384/384
f 382/382 384/384 396/396
f 397/397 390/390 395/395
f 396/396 398/398 382/382
f 382/382 398/398 349/349
f 396/396 390/390 399/399
f 390/390 397/397 399/399
f 398/398 396/396 400/400
f 399/399 400/400 396/396
f 349/349 398/398 401/401
f 350/350 349/349 401/401
f 400/400 399/399 402/402
f 350/350 401/401 403/403
f 403/403 318/318 350/350
f 404/404 401/401 398/398
f 398/398 400/400 405/405
f 404/404 398/398 405/405
f 405/405 400/400 402/402
f 404/404 406/406 401/401
f 404/404 405/405 406/406
f 401/401 406/406 403/403
f 318/318 403/403 407/407
f 407/407 403/403 406/406
f 318/318 407/407 408/408
f 408/408 308/308 318/318
f 406/406 409/409 407/407
f 409/409 408/408 407/407
f 408/408 310/310 308/308
f 406/406 410/410 409/409
f 405/405 410/410 406/406
f 409/409 411/411 408/408
f 411/411 409/409 410/410
f 310/310 408/408 412/412
f 408/408 411/411 412/412
f 410/410 405/405 413/413
f 402/402 413/413 405/405
f 410/410 414/414 411/411
f 413/413 414/414 410/410
f 415/415 412/412 411/411
f 411/411 414/414 415/415
f 310/310 412/412 416/416
f 412/412 415/415 416/416
f 416/416 417/417 310/310
f 309/309 310/310 417/417
f 418/418 309/309 417/417
f 417/417 416/416 418/418
f 309/309 418/418 312/312
f 415/415 419/419 416/416
f 419/419 418/418 416/416
f 420/420 415/415 414/414
f 420/420 414/414 413/413
f 419/419 415/415 421/421
f 415/415 420/420 421/421
f 418/418 422/422 312/312
f 422/422 294/294 312/312
f 423/423 418/418 419/419
f 422/422 418/418 423/423
f 294/294 422/422 424/424
f 293/293 294/294 424/424
f 425/425 422/422 423/423
f 425/425 424/424 422/422
f 426/426 423/423 419/419
f 425/425 423/423 426/426
f 424/424 427/427 293/293
f 296/296 293/293 427/427
f 428/428 424/424 425/425
f 427/427 424/424 428/428
f 296/296 427/427 429/429
f 296/296 429/429 298/298
f 428/428 430/430 427/427
f 430/430 429/429 427/427
f 431/431 298/298 429/429
f 431/431 429/429 430/430
f 300/300 298/298 431/431
f 430/430 428/428 432/432
f 432/432 428/428 425/425
f 431/431 433/433 300/300
f 433/433 302/302 300/300
f 431/431 430/430 434/434
f 434/434 433/433 431/431
f 430/430 432/432 434/434
f 435/435 302/302 433/433
f 434/434 435/435 433/433
f 72/72 302/302 435/435
f 435/435 434/434 436/436
f 432/432 436/436 434/434
f 435/435 437/437 72/72
f 436/436 437/437 435/435
f 69/69 72/72 437/437
f 70/70 69/69 437/437
f 437/437 436/436 438/438
f 70/70 437/437 438/438
f 436/436 432/432 439/439
f 438/438 436/436 439/439
f 439/439 432/432 440/440
f 425/425 440/440 432/432
f 440/440 425/425 426/426
f 439/439 441/441 438/438
f 440/440 441/441 439/439
f 438/438 442/442 70/70
f 442/442 438/438 441/441
f 442/442 66/66 70/70
f 442/442 443/443 66/66
f 443/443 442/442 446/446
f 441/441 440/440 447/447
f 447/447 442/442 441/441
f 448/448 446/446 442/442
f 448/448 442/442 447/447
f 446/446 448/448 450/450
f 451/451 450/450 448/448
f 451/451 448/448 447/447
f 454/454 450/450 451/451
f 455/455 447/447 440/440
f 426/426 455/455 440/440
f 447/447 456/456 451/451
f 447/447 455/455 456/456
f 454/454 451/451 457/457
f 458/458 454/454 457/457
f 460/460 451/451 456/456
f 458/458 457/457 461/461
f 456/456 462/462 460/460
f 462/462 456/456 455/455
f 463/463 458/458 461/461
f 458/458 463/463 465/465
f 457/457 466/466 461/461
f 466/466 463/463 461/461
f 467/467 457/457 451/451
f 466/466 457/457 467/467
f 451/451 460/460 467/467
f 468/468 465/465 463/463
f 465/465 468/468 469/469
f 466/466 471/471 463/463
f 471/471 468/468 463/463
f 468/468 472/472 469/469
f 473/473 469/469 472/472
f 476/476 473/473 479/479
f 472/472 479/479 473/473
f 480/480 479/479 472/472
f 468/468 480/480 472/472
f 479/479 480/480 482/482
f 480/480 468/468 483/483
f 468/468 471/471 483/483
f 484/484 482/482 480/480
f 483/483 484/484 480/480
f 482/482 484/484 485/485
f 484/484 488/488 485/485
f 471/471 489/489 483/483
f 484/484 483/483 489/489
f 488/488 484/484 490/490
f 489/489 490/490 484/484
f 489/489 471/471 491/491
f 466/466 491/491 471/471
f 490/490 489/489 492/492
f 491/491 492/492 489/489
f 488/488 490/490 493/493
f 488/488 493/493 494/494
f 493/493 393/393 494/494
f 393/393 493/493 392/392
f 490/490 496/496 493/493
f 496/496 392/392 493/493
f 490/490 492/492 496/496
f 392/392 496/496 497/497
f 395/395 392/392 497/497
f 497/497 397/397 395/395
f 492/492 498/498 496/496
f 498/498 497/497 496/496
f 397/397 497/497 499/499
f 497/497 498/498 499/499
f 492/492 500/500 498/498
f 492/492 491/491 500/500
f 501/501 499/499 498/498
f 500/500 501/501 498/498
f 499/499 502/502 397/397
f 502/502 399/399 397/397
f 399/399 502/502 402/402
f 502/502 413/413 402/402
f 499/499 501/501 503/503
f 502/502 499/499 503/503
f 413/413 502/502 504/504
f 420/420 413/413 504/504
f 502/502 503/503 505/505
f 505/505 503/503 501/501
f 502/502 505/505 504/504
f 504/504 506/506 420/420
f 506/506 421/421 420/420
f 506/506 504/504 507/507
f 504/504 505/505 507/507
f 508/508 421/421 506/506
f 507/507 508/508 506/506
f 421/421 508/508 509/509
f 509/509 419/419 421/421
f 419/419 509/509 426/426
f 509/509 455/455 426/426
f 508/508 507/507 510/510
f 510/510 509/509 508/508
f 455/455 509/509 511/511
f 509/509 510/510 511/511
f 511/511 462/462 455/455
f 515/515 518/518 516/516
f 518/518 515/515 517/517
f 518/518 467/467 516/516
f 517/517 500/500 518/518
f 467/467 518/518 466/466
f 491/491 518/518 500/500
f 491/491 466/466 518/518
f 1248/1248 1247/1247 1243/1243
f 1266/1266 1246/1246 1249/1249
f 1258/1258 1266/1266 1249/1249
f 1257/1257 1258/1258 1251/1251
f 1249/1249 1251/1251 1258/1258
f 1257/1257 1252/1252 1256/1256
f 1257/1257 1251/1251 1252/1252
f 1253/1253 1256/1256 1250/1250
f 1252/1252 1250/1250 1256/1256
f 1255/1255 1253/1253 1254/1254
f 1251/1251 1247/1247 1252/1252
f 1250/1250 1252/1252 1247/1247
f 1251/1251 1249/1249 1244/1244
f 1247/1247 1251/1251 1244/1244
f 1247/1247 1248/1248 1250/1250
f 1246/1246 1244/1244 1249/1249
f 1262/1262 1267/1267 1266/1266
f 1266/1266 1265/1265 1262/1262
f 1274/1274 1271/1271 1275/1275
f 1271/1271 1273/1273 1275/1275
f 1274/1274 1245/1245 1246/1246
f 1261/1261 1262/1262 1265/1265
f 1257/1257 1263/1263 1264/1264
f 1257/1257 1264/1264 1258/1258
f 1262/1262 1261/1261 1255/1255
f 1261/1261 1260/1260 1253/1253
f 1253/1253 1255/1255 1261/1261
f 1257/1257 1259/1259 1260/1260
f 1253/1253 1260/1260 1259/1259
f 1257/1257 1256/1256 1259/1259
f 1256/1256 1253/1253 1259/1259
f 1246/1246 1266/1266 1267/1267
f 1276/1276 1273/1273 1272/1272
f 1268/1268 1262/1262 1255/1255
f 1263/1263 1266/1266 1264/1264
f 1266/1266 1263/1263 1265/1265
f 1264/1264 1266/1266 1258/1258
f 1265/1265 1263/1263 1261/1261
f 1245/1245 1280/1280 1243/1243
f 1274/1274 1279/1279 1280/1280
f 1276/1276 1281/1281 1279/1279
f 1281/1281 1280/1280 1279/1279
f 1284/1284 1243/1243 1283/1283
f 1284/1284 1283/1283 1281/1281
f 1274/1274 1280/1280 1245/1245
f 1269/1269 1272/1272 1273/1273
f 1276/1276 1275/1275 1273/1273
f 1280/1280 1281/1281 1283/1283
f 1270/1270 1272/1272 1268/1268
f 1273/1273 1271/1271 1269/1269
f 1280/1280 1283/1283 1243/1243
f 1276/1276 1282/1282 1281/1281
f 1276/1276 1277/1277 1282/1282
f 1267/1267 1274/1274 1246/1246
f 1274/1274 1267/1267 1271/1271
f 1244/1244 1243/1243 1247/1247
f 1243/1243 1244/1244 1245/1245
f 1246/1246 1245/1245 1244/1244
f 1272/1272 1269/1269 1268/1268
f 1267/1267 1269/1269 1271/1271
f 1268/1268 1254/1254 1270/1270
f 1248/1248 1254/1254 1253/1253
f 1248/1248 1253/1253 1250/1250
f 1254/1254 1268/1268 1255/1255
f 1276/1276 1278/1278 1275/1275
f 1260/1260 1261/1261 1263/1263
f 1276/1276 1279/1279 1278/1278
f 1279/1279 1274/1274 1278/1278
f 1257/1257 1260/1260 1263/1263
f 1272/1272 1270/1270 1277/1277
f 1282/1282 1284/1284 1281/1281
f 1278/1278 1274/1274 1275/1275
f 1276/1276 1272/1272 1277/1277
f 1277/1277 1284/1284 1282/1282
f 1284/1284 1254/1254 1248/1248
f 1243/1243 1284/1284 1248/1248
f 1254/1254 1284/1284 1270/1270
f 1284/1284 1277/1277 1270/1270
f 1269/1269 1267/1267 1262/1262
f 1268/1268 1269/1269 1262/1262
f 1298/1298 1291/1291 1286/1286
f 1293/1293 1297/1297 1299/1299
f 1309/1309 1310/1310 1308/1308
f 1311/1311 1303/1303 1306/1306
f 1285/1285 1286/1286 1287/1287
f 1286/1286 1288/1288 1287/1287
f 1351/1351 1362/1362 1350/1350
f 1310/1310 1288/1288 1312/1312
f 1286/1286 1285/1285 1289/1289
f 1303/1303 1311/1311 1302/1302
f 1306/1306 1308/1308 1311/1311
f 1298/1298 1324/1324 1301/1301
f 1324/1324 1314/1314 1301/1301
f 1308/1308 1304/1304 1309/1309
f 1304/1304 1308/1308 1306/1306
f 1299/1299 1297/1297 1307/1307
f 1297/1297 1305/1305 1307/1307
f 1304/1304 1306/1306 1303/1303
f 1300/1300 1305/1305 1297/1297
f 1302/1302 1305/1305 1300/1300
f 1296/1296 1304/1304 1303/1303
f 1302/1302 1294/1294 1303/1303
f 1303/1303 1294/1294 1296/1296
f 1320/1320 1317/1317 1319/1319
f 1291/1291 1298/1298 1301/1301
f 1319/1319 1317/1317 1315/1315
f 1315/1315 1316/1316 1318/1318
f 1296/1296 1330/1330 1304/1304
f 1329/1329 1298/1298 1299/1299
f 1311/1311 1317/1317 1302/1302
f 1315/1315 1313/1313 1316/1316
f 1314/1314 1316/1316 1313/1313
f 1313/1313 1315/1315 1311/1311
f 1314/1314 1291/1291 1301/1301
f 1314/1314 1313/1313 1312/1312
f 1291/1291 1314/1314 1312/1312
f 1308/1308 1313/1313 1311/1311
f 1308/1308 1312/1312 1313/1313
f 1288/1288 1291/1291 1312/1312
f 1305/1305 1326/1326 1307/1307
f 1310/1310 1312/1312 1308/1308
f 1321/1321 1324/1324 1325/1325
f 1325/1325 1323/1323 1321/1321
f 1338/1338 1337/1337 1334/1334
f 1334/1334 1335/1335 1338/1338
f 1324/1324 1321/1321 1322/1322
f 1314/1314 1324/1324 1322/1322
f 1320/1320 1321/1321 1323/1323
f 1305/1305 1320/1320 1323/1323
f 1316/1316 1314/1314 1322/1322
f 1318/1318 1322/1322 1321/1321
f 1322/1322 1318/1318 1316/1316
f 1321/1321 1320/1320 1319/1319
f 1321/1321 1319/1319 1318/1318
f 1305/1305 1317/1317 1320/1320
f 1330/1330 1332/1332 1309/1309
f 1315/1315 1318/1318 1319/1319
f 1330/1330 1296/1296 1331/1331
f 1330/1330 1309/1309 1304/1304
f 1333/1333 1344/1344 1346/1346
f 1345/1345 1340/1340 1338/1338
f 1324/1324 1298/1298 1329/1329
f 1299/1299 1328/1328 1329/1329
f 1329/1329 1328/1328 1327/1327
f 1324/1324 1329/1329 1327/1327
f 1307/1307 1328/1328 1299/1299
f 1326/1326 1327/1327 1328/1328
f 1328/1328 1307/1307 1326/1326
f 1324/1324 1327/1327 1325/1325
f 1323/1323 1327/1327 1326/1326
f 1323/1323 1325/1325 1327/1327
f 1287/1287 1341/1341 1285/1285
f 1326/1326 1305/1305 1323/1323
f 1337/1337 1338/1338 1340/1340
f 1287/1287 1337/1337 1339/1339
f 1343/1343 1355/1355 1352/1352
f 1354/1354 1351/1351 1349/1349
f 1287/1287 1288/1288 1337/1337
f 1310/1310 1337/1337 1288/1288
f 1337/1337 1310/1310 1334/1334
f 1335/1335 1330/1330 1336/1336
f 1330/1330 1331/1331 1336/1336
f 1335/1335 1334/1334 1332/1332
f 1330/1330 1335/1335 1332/1332
f 1309/1309 1334/1334 1310/1310
f 1334/1334 1309/1309 1332/1332
f 1331/1331 1295/1295 1333/1333
f 1295/1295 1331/1331 1296/1296
f 1338/1338 1335/1335 1347/1347
f 1347/1347 1345/1345 1338/1338
f 1361/1361 1345/1345 1347/1347
f 1359/1359 1360/1360 1361/1361
f 1345/1345 1342/1342 1340/1340
f 1344/1344 1333/1333 1295/1295
f 1344/1344 1295/1295 1290/1290
f 1285/1285 1344/1344 1290/1290
f 1343/1343 1344/1344 1341/1341
f 1344/1344 1285/1285 1341/1341
f 1343/1343 1339/1339 1342/1342
f 1341/1341 1339/1339 1343/1343
f 1340/1340 1342/1342 1337/1337
f 1337/1337 1342/1342 1339/1339
f 1347/1347 1365/1365 1363/1363
f 1350/1350 1364/1364 1353/1353
f 1361/1361 1363/1363 1364/1364
f 1362/1362 1361/1361 1364/1364
f 1364/1364 1350/1350 1362/1362
f 1347/1347 1363/1363 1361/1361
f 1341/1341 1287/1287 1339/1339
f 1342/1342 1345/1345 1355/1355
f 1355/1355 1343/1343 1342/1342
f 1354/1354 1349/1349 1352/1352
f 1336/1336 1350/1350 1353/1353
f 1349/1349 1343/1343 1352/1352
f 1350/1350 1346/1346 1351/1351
f 1351/1351 1346/1346 1349/1349
f 1350/1350 1336/1336 1348/1348
f 1350/1350 1348/1348 1346/1346
f 1344/1344 1343/1343 1349/1349
f 1349/1349 1346/1346 1344/1344
f 1348/1348 1336/1336 1331/1331
f 1331/1331 1333/1333 1348/1348
f 1348/1348 1333/1333 1346/1346
f 1361/1361 1362/1362 1359/1359
f 1362/1362 1351/1351 1359/1359
f 1361/1361 1360/1360 1345/1345
f 1360/1360 1359/1359 1358/1358
f 1358/1358 1345/1345 1360/1360
f 1358/1358 1359/1359 1357/1357
f 1351/1351 1357/1357 1359/1359
f 1345/1345 1358/1358 1355/1355
f 1358/1358 1357/1357 1356/1356
f 1356/1356 1355/1355 1358/1358
f 1351/1351 1354/1354 1357/1357
f 1357/1357 1354/1354 1356/1356
f 1355/1355 1356/1356 1352/1352
f 1356/1356 1354/1354 1352/1352
f 1365/1365 1335/1335 1336/1336
f 1336/1336 1353/1353 1365/1365
f 1347/1347 1335/1335 1365/1365
f 1353/1353 1364/1364 1365/1365
f 1365/1365 1364/1364 1363/1363
f 1294/1294 1302/1302 1300/1300
f 1300/1300 1297/1297 1294/1294
f 1298/1298 1293/1293 1299/1299
f 1305/1305 1302/1302 1317/1317
f 1317/1317 1311/1311 1315/1315
f 1286/1286 1293/1293 1298/1298
f 1292/1292 1294/1294 1297/1297
f 1293/1293 1292/1292 1297/1297
f 1296/1296 1294/1294 1295/1295
f 1294/1294 1290/1290 1295/1295
f 1290/1290 1294/1294 1292/1292
f 1289/1289 1292/1292 1293/1293
f 1293/1293 1286/1286 1289/1289
f 1289/1289 1290/1290 1292/1292
f 1288/1288 1286/1286 1291/1291
f 1290/1290 1289/1289 1285/1285

