# https://github.com/mikedh/trimesh
mtllib material.mtl
usemtl M_UE4Man_ChestLogo
v -0.00000000 -0.06547742 0.01204410
v -0.01792741 -0.05233364 0.03309562
v -0.01792741 -0.05233364 0.03309562
v -0.00000000 -0.05461864 0.03537360
v -0.00000000 -0.05461864 0.03537360
v -0.02266479 -0.06121259 0.00645974
v -0.03233683 -0.04935031 0.02349642
v -0.03233683 -0.04935031 0.02349642
v -0.00000000 -0.05059605 -0.04109034
v -0.03892410 -0.04733222 0.01365140
v -0.04113937 -0.04881279 -0.01100132
v -0.04523099 -0.03435438 -0.02541074
v -0.04402733 -0.04415660 0.00252917
v -0.04143691 -0.02089338 -0.03744516
v -0.04628182 -0.04029767 -0.00650785
v -0.02266479 -0.00386052 -0.04936096
v -0.00000000 0.00103219 -0.05423710
v -0.01793158 0.00465686 -0.04848525
v -0.01793158 0.00465686 -0.04848525
v -0.00000000 0.00608022 -0.05072269
v -0.00000000 0.00608022 -0.05072269
v -0.03358341 -0.00219970 -0.04357621
v -0.03358341 -0.00219970 -0.04357621
v -0.04116881 -0.01172321 -0.03751597
v -0.04116881 -0.01172321 -0.03751597
v -0.04458952 -0.01857166 -0.03226373
v -0.04458952 -0.01857166 -0.03226373
v -0.04717839 -0.02542071 -0.02678070
v -0.04746282 -0.03556280 -0.01570627
v -0.05264306 -0.03518848 -0.01558397
v -0.05108142 -0.04243987 -0.00538060
v -0.05264247 -0.02493911 -0.02763126
v -0.04857147 -0.04757755 0.00295070
v -0.05850494 -0.03309565 -0.01538322
v -0.04284454 -0.05127721 0.01453402
v -0.04963041 -0.01809673 -0.03454766
v -0.05693150 -0.02487605 -0.02886591
v -0.04578638 -0.01125495 -0.04123327
v -0.05228949 -0.02013605 -0.03713712
v -0.06741119 -0.03302364 -0.01468131
v -0.03694427 -0.00074320 -0.04846677
v -0.06471706 -0.02240806 -0.03325865
v -0.01974249 0.00672467 -0.05389235
v -0.00000000 0.00834019 -0.05656848
v -0.00000000 0.00325913 -0.06157860
v -0.01951719 0.00058408 -0.05857203
v -0.00000000 -0.00854068 -0.06308708
v -0.03708709 -0.00596719 -0.05216953
v -0.02092707 -0.00877433 -0.06011436
v -0.00000000 -0.00774984 -0.07050190
v -0.04693890 -0.01583259 -0.04597387
v -0.03741980 -0.01188962 -0.05394277
v -0.03093922 -0.00823204 -0.06520030
v -0.03134477 -0.01027899 -0.06804917
v -0.00000000 -0.00980334 -0.07338068
v -0.03989268 -0.00952475 -0.06242583
v -0.02898336 -0.04301565 -0.08959148
v -0.00000000 -0.04323404 -0.09443960
v -0.04090846 -0.01162045 -0.06509528
v -0.04537499 -0.01193922 -0.05865822
v -0.04688084 -0.01410668 -0.06096194
v -0.04026699 -0.04334133 -0.08762619
v -0.02872932 -0.04574363 -0.08834729
v -0.00000000 -0.04595499 -0.09318087
v -0.00000000 -0.04651623 -0.08043811
v -0.03928364 -0.04608636 -0.08651385
v -0.02723241 -0.04601495 -0.07653818
v -0.00000000 -0.02959876 -0.06905684
v -0.00000000 -0.02959876 -0.06905684
v -0.02767444 -0.02981167 -0.06417343
v -0.02767444 -0.02981167 -0.06417343
v -0.03411937 -0.03086953 -0.06233523
v -0.03411937 -0.03086953 -0.06233523
v -0.03656626 -0.04638712 -0.07245168
v -0.04490972 -0.04605024 -0.08155236
v -0.04642141 -0.04335742 -0.08220741
v -0.04627955 -0.04504280 -0.06039295
v -0.04434920 -0.03135471 -0.05189595
v -0.04434920 -0.03135471 -0.05189595
v -0.05845058 -0.04214160 -0.06787250
v -0.05133975 -0.04766397 -0.05237159
v -0.05289543 -0.03988306 -0.03637430
v -0.05289543 -0.03988306 -0.03637430
v -0.05672157 -0.04478459 -0.06744501
v -0.05543053 -0.05057805 -0.04349360
v -0.05494499 -0.04665105 -0.02477810
v -0.06238652 -0.04680507 -0.05776558
v -0.06421840 -0.04416447 -0.05802140
v -0.05613196 -0.01713662 -0.05275187
v -0.05435396 -0.01496260 -0.05077192
v -0.06193292 -0.02073555 -0.04418287
v -0.06002021 -0.01853888 -0.04244361
v -0.06676448 -0.02462749 -0.03475759
v -0.06922698 -0.04699199 -0.04772219
v -0.06957948 -0.03540175 -0.01537630
v -0.06729210 -0.04963021 -0.04763791
v -0.07318270 -0.05787520 -0.02689633
v -0.05828119 -0.05932562 -0.02871606
v -0.07102299 -0.06052940 -0.02744720
v -0.06817174 -0.04484646 -0.00056371
v -0.07219565 -0.06878071 -0.01277802
v -0.06616259 -0.04247289 -0.00033388
v -0.05808413 -0.04272108 -0.00211212
v -0.06290365 -0.05050747 0.00722649
v -0.05445564 -0.05096714 0.00428453
v -0.06488884 -0.05286174 0.00705781
v -0.05842793 -0.05766301 0.01429167
v -0.05016125 -0.05805044 0.01087776
v -0.06038904 -0.05999761 0.01418438
v -0.05257774 -0.06530790 0.02243545
v -0.04558742 -0.06358604 0.01733902
v -0.06958032 -0.07930641 -0.00437722
v -0.05426014 -0.06791239 0.02299335
v -0.07013238 -0.07137566 -0.01400170
v -0.06486965 -0.08615451 0.00390497
v -0.06758166 -0.08179455 -0.00579080
v -0.05747390 -0.07181864 -0.01742229
v -0.06374336 -0.08850150 0.00171759
v -0.05483330 -0.05943768 -0.01427242
v -0.05261529 -0.06987278 -0.00792048
v -0.05261529 -0.06987278 -0.00792048
v -0.05575526 -0.07920973 -0.01160345
v -0.05045498 -0.07711236 -0.00184986
v -0.05045498 -0.07711236 -0.00184986
v -0.05320275 -0.08543270 -0.00581262
v -0.04446912 -0.08061628 0.00441137
v -0.04446912 -0.08061628 0.00441137
v -0.05740905 -0.09213107 0.00928107
v -0.04694104 -0.08854549 0.00234511
v -0.03964544 -0.08368080 0.01005736
v -0.03964544 -0.08368080 0.01005736
v -0.05903626 -0.08991628 0.01123312
v -0.05007208 -0.09589820 0.01695910
v -0.04004300 -0.09174447 0.00929370
v -0.03162051 -0.08729880 0.01640394
v -0.03162051 -0.08729880 0.01640394
v -0.04895103 -0.07084470 0.02696576
v -0.05110717 -0.09433942 0.01922539
v -0.04280687 -0.10137503 0.02317527
v -0.03391791 -0.09628718 0.01469937
v -0.02180004 -0.09344761 0.02229860
v -0.02180004 -0.09344761 0.02229860
v -0.04325700 -0.10057490 0.02603653
v -0.02850545 -0.10517983 0.01859739
v -0.03569365 -0.10984962 0.02801242
v -0.02538371 -0.11085348 0.02024713
v -0.02191508 -0.11407261 0.02135768
v -0.01220691 -0.09494381 0.02453187
v -0.01220691 -0.09494381 0.02453187
v -0.03172148 -0.11531429 0.03013172
v -0.01223028 -0.11547224 0.02286711
v -0.00000000 -0.09658210 0.02577522
v -0.00000000 -0.09658210 0.02577522
v -0.00000000 -0.11672418 0.02399984
v -0.00000000 -0.12174838 0.03589585
v -0.01476038 -0.12062066 0.03445473
v -0.02740217 -0.11832421 0.03171184
v -0.01497555 -0.11887662 0.03703764
v -0.00000000 -0.12018816 0.03815975
v -0.00000000 -0.08181446 0.04278925
v -0.03251505 -0.11374943 0.03273001
v -0.02831018 -0.11650472 0.03422251
v -0.01566565 -0.08123295 0.04091182
v -0.03637266 -0.10853987 0.03069833
v -0.02736175 -0.07892661 0.03786936
v -0.03545177 -0.07638149 0.03438535
v -0.04330969 -0.07357495 0.03026977
v -0.03445804 -0.07361810 0.03364756
v -0.04727936 -0.06841223 0.02659025
v -0.04218841 -0.07100635 0.02968695
v -0.04151690 -0.06608574 0.02051130
v -0.03563357 -0.05381970 0.02484002
v -0.03693819 -0.06846409 0.02313116
v -0.01969195 -0.05741219 0.03502634
v -0.02400267 -0.07345419 0.02950242
v -0.00000000 -0.05962198 0.03783109
v -0.01337743 -0.07553856 0.03188565
v -0.00000000 -0.07576196 0.03363624
v -0.02649570 -0.07596855 0.03697660
v -0.01520539 -0.07822638 0.03990522
v -0.00000000 -0.07876401 0.04173520
v 0.01792741 -0.05233364 0.03309562
v 0.01792741 -0.05233364 0.03309562
v 0.02266478 -0.06121259 0.00645974
v 0.03233683 -0.04935031 0.02349642
v 0.03233683 -0.04935031 0.02349642
v 0.03892410 -0.04733222 0.01365140
v 0.04113936 -0.04881279 -0.01100132
v 0.04523098 -0.03435438 -0.02541074
v 0.04402733 -0.04415660 0.00252917
v 0.04143703 -0.02089338 -0.03744516
v 0.04284453 -0.05127721 0.01453402
v 0.02266478 -0.00386052 -0.04936096
v 0.01793158 0.00465686 -0.04848525
v 0.01793158 0.00465686 -0.04848525
v 0.03358340 -0.00219970 -0.04357621
v 0.03358340 -0.00219970 -0.04357621
v 0.04116881 -0.01172321 -0.03751597
v 0.04116881 -0.01172321 -0.03751597
v 0.04458952 -0.01857166 -0.03226373
v 0.04458952 -0.01857166 -0.03226373
v 0.04717838 -0.02542071 -0.02678070
v 0.04746282 -0.03556280 -0.01570627
v 0.04628181 -0.04029767 -0.00650785
v 0.05264306 -0.03518848 -0.01558397
v 0.04857146 -0.04757755 0.00295070
v 0.05108154 -0.04243987 -0.00538060
v 0.05016124 -0.05805044 0.01087776
v 0.05445564 -0.05096714 0.00428453
v 0.05850494 -0.03309565 -0.01538322
v 0.05808413 -0.04272108 -0.00211212
v 0.05264246 -0.02493911 -0.02763126
v 0.04963040 -0.01809673 -0.03454766
v 0.05693161 -0.02487605 -0.02886591
v 0.06741118 -0.03302364 -0.01468131
v 0.05228948 -0.02013605 -0.03713712
v 0.04578638 -0.01125495 -0.04123327
v 0.06471705 -0.02240806 -0.03325865
v 0.03694427 -0.00074320 -0.04846677
v 0.04693889 -0.01583259 -0.04597387
v 0.01974249 0.00672467 -0.05389235
v 0.01951718 0.00058408 -0.05857203
v 0.03708708 -0.00596719 -0.05216953
v 0.02092719 -0.00877433 -0.06011436
v 0.03741979 -0.01188962 -0.05394277
v 0.03093922 -0.00823204 -0.06520030
v 0.03134477 -0.01027899 -0.06804917
v 0.03989267 -0.00952475 -0.06242583
v 0.02898335 -0.04301565 -0.08959148
v 0.04090845 -0.01162045 -0.06509528
v 0.02872932 -0.04574363 -0.08834729
v 0.04537499 -0.01193922 -0.05865822
v 0.02723241 -0.04601495 -0.07653818
v 0.02767443 -0.02981167 -0.06417343
v 0.02767443 -0.02981167 -0.06417343
v 0.03411948 -0.03086953 -0.06233523
v 0.03411948 -0.03086953 -0.06233523
v 0.03928363 -0.04608636 -0.08651385
v 0.03656637 -0.04638712 -0.07245168
v 0.04026699 -0.04334133 -0.08762619
v 0.04490971 -0.04605024 -0.08155236
v 0.04627967 -0.04504280 -0.06039295
v 0.04434919 -0.03135471 -0.05189595
v 0.04434919 -0.03135471 -0.05189595
v 0.05672157 -0.04478459 -0.06744501
v 0.05133974 -0.04766397 -0.05237159
v 0.05289542 -0.03988306 -0.03637430
v 0.05289542 -0.03988306 -0.03637430
v 0.05543053 -0.05057805 -0.04349360
v 0.05494499 -0.04665105 -0.02477810
v 0.06238651 -0.04680507 -0.05776558
v 0.05845058 -0.04214160 -0.06787250
v 0.06421840 -0.04416447 -0.05802140
v 0.04642141 -0.04335742 -0.08220741
v 0.04688084 -0.01410668 -0.06096194
v 0.05613196 -0.01713662 -0.05275187
v 0.05435395 -0.01496260 -0.05077192
v 0.06193292 -0.02073555 -0.04418287
v 0.06002021 -0.01853888 -0.04244361
v 0.06922698 -0.04699199 -0.04772219
v 0.06676459 -0.02462749 -0.03475759
v 0.06729209 -0.04963021 -0.04763791
v 0.07318270 -0.05787520 -0.02689633
v 0.06957948 -0.03540175 -0.01537630
v 0.06616258 -0.04247289 -0.00033388
v 0.06817174 -0.04484646 -0.00056371
v 0.06290364 -0.05050747 0.00722649
v 0.07219565 -0.06878071 -0.01277802
v 0.05842805 -0.05766301 0.01429167
v 0.06488883 -0.05286174 0.00705781
v 0.05257785 -0.06530790 0.02243545
v 0.06038916 -0.05999761 0.01418438
v 0.06958031 -0.07930641 -0.00437722
v 0.07102298 -0.06052940 -0.02744720
v 0.07013237 -0.07137566 -0.01400170
v 0.05828118 -0.05932562 -0.02871606
v 0.05747390 -0.07181864 -0.01742229
v 0.05483329 -0.05943768 -0.01427242
v 0.06758165 -0.08179455 -0.00579080
v 0.05261528 -0.06987278 -0.00792048
v 0.05261528 -0.06987278 -0.00792048
v 0.05575525 -0.07920973 -0.01160345
v 0.05045497 -0.07711236 -0.00184986
v 0.05045497 -0.07711236 -0.00184986
v 0.05320275 -0.08543270 -0.00581262
v 0.04446923 -0.08061628 0.00441137
v 0.04446923 -0.08061628 0.00441137
v 0.06486964 -0.08615451 0.00390497
v 0.06374335 -0.08850150 0.00171759
v 0.04694104 -0.08854549 0.00234511
v 0.03964543 -0.08368080 0.01005736
v 0.03964543 -0.08368080 0.01005736
v 0.05740905 -0.09213107 0.00928107
v 0.04004299 -0.09174447 0.00929370
v 0.03162050 -0.08729880 0.01640394
v 0.03162050 -0.08729880 0.01640394
v 0.05007207 -0.09589820 0.01695910
v 0.05903625 -0.08991628 0.01123312
v 0.05426013 -0.06791239 0.02299335
v 0.04895103 -0.07084470 0.02696576
v 0.05110717 -0.09433942 0.01922539
v 0.04280686 -0.10137503 0.02317527
v 0.03391790 -0.09628718 0.01469937
v 0.02180004 -0.09344761 0.02229860
v 0.02180004 -0.09344761 0.02229860
v 0.04325700 -0.10057490 0.02603653
v 0.02850556 -0.10517983 0.01859739
v 0.03569364 -0.10984962 0.02801242
v 0.02538371 -0.11085348 0.02024713
v 0.02191508 -0.11407261 0.02135768
v 0.01220691 -0.09494381 0.02453187
v 0.01220691 -0.09494381 0.02453187
v 0.03172147 -0.11531429 0.03013172
v 0.01223027 -0.11547224 0.02286711
v 0.01476037 -0.12062066 0.03445473
v 0.02740216 -0.11832421 0.03171184
v 0.01497554 -0.11887662 0.03703764
v 0.03251505 -0.11374943 0.03273001
v 0.02831018 -0.11650472 0.03422251
v 0.01566565 -0.08123295 0.04091182
v 0.03637266 -0.10853987 0.03069833
v 0.02736175 -0.07892661 0.03786936
v 0.03545177 -0.07638149 0.03438535
v 0.04330980 -0.07357495 0.03026977
v 0.03445804 -0.07361810 0.03364756
v 0.04727936 -0.06841223 0.02659025
v 0.04218840 -0.07100635 0.02968695
v 0.04558742 -0.06358604 0.01733902
v 0.04151690 -0.06608574 0.02051130
v 0.03563356 -0.05381970 0.02484002
v 0.03693819 -0.06846409 0.02313116
v 0.01969194 -0.05741219 0.03502634
v 0.02400267 -0.07345419 0.02950242
v 0.01337743 -0.07553856 0.03188565
v 0.02649569 -0.07596855 0.03697660
v 0.01520538 -0.07822638 0.03990522
v -0.00000000 -0.08425014 -0.01981041
v 0.01500606 -0.01878767 -0.07483325
v -0.00000000 0.00107784 -0.08560476
v -0.00000000 -0.01937633 -0.07656321
v 0.01543903 0.00066168 -0.08344469
v 0.02964794 -0.01940815 -0.06912873
v 0.01601100 0.02397485 -0.09103176
v -0.00000000 0.02435977 -0.09341380
v -0.00000000 0.03822465 -0.06310472
v 0.03098201 0.00053973 -0.07743976
v 0.04152953 -0.02130382 -0.06140527
v 0.03078103 0.03420742 -0.05711326
v -0.00000000 0.03822465 -0.04567072
v 0.03280604 0.02376385 -0.08561680
v 0.04577696 -0.00051718 -0.06568370
v 0.04881751 -0.02282660 -0.05429480
v 0.04679107 0.02280171 -0.07472572
v 0.05629503 -0.00232832 -0.04598472
v 0.05313408 -0.02429824 -0.04311773
v 0.05794000 0.01677675 -0.04582581
v 0.05661404 -0.00176625 -0.03109679
v 0.05320000 -0.02466862 -0.03394625
v 0.05594694 0.02620871 -0.04186473
v 0.05322003 -0.01116126 -0.00749478
v 0.05167556 -0.03056173 -0.02174971
v 0.05094254 -0.03304534 -0.00653979
v 0.05103957 -0.03078287 0.00792220
v 0.05875694 0.01878269 -0.02781174
v 0.05563998 0.00788672 -0.00832972
v 0.03074753 0.03420742 -0.03608570
v -0.00000000 0.03046091 -0.02690324
v 0.05839705 0.01895876 -0.00013373
v 0.02626669 0.02519400 -0.01951048
v -0.00000000 0.02867885 0.03267219
v 0.05367005 -0.00687020 0.00851229
v 0.04441905 0.01667626 0.00239923
v 0.05457496 -0.00074630 0.02032330
v 0.05198753 -0.02330821 0.02129224
v 0.06024801 -0.03292029 0.00819030
v 0.04513848 -0.00056772 0.02588930
v 0.05384600 -0.01091926 0.03090623
v 0.06076300 -0.02551715 0.02091327
v 0.05630195 -0.01456325 0.03224626
v 0.05505895 -0.04818325 0.02218821
v 0.05819404 -0.05097918 0.00982025
v 0.05399108 -0.05921226 0.01557925
v 0.05087805 -0.01690226 0.04168525
v 0.05145406 -0.05935018 0.03197530
v 0.04832005 -0.06751125 0.02517023
v 0.04080891 -0.07444029 0.03845921
v 0.03180849 -0.02064829 0.04250875
v 0.04145300 -0.02850430 0.05169227
v 0.04520607 -0.06563430 0.04352930
v 0.03326797 -0.08067219 0.05242219
v 0.02212202 -0.03693323 0.05993727
v 0.01693904 -0.02674477 0.04911521
v -0.00000000 -0.02859418 0.05160024
v -0.00000000 -0.03949122 0.06316223
v 0.03663099 -0.07695823 0.06118729
v 0.02441203 -0.09156625 0.07101622
v 0.02470398 -0.08240275 0.04249420
v 0.01105153 -0.08624272 0.04827371
v 0.01204097 -0.09499912 0.07621923
v -0.00000000 -0.09648828 0.07734826
v -0.00000000 -0.08732371 0.04858520
v -0.01500595 -0.01878767 -0.07483325
v -0.01543904 0.00066168 -0.08344469
v -0.02964795 -0.01940815 -0.06912873
v -0.01601100 0.02397485 -0.09103176
v -0.03098202 0.00053973 -0.07743976
v -0.04152954 -0.02130382 -0.06140527
v -0.03078103 0.03420742 -0.05711326
v -0.03280604 0.02376385 -0.08561680
v -0.04577697 -0.00051718 -0.06568370
v -0.04881752 -0.02282660 -0.05429480
v -0.04679096 0.02280171 -0.07472572
v -0.05629504 -0.00232832 -0.04598472
v -0.05313397 -0.02429824 -0.04311773
v -0.05794001 0.01677675 -0.04582581
v -0.05661404 -0.00176625 -0.03109679
v -0.05320001 -0.02466862 -0.03394625
v -0.05594695 0.02620871 -0.04186473
v -0.05322004 -0.01116126 -0.00749478
v -0.05167556 -0.03056173 -0.02174971
v -0.05094242 -0.03304534 -0.00653979
v -0.05103958 -0.03078287 0.00792220
v -0.05875695 0.01878269 -0.02781174
v -0.05563999 0.00788672 -0.00832972
v -0.05366993 -0.00687020 0.00851229
v -0.03074754 0.03420742 -0.03608570
v -0.05839706 0.01895876 -0.00013373
v -0.02626670 0.02519400 -0.01951048
v -0.04441905 0.01667626 0.00239923
v -0.05457497 -0.00074630 0.02032330
v -0.05198753 -0.02330821 0.02129224
v -0.06024802 -0.03292029 0.00819030
v -0.04513848 -0.00056772 0.02588930
v -0.05384600 -0.01091926 0.03090623
v -0.06076300 -0.02551715 0.02091327
v -0.05630195 -0.01456325 0.03224626
v -0.05505896 -0.04818325 0.02218821
v -0.05819404 -0.05097918 0.00982025
v -0.05399108 -0.05921226 0.01557925
v -0.05087805 -0.01690226 0.04168525
v -0.05145407 -0.05935018 0.03197530
v -0.04832006 -0.06751125 0.02517023
v -0.04080892 -0.07444029 0.03845921
v -0.03180850 -0.02064829 0.04250875
v -0.04145301 -0.02850430 0.05169227
v -0.04520595 -0.06563430 0.04352930
v -0.03326798 -0.08067219 0.05242219
v -0.02212203 -0.03693323 0.05993727
v -0.01693905 -0.02674477 0.04911521
v -0.03663099 -0.07695823 0.06118729
v -0.02441204 -0.09156625 0.07101622
v -0.02470398 -0.08240275 0.04249420
v -0.01105154 -0.08624272 0.04827371
v -0.01204098 -0.09499912 0.07621923
v 0.01500606 -0.01878767 -0.07483325
v -0.00000000 -0.01937633 -0.07656321
v 0.02964794 -0.01940815 -0.06912873
v 0.04152953 -0.02130382 -0.06140527
v 0.04881751 -0.02282660 -0.05429480
v 0.05313408 -0.02429824 -0.04311773
v 0.05320000 -0.02466862 -0.03394625
v 0.05167556 -0.03056173 -0.02174971
v 0.05094254 -0.03304534 -0.00653979
v 0.05103957 -0.03078287 0.00792220
v 0.06024801 -0.03292029 0.00819030
v 0.05819404 -0.05097918 0.00982025
v 0.05399108 -0.05921226 0.01557925
v 0.04832005 -0.06751125 0.02517023
v 0.04080891 -0.07444029 0.03845921
v 0.03326797 -0.08067219 0.05242219
v 0.02470398 -0.08240275 0.04249420
v 0.01105153 -0.08624272 0.04827371
v -0.00000000 -0.08732371 0.04858520
v -0.01500595 -0.01878767 -0.07483325
v -0.02964795 -0.01940815 -0.06912873
v -0.04152954 -0.02130382 -0.06140527
v -0.04881752 -0.02282660 -0.05429480
v -0.05313397 -0.02429824 -0.04311773
v -0.05320001 -0.02466862 -0.03394625
v -0.05167556 -0.03056173 -0.02174971
v -0.05094242 -0.03304534 -0.00653979
v -0.05103958 -0.03078287 0.00792220
v -0.06024802 -0.03292029 0.00819030
v -0.05819404 -0.05097918 0.00982025
v -0.05399108 -0.05921226 0.01557925
v -0.04832006 -0.06751125 0.02517023
v -0.04080892 -0.07444029 0.03845921
v -0.03326798 -0.08067219 0.05242219
v -0.02470398 -0.08240275 0.04249420
v -0.01105154 -0.08624272 0.04827371
v 0.03471505 -0.07987468 0.03248027
v 0.03610098 -0.08622520 0.03244927
v 0.04636299 -0.07558422 0.01856473
v 0.05495405 -0.06504981 0.00935974
v 0.05015301 -0.07887714 0.02169922
v 0.02645504 -0.08925621 0.03887728
v 0.05947244 -0.05501120 0.00497725
v 0.01164496 -0.09278815 0.04264429
v -0.00000000 -0.09359913 0.04306128
v 0.02752197 -0.09360330 0.03817430
v 0.01214599 -0.09731727 0.04200020
v -0.00000000 -0.09902720 0.04269626
v -0.00000000 -0.10037320 0.04332223
v 0.01261997 -0.09892611 0.04277828
v -0.00000000 -0.10745721 0.06536427
v 0.03849005 -0.08911924 0.03202226
v 0.02795696 -0.09485524 0.03919223
v 0.01488197 -0.10643725 0.06486323
v 0.03983199 -0.09020429 0.03164628
v 0.02893996 -0.10410922 0.06506124
v 0.01552856 -0.11272376 0.08310130
v -0.00000000 -0.11353438 0.08407524
v 0.02853906 -0.10853283 0.07880822
v 0.01624500 -0.10902123 0.09107628
v -0.00000000 -0.10934727 0.09275725
v -0.00000000 -0.10225933 0.09553924
v 0.02869296 -0.10559623 0.08663931
v 0.01645601 -0.10202925 0.09375420
v -0.00000000 -0.07641821 0.10287121
v 0.03146195 -0.10377722 0.08519223
v 0.01688003 -0.07662921 0.10149720
v -0.00000000 -0.05990736 0.10725727
v 0.02936506 -0.09846525 0.09018221
v 0.01705897 -0.05977826 0.10512128
v -0.00000000 -0.03839927 0.11193326
v 0.02973997 -0.07712321 0.09466627
v 0.01771104 -0.03815119 0.10930219
v -0.00000000 -0.01453726 0.11449626
v 0.03175997 -0.05912118 0.09752121
v 0.01882899 -0.01421730 0.11132827
v -0.00000000 0.00945981 0.11446121
v 0.03392303 -0.03756015 0.09927824
v 0.01983797 0.00943978 0.11139026
v -0.00000000 0.02442379 0.11320927
v 0.03685403 -0.01561730 0.10012129
v 0.01999700 0.02434881 0.11009922
v 0.03892898 0.00958676 0.10079720
v 0.02033496 0.05852182 0.10446325
v -0.00000000 0.05865474 0.10766020
v 0.03968799 0.02522881 0.09995022
v 0.05440402 0.01187177 0.08405426
v 0.05379903 -0.02372830 0.07911721
v 0.04659795 -0.03993528 0.08453324
v 0.05471503 0.02845283 0.08442631
v 0.04048800 -0.05943124 0.08845725
v 0.04030394 0.05793567 0.09507623
v 0.03647697 -0.07724922 0.08901730
v 0.05190396 -0.04554360 0.07277921
v 0.03334701 -0.09364419 0.08772030
v 0.04683280 -0.06038396 0.07749298
v 0.04157972 -0.07943242 0.07960644
v 0.03496706 -0.09780614 0.08462920
v 0.03732145 -0.09797983 0.07723978
v 0.04474294 -0.07994525 0.06860521
v 0.03307104 -0.10605936 0.07593050
v 0.04067397 -0.09295123 0.06652119
v 0.03692352 -0.10096805 0.06520429
v 0.04459500 -0.08952217 0.05857029
v 0.04289698 -0.09439986 0.05145827
v 0.05274594 -0.08201926 0.04513922
v 0.04941201 -0.08884375 0.03878370
v 0.05655396 -0.05586522 0.05270829
v 0.04982304 -0.06180124 0.06687024
v 0.05452800 -0.04961722 0.06152728
v 0.06174802 -0.07167428 0.03342524
v 0.05847692 -0.04717426 0.05456021
v 0.06071496 -0.03806524 0.05616525
v 0.06255603 -0.04905920 0.04181030
v 0.06329298 -0.04132824 0.04539624
v 0.05859220 -0.03068976 0.06605056
v 0.06541395 -0.03045826 0.05033520
v 0.06593275 -0.01840739 0.05743554
v 0.06340992 -0.00679224 0.06658223
v 0.07004904 -0.02232020 0.04220822
v 0.06262302 0.01567180 0.07246425
v 0.07152974 -0.00913863 0.04836026
v 0.07172000 0.00678868 0.05433228
v 0.06297505 0.03235872 0.07274726
v 0.07155299 0.02314479 0.05625024
v 0.05502104 0.05709083 0.08141222
v 0.07276594 0.03996177 0.05647030
v 0.06341099 0.05697579 0.07104829
v 0.05342304 0.08208079 0.07468620
v 0.03882003 0.08526773 0.08546522
v 0.06266296 0.07863886 0.06476023
v 0.02012205 0.08707769 0.09262421
v -0.00000000 0.08767982 0.09546521
v 0.05319595 0.09881670 0.06445124
v 0.03831494 0.10359974 0.07330325
v 0.01993298 0.10618670 0.07879629
v -0.00000000 0.10673769 0.08098223
v -0.00000000 0.12240465 0.06211820
v 0.01976096 0.12192280 0.06059530
v -0.00000000 0.13472374 0.03468123
v 0.03781604 0.11883671 0.05647829
v 0.02674305 0.13290377 0.03281119
v -0.00000000 0.14035971 0.01242318
v 0.05232405 0.11207576 0.05090025
v 0.02615297 0.13809176 0.01130619
v 0.04901802 0.12445576 0.02925220
v 0.02494704 0.13776774 -0.01636681
v -0.00000000 0.14034278 -0.01635179
v 0.04656601 0.13039680 0.00923326
v 0.06295597 0.10487766 0.04473629
v 0.02229595 0.13459773 -0.04125974
v -0.00000000 0.13655169 -0.04193470
v 0.06285000 0.11365075 0.02403119
v 0.06395995 0.09374471 0.05626419
v 0.07166803 0.09360774 0.03615620
v 0.07130408 0.07366986 0.05217829
v 0.07146191 0.08454080 0.04510525
v 0.07165599 0.05788667 0.05509928
v 0.07590997 0.06845171 0.04156926
v 0.07636201 0.07535977 0.03533128
v 0.07699096 0.05807276 0.03967228
v 0.07860195 0.07384772 0.02564624
v 0.07791698 0.04666979 0.03820327
v 0.08133399 0.05916376 0.02148428
v 0.07996595 0.08336372 0.01161828
v 0.07685399 0.02980371 0.04408028
v 0.08357596 0.06379564 0.00827720
v 0.07591402 0.01606066 0.04607621
v 0.08016896 0.03621073 0.03290525
v 0.07528496 0.00128384 0.04503622
v 0.07857597 0.02040477 0.03953829
v 0.07689094 0.00531466 0.04008725
v 0.07421004 -0.00917869 0.03972569
v 0.07579791 -0.00693624 0.03616824
v 0.07377195 -0.01885920 0.03109720
v 0.07434702 -0.01748614 0.02958324
v 0.06795704 -0.03425925 0.03665819
v 0.07240402 -0.02742224 0.02172127
v 0.06842303 -0.04134028 0.03101828
v 0.07300102 -0.02545612 0.02027920
v 0.07026601 -0.05852227 0.02450922
v 0.07867801 -0.01580625 0.02760830
v 0.06935608 -0.06899028 0.01515677
v 0.08016097 -0.00568919 0.03382924
v 0.05889547 -0.08021038 0.02682021
v 0.08131301 0.00590367 0.03708329
v 0.05245697 -0.08234434 0.02165726
v 0.06284892 -0.07056730 0.00930622
v 0.05156600 -0.08112531 0.02131822
v 0.07228398 -0.06227820 0.01055219
v 0.06194305 -0.06950324 0.00973120
v 0.07308995 -0.05036526 0.02028325
v 0.06588995 -0.06274824 0.00424924
v 0.07479000 -0.05438917 0.00595978
v 0.07330703 -0.03351920 0.01152220
v 0.06867408 -0.05481117 -0.00069973
v 0.07350898 -0.03116720 0.01048329
v 0.07506191 -0.03615515 -0.00115881
v 0.07740998 -0.02352028 0.01881924
v 0.07533097 -0.03354530 -0.00201270
v 0.08025598 -0.00826220 0.01798430
v 0.07714700 -0.02881830 0.00975123
v 0.07990503 -0.01510518 0.01129725
v 0.08131301 -0.00076430 0.02162125
v 0.07908702 -0.01900630 0.00382724
v 0.08226800 0.00713475 0.02334729
v 0.08063507 -0.00483923 0.01265326
v 0.08278298 0.02043088 0.03615930
v 0.07992398 -0.01027720 0.00749829
v 0.08149695 0.00116677 0.01558926
v 0.08389902 -0.00452416 0.01228824
v 0.08208501 0.00754781 0.01738622
v 0.08462608 0.00127680 0.01523927
v 0.08350098 0.01728673 0.02215829
v 0.08524894 0.00754077 0.01646021
v 0.08438897 0.03455777 0.03035524
v 0.08301496 0.01531274 0.01626721
v 0.08447802 0.02550263 0.01792124
v 0.08380103 0.02184374 0.01304426
v 0.08534705 0.03248377 0.01067224
v 0.08595097 0.04705281 0.01741126
v 0.08240998 0.04918177 0.01890221
v 0.08356499 0.05502875 0.00599423
v 0.08593297 0.03688772 0.00086930
v 0.08649397 0.05281885 0.00569430
v 0.08321798 0.06602771 -0.00748870
v 0.08454597 0.02779467 0.00702122
v 0.08311093 0.05578275 -0.00779078
v 0.08650505 0.05361385 -0.00806377
v 0.08499002 0.03119679 -0.00077471
v 0.08605194 0.03782983 -0.00722680
v 0.08536100 0.05066080 -0.02062175
v 0.08735096 0.02709086 0.00668922
v 0.08529806 0.03167970 -0.00736377
v 0.08794903 0.03030570 -0.00074873
v 0.08678794 0.02159674 0.01225725
v 0.08592796 0.03617771 -0.01602075
v 0.08607697 0.01503582 0.01551619
v 0.08795798 0.02007372 0.01062622
v 0.08739602 0.01409168 0.01358428
v 0.08664202 0.00725777 0.01444521
v 0.08841800 0.02508278 0.00555828
v 0.08607399 0.00154574 0.01333227
v 0.08910405 0.02801473 -0.00124571
v 0.08799505 0.02073176 0.00281730
v 0.08813703 0.03089077 -0.00722274
v 0.08851397 0.02295370 -0.00234077
v 0.08927500 0.02854772 -0.00714872
v 0.08864402 0.02335877 -0.00681481
v 0.08812296 0.02945073 -0.01400778
v 0.08495795 0.03042669 -0.01421473
v 0.08926201 0.02723475 -0.01333472
v 0.08863401 0.02236278 -0.01150379
v 0.08931100 0.02145464 -0.00666580
v 0.08765900 0.02569683 -0.02057478
v 0.08831405 0.01976879 -0.01604280
v 0.08883893 0.02381272 -0.01932273
v 0.08483207 0.02639778 -0.02143774
v 0.08924496 0.02044578 -0.01078376
v 0.08541691 0.03132267 -0.02525971
v 0.08386600 0.02023072 -0.02691672
v 0.08352005 0.04281576 -0.03442678
v 0.08419394 0.02351565 -0.03219578
v 0.08199703 0.03092582 -0.04370973
v 0.08150303 0.05258281 -0.02135477
v 0.08028006 0.04490979 -0.03603170
v 0.08167004 0.05475671 -0.02212474
v 0.07899105 0.03250177 -0.04535672
v 0.07932901 0.04608173 -0.03758273
v 0.08158898 0.06313677 -0.02498779
v 0.07755804 0.01783974 -0.05053076
v 0.07790100 0.03363080 -0.04870376
v 0.07852900 0.05239565 -0.04355070
v 0.08066499 0.01702876 -0.04801175
v 0.07572198 0.01804287 -0.05384669
v 0.08317601 0.01410682 -0.03549275
v 0.07605397 0.00230081 -0.05036971
v 0.07914197 0.00209374 -0.04767272
v 0.08306098 0.01279779 -0.02952072
v 0.08215093 0.00434072 -0.03542480
v 0.07782805 -0.01118021 -0.04229471
v 0.07394397 0.00359280 -0.05406377
v 0.07451701 -0.01222615 -0.04517672
v 0.07256698 -0.00956123 -0.04988072
v 0.07111001 0.00300486 -0.06085977
v 0.06987393 -0.01039021 -0.05645773
v 0.07171797 -0.01673429 -0.04536280
v 0.06863904 -0.01617925 -0.05381570
v 0.06161999 -0.01005118 -0.06915972
v 0.06097495 -0.01529126 -0.06584272
v 0.07276499 0.01899381 -0.06170175
v 0.06178009 0.00177379 -0.07460174
v 0.07565701 0.03778882 -0.05633876
v 0.06350696 0.01897485 -0.07942376
v 0.06952798 0.03069682 -0.06992671
v 0.07646095 0.05771167 -0.05466673
v 0.07235098 0.04237278 -0.06482074
v 0.06506598 0.03249080 -0.08009371
v 0.07543492 0.07901771 -0.04709170
v 0.07095909 0.06217082 -0.06742570
v 0.06798696 0.04842169 -0.07601676
v 0.07373106 0.07240183 -0.05884371
v 0.05762696 0.05680187 -0.08743975
v 0.06159103 0.07481880 -0.07939479
v 0.05404699 0.03617175 -0.09142980
v 0.05144703 0.01979883 -0.09135971
v 0.04082203 0.03801782 -0.09990177
v 0.04421901 0.06324573 -0.09694776
v 0.06498098 0.08637078 -0.06829474
v 0.04926502 0.08363385 -0.08774373
v 0.02778899 0.03924174 -0.10504470
v 0.03078997 0.06678076 -0.10200176
v 0.05296898 0.09712572 -0.07482478
v 0.03939998 0.02023072 -0.09928271
v 0.06825196 0.09423180 -0.05353377
v 0.03447902 0.09003074 -0.09333179
v 0.07077992 0.09950478 -0.03526280
v 0.05574095 0.10832484 -0.05739472
v 0.07766604 0.08390374 -0.03180978
v 0.07893502 0.08654578 -0.01365277
v 0.07287895 0.10139473 -0.01516971
v 0.08030998 0.08633668 0.00018027
v 0.05873799 0.11479266 -0.03764579
v 0.07309806 0.10218878 0.00311628
v 0.06098699 0.11718066 -0.01569674
v 0.07316899 0.10046978 0.01831820
v 0.06212103 0.11687870 0.00640323
v 0.04479003 0.13033683 -0.01683173
v 0.04200899 0.12713869 -0.03923080
v 0.03934800 0.11942883 -0.06102881
v 0.01989197 0.12604876 -0.06375978
v -0.00000000 0.12800379 -0.06384871
v 0.03660202 0.10634966 -0.07882473
v 0.01799297 0.11294074 -0.08143971
v -0.00000000 0.11475475 -0.08152077
v -0.00000000 0.09508975 -0.09690973
v 0.01616406 0.09383781 -0.09638080
v -0.00000000 0.06999476 -0.10682080
v 0.01476395 0.06909282 -0.10596881
v -0.00000000 0.04052372 -0.10978780
v 0.01357400 0.04037972 -0.10874781
v 0.01301896 0.02124269 -0.10773275
v -0.00000000 0.02146370 -0.10870979
v -0.00000000 0.00138481 -0.10387680
v 0.02627599 0.02066166 -0.10394571
v 0.01292002 0.00113673 -0.10313270
v 0.03892195 0.00178380 -0.09411475
v 0.02560007 0.00111074 -0.09898672
v 0.01235604 -0.00968723 -0.09708473
v -0.00000000 -0.00982921 -0.09769079
v -0.00000000 -0.01444929 -0.09359178
v 0.02520001 -0.00999229 -0.09398076
v 0.03835904 -0.00995629 -0.08845172
v 0.05151796 0.00153573 -0.08504674
v 0.05187702 -0.00950019 -0.07928679
v 0.05077302 -0.01482122 -0.07582280
v 0.03732598 -0.01462619 -0.08461270
v 0.05085599 -0.02185826 -0.07350681
v 0.02481401 -0.01468115 -0.09003577
v 0.03665602 -0.02247517 -0.08192072
v 0.01242196 -0.01447515 -0.09301779
v 0.02504599 -0.02280025 -0.08697674
v 0.01192796 -0.02299826 -0.09054670
v -0.00000000 -0.02309422 -0.09110472
v 0.01076698 -0.02057128 -0.08317373
v -0.00000000 -0.02072828 -0.08362279
v 0.03299403 -0.02077727 -0.07534680
v 0.01069700 -0.02242033 -0.08202979
v -0.00000000 -0.02255623 -0.08278176
v 0.02262199 -0.02006214 -0.08003173
v 0.02215194 -0.02214627 -0.07929179
v 0.03273093 -0.02277915 -0.07434175
v 0.04574895 -0.02417033 -0.06686470
v 0.04615509 -0.02239614 -0.06738970
v 0.05421805 -0.02482634 -0.05819378
v 0.05447697 -0.02268224 -0.05903372
v 0.06079101 -0.02543132 -0.04491970
v 0.06109595 -0.02228527 -0.06370673
v 0.06846106 -0.02317421 -0.05169675
v 0.06286800 -0.02577631 -0.03440580
v 0.07132399 -0.02477627 -0.04465875
v 0.06414592 -0.03127079 -0.03522572
v 0.06048703 -0.03273325 -0.02149973
v 0.06348848 -0.03555279 -0.02544877
v 0.06070006 -0.03540521 -0.00457678
v 0.06282997 -0.03836720 -0.01499281
v 0.06188202 -0.03979974 -0.00167129
v 0.06996000 -0.03525119 -0.02490780
v 0.06919396 -0.03858225 -0.00646875
v 0.07064199 -0.03102927 -0.03503570
v 0.06927895 -0.03800623 -0.01415775
v 0.07092702 -0.02668815 -0.03542778
v 0.07013499 -0.03299122 -0.02433870
v 0.07301402 -0.02465122 -0.03482279
v 0.06934392 -0.03539221 -0.01406572
v 0.07183099 -0.03241019 -0.02193174
v 0.07615697 -0.02268224 -0.03245578
v 0.07073605 -0.03594320 -0.00855372
v 0.07145798 -0.03384535 -0.00951681
v 0.07535696 -0.02997725 -0.02097377
v 0.07530403 -0.03146832 -0.01008377
v 0.07811296 -0.03117030 -0.00244674
v 0.07907796 -0.02000325 -0.00779280
v 0.07932901 -0.01799922 -0.01695475
v 0.07966602 -0.01306217 0.00153222
v 0.07982397 -0.01414733 -0.00763974
v 0.08286595 -0.00996618 0.00677922
v 0.08263206 -0.01270514 0.00135329
v 0.08541107 -0.00374322 0.01064124
v 0.08446896 -0.00870435 0.00561824
v 0.08621800 0.00289066 0.00870922
v 0.08571493 -0.00111823 0.00666931
v 0.08425605 -0.01120214 0.00067022
v 0.08664798 0.00721974 0.00955227
v 0.08267796 -0.01381628 -0.00745377
v 0.08722007 0.01240070 0.00890019
v 0.08797800 0.01156671 0.00670328
v 0.08758092 0.01693471 0.00666824
v 0.08744001 0.00712581 0.00709322
v 0.08853399 0.01566978 0.00457230
v 0.08696592 0.00339265 0.00632325
v 0.08891296 0.01888485 0.00152722
v 0.08660805 -0.00001125 0.00413730
v 0.08916902 0.02096779 -0.00286469
v 0.08492100 -0.00582533 0.00098720
v 0.08610499 -0.00351529 0.00009826
v 0.08603406 -0.00482433 -0.00614378
v 0.08483600 -0.00754611 -0.00697074
v 0.08428800 -0.01221721 -0.00735876
v 0.08609497 -0.00420325 -0.01105580
v 0.08524799 -0.00640135 -0.01184270
v 0.08479404 -0.01071219 -0.01378081
v 0.08547699 -0.00409632 -0.01594374
v 0.08637905 -0.00220923 -0.01439676
v 0.08322298 -0.01216822 -0.01449678
v 0.08509600 -0.00767224 -0.01919279
v 0.08002197 -0.01256328 -0.01487777
v 0.08355403 -0.00883322 -0.02043173
v 0.08567297 0.00012381 -0.01960776
v 0.08055997 -0.00891428 -0.02126369
v 0.08001005 -0.01337926 -0.02503977
v 0.08128500 -0.00275426 -0.02676270
v 0.08092797 -0.00558131 -0.03200075
v 0.08225095 0.00508387 -0.02946779
v 0.08383798 -0.00272732 -0.02573273
v 0.08535504 -0.00210433 -0.02402577
v 0.08518994 0.00518770 -0.02845571
v 0.08622300 0.00511284 -0.02656672
v 0.08624303 0.00559468 -0.02154777
v 0.08613002 0.01242466 -0.02832172
v 0.08722198 0.01171179 -0.02642176
v 0.08703398 0.01059670 -0.02143273
v 0.08664596 0.01945181 -0.02586279
v 0.08791494 0.01811774 -0.02414474
v 0.08761298 0.01545174 -0.01969776
v 0.08885598 0.01822383 -0.01492474
v 0.08832693 0.01432879 -0.01827273
v 0.08679402 0.00144274 -0.01777777
v 0.08785605 0.01014574 -0.01950977
v 0.08732307 0.00570889 -0.01939676
v -0.03471506 -0.07987468 0.03248027
v -0.03610099 -0.08622520 0.03244927
v -0.04636300 -0.07558422 0.01856473
v -0.05495405 -0.06504981 0.00935974
v -0.05015302 -0.07887714 0.02169922
v -0.02645505 -0.08925621 0.03887728
v -0.05947244 -0.05501120 0.00497725
v -0.01164496 -0.09278815 0.04264429
v -0.02752197 -0.09360330 0.03817430
v -0.01214600 -0.09731727 0.04200020
v -0.01261998 -0.09892611 0.04277828
v -0.03849006 -0.08911924 0.03202226
v -0.02795697 -0.09485524 0.03919223
v -0.01488197 -0.10643725 0.06486323
v -0.02893997 -0.10410922 0.06506124
v -0.01552856 -0.11272376 0.08310130
v -0.02853906 -0.10853283 0.07880822
v -0.01624501 -0.10902123 0.09107628
v -0.02869296 -0.10559623 0.08663931
v -0.01645601 -0.10202925 0.09375420
v -0.03146196 -0.10377722 0.08519223
v -0.01688004 -0.07662921 0.10149720
v -0.02936495 -0.09846525 0.09018221
v -0.01705897 -0.05977826 0.10512128
v -0.02973998 -0.07712321 0.09466627
v -0.01771105 -0.03815119 0.10930219
v -0.03175998 -0.05912118 0.09752121
v -0.01882899 -0.01421730 0.11132827
v -0.03392303 -0.03756015 0.09927824
v -0.01983798 0.00943978 0.11139026
v -0.03685403 -0.01561730 0.10012129
v -0.01999700 0.02434881 0.11009922
v -0.03892899 0.00958676 0.10079720
v -0.02033496 0.05852182 0.10446325
v -0.03968799 0.02522881 0.09995022
v -0.05440402 0.01187177 0.08405426
v -0.05379904 -0.02372830 0.07911721
v -0.04659796 -0.03993528 0.08453324
v -0.05471504 0.02845283 0.08442631
v -0.04048801 -0.05943124 0.08845725
v -0.04030395 0.05793567 0.09507623
v -0.03647697 -0.07724922 0.08901730
v -0.05190397 -0.04554360 0.07277921
v -0.03334701 -0.09364419 0.08772030
v -0.04683280 -0.06038396 0.07749298
v -0.04157973 -0.07943242 0.07960644
v -0.03496695 -0.09780614 0.08462920
v -0.03732145 -0.09797983 0.07723978
v -0.04474294 -0.07994525 0.06860521
v -0.03307104 -0.10605936 0.07593050
v -0.04067397 -0.09295123 0.06652119
v -0.03692353 -0.10096805 0.06520429
v -0.04459501 -0.08952217 0.05857029
v -0.04289699 -0.09439986 0.05145827
v -0.04982305 -0.06180124 0.06687024
v -0.05655396 -0.05586522 0.05270829
v -0.05274594 -0.08201926 0.04513922
v -0.03983200 -0.09020429 0.03164628
v -0.04941201 -0.08884375 0.03878370
v -0.05156601 -0.08112531 0.02131822
v -0.05245698 -0.08234434 0.02165726
v -0.06174803 -0.07167428 0.03342524
v -0.05889547 -0.08021038 0.02682021
v -0.06284893 -0.07056730 0.00930622
v -0.06194294 -0.06950324 0.00973120
v -0.06935597 -0.06899028 0.01515677
v -0.06120599 -0.06750922 0.01072326
v -0.06588996 -0.06274824 0.00424924
v -0.06514001 -0.06143432 0.00541320
v -0.06556106 -0.05675428 0.00625220
v -0.07228399 -0.06227820 0.01055219
v -0.06867397 -0.05481117 -0.00069973
v -0.07026601 -0.05852227 0.02450922
v -0.07479000 -0.05438917 0.00595978
v -0.07308996 -0.05036526 0.02028325
v -0.06255603 -0.04905920 0.04181030
v -0.06842304 -0.04134028 0.03101828
v -0.07330692 -0.03351920 0.01152220
v -0.07506192 -0.03615515 -0.00115881
v -0.07240391 -0.02742224 0.02172127
v -0.07350898 -0.03116720 0.01048329
v -0.06329298 -0.04132824 0.04539624
v -0.06795705 -0.03425925 0.03665819
v -0.05847693 -0.04717426 0.05456021
v -0.05452800 -0.04961722 0.06152728
v -0.06071496 -0.03806524 0.05616525
v -0.05859220 -0.03068976 0.06605056
v -0.06541395 -0.03045826 0.05033520
v -0.06593275 -0.01840739 0.05743554
v -0.07004905 -0.02232020 0.04220822
v -0.06340993 -0.00679224 0.06658223
v -0.07152975 -0.00913863 0.04836026
v -0.07377196 -0.01885920 0.03109720
v -0.07421005 -0.00917869 0.03972569
v -0.07434702 -0.01748614 0.02958324
v -0.07300091 -0.02545612 0.02027920
v -0.07579792 -0.00693624 0.03616824
v -0.07867801 -0.01580625 0.02760830
v -0.07740999 -0.02352028 0.01881924
v -0.07528496 0.00128384 0.04503622
v -0.08016098 -0.00568919 0.03382924
v -0.07172001 0.00678868 0.05433228
v -0.07689095 0.00531466 0.04008725
v -0.07591403 0.01606066 0.04607621
v -0.06262303 0.01567180 0.07246425
v -0.07155299 0.02314479 0.05625024
v -0.06297505 0.03235872 0.07274726
v -0.05502105 0.05709083 0.08141222
v -0.07276595 0.03996177 0.05647030
v -0.06341100 0.05697579 0.07104829
v -0.05342305 0.08208079 0.07468620
v -0.07685399 0.02980371 0.04408028
v -0.03882003 0.08526773 0.08546522
v -0.07857597 0.02040477 0.03953829
v -0.02012193 0.08707769 0.09262421
v -0.08131302 0.00590367 0.03708329
v -0.01993299 0.10618670 0.07879629
v -0.03831494 0.10359974 0.07330325
v -0.01976097 0.12192280 0.06059530
v -0.05319596 0.09881670 0.06445124
v -0.03781605 0.11883671 0.05647829
v -0.02674306 0.13290377 0.03281119
v -0.05232406 0.11207576 0.05090025
v -0.02615297 0.13809176 0.01130619
v -0.04901791 0.12445576 0.02925220
v -0.02494705 0.13776774 -0.01636681
v -0.04656601 0.13039680 0.00923326
v -0.06295598 0.10487766 0.04473629
v -0.02229595 0.13459773 -0.04125974
v -0.06285000 0.11365075 0.02403119
v -0.01989198 0.12604876 -0.06375978
v -0.04200900 0.12713869 -0.03923080
v -0.01799298 0.11294074 -0.08143971
v -0.03934801 0.11942883 -0.06102881
v -0.03660202 0.10634966 -0.07882473
v -0.01616407 0.09383781 -0.09638080
v -0.05296898 0.09712572 -0.07482478
v -0.01476395 0.06909282 -0.10596881
v -0.03447902 0.09003074 -0.09333179
v -0.03078997 0.06678076 -0.10200176
v -0.01357401 0.04037972 -0.10874781
v -0.01301897 0.02124269 -0.10773275
v -0.02778900 0.03924174 -0.10504470
v -0.04926503 0.08363385 -0.08774373
v -0.04421902 0.06324573 -0.09694776
v -0.02627600 0.02066166 -0.10394571
v -0.06159103 0.07481880 -0.07939479
v -0.01292002 0.00113673 -0.10313270
v -0.01235605 -0.00968723 -0.09708473
v -0.02559996 0.00111074 -0.09898672
v -0.01242197 -0.01447515 -0.09301779
v -0.02520001 -0.00999229 -0.09398076
v -0.01192797 -0.02299826 -0.09054670
v -0.02481401 -0.01468115 -0.09003577
v -0.02504599 -0.02280025 -0.08697674
v -0.01076699 -0.02057128 -0.08317373
v -0.03665602 -0.02247517 -0.08192072
v -0.01069701 -0.02242033 -0.08202979
v -0.02215195 -0.02214627 -0.07929179
v -0.02262199 -0.02006214 -0.08003173
v -0.03273094 -0.02277915 -0.07434175
v -0.03299403 -0.02077727 -0.07534680
v -0.04574895 -0.02417033 -0.06686470
v -0.04615498 -0.02239614 -0.06738970
v -0.05421806 -0.02482634 -0.05819378
v -0.06079102 -0.02543132 -0.04491970
v -0.05447698 -0.02268224 -0.05903372
v -0.05085600 -0.02185826 -0.07350681
v -0.03732598 -0.01462619 -0.08461270
v -0.03835905 -0.00995629 -0.08845172
v -0.05077303 -0.01482122 -0.07582280
v -0.03892196 0.00178380 -0.09411475
v -0.05187702 -0.00950019 -0.07928679
v -0.06097496 -0.01529126 -0.06584272
v -0.03939998 0.02023072 -0.09928271
v -0.05151797 0.00153573 -0.08504674
v -0.04082203 0.03801782 -0.09990177
v -0.05144704 0.01979883 -0.09135971
v -0.06177998 0.00177379 -0.07460174
v -0.05762697 0.05680187 -0.08743975
v -0.05404699 0.03617175 -0.09142980
v -0.06506598 0.03249080 -0.08009371
v -0.06798697 0.04842169 -0.07601676
v -0.07095897 0.06217082 -0.06742570
v -0.07235098 0.04237278 -0.06482074
v -0.06350696 0.01897485 -0.07942376
v -0.06952799 0.03069682 -0.06992671
v -0.07646096 0.05771167 -0.05466673
v -0.07276500 0.01899381 -0.06170175
v -0.07565701 0.03778882 -0.05633876
v -0.07373107 0.07240183 -0.05884371
v -0.07852900 0.05239565 -0.04355070
v -0.06498099 0.08637078 -0.06829474
v -0.07543493 0.07901771 -0.04709170
v -0.06825197 0.09423180 -0.05353377
v -0.05574096 0.10832484 -0.05739472
v -0.07077992 0.09950478 -0.03526280
v -0.05873800 0.11479266 -0.03764579
v -0.04479003 0.13033683 -0.01683173
v -0.06098700 0.11718066 -0.01569674
v -0.07287896 0.10139473 -0.01516971
v -0.07766605 0.08390374 -0.03180978
v -0.06212104 0.11687870 0.00640323
v -0.07309807 0.10218878 0.00311628
v -0.07316900 0.10046978 0.01831820
v -0.07166803 0.09360774 0.03615620
v -0.07996595 0.08336372 0.01161828
v -0.08030999 0.08633668 0.00018027
v -0.07893503 0.08654578 -0.01365277
v -0.08357597 0.06379564 0.00827720
v -0.08158899 0.06313677 -0.02498779
v -0.08321798 0.06602771 -0.00748870
v -0.07860196 0.07384772 0.02564624
v -0.07932902 0.04608173 -0.03758273
v -0.07636202 0.07535977 0.03533128
v -0.08167005 0.05475671 -0.02212474
v -0.07146192 0.08454080 0.04510525
v -0.08311093 0.05578275 -0.00779078
v -0.07590998 0.06845171 0.04156926
v -0.06395996 0.09374471 0.05626419
v -0.07130409 0.07366986 0.05217829
v -0.06266296 0.07863886 0.06476023
v -0.07165599 0.05788667 0.05509928
v -0.07699096 0.05807276 0.03967228
v -0.07791698 0.04666979 0.03820327
v -0.08133400 0.05916376 0.02148428
v -0.08016897 0.03621073 0.03290525
v -0.08240998 0.04918177 0.01890221
v -0.08356500 0.05502875 0.00599423
v -0.08595097 0.04705281 0.01741126
v -0.08438897 0.03455777 0.03035524
v -0.08649397 0.05281885 0.00569430
v -0.08278299 0.02043088 0.03615930
v -0.08650494 0.05361385 -0.00806377
v -0.08226800 0.00713475 0.02334729
v -0.08593297 0.03688772 0.00086930
v -0.08350098 0.01728673 0.02215829
v -0.08534706 0.03248377 0.01067224
v -0.08447802 0.02550263 0.01792124
v -0.08380091 0.02184374 0.01304426
v -0.08454597 0.02779467 0.00702122
v -0.08499003 0.03119679 -0.00077471
v -0.08735097 0.02709086 0.00668922
v -0.08605194 0.03782983 -0.00722680
v -0.08794904 0.03030570 -0.00074873
v -0.08536101 0.05066080 -0.02062175
v -0.08529806 0.03167970 -0.00736377
v -0.08150304 0.05258281 -0.02135477
v -0.08592797 0.03617771 -0.01602075
v -0.08027995 0.04490979 -0.03603170
v -0.08351994 0.04281576 -0.03442678
v -0.07899106 0.03250177 -0.04535672
v -0.07790101 0.03363080 -0.04870376
v -0.08199704 0.03092582 -0.04370973
v -0.07572198 0.01804287 -0.05384669
v -0.07755804 0.01783974 -0.05053076
v -0.07111001 0.00300486 -0.06085977
v -0.07394398 0.00359280 -0.05406377
v -0.06162000 -0.01005118 -0.06915972
v -0.06987393 -0.01039021 -0.05645773
v -0.06863904 -0.01617925 -0.05381570
v -0.07256699 -0.00956123 -0.04988072
v -0.06109596 -0.02228527 -0.06370673
v -0.06846106 -0.02317421 -0.05169675
v -0.07171798 -0.01673429 -0.04536280
v -0.07132399 -0.02477627 -0.04465875
v -0.07605398 0.00230081 -0.05036971
v -0.07451701 -0.01222615 -0.04517672
v -0.08066500 0.01702876 -0.04801175
v -0.07782805 -0.01118021 -0.04229471
v -0.07914198 0.00209374 -0.04767272
v -0.07301402 -0.02465122 -0.03482279
v -0.07092703 -0.02668815 -0.03542778
v -0.07013500 -0.03299122 -0.02433870
v -0.07064200 -0.03102927 -0.03503570
v -0.06414593 -0.03127079 -0.03522572
v -0.06996000 -0.03525119 -0.02490780
v -0.06286800 -0.02577631 -0.03440580
v -0.06348849 -0.03555279 -0.02544877
v -0.06048703 -0.03273325 -0.02149973
v -0.06282997 -0.03836720 -0.01499281
v -0.06070006 -0.03540521 -0.00457678
v -0.06188190 -0.03979974 -0.00167129
v -0.06722200 -0.04057627 -0.00172970
v -0.06919396 -0.03858225 -0.00646875
v -0.06819594 -0.05298321 -0.00024769
v -0.06927896 -0.03800623 -0.01415775
v -0.07073605 -0.03594320 -0.00855372
v -0.06934393 -0.03539221 -0.01406572
v -0.07533098 -0.03354530 -0.00201270
v -0.07145798 -0.03384535 -0.00951681
v -0.07183099 -0.03241019 -0.02193174
v -0.07535696 -0.02997725 -0.02097377
v -0.07615698 -0.02268224 -0.03245578
v -0.07530391 -0.03146832 -0.01008377
v -0.07932902 -0.01799922 -0.01695475
v -0.08092797 -0.00558131 -0.03200075
v -0.07811296 -0.03117030 -0.00244674
v -0.08001006 -0.01337926 -0.02503977
v -0.08215094 0.00434072 -0.03542480
v -0.08128500 -0.00275426 -0.02676270
v -0.08317602 0.01410682 -0.03549275
v -0.08225096 0.00508387 -0.02946779
v -0.08306098 0.01279779 -0.02952072
v -0.08419395 0.02351565 -0.03219578
v -0.08386600 0.02023072 -0.02691672
v -0.08541692 0.03132267 -0.02525971
v -0.08483208 0.02639778 -0.02143774
v -0.08495796 0.03042669 -0.01421473
v -0.08765900 0.02569683 -0.02057478
v -0.08812297 0.02945073 -0.01400778
v -0.08813703 0.03089077 -0.00722274
v -0.08664596 0.01945181 -0.02586279
v -0.08910406 0.02801473 -0.00124571
v -0.08927501 0.02854772 -0.00714872
v -0.08926201 0.02723475 -0.01333472
v -0.08883894 0.02381272 -0.01932273
v -0.08863402 0.02236278 -0.01150379
v -0.08791495 0.01811774 -0.02414474
v -0.08831394 0.01976879 -0.01604280
v -0.08613003 0.01242466 -0.02832172
v -0.08864391 0.02335877 -0.00681481
v -0.08518994 0.00518770 -0.02845571
v -0.08722198 0.01171179 -0.02642176
v -0.08383799 -0.00272732 -0.02573273
v -0.08622301 0.00511284 -0.02656672
v -0.08761299 0.01545174 -0.01969776
v -0.08703399 0.01059670 -0.02143273
v -0.08535505 -0.00210433 -0.02402577
v -0.08885598 0.01822383 -0.01492474
v -0.08624304 0.00559468 -0.02154777
v -0.08832693 0.01432879 -0.01827273
v -0.08785594 0.01014574 -0.01950977
v -0.08679402 0.00144274 -0.01777777
v -0.08732307 0.00570889 -0.01939676
v -0.08567298 0.00012381 -0.01960776
v -0.08637905 -0.00220923 -0.01439676
v -0.08924496 0.02044578 -0.01078376
v -0.08547700 -0.00409632 -0.01594374
v -0.08931101 0.02145464 -0.00666580
v -0.08609498 -0.00420325 -0.01105580
v -0.08603406 -0.00482433 -0.00614378
v -0.08851397 0.02295370 -0.00234077
v -0.08916903 0.02096779 -0.00286469
v -0.08841801 0.02508278 0.00555828
v -0.08891297 0.01888485 0.00152722
v -0.08678794 0.02159674 0.01225725
v -0.08799506 0.02073176 0.00281730
v -0.08795798 0.02007372 0.01062622
v -0.08607698 0.01503582 0.01551619
v -0.08301497 0.01531274 0.01626721
v -0.08739603 0.01409168 0.01358428
v -0.08208502 0.00754781 0.01738622
v -0.08524895 0.00754077 0.01646021
v -0.08131302 -0.00076430 0.02162125
v -0.08462608 0.00127680 0.01523927
v -0.08025599 -0.00826220 0.01798430
v -0.08149696 0.00116677 0.01558926
v -0.08664203 0.00725777 0.01444521
v -0.07990504 -0.01510518 0.01129725
v -0.08063495 -0.00483923 0.01265326
v -0.08389902 -0.00452416 0.01228824
v -0.07714701 -0.02881830 0.00975123
v -0.07992399 -0.01027720 0.00749829
v -0.07908702 -0.01900630 0.00382724
v -0.07907796 -0.02000325 -0.00779280
v -0.07966602 -0.01306217 0.00153222
v -0.08286596 -0.00996618 0.00677922
v -0.07982397 -0.01414733 -0.00763974
v -0.08263195 -0.01270514 0.00135329
v -0.08541096 -0.00374322 0.01064124
v -0.08446896 -0.00870435 0.00561824
v -0.08607400 0.00154574 0.01333227
v -0.08621800 0.00289066 0.00870922
v -0.08664799 0.00721974 0.00955227
v -0.08722008 0.01240070 0.00890019
v -0.08571494 -0.00111823 0.00666931
v -0.08758092 0.01693471 0.00666824
v -0.08797801 0.01156671 0.00670328
v -0.08853400 0.01566978 0.00457230
v -0.08744002 0.00712581 0.00709322
v -0.08696592 0.00339265 0.00632325
v -0.08660794 -0.00001125 0.00413730
v -0.08492101 -0.00582533 0.00098720
v -0.08610499 -0.00351529 0.00009826
v -0.08425606 -0.01120214 0.00067022
v -0.08483601 -0.00754611 -0.00697074
v -0.08267796 -0.01381628 -0.00745377
v -0.08428800 -0.01221721 -0.00735876
v -0.08524800 -0.00640135 -0.01184270
v -0.08479405 -0.01071219 -0.01378081
v -0.08509600 -0.00767224 -0.01919279
v -0.08322299 -0.01216822 -0.01449678
v -0.08355403 -0.00883322 -0.02043173
v -0.08002198 -0.01256328 -0.01487777
v -0.08055997 -0.00891428 -0.02126369
v 0.06120598 -0.06750922 0.01072326
v 0.06514001 -0.06143432 0.00541320
v 0.06556105 -0.05675428 0.00625220
v 0.06819594 -0.05298321 -0.00024769
v 0.06722200 -0.04057627 -0.00172970
v 0.02403891 0.02485545 0.03077653
v -0.00000000 0.04002459 -0.00497839
v -0.00000000 0.02831669 0.03361717
v -0.00000000 -0.00725310 0.05262974
v 0.02403891 0.03556831 -0.00453946
v 0.02403891 -0.00769203 0.04817345
v 0.02403891 0.01817150 -0.03708682
v -0.00000000 0.02101214 -0.04054818
v -0.00000000 -0.01758342 -0.05225620
v 0.04819941 0.00603826 0.01533368
v 0.04819941 0.01134295 -0.00215349
v 0.04819941 0.00272865 -0.01826987
v 0.04819941 -0.01007800 0.02394810
v 0.05286848 -0.01241832 0.00018671
v 0.04819941 -0.02756529 0.01864341
v 0.02403891 -0.04300802 0.03746047
v -0.00000000 -0.04584877 0.04092183
v -0.00000000 -0.06486123 0.00535193
v 0.02403891 -0.06040494 0.00491300
v 0.04819941 -0.03617959 0.00252703
v 0.04819941 -0.03087490 -0.01496014
v 0.02403891 -0.04969196 -0.03040299
v -0.00000000 -0.05315332 -0.03324363
v 0.04819941 -0.01475852 -0.02357456
v 0.02403891 -0.01714461 -0.04779992
v -0.02403891 0.02485545 0.03077653
v -0.02403891 0.03556831 -0.00453946
v -0.02403891 -0.00769203 0.04817345
v -0.02403891 0.01817150 -0.03708682
v -0.04819942 0.00603826 0.01533368
v -0.04819942 0.01134295 -0.00215349
v -0.02403891 -0.01714461 -0.04779992
v -0.04819930 0.00272865 -0.01826987
v -0.05286849 -0.01241832 0.00018671
v -0.04819942 -0.01007800 0.02394810
v -0.04819930 -0.01475852 -0.02357456
v -0.04819930 -0.02756529 0.01864341
v -0.04819930 -0.03087490 -0.01496014
v -0.02403891 -0.04969196 -0.03040299
v -0.04819930 -0.03617959 0.00252703
v -0.02403891 -0.06040494 0.00491300
v -0.02403891 -0.04300802 0.03746047
vt 0.56760359 0.98795015
vt 0.55211347 0.97780728
vt 0.54822087 0.97036844
vt 0.55293149 0.98959076
vt 0.53726918 0.97567493
vt 0.56947911 0.97330928
vt 0.55867642 0.96412528
vt 0.55769736 0.96621424
vt 0.59357560 0.98858488
vt 0.56556576 0.96037596
vt 0.58303273 0.96101844
vt 0.59740567 0.95808303
vt 0.57461602 0.95678353
vt 0.61059332 0.96255767
vt 0.58246857 0.95508212
vt 0.62207371 0.97938520
vt 0.62201077 0.99498618
vt 0.62740284 0.98382884
vt 0.63830996 0.95738572
vt 0.65052944 0.95691973
vt 0.62576026 0.99568158
vt 0.62422931 0.97154713
vt 0.62521428 0.95587575
vt 0.61524546 0.95372778
vt 0.61753249 0.96364534
vt 0.61123884 0.95829171
vt 0.60877508 0.95310521
vt 0.60259950 0.95408773
vt 0.59068102 0.95446730
vt 0.59031606 0.95118326
vt 0.58114862 0.95219010
vt 0.60163534 0.95005023
vt 0.57380986 0.95330751
vt 0.59037459 0.94699818
vt 0.56493193 0.95686006
vt 0.60851324 0.94946241
vt 0.60103005 0.94692880
vt 0.61548662 0.94989514
vt 0.60798717 0.94659591
vt 0.58930016 0.94142967
vt 0.62564021 0.95212507
vt 0.60145521 0.94081300
vt 0.63817573 0.95374453
vt 0.65078127 0.95297670
vt 0.65051574 0.94805855
vt 0.63799304 0.94839817
vt 0.64953899 0.94121778
vt 0.62524492 0.94785988
vt 0.63619387 0.94277167
vt 0.64985466 0.93697810
vt 0.61530966 0.94520283
vt 0.62407899 0.94426328
vt 0.63068777 0.93893313
vt 0.63071322 0.93682039
vt 0.65004015 0.93484575
vt 0.62497210 0.93884862
vt 0.63186747 0.91371608
vt 0.64930135 0.91085559
vt 0.62473601 0.93686110
vt 0.62082237 0.93907899
vt 0.62027639 0.93683374
vt 0.62569702 0.91465944
vt 0.63133019 0.91197586
vt 0.64875543 0.90903443
vt 0.64543247 0.90156925
vt 0.62564766 0.91319483
vt 0.62815011 0.90512353
vt 0.59529060 0.85314506
vt 0.64149016 0.88956183
vt 0.60285741 0.86967820
vt 0.62297106 0.89380139
vt 0.61818457 0.89597285
vt 0.60345709 0.87429923
vt 0.62158978 0.90682989
vt 0.62162888 0.91373080
vt 0.62152588 0.91560525
vt 0.61096656 0.90762246
vt 0.60805005 0.89787036
vt 0.60298121 0.88458866
vt 0.61192173 0.91862595
vt 0.60414684 0.90942168
vt 0.59556109 0.90228224
vt 0.59494227 0.89668298
vt 0.61176032 0.91651005
vt 0.59692442 0.91059977
vt 0.58699989 0.90336591
vt 0.60511780 0.91775358
vt 0.60548133 0.91992283
vt 0.61311668 0.93733692
vt 0.61369598 0.93947810
vt 0.60708338 0.93795371
vt 0.60760617 0.94021565
vt 0.60093433 0.93862045
vt 0.59884006 0.92147189
vt 0.58863992 0.93938714
vt 0.59826112 0.91937935
vt 0.58473444 0.92314351
vt 0.58406985 0.91192925
vt 0.58385295 0.92098004
vt 0.57867259 0.94088590
vt 0.57418132 0.92442220
vt 0.57937974 0.94257534
vt 0.57973933 0.94760639
vt 0.57285279 0.94325852
vt 0.57269889 0.94892210
vt 0.57225496 0.94139803
vt 0.56641227 0.94417191
vt 0.56594247 0.94995481
vt 0.56591886 0.94227433
vt 0.55897611 0.94489551
vt 0.55985922 0.95049840
vt 0.56633389 0.92463088
vt 0.55817580 0.94307828
vt 0.57322591 0.92236185
vt 0.55975157 0.92590916
vt 0.56532788 0.92280763
vt 0.57196629 0.91348219
vt 0.55923843 0.92405403
vt 0.57516462 0.90567613
vt 0.56563610 0.90469104
vt 0.56620503 0.90837854
vt 0.56521702 0.91472030
vt 0.55824816 0.91037619
vt 0.55798709 0.90332508
vt 0.55914676 0.91623294
vt 0.55125117 0.90021187
vt 0.55072081 0.91175902
vt 0.55337572 0.92556518
vt 0.55163169 0.91717696
vt 0.54582953 0.89704537
vt 0.54489970 0.91311747
vt 0.55419940 0.92753690
vt 0.54680014 0.92752188
vt 0.54435480 0.91838610
vt 0.54016381 0.89091992
vt 0.53743982 0.91378719
vt 0.55426413 0.94425768
vt 0.54732555 0.92953849
vt 0.54020751 0.92912179
vt 0.53776276 0.91977632
vt 0.53566194 0.88227993
vt 0.52765799 0.91459447
vt 0.54037499 0.93128103
vt 0.53125918 0.92278802
vt 0.53353131 0.93059230
vt 0.52783120 0.92491299
vt 0.52503943 0.92618811
vt 0.51996231 0.91464424
vt 0.53486544 0.87535816
vt 0.52976787 0.93128192
vt 0.51891792 0.92730165
vt 0.51159382 0.91615528
vt 0.53564203 0.86738348
vt 0.51157427 0.92918885
vt 0.51194155 0.93843448
vt 0.52012503 0.93494219
vt 0.52694482 0.93215984
vt 0.52071339 0.93657929
vt 0.51244682 0.94034344
vt 0.52576852 0.95924723
vt 0.53064662 0.93255824
vt 0.52790004 0.93337363
vt 0.53399181 0.95400500
vt 0.53415436 0.93247759
vt 0.54062998 0.95031953
vt 0.54555458 0.94770443
vt 0.55045474 0.94549280
vt 0.54635650 0.94946802
vt 0.55481654 0.94610900
vt 0.55119985 0.94721913
vt 0.55632657 0.95147872
vt 0.55762124 0.96064389
vt 0.55287933 0.95268428
vt 0.54692364 0.96704531
vt 0.54400307 0.95641851
vt 0.53544915 0.97277558
vt 0.53774673 0.95974445
vt 0.53048658 0.96419406
vt 0.54154122 0.95199281
vt 0.53505623 0.95550859
vt 0.52704173 0.96065140
vt 0.55211347 0.97780728
vt 0.54822087 0.97036844
vt 0.56947911 0.97330928
vt 0.55867642 0.96412528
vt 0.55769736 0.96621424
vt 0.56556576 0.96037596
vt 0.58303273 0.96101844
vt 0.59740567 0.95808303
vt 0.57461602 0.95678353
vt 0.61059332 0.96255767
vt 0.56493193 0.95686006
vt 0.62207371 0.97938520
vt 0.63830996 0.95738572
vt 0.62740284 0.98382884
vt 0.62422931 0.97154713
vt 0.62521428 0.95587575
vt 0.61524546 0.95372778
vt 0.61753249 0.96364534
vt 0.61123884 0.95829171
vt 0.60877508 0.95310521
vt 0.60259950 0.95408773
vt 0.59068102 0.95446730
vt 0.58246857 0.95508212
vt 0.59031606 0.95118326
vt 0.57380986 0.95330751
vt 0.58114862 0.95219010
vt 0.56594247 0.94995481
vt 0.57269889 0.94892210
vt 0.59037459 0.94699818
vt 0.57973933 0.94760639
vt 0.60163534 0.95005023
vt 0.60851324 0.94946241
vt 0.60103005 0.94692880
vt 0.58930016 0.94142967
vt 0.60798717 0.94659591
vt 0.61548662 0.94989514
vt 0.60145521 0.94081300
vt 0.62564021 0.95212507
vt 0.61530966 0.94520283
vt 0.63817573 0.95374453
vt 0.63799304 0.94839817
vt 0.62524492 0.94785988
vt 0.63619387 0.94277167
vt 0.62407899 0.94426328
vt 0.63068777 0.93893313
vt 0.63071322 0.93682039
vt 0.62497210 0.93884862
vt 0.63186747 0.91371608
vt 0.62473601 0.93686110
vt 0.63133019 0.91197586
vt 0.62082237 0.93907899
vt 0.62815011 0.90512353
vt 0.62297106 0.89380139
vt 0.60285741 0.86967820
vt 0.60345709 0.87429923
vt 0.61818457 0.89597285
vt 0.62564766 0.91319483
vt 0.62158978 0.90682989
vt 0.62569702 0.91465944
vt 0.62162888 0.91373080
vt 0.61096656 0.90762246
vt 0.60805005 0.89787036
vt 0.60298121 0.88458866
vt 0.61176032 0.91651005
vt 0.60414684 0.90942168
vt 0.59556109 0.90228224
vt 0.59494227 0.89668298
vt 0.59692442 0.91059977
vt 0.58699989 0.90336591
vt 0.60511780 0.91775358
vt 0.61192173 0.91862595
vt 0.60548133 0.91992283
vt 0.62152588 0.91560525
vt 0.62027639 0.93683374
vt 0.61311668 0.93733692
vt 0.61369598 0.93947810
vt 0.60708338 0.93795371
vt 0.60760617 0.94021565
vt 0.59884006 0.92147189
vt 0.60093433 0.93862045
vt 0.59826112 0.91937935
vt 0.58473444 0.92314351
vt 0.58863992 0.93938714
vt 0.57937974 0.94257534
vt 0.57867259 0.94088590
vt 0.57285279 0.94325852
vt 0.57418132 0.92442220
vt 0.56641227 0.94417191
vt 0.57225496 0.94139803
vt 0.55897611 0.94489551
vt 0.56591886 0.94227433
vt 0.56633389 0.92463088
vt 0.58385295 0.92098004
vt 0.57322591 0.92236185
vt 0.58406985 0.91192925
vt 0.57196629 0.91348219
vt 0.57516462 0.90567613
vt 0.56532788 0.92280763
vt 0.56620503 0.90837854
vt 0.56563610 0.90469104
vt 0.56521702 0.91472030
vt 0.55798709 0.90332508
vt 0.55824816 0.91037619
vt 0.55914676 0.91623294
vt 0.55072081 0.91175902
vt 0.55125117 0.90021187
vt 0.55975157 0.92590916
vt 0.55923843 0.92405403
vt 0.55163169 0.91717696
vt 0.54582953 0.89704537
vt 0.54489970 0.91311747
vt 0.55337572 0.92556518
vt 0.54435480 0.91838610
vt 0.53743982 0.91378719
vt 0.54016381 0.89091992
vt 0.54680014 0.92752188
vt 0.55419940 0.92753690
vt 0.55817580 0.94307828
vt 0.55426413 0.94425768
vt 0.54732555 0.92953849
vt 0.54020751 0.92912179
vt 0.53776276 0.91977632
vt 0.52765799 0.91459447
vt 0.53566194 0.88227993
vt 0.54037499 0.93128103
vt 0.53125918 0.92278802
vt 0.53353131 0.93059230
vt 0.52783120 0.92491299
vt 0.52503943 0.92618811
vt 0.51996231 0.91464424
vt 0.53486544 0.87535816
vt 0.52976787 0.93128192
vt 0.51891792 0.92730165
vt 0.52012503 0.93494219
vt 0.52694482 0.93215984
vt 0.52071339 0.93657929
vt 0.53064662 0.93255824
vt 0.52790004 0.93337363
vt 0.53399181 0.95400500
vt 0.53415436 0.93247759
vt 0.54062998 0.95031953
vt 0.54555458 0.94770443
vt 0.55045474 0.94549280
vt 0.54635650 0.94946802
vt 0.55481654 0.94610900
vt 0.55119985 0.94721913
vt 0.55985922 0.95049840
vt 0.55632657 0.95147872
vt 0.55762124 0.96064389
vt 0.55287933 0.95268428
vt 0.54692364 0.96704531
vt 0.54400307 0.95641851
vt 0.53774673 0.95974445
vt 0.54154122 0.95199281
vt 0.53505623 0.95550859
vt 0.55727386 0.87049943
vt 0.43349999 0.79610002
vt 0.45100000 0.79110002
vt 0.44180000 0.80170000
vt 0.44249999 0.78640002
vt 0.42350000 0.78939998
vt 0.45230001 0.77420002
vt 0.46140000 0.77740002
vt 0.46259999 0.75340003
vt 0.43320000 0.78130001
vt 0.41429999 0.78250003
vt 0.44290000 0.75360000
vt 0.45920000 0.74180001
vt 0.44319999 0.77050000
vt 0.42310000 0.77380001
vt 0.40820000 0.77730000
vt 0.43500000 0.76650000
vt 0.41270000 0.76389998
vt 0.40160000 0.76999998
vt 0.42170000 0.75620002
vt 0.40790001 0.75529998
vt 0.39710000 0.76410002
vt 0.42510000 0.75129998
vt 0.39570001 0.74320000
vt 0.38960001 0.75709999
vt 0.38350001 0.74730003
vt 0.37999999 0.73615003
vt 0.41760001 0.74669999
vt 0.40660000 0.73970002
vt 0.43825000 0.74215001
vt 0.45389998 0.72685003
vt 0.41119999 0.73290002
vt 0.44072989 0.73056924
vt 0.42874399 0.69091225
vt 0.39550000 0.73180002
vt 0.41665000 0.72370005
vt 0.39820001 0.72270000
vt 0.38400000 0.72665000
vt 0.37349999 0.73189998
vt 0.40095001 0.71460003
vt 0.38990000 0.71770000
vt 0.37880000 0.72439998
vt 0.38659999 0.71749997
vt 0.36430001 0.72039998
vt 0.36129999 0.72799998
vt 0.35640001 0.72280002
vt 0.38499999 0.71120000
vt 0.35810000 0.71249998
vt 0.35179999 0.71509999
vt 0.34799999 0.70469999
vt 0.39120001 0.69844997
vt 0.37900001 0.70190001
vt 0.35499999 0.70340002
vt 0.34320000 0.69319999
vt 0.37610000 0.68809998
vt 0.38985002 0.68760002
vt 0.39135000 0.67684996
vt 0.37830001 0.67390001
vt 0.34959999 0.69059998
vt 0.34520000 0.68010002
vt 0.33390000 0.69190001
vt 0.33090001 0.68159998
vt 0.34410000 0.67170000
vt 0.34340000 0.66430002
vt 0.32740000 0.67540002
vt 0.43349999 0.79610002
vt 0.44249999 0.78640002
vt 0.42350000 0.78939998
vt 0.45230001 0.77420002
vt 0.43320000 0.78130001
vt 0.41429999 0.78250003
vt 0.44290000 0.75360000
vt 0.44319999 0.77050000
vt 0.42310000 0.77380001
vt 0.40820000 0.77730000
vt 0.43500000 0.76650000
vt 0.41270000 0.76389998
vt 0.40160000 0.76999998
vt 0.42170000 0.75620002
vt 0.40790001 0.75529998
vt 0.39710000 0.76410002
vt 0.42510000 0.75129998
vt 0.39570001 0.74320000
vt 0.38960001 0.75709999
vt 0.38350001 0.74730003
vt 0.37999999 0.73615003
vt 0.41760001 0.74669999
vt 0.40660000 0.73970002
vt 0.39550000 0.73180002
vt 0.43825000 0.74215001
vt 0.41119999 0.73290002
vt 0.44072989 0.73056924
vt 0.41665000 0.72370005
vt 0.39820001 0.72270000
vt 0.38400000 0.72665000
vt 0.37349999 0.73189998
vt 0.40095001 0.71460003
vt 0.38990000 0.71770000
vt 0.37880000 0.72439998
vt 0.38659999 0.71749997
vt 0.36430001 0.72039998
vt 0.36129999 0.72799998
vt 0.35640001 0.72280002
vt 0.38499999 0.71120000
vt 0.35810000 0.71249998
vt 0.35179999 0.71509999
vt 0.34799999 0.70469999
vt 0.39120001 0.69844997
vt 0.37900001 0.70190001
vt 0.35499999 0.70340002
vt 0.34320000 0.69319999
vt 0.37610000 0.68809998
vt 0.38985002 0.68760002
vt 0.34959999 0.69059998
vt 0.34520000 0.68010002
vt 0.33390000 0.69190001
vt 0.33090001 0.68159998
vt 0.34410000 0.67170000
vt 0.36829999 0.80900001
vt 0.37035000 0.79855001
vt 0.36554998 0.82115001
vt 0.36275002 0.83300000
vt 0.36010000 0.84220004
vt 0.35549998 0.85235000
vt 0.35009998 0.85850000
vt 0.34425002 0.86790001
vt 0.33770001 0.87629998
vt 0.32975000 0.87915003
vt 0.33210000 0.88470000
vt 0.32879999 0.89590001
vt 0.32150000 0.90340000
vt 0.31380001 0.91259998
vt 0.30530000 0.92220002
vt 0.29570001 0.92850000
vt 0.30170000 0.93460000
vt 0.29355001 0.94174999
vt 0.28845000 0.94690001
vt 0.36829999 0.80900001
vt 0.36554998 0.82115001
vt 0.36275002 0.83300000
vt 0.36010000 0.84220004
vt 0.35549998 0.85235000
vt 0.35009998 0.85850000
vt 0.34425002 0.86790001
vt 0.33770001 0.87629998
vt 0.32975000 0.87915003
vt 0.33210000 0.88470000
vt 0.32879999 0.89590001
vt 0.32150000 0.90340000
vt 0.31380001 0.91259998
vt 0.30530000 0.92220002
vt 0.29570001 0.92850000
vt 0.30170000 0.93460000
vt 0.29355001 0.94174999
vt 0.30950001 0.92769998
vt 0.31230000 0.93140000
vt 0.31900001 0.91740000
vt 0.32580000 0.90680003
vt 0.32150000 0.92070001
vt 0.30620000 0.93779999
vt 0.33135000 0.89880001
vt 0.29800001 0.94569999
vt 0.29179999 0.95069998
vt 0.30840000 0.94010001
vt 0.29980001 0.94819999
vt 0.29350001 0.95340002
vt 0.29359999 0.95429999
vt 0.30059999 0.94919997
vt 0.29940000 0.96880001
vt 0.31450000 0.93250000
vt 0.30899998 0.94110000
vt 0.30750001 0.96310002
vt 0.31570000 0.93269998
vt 0.31549999 0.95850003
vt 0.31389999 0.97434998
vt 0.30759999 0.98185003
vt 0.31875002 0.96700001
vt 0.31830001 0.97790003
vt 0.31340000 0.98689997
vt 0.31869999 0.98970002
vt 0.32220000 0.97070003
vt 0.32260001 0.97970003
vt 0.33730000 0.99479997
vt 0.32339999 0.96899998
vt 0.33939999 0.98409998
vt 0.34930000 0.99690002
vt 0.32670000 0.97210002
vt 0.35060000 0.98559999
vt 0.36469999 0.99849999
vt 0.33960000 0.97430003
vt 0.36520001 0.98670000
vt 0.38170001 0.99900001
vt 0.35110000 0.97450000
vt 0.38130000 0.98640001
vt 0.39910001 0.99830002
vt 0.36489999 0.97390002
vt 0.39739999 0.98530000
vt 0.41029999 0.99669999
vt 0.37910000 0.97240001
vt 0.40750000 0.98379999
vt 0.39530000 0.97100002
vt 0.43079999 0.97770000
vt 0.43550000 0.99049997
vt 0.40540001 0.96950000
vt 0.39449999 0.95599997
vt 0.37149998 0.95459998
vt 0.36199999 0.96090001
vt 0.40509999 0.95550001
vt 0.35020000 0.96600002
vt 0.42649999 0.96439999
vt 0.33939999 0.96840000
vt 0.35712498 0.95225000
vt 0.32949999 0.96920001
vt 0.34845001 0.95730001
vt 0.33697501 0.96122497
vt 0.32690000 0.96719998
vt 0.32565001 0.96235001
vt 0.33489999 0.95380002
vt 0.32045001 0.96389997
vt 0.32630000 0.95469999
vt 0.32064998 0.95615006
vt 0.32690000 0.94859999
vt 0.32174999 0.94540000
vt 0.33000001 0.93769997
vt 0.32359999 0.93540001
vt 0.34799999 0.93910003
vt 0.34610000 0.95010001
vt 0.35299999 0.94470000
vt 0.33579999 0.92739999
vt 0.35380000 0.93919998
vt 0.35980001 0.93910003
vt 0.35110000 0.93019998
vt 0.35640001 0.93180001
vt 0.36559999 0.94554996
vt 0.36399999 0.93379998
vt 0.37242502 0.93767500
vt 0.38069999 0.94370002
vt 0.36809999 0.92710000
vt 0.39550000 0.94669998
vt 0.37725002 0.93040001
vt 0.38800001 0.93379998
vt 0.40610000 0.94620001
vt 0.39849999 0.93460000
vt 0.42310000 0.95209998
vt 0.40910000 0.93400001
vt 0.42140001 0.94400001
vt 0.43880001 0.94720000
vt 0.44420001 0.95730001
vt 0.43470001 0.93940002
vt 0.45060000 0.96859997
vt 0.45730001 0.97960001
vt 0.44890001 0.94029999
vt 0.45590001 0.94900000
vt 0.46390000 0.95819998
vt 0.47250000 0.96780002
vt 0.48560000 0.95260000
vt 0.47479999 0.94520003
vt 0.49599999 0.93110001
vt 0.46579999 0.93779999
vt 0.48060000 0.92449999
vt 0.50160003 0.91329998
vt 0.45730001 0.93190002
vt 0.48460001 0.90979999
vt 0.46630001 0.91900003
vt 0.48660001 0.89060003
vt 0.50269997 0.89020002
vt 0.47130001 0.90679997
vt 0.45019999 0.92670000
vt 0.48570001 0.87300003
vt 0.49970001 0.86949998
vt 0.45590001 0.91450000
vt 0.44330001 0.93349999
vt 0.44170001 0.92079997
vt 0.43000001 0.93059999
vt 0.43640000 0.92619997
vt 0.42030001 0.93290001
vt 0.42590001 0.92390001
vt 0.43000001 0.92000002
vt 0.41929999 0.92290002
vt 0.42870000 0.91409999
vt 0.41200000 0.92210001
vt 0.41929999 0.91140002
vt 0.43439999 0.90579999
vt 0.40169999 0.92610002
vt 0.42199999 0.90319997
vt 0.39309999 0.92769998
vt 0.40520000 0.91869998
vt 0.38360000 0.92739999
vt 0.39539999 0.92320001
vt 0.38569999 0.92390001
vt 0.37625000 0.92430002
vt 0.37729999 0.92170000
vt 0.36890000 0.91880000
vt 0.36960000 0.91759998
vt 0.35990000 0.92449999
vt 0.36210001 0.91280001
vt 0.35490000 0.92119998
vt 0.36309999 0.91159999
vt 0.34360000 0.91829997
vt 0.37130001 0.91500002
vt 0.33585000 0.91415000
vt 0.37840000 0.91880000
vt 0.32885000 0.92479998
vt 0.38589999 0.92060000
vt 0.32350001 0.92259997
vt 0.33129999 0.91090000
vt 0.32280001 0.92180002
vt 0.33930001 0.90979999
vt 0.33059999 0.91030002
vt 0.34810001 0.91409999
vt 0.33530000 0.90539998
vt 0.34350002 0.90520000
vt 0.35699999 0.90539998
vt 0.34009999 0.90030003
vt 0.35830000 0.90450001
vt 0.35339999 0.89550000
vt 0.36530000 0.90930003
vt 0.35519999 0.89450002
vt 0.37500000 0.90829998
vt 0.36070001 0.90300000
vt 0.37000001 0.90369999
vt 0.38029999 0.91079998
vt 0.36660001 0.89850003
vt 0.38560000 0.91180003
vt 0.37670001 0.90490001
vt 0.39500001 0.91979998
vt 0.37270001 0.90120000
vt 0.38100001 0.90689999
vt 0.37790000 0.90340000
vt 0.38540000 0.90810001
vt 0.38159999 0.90520000
vt 0.39219999 0.91100001
vt 0.38550001 0.90609997
vt 0.40340000 0.91589999
vt 0.39060000 0.90740001
vt 0.39730001 0.90829998
vt 0.39489999 0.90539998
vt 0.40169999 0.90380001
vt 0.41080001 0.90810001
vt 0.41299999 0.90979999
vt 0.41659999 0.90160000
vt 0.40450001 0.89770001
vt 0.41440001 0.90109998
vt 0.42379999 0.89380002
vt 0.39870000 0.90149999
vt 0.41740000 0.89300001
vt 0.41490001 0.89289999
vt 0.40099999 0.89660001
vt 0.40520000 0.89270002
vt 0.41350001 0.88529998
vt 0.39730001 0.90050000
vt 0.40140000 0.89230001
vt 0.39919999 0.89609998
vt 0.39399999 0.90369999
vt 0.40430000 0.88709998
vt 0.39010000 0.90560001
vt 0.39300001 0.90249997
vt 0.38949999 0.90410000
vt 0.38540000 0.90460002
vt 0.39600000 0.89960003
vt 0.38190001 0.90380001
vt 0.39770001 0.89560002
vt 0.39330000 0.89789999
vt 0.39960000 0.89230001
vt 0.39460000 0.89490002
vt 0.39809999 0.89219999
vt 0.39489999 0.89219999
vt 0.39890000 0.88830000
vt 0.40070000 0.88779998
vt 0.39739999 0.88859999
vt 0.39440000 0.88940001
vt 0.39370000 0.89219999
vt 0.39690000 0.88410002
vt 0.39300001 0.88650000
vt 0.39559999 0.88489997
vt 0.39829999 0.88300002
vt 0.39320001 0.88970000
vt 0.40160000 0.88099998
vt 0.39449999 0.87900001
vt 0.40959999 0.87629998
vt 0.39700001 0.87610000
vt 0.40290001 0.86949998
vt 0.41600001 0.88440001
vt 0.41180000 0.87489998
vt 0.41740000 0.88410002
vt 0.40459999 0.86780000
vt 0.41270000 0.87390000
vt 0.42280000 0.88300002
vt 0.39550000 0.86299998
vt 0.40570000 0.86589998
vt 0.41729999 0.87089998
vt 0.39440000 0.86540002
vt 0.39610001 0.86070001
vt 0.39109999 0.87320000
vt 0.38510001 0.86119998
vt 0.38470000 0.86390001
vt 0.38970000 0.87669998
vt 0.38460001 0.87230003
vt 0.37520000 0.86580002
vt 0.38650000 0.85860002
vt 0.37450001 0.86269999
vt 0.37689999 0.85939997
vt 0.38740000 0.85390002
vt 0.37760001 0.85460001
vt 0.37120000 0.86150003
vt 0.37310001 0.85509998
vt 0.38069999 0.84439999
vt 0.37639999 0.84520000
vt 0.39789999 0.85570002
vt 0.38949999 0.84310001
vt 0.40930000 0.86159998
vt 0.40140000 0.84350002
vt 0.40689999 0.85180002
vt 0.42170000 0.86479998
vt 0.41350001 0.85670000
vt 0.41000000 0.84539998
vt 0.43450001 0.87089998
vt 0.42640001 0.85720003
vt 0.41909999 0.85030001
vt 0.43149999 0.86350000
vt 0.42719999 0.84249997
vt 0.43680000 0.85030001
vt 0.41540000 0.83639997
vt 0.40529999 0.83329999
vt 0.41980001 0.82730001
vt 0.43489999 0.83420003
vt 0.44220001 0.85839999
vt 0.44549999 0.84390003
vt 0.42359999 0.81910002
vt 0.44070000 0.82690001
vt 0.45190000 0.85360002
vt 0.40798488 0.82530868
vt 0.44540000 0.86780000
vt 0.45379999 0.83710003
vt 0.44720000 0.87889999
vt 0.45719999 0.86519998
vt 0.43640000 0.88029998
vt 0.43709999 0.89099997
vt 0.44720000 0.89069998
vt 0.43630001 0.89910001
vt 0.45950001 0.87760001
vt 0.44710001 0.90140003
vt 0.45969999 0.89090002
vt 0.44569999 0.91030002
vt 0.45850000 0.90410000
vt 0.47290000 0.89039999
vt 0.47260001 0.87589997
vt 0.46919998 0.86140001
vt 0.48140001 0.85640001
vt 0.49329999 0.85159999
vt 0.46280000 0.84840000
vt 0.47400001 0.84249997
vt 0.48390001 0.83639997
vt 0.46990001 0.82200003
vt 0.46259999 0.82920003
vt 0.45210001 0.81000000
vt 0.44690001 0.81809998
vt 0.43059999 0.80190003
vt 0.42750001 0.81040001
vt 0.41420001 0.80750000
vt 0.41620001 0.79900003
vt 0.40099999 0.79799998
vt 0.41130000 0.81599999
vt 0.39980000 0.80640000
vt 0.39482892 0.82429999
vt 0.39759999 0.81500000
vt 0.39120001 0.80629998
vt 0.39190000 0.79830003
vt 0.38769999 0.79850000
vt 0.38920000 0.81500000
vt 0.38670000 0.82429999
vt 0.39219999 0.83380002
vt 0.38370001 0.83499998
vt 0.37930000 0.83530003
vt 0.38249999 0.82429999
vt 0.37433472 0.83539498
vt 0.38510001 0.81519997
vt 0.37707514 0.82385451
vt 0.38699999 0.80669999
vt 0.37926233 0.81538308
vt 0.38114393 0.80648774
vt 0.38171452 0.79866856
vt 0.37575704 0.80628514
vt 0.37630650 0.79907465
vt 0.37195626 0.82293427
vt 0.37410000 0.80610001
vt 0.37500000 0.79920000
vt 0.37384608 0.81464654
vt 0.37230000 0.81419998
vt 0.37020001 0.82279998
vt 0.36759999 0.83440000
vt 0.36930713 0.83483744
vt 0.36469999 0.84390003
vt 0.36645383 0.84394109
vt 0.36042869 0.85579503
vt 0.37155747 0.84551442
vt 0.36806542 0.85565692
vt 0.35499999 0.86239999
vt 0.36579728 0.86111808
vt 0.35720000 0.86535001
vt 0.34889999 0.87239999
vt 0.35255000 0.87255001
vt 0.34040001 0.88330001
vt 0.34780002 0.87980002
vt 0.34009999 0.88800001
vt 0.35565925 0.87533963
vt 0.34783226 0.88915682
vt 0.36039472 0.86808109
vt 0.35088953 0.88313425
vt 0.36320001 0.86809999
vt 0.35699999 0.87599999
vt 0.36480001 0.86909998
vt 0.35269999 0.88360000
vt 0.35730001 0.87820000
vt 0.36620000 0.87169999
vt 0.35080001 0.88840002
vt 0.35299999 0.88770002
vt 0.35969999 0.87970001
vt 0.35659999 0.88790000
vt 0.35780001 0.89410001
vt 0.36554486 0.89003277
vt 0.36739999 0.88340002
vt 0.37029999 0.89690000
vt 0.36930001 0.89020002
vt 0.37400001 0.89990002
vt 0.37210000 0.89630002
vt 0.37850002 0.90210003
vt 0.37509999 0.89899999
vt 0.38249999 0.90100002
vt 0.37990001 0.89960003
vt 0.37340000 0.89579999
vt 0.38510001 0.90160000
vt 0.37110001 0.89050001
vt 0.38830000 0.90130001
vt 0.38780001 0.89990002
vt 0.39100000 0.90009999
vt 0.38499999 0.89999998
vt 0.39019999 0.89870000
vt 0.38270000 0.89940000
vt 0.39210001 0.89700002
vt 0.38060001 0.89800000
vt 0.39340001 0.89440000
vt 0.37670001 0.89600003
vt 0.37830001 0.89550000
vt 0.37750000 0.89160001
vt 0.37560001 0.89099997
vt 0.37259999 0.89060003
vt 0.37799999 0.88849997
vt 0.37650001 0.88800001
vt 0.37390000 0.88660002
vt 0.37810001 0.88550001
vt 0.37930000 0.88660002
vt 0.37259999 0.88599998
vt 0.37610000 0.88330001
vt 0.37079999 0.88510001
vt 0.37509999 0.88220000
vt 0.38090000 0.88330001
vt 0.37400001 0.88069999
vt 0.37149998 0.87790000
vt 0.37880000 0.87730002
vt 0.37760001 0.87370002
vt 0.38440001 0.87610000
vt 0.37930000 0.87900001
vt 0.37979999 0.88040000
vt 0.38460001 0.87800002
vt 0.38450000 0.87930000
vt 0.38440001 0.88239998
vt 0.38920000 0.87860000
vt 0.38859999 0.87989998
vt 0.38760001 0.88279998
vt 0.39340001 0.88050002
vt 0.39240000 0.88160002
vt 0.39050001 0.88410002
vt 0.39190000 0.88709998
vt 0.38970000 0.88499999
vt 0.38170001 0.88459998
vt 0.38720000 0.88400000
vt 0.38450000 0.88389999
vt 0.30950001 0.92769998
vt 0.31230000 0.93140000
vt 0.31900001 0.91740000
vt 0.32580000 0.90680003
vt 0.32150000 0.92070001
vt 0.30620000 0.93779999
vt 0.33135000 0.89880001
vt 0.29800001 0.94569999
vt 0.30840000 0.94010001
vt 0.29980001 0.94819999
vt 0.30059999 0.94919997
vt 0.31450000 0.93250000
vt 0.30899998 0.94110000
vt 0.30750001 0.96310002
vt 0.31549999 0.95850003
vt 0.31389999 0.97434998
vt 0.31875002 0.96700001
vt 0.31830001 0.97790003
vt 0.32220000 0.97070003
vt 0.32260001 0.97970003
vt 0.32339999 0.96899998
vt 0.33939999 0.98409998
vt 0.32670000 0.97210002
vt 0.35060000 0.98559999
vt 0.33960000 0.97430003
vt 0.36520001 0.98670000
vt 0.35110000 0.97450000
vt 0.38130000 0.98640001
vt 0.36489999 0.97390002
vt 0.39739999 0.98530000
vt 0.37910000 0.97240001
vt 0.40750000 0.98379999
vt 0.39530000 0.97100002
vt 0.43079999 0.97770000
vt 0.40540001 0.96950000
vt 0.39449999 0.95599997
vt 0.37149998 0.95459998
vt 0.36199999 0.96090001
vt 0.40509999 0.95550001
vt 0.35020000 0.96600002
vt 0.42649999 0.96439999
vt 0.33939999 0.96840000
vt 0.35712498 0.95225000
vt 0.32949999 0.96920001
vt 0.34845001 0.95730001
vt 0.33697501 0.96122497
vt 0.32690000 0.96719998
vt 0.32565001 0.96235001
vt 0.33489999 0.95380002
vt 0.32045001 0.96389997
vt 0.32630000 0.95469999
vt 0.32064998 0.95615006
vt 0.32690000 0.94859999
vt 0.32174999 0.94540000
vt 0.34610000 0.95010001
vt 0.34799999 0.93910003
vt 0.33000001 0.93769997
vt 0.31570000 0.93269998
vt 0.32359999 0.93540001
vt 0.32280001 0.92180002
vt 0.32350001 0.92259997
vt 0.33579999 0.92739999
vt 0.32885000 0.92479998
vt 0.33129999 0.91090000
vt 0.33059999 0.91030002
vt 0.33585000 0.91415000
vt 0.32969999 0.90910000
vt 0.33530000 0.90539998
vt 0.33450001 0.90460002
vt 0.33460000 0.90130001
vt 0.33930001 0.90979999
vt 0.34009999 0.90030003
vt 0.34360000 0.91829997
vt 0.34350002 0.90520000
vt 0.34810001 0.91409999
vt 0.35110000 0.93019998
vt 0.35490000 0.92119998
vt 0.35699999 0.90539998
vt 0.35339999 0.89550000
vt 0.36210001 0.91280001
vt 0.35830000 0.90450001
vt 0.35640001 0.93180001
vt 0.35990000 0.92449999
vt 0.35380000 0.93919998
vt 0.35299999 0.94470000
vt 0.35980001 0.93910003
vt 0.36559999 0.94554996
vt 0.36399999 0.93379998
vt 0.37242502 0.93767500
vt 0.36809999 0.92710000
vt 0.38069999 0.94370002
vt 0.37725002 0.93040001
vt 0.36890000 0.91880000
vt 0.37625000 0.92430002
vt 0.36960000 0.91759998
vt 0.36309999 0.91159999
vt 0.37729999 0.92170000
vt 0.37130001 0.91500002
vt 0.36530000 0.90930003
vt 0.38360000 0.92739999
vt 0.37840000 0.91880000
vt 0.38800001 0.93379998
vt 0.38569999 0.92390001
vt 0.39309999 0.92769998
vt 0.39550000 0.94669998
vt 0.39849999 0.93460000
vt 0.40610000 0.94620001
vt 0.42310000 0.95209998
vt 0.40910000 0.93400001
vt 0.42140001 0.94400001
vt 0.43880001 0.94720000
vt 0.40169999 0.92610002
vt 0.44420001 0.95730001
vt 0.39539999 0.92320001
vt 0.45060000 0.96859997
vt 0.38589999 0.92060000
vt 0.46390000 0.95819998
vt 0.45590001 0.94900000
vt 0.47479999 0.94520003
vt 0.44890001 0.94029999
vt 0.46579999 0.93779999
vt 0.48060000 0.92449999
vt 0.45730001 0.93190002
vt 0.48460001 0.90979999
vt 0.46630001 0.91900003
vt 0.48660001 0.89060003
vt 0.47130001 0.90679997
vt 0.45019999 0.92670000
vt 0.48570001 0.87300003
vt 0.45590001 0.91450000
vt 0.48140001 0.85640001
vt 0.47260001 0.87589997
vt 0.47400001 0.84249997
vt 0.46919998 0.86140001
vt 0.46280000 0.84840000
vt 0.46259999 0.82920003
vt 0.45190000 0.85360002
vt 0.44690001 0.81809998
vt 0.45379999 0.83710003
vt 0.44070000 0.82690001
vt 0.42750001 0.81040001
vt 0.41420001 0.80750000
vt 0.42359999 0.81910002
vt 0.44549999 0.84390003
vt 0.43489999 0.83420003
vt 0.41130000 0.81599999
vt 0.43680000 0.85030001
vt 0.39980000 0.80640000
vt 0.39120001 0.80629998
vt 0.39759999 0.81500000
vt 0.38699999 0.80669999
vt 0.38920000 0.81500000
vt 0.38114393 0.80648774
vt 0.38510001 0.81519997
vt 0.37926233 0.81538308
vt 0.37575704 0.80628514
vt 0.37707514 0.82385451
vt 0.37410000 0.80610001
vt 0.37230000 0.81419998
vt 0.37384608 0.81464654
vt 0.37020001 0.82279998
vt 0.37195626 0.82293427
vt 0.36759999 0.83440000
vt 0.36930713 0.83483744
vt 0.36469999 0.84390003
vt 0.36042869 0.85579503
vt 0.36645383 0.84394109
vt 0.37433472 0.83539498
vt 0.38249999 0.82429999
vt 0.38670000 0.82429999
vt 0.37930000 0.83530003
vt 0.39482892 0.82429999
vt 0.38370001 0.83499998
vt 0.37639999 0.84520000
vt 0.40798488 0.82530868
vt 0.39219999 0.83380002
vt 0.41980001 0.82730001
vt 0.40529999 0.83329999
vt 0.38949999 0.84310001
vt 0.42719999 0.84249997
vt 0.41540000 0.83639997
vt 0.41000000 0.84539998
vt 0.41909999 0.85030001
vt 0.42640001 0.85720003
vt 0.41350001 0.85670000
vt 0.40140000 0.84350002
vt 0.40689999 0.85180002
vt 0.42170000 0.86479998
vt 0.39789999 0.85570002
vt 0.40930000 0.86159998
vt 0.43149999 0.86350000
vt 0.41729999 0.87089998
vt 0.44220001 0.85839999
vt 0.43450001 0.87089998
vt 0.44540000 0.86780000
vt 0.45719999 0.86519998
vt 0.44720000 0.87889999
vt 0.45950001 0.87760001
vt 0.47290000 0.89039999
vt 0.45969999 0.89090002
vt 0.44720000 0.89069998
vt 0.43640000 0.88029998
vt 0.45850000 0.90410000
vt 0.44710001 0.90140003
vt 0.44569999 0.91030002
vt 0.44170001 0.92079997
vt 0.43439999 0.90579999
vt 0.43630001 0.89910001
vt 0.43709999 0.89099997
vt 0.42199999 0.90319997
vt 0.42280000 0.88300002
vt 0.42379999 0.89380002
vt 0.42870000 0.91409999
vt 0.41270000 0.87390000
vt 0.43000001 0.92000002
vt 0.41740000 0.88410002
vt 0.43640000 0.92619997
vt 0.41740000 0.89300001
vt 0.42590001 0.92390001
vt 0.44330001 0.93349999
vt 0.43000001 0.93059999
vt 0.43470001 0.93940002
vt 0.42030001 0.93290001
vt 0.41929999 0.92290002
vt 0.41200000 0.92210001
vt 0.41929999 0.91140002
vt 0.40520000 0.91869998
vt 0.41299999 0.90979999
vt 0.41659999 0.90160000
vt 0.41080001 0.90810001
vt 0.40340000 0.91589999
vt 0.41440001 0.90109998
vt 0.39500001 0.91979998
vt 0.41490001 0.89289999
vt 0.38560000 0.91180003
vt 0.40450001 0.89770001
vt 0.39219999 0.91100001
vt 0.40169999 0.90380001
vt 0.39730001 0.90829998
vt 0.39489999 0.90539998
vt 0.39870000 0.90149999
vt 0.40099999 0.89660001
vt 0.39730001 0.90050000
vt 0.40520000 0.89270002
vt 0.39919999 0.89609998
vt 0.41350001 0.88529998
vt 0.40140000 0.89230001
vt 0.41600001 0.88440001
vt 0.40430000 0.88709998
vt 0.41180000 0.87489998
vt 0.40959999 0.87629998
vt 0.40459999 0.86780000
vt 0.40570000 0.86589998
vt 0.40290001 0.86949998
vt 0.39610001 0.86070001
vt 0.39550000 0.86299998
vt 0.38740000 0.85390002
vt 0.38650000 0.85860002
vt 0.38069999 0.84439999
vt 0.37760001 0.85460001
vt 0.37310001 0.85509998
vt 0.37689999 0.85939997
vt 0.37155747 0.84551442
vt 0.36806542 0.85565692
vt 0.37120000 0.86150003
vt 0.36579728 0.86111808
vt 0.38510001 0.86119998
vt 0.37450001 0.86269999
vt 0.39440000 0.86540002
vt 0.37520000 0.86580002
vt 0.38470000 0.86390001
vt 0.36480001 0.86909998
vt 0.36320001 0.86809999
vt 0.35699999 0.87599999
vt 0.36039472 0.86808109
vt 0.35720000 0.86535001
vt 0.35565925 0.87533963
vt 0.35499999 0.86239999
vt 0.35255000 0.87255001
vt 0.34889999 0.87239999
vt 0.34780002 0.87980002
vt 0.34040001 0.88330001
vt 0.34009999 0.88800001
vt 0.34349999 0.89039999
vt 0.34783226 0.88915682
vt 0.34020001 0.89899999
vt 0.35088953 0.88313425
vt 0.35080001 0.88840002
vt 0.35269999 0.88360000
vt 0.35519999 0.89450002
vt 0.35299999 0.88770002
vt 0.35730001 0.87820000
vt 0.35969999 0.87970001
vt 0.36620000 0.87169999
vt 0.35659999 0.88790000
vt 0.36739999 0.88340002
vt 0.37760001 0.87370002
vt 0.35780001 0.89410001
vt 0.37149998 0.87790000
vt 0.38460001 0.87230003
vt 0.37880000 0.87730002
vt 0.39109999 0.87320000
vt 0.38440001 0.87610000
vt 0.38970000 0.87669998
vt 0.39700001 0.87610000
vt 0.39449999 0.87900001
vt 0.40160000 0.88099998
vt 0.39829999 0.88300002
vt 0.40070000 0.88779998
vt 0.39690000 0.88410002
vt 0.39890000 0.88830000
vt 0.39960000 0.89230001
vt 0.39340001 0.88050002
vt 0.39770001 0.89560002
vt 0.39809999 0.89219999
vt 0.39739999 0.88859999
vt 0.39559999 0.88489997
vt 0.39440000 0.88940001
vt 0.39240000 0.88160002
vt 0.39300001 0.88650000
vt 0.38920000 0.87860000
vt 0.39489999 0.89219999
vt 0.38460001 0.87800002
vt 0.38859999 0.87989998
vt 0.37930000 0.87900001
vt 0.38450000 0.87930000
vt 0.39050001 0.88410002
vt 0.38760001 0.88279998
vt 0.37979999 0.88040000
vt 0.39190000 0.88709998
vt 0.38440001 0.88239998
vt 0.38970000 0.88499999
vt 0.38720000 0.88400000
vt 0.38170001 0.88459998
vt 0.38450000 0.88389999
vt 0.38090000 0.88330001
vt 0.37930000 0.88660002
vt 0.39320001 0.88970000
vt 0.37810001 0.88550001
vt 0.39370000 0.89219999
vt 0.37799999 0.88849997
vt 0.37750000 0.89160001
vt 0.39460000 0.89490002
vt 0.39340001 0.89440000
vt 0.39600000 0.89960003
vt 0.39210001 0.89700002
vt 0.39399999 0.90369999
vt 0.39330000 0.89789999
vt 0.39300001 0.90249997
vt 0.39010000 0.90560001
vt 0.39060000 0.90740001
vt 0.38949999 0.90410000
vt 0.38540000 0.90810001
vt 0.38550001 0.90609997
vt 0.38029999 0.91079998
vt 0.38159999 0.90520000
vt 0.37500000 0.90829998
vt 0.38100001 0.90689999
vt 0.38540000 0.90460002
vt 0.37000001 0.90369999
vt 0.37670001 0.90490001
vt 0.37790000 0.90340000
vt 0.36070001 0.90300000
vt 0.37270001 0.90120000
vt 0.36660001 0.89850003
vt 0.36554486 0.89003277
vt 0.37029999 0.89690000
vt 0.37400001 0.89990002
vt 0.36930001 0.89020002
vt 0.37210000 0.89630002
vt 0.37850002 0.90210003
vt 0.37509999 0.89899999
vt 0.38190001 0.90380001
vt 0.38249999 0.90100002
vt 0.38510001 0.90160000
vt 0.38830000 0.90130001
vt 0.37990001 0.89960003
vt 0.39100000 0.90009999
vt 0.38780001 0.89990002
vt 0.39019999 0.89870000
vt 0.38499999 0.89999998
vt 0.38270000 0.89940000
vt 0.38060001 0.89800000
vt 0.37670001 0.89600003
vt 0.37830001 0.89550000
vt 0.37340000 0.89579999
vt 0.37560001 0.89099997
vt 0.37110001 0.89050001
vt 0.37259999 0.89060003
vt 0.37650001 0.88800001
vt 0.37390000 0.88660002
vt 0.37610000 0.88330001
vt 0.37259999 0.88599998
vt 0.37509999 0.88220000
vt 0.37079999 0.88510001
vt 0.37400001 0.88069999
vt 0.32969999 0.90910000
vt 0.33450001 0.90460002
vt 0.33460000 0.90130001
vt 0.34020001 0.89899999
vt 0.34349999 0.89039999
vt 0.79383576 0.27351099
vt 0.75604105 0.31626821
vt 0.77463305 0.25760520
vt 0.82926059 0.22927046
vt 0.78086644 0.31393701
vt 0.83159185 0.25409591
vt 0.80028146 0.35169303
vt 0.78437579 0.37089574
vt 0.84303886 0.38948762
vt 0.81873745 0.29457420
vt 0.81336868 0.31122279
vt 0.82134473 0.32679135
vt 0.83430606 0.28659809
vt 0.83614957 0.30937904
vt 0.85095465 0.29196674
vt 0.87201798 0.26706493
vt 0.88792378 0.24786222
vt 0.91625839 0.30248976
vt 0.89143288 0.30482101
vt 0.85893071 0.30753535
vt 0.85356194 0.32418394
vt 0.87846375 0.34524715
vt 0.89766645 0.36115295
vt 0.83799338 0.33216006
vt 0.84070766 0.36466223
vt 0.79383576 0.27351099
vt 0.78086644 0.31393701
vt 0.83159185 0.25409591
vt 0.80028146 0.35169303
vt 0.81873745 0.29457420
vt 0.81336868 0.31122279
vt 0.84070766 0.36466223
vt 0.82134473 0.32679135
vt 0.83614957 0.30937904
vt 0.83430606 0.28659809
vt 0.83799338 0.33216006
vt 0.85095465 0.29196674
vt 0.85356194 0.32418394
vt 0.87846375 0.34524715
vt 0.85893071 0.30753535
vt 0.89143288 0.30482101
vt 0.87201798 0.26706493
f 191/191 200/200 199/199
f 207/207 209/209 211/211
f 191/191 202/202 200/200
f 191/191 189/189 202/202
f 202/202 189/189 203/203
f 189/189 188/188 203/203
f 203/203 188/188 204/204
f 204/204 188/188 190/190
f 205/205 202/202 203/203
f 206/206 204/204 190/190
f 190/190 192/192 206/206
f 207/207 203/203 204/204
f 204/204 206/206 207/207
f 203/203 207/207 205/205
f 208/208 206/206 192/192
f 209/209 207/207 206/206
f 208/208 209/209 206/206
f 207/207 210/210 205/205
f 180/180 160/160 181/181
f 187/187 190/190 188/188
f 50/50 226/226 227/227
f 182/182 1/1 4/4
f 1/1 182/182 184/184
f 186/186 184/184 182/182
f 1/1 184/184 9/9
f 184/184 186/186 187/187
f 9/9 184/184 188/188
f 184/184 187/187 188/188
f 9/9 188/188 189/189
f 199/199 193/193 191/191
f 9/9 189/189 191/191
f 192/192 190/190 187/187
f 9/9 191/191 193/193
f 9/9 193/193 17/17
f 17/17 195/195 21/21
f 195/195 17/17 193/193
f 195/195 193/193 196/196
f 193/193 199/199 196/196
f 220/220 223/223 217/217
f 221/221 194/194 197/197
f 194/194 44/44 20/20
f 44/44 194/194 221/221
f 221/221 45/45 44/44
f 45/45 221/221 222/222
f 219/219 222/222 221/221
f 222/222 47/47 45/45
f 223/223 219/219 217/217
f 223/223 222/222 219/219
f 219/219 221/221 197/197
f 47/47 222/222 224/224
f 223/223 224/224 222/222
f 47/47 224/224 50/50
f 224/224 223/223 225/225
f 223/223 220/220 225/225
f 226/226 50/50 224/224
f 226/226 224/224 225/225
f 143/143 138/138 139/139
f 210/210 211/211 215/215
f 202/202 205/205 212/212
f 210/210 212/212 205/205
f 213/213 202/202 212/212
f 202/202 213/213 201/201
f 198/198 201/201 213/213
f 212/212 210/210 214/214
f 214/214 213/213 212/212
f 215/215 214/214 210/210
f 210/210 207/207 211/211
f 213/213 214/214 216/216
f 213/213 217/217 198/198
f 216/216 217/217 213/213
f 216/216 214/214 218/218
f 214/214 215/215 218/218
f 219/219 198/198 217/217
f 198/198 219/219 197/197
f 216/216 220/220 217/217
f 158/158 160/160 163/163
f 146/146 157/157 150/150
f 156/156 155/155 158/158
f 158/158 157/157 156/156
f 159/159 158/158 155/155
f 160/160 158/158 159/159
f 157/157 161/161 150/150
f 145/145 150/150 161/161
f 157/157 158/158 162/162
f 161/161 157/157 162/162
f 147/147 156/156 157/157
f 163/163 162/162 158/158
f 145/145 161/161 164/164
f 143/143 145/145 164/164
f 165/165 161/161 162/162
f 165/165 162/162 163/163
f 166/166 164/164 161/161
f 164/164 166/166 143/143
f 166/166 161/161 165/165
f 147/147 142/142 148/148
f 155/155 314/314 315/315
f 144/144 140/140 142/142
f 140/140 145/145 139/139
f 145/145 140/140 144/144
f 145/145 143/143 139/139
f 144/144 142/142 146/146
f 145/145 144/144 146/146
f 146/146 142/142 147/147
f 167/167 143/143 166/166
f 150/150 145/145 146/146
f 148/148 151/151 147/147
f 148/148 152/152 151/151
f 152/152 154/154 151/151
f 155/155 151/151 154/154
f 156/156 147/147 151/151
f 151/151 155/155 156/156
f 157/157 146/146 147/147
f 176/176 177/177 178/178
f 174/174 7/7 172/172
f 173/173 174/174 172/172
f 7/7 174/174 3/3
f 173/173 168/168 175/175
f 174/174 173/173 175/175
f 3/3 176/176 5/5
f 176/176 3/3 174/174
f 177/177 176/176 174/174
f 174/174 175/175 177/177
f 173/173 170/170 168/168
f 175/175 168/168 179/179
f 168/168 165/165 179/179
f 163/163 179/179 165/165
f 175/175 180/180 177/177
f 180/180 175/175 179/179
f 180/180 178/178 177/177
f 179/179 163/163 180/180
f 178/178 180/180 181/181
f 170/170 166/166 168/168
f 167/167 138/138 143/143
f 137/137 138/138 167/167
f 165/165 168/168 166/166
f 167/167 169/169 137/137
f 110/110 137/137 169/169
f 169/169 111/111 110/110
f 166/166 170/170 167/167
f 169/169 167/167 170/170
f 160/160 180/180 163/163
f 169/169 171/171 111/111
f 170/170 171/171 169/169
f 171/171 172/172 111/111
f 35/35 111/111 172/172
f 172/172 10/10 35/35
f 10/10 172/172 7/7
f 171/171 170/170 173/173
f 172/172 171/171 173/173
f 284/284 280/280 282/282
f 277/277 274/274 275/275
f 274/274 277/277 276/276
f 276/276 278/278 250/250
f 278/278 276/276 277/277
f 279/279 275/275 273/273
f 275/275 279/279 277/277
f 277/277 280/280 278/278
f 280/280 277/277 282/282
f 277/277 279/279 282/282
f 250/250 249/249 276/276
f 285/285 284/284 282/282
f 282/282 279/279 285/285
f 285/285 286/286 284/284
f 288/288 279/279 273/273
f 273/273 272/272 288/288
f 285/285 279/279 289/289
f 279/279 288/288 289/289
f 286/286 285/285 290/290
f 269/269 271/271 272/272
f 263/263 266/266 268/268
f 267/267 209/209 269/269
f 269/269 209/209 208/208
f 270/270 266/266 267/267
f 267/267 269/269 270/270
f 270/270 268/268 266/266
f 271/271 269/269 208/208
f 272/272 270/270 269/269
f 290/290 292/292 286/286
f 270/270 273/273 268/268
f 272/272 273/273 270/270
f 268/268 274/274 263/263
f 274/274 262/262 263/263
f 273/273 275/275 268/268
f 275/275 274/274 268/268
f 276/276 262/262 274/274
f 262/262 276/276 249/249
f 308/308 309/309 307/307
f 294/294 303/303 295/295
f 294/294 302/302 303/303
f 304/304 295/295 303/303
f 301/301 306/306 302/302
f 307/307 304/304 303/303
f 308/308 303/303 302/302
f 303/303 308/308 307/307
f 306/306 308/308 302/302
f 307/307 309/309 304/304
f 302/302 297/297 301/301
f 309/309 310/310 304/304
f 304/304 310/310 311/311
f 309/309 308/308 313/313
f 311/311 310/310 314/314
f 311/311 314/314 152/152
f 152/152 314/314 154/154
f 314/314 155/155 154/154
f 310/310 315/315 314/314
f 298/298 297/297 293/293
f 293/293 285/285 289/289
f 285/285 293/293 290/290
f 288/288 293/293 289/289
f 292/292 290/290 294/294
f 294/294 295/295 292/292
f 297/297 290/290 293/293
f 290/290 297/297 294/294
f 293/293 288/288 298/298
f 267/267 211/211 209/209
f 299/299 288/288 272/272
f 299/299 298/298 288/288
f 299/299 272/272 271/271
f 300/300 298/298 299/299
f 271/271 300/300 299/299
f 297/297 298/298 301/301
f 298/298 300/300 301/301
f 302/302 294/294 297/297
f 246/246 243/243 242/242
f 233/233 238/238 239/239
f 238/238 229/229 240/240
f 229/229 230/230 240/240
f 239/239 238/238 241/241
f 241/241 238/238 240/240
f 237/237 239/239 242/242
f 242/242 243/243 237/237
f 245/245 239/239 241/241
f 239/239 245/245 242/242
f 237/237 233/233 239/239
f 245/245 246/246 242/242
f 247/247 243/243 246/246
f 247/247 246/246 249/249
f 249/249 250/250 247/247
f 246/246 245/245 251/251
f 251/251 249/249 246/246
f 241/241 252/252 245/245
f 251/251 245/245 253/253
f 231/231 65/65 64/64
f 225/225 228/228 226/226
f 229/229 55/55 227/227
f 55/55 229/229 58/58
f 230/230 227/227 226/226
f 230/230 229/229 227/227
f 226/226 228/228 230/230
f 58/58 229/229 231/231
f 58/58 231/231 64/64
f 252/252 253/253 245/245
f 232/232 228/228 225/225
f 220/220 232/232 225/225
f 65/65 231/231 233/233
f 233/233 69/69 65/65
f 69/69 233/233 234/234
f 233/233 237/237 234/234
f 238/238 233/233 231/231
f 229/229 238/238 231/231
f 263/263 262/262 260/260
f 258/258 260/260 253/253
f 253/253 260/260 251/251
f 259/259 261/261 258/258
f 261/261 259/259 218/218
f 260/260 258/258 261/261
f 215/215 261/261 218/218
f 262/262 251/251 260/260
f 251/251 262/262 249/249
f 263/263 260/260 261/261
f 216/216 218/218 259/259
f 261/261 215/215 264/264
f 264/264 263/263 261/261
f 265/265 264/264 215/215
f 215/215 211/211 265/265
f 266/266 263/263 264/264
f 264/264 265/265 266/266
f 211/211 267/267 265/265
f 265/265 267/267 266/266
f 256/256 255/255 232/232
f 252/252 241/241 254/254
f 240/240 254/254 241/241
f 240/240 255/255 254/254
f 255/255 252/252 254/254
f 255/255 240/240 230/230
f 228/228 255/255 230/230
f 255/255 228/228 232/232
f 252/252 255/255 256/256
f 227/227 55/55 50/50
f 256/256 253/253 252/252
f 232/232 257/257 256/256
f 232/232 220/220 257/257
f 253/253 256/256 258/258
f 257/257 258/258 256/256
f 220/220 259/259 257/257
f 258/258 257/257 259/259
f 220/220 216/216 259/259
f 82/82 81/81 78/78
f 75/75 62/62 66/66
f 74/74 75/75 66/66
f 76/76 62/62 75/75
f 61/61 62/62 76/76
f 72/72 77/77 74/74
f 78/78 77/77 72/72
f 61/61 76/76 80/80
f 75/75 80/80 76/76
f 81/81 77/77 78/78
f 67/67 72/72 74/74
f 84/84 74/74 77/77
f 74/74 84/84 75/75
f 81/81 84/84 77/77
f 80/80 75/75 84/84
f 82/82 85/85 81/81
f 86/86 85/85 82/82
f 84/84 81/81 87/87
f 85/85 87/87 81/81
f 65/65 63/63 64/64
f 57/57 59/59 54/54
f 60/60 52/52 56/56
f 51/51 52/52 60/60
f 61/61 56/56 59/59
f 56/56 61/61 60/60
f 59/59 57/57 62/62
f 62/62 61/61 59/59
f 57/57 58/58 63/63
f 64/64 63/63 58/58
f 88/88 80/80 84/84
f 63/63 66/66 57/57
f 62/62 57/57 66/66
f 63/63 65/65 67/67
f 67/67 66/66 63/63
f 69/69 67/67 65/65
f 69/69 71/71 67/67
f 72/72 67/67 71/71
f 66/66 67/67 74/74
f 99/99 96/96 98/98
f 40/40 93/93 95/95
f 87/87 96/96 94/94
f 87/87 85/85 96/96
f 97/97 93/93 94/94
f 97/97 94/94 96/96
f 93/93 97/97 95/95
f 96/96 85/85 98/98
f 85/85 86/86 98/98
f 97/97 96/96 99/99
f 94/94 88/88 87/87
f 97/97 100/100 95/95
f 101/101 97/97 99/99
f 100/100 97/97 101/101
f 102/102 95/95 100/100
f 95/95 102/102 40/40
f 40/40 102/102 103/103
f 34/34 40/40 103/103
f 31/31 34/34 103/103
f 92/92 51/51 90/90
f 88/88 84/84 87/87
f 80/80 89/89 61/61
f 89/89 80/80 88/88
f 89/89 60/60 61/61
f 60/60 89/89 90/90
f 51/51 60/60 90/90
f 88/88 91/91 89/89
f 91/91 90/90 89/89
f 56/56 53/53 59/59
f 90/90 91/91 92/92
f 51/51 92/92 39/39
f 42/42 39/39 92/92
f 92/92 93/93 42/42
f 93/93 92/92 91/91
f 93/93 40/40 42/42
f 91/91 88/88 94/94
f 94/94 93/93 91/91
f 30/30 28/28 32/32
f 14/14 25/25 26/26
f 14/14 26/26 28/28
f 12/12 14/14 28/28
f 11/11 12/12 29/29
f 28/28 29/29 12/12
f 15/15 11/11 29/29
f 28/28 30/30 29/29
f 29/29 31/31 15/15
f 31/31 29/29 30/30
f 16/16 25/25 14/14
f 33/33 15/15 31/31
f 15/15 33/33 13/13
f 34/34 31/31 30/30
f 32/32 34/34 30/30
f 33/33 35/35 13/13
f 309/309 316/316 310/310
f 10/10 13/13 35/35
f 36/36 32/32 28/28
f 10/10 11/11 13/13
f 1/1 2/2 4/4
f 2/2 1/1 6/6
f 8/8 2/2 6/6
f 1/1 9/9 6/6
f 6/6 10/10 8/8
f 9/9 11/11 6/6
f 6/6 11/11 10/10
f 9/9 12/12 11/11
f 28/28 27/27 36/36
f 9/9 14/14 12/12
f 15/15 13/13 11/11
f 9/9 16/16 14/14
f 9/9 17/17 16/16
f 18/18 17/17 21/21
f 17/17 18/18 16/16
f 18/18 22/22 16/16
f 25/25 16/16 22/22
f 48/48 52/52 51/51
f 46/46 45/45 47/47
f 41/41 46/46 48/48
f 48/48 38/38 41/41
f 46/46 47/47 49/49
f 48/48 46/46 49/49
f 50/50 49/49 47/47
f 38/38 48/48 51/51
f 39/39 38/38 51/51
f 48/48 49/49 52/52
f 41/41 43/43 46/46
f 49/49 50/50 53/53
f 52/52 49/49 53/53
f 53/53 50/50 54/54
f 55/55 54/54 50/50
f 52/52 53/53 56/56
f 54/54 55/55 57/57
f 55/55 58/58 57/57
f 54/54 59/59 53/53
f 41/41 24/24 23/23
f 24/24 36/36 27/27
f 36/36 37/37 32/32
f 34/34 32/32 37/37
f 36/36 24/24 38/38
f 37/37 36/36 39/39
f 36/36 38/38 39/39
f 37/37 40/40 34/34
f 24/24 41/41 38/38
f 100/100 104/104 102/102
f 39/39 42/42 37/37
f 40/40 37/37 42/42
f 23/23 43/43 41/41
f 43/43 23/23 19/19
f 44/44 19/19 20/20
f 19/19 44/44 43/43
f 43/43 44/44 45/45
f 43/43 45/45 46/46
f 183/183 176/176 332/332
f 327/327 329/329 331/331
f 330/330 331/331 329/329
f 331/331 325/325 327/327
f 185/185 332/332 330/330
f 332/332 331/331 330/330
f 332/332 185/185 183/183
f 331/331 333/333 325/325
f 331/331 332/332 333/333
f 176/176 183/183 5/5
f 330/330 187/187 185/185
f 176/176 334/334 332/332
f 332/332 334/334 333/333
f 334/334 176/176 178/178
f 333/333 335/335 325/325
f 322/322 325/325 335/335
f 320/320 322/322 335/335
f 333/333 334/334 336/336
f 336/336 335/335 333/333
f 323/323 327/327 325/325
f 306/306 324/324 323/323
f 324/324 306/306 301/301
f 324/324 301/301 300/300
f 325/325 322/322 323/323
f 326/326 324/324 300/300
f 300/300 271/271 326/326
f 327/327 323/323 324/324
f 324/324 326/326 327/327
f 178/178 336/336 334/334
f 271/271 328/328 326/326
f 271/271 208/208 328/328
f 192/192 328/328 208/208
f 329/329 327/327 326/326
f 329/329 326/326 328/328
f 192/192 330/330 328/328
f 330/330 329/329 328/328
f 187/187 330/330 192/192
f 248/248 250/250 337/337
f 337/337 312/312 153/153
f 305/305 312/312 337/337
f 296/296 305/305 337/337
f 337/337 291/291 296/296
f 287/287 291/291 337/337
f 283/283 287/287 337/337
f 281/281 283/283 337/337
f 337/337 278/278 281/281
f 250/250 278/278 337/337
f 70/70 68/68 337/337
f 244/244 248/248 337/337
f 236/236 244/244 337/337
f 235/235 236/236 337/337
f 235/235 337/337 68/68
f 134/134 139/139 133/133
f 133/133 139/139 138/138
f 134/134 136/136 140/140
f 139/139 134/134 140/140
f 126/126 337/337 130/130
f 335/335 336/336 320/320
f 336/336 178/178 181/181
f 336/336 160/160 320/320
f 336/336 181/181 160/160
f 337/337 153/153 149/149
f 141/141 337/337 149/149
f 135/135 337/337 141/141
f 337/337 135/135 130/130
f 322/322 318/318 323/323
f 124/124 337/337 126/126
f 120/120 337/337 124/124
f 337/337 120/120 119/119
f 86/86 337/337 119/119
f 83/83 337/337 86/86
f 79/79 337/337 83/83
f 73/73 337/337 79/79
f 70/70 337/337 73/73
f 117/117 99/99 98/98
f 110/110 109/109 113/113
f 112/112 101/101 114/114
f 99/99 114/114 101/101
f 109/109 112/112 115/115
f 109/109 115/115 113/113
f 114/114 116/116 112/112
f 116/116 115/115 112/112
f 117/117 114/114 99/99
f 114/114 117/117 116/116
f 112/112 106/106 101/101
f 115/115 116/116 118/118
f 117/117 98/98 119/119
f 98/98 86/86 119/119
f 117/117 119/119 121/121
f 121/121 122/122 117/117
f 117/117 122/122 116/116
f 123/123 122/122 121/121
f 116/116 122/122 125/125
f 108/108 33/33 105/105
f 103/103 102/102 104/104
f 105/105 31/31 103/103
f 104/104 105/105 103/103
f 31/31 105/105 33/33
f 100/100 106/106 104/104
f 100/100 101/101 106/106
f 104/104 107/107 105/105
f 106/106 107/107 104/104
f 125/125 122/122 123/123
f 107/107 108/108 105/105
f 108/108 35/35 33/33
f 107/107 106/106 109/109
f 110/110 108/108 107/107
f 109/109 110/110 107/107
f 35/35 108/108 111/111
f 108/108 110/110 111/111
f 112/112 109/109 106/106
f 316/316 318/318 319/319
f 315/315 310/310 316/316
f 316/316 309/309 313/313
f 317/317 155/155 315/315
f 316/316 317/317 315/315
f 317/317 159/159 155/155
f 317/317 160/160 159/159
f 318/318 316/316 313/313
f 308/308 318/318 313/313
f 317/317 316/316 319/319
f 137/137 132/132 138/138
f 160/160 317/317 320/320
f 320/320 317/317 319/319
f 318/318 308/308 321/321
f 308/308 306/306 321/321
f 322/322 319/319 318/318
f 319/319 322/322 320/320
f 323/323 318/318 321/321
f 323/323 321/321 306/306
f 132/132 113/113 115/115
f 125/125 118/118 116/116
f 127/127 125/125 123/123
f 125/125 128/128 118/118
f 128/128 115/115 118/118
f 125/125 127/127 129/129
f 128/128 125/125 129/129
f 131/131 129/129 127/127
f 115/115 128/128 132/132
f 142/142 140/140 136/136
f 129/129 133/133 128/128
f 133/133 132/132 128/128
f 129/129 131/131 134/134
f 133/133 129/129 134/134
f 134/134 131/131 136/136
f 132/132 137/137 113/113
f 137/137 110/110 113/113
f 132/132 133/133 138/138
f 369/369 368/368 372/372
f 374/374 373/373 371/371
f 371/371 363/363 374/374
f 372/372 368/368 373/373
f 373/373 368/368 371/371
f 370/370 369/369 372/372
f 383/383 380/380 384/384
f 363/363 371/371 360/360
f 371/371 368/368 365/365
f 360/360 371/371 365/365
f 370/370 367/367 369/369
f 366/366 368/368 369/369
f 367/367 366/366 369/369
f 368/368 366/366 364/364
f 368/368 364/364 365/365
f 360/360 362/362 363/363
f 366/366 367/367 349/349
f 349/349 348/348 366/366
f 359/359 364/364 366/366
f 359/359 366/366 348/348
f 364/364 357/357 365/365
f 357/357 360/360 365/365
f 364/364 359/359 356/356
f 356/356 357/357 364/364
f 375/375 374/374 363/363
f 360/360 361/361 362/362
f 361/361 360/360 358/358
f 360/360 357/357 358/358
f 348/348 356/356 359/359
f 357/357 355/355 358/358
f 357/357 356/356 354/354
f 355/355 357/357 354/354
f 356/356 348/348 353/353
f 431/431 434/434 436/436
f 418/418 426/426 423/423
f 419/419 424/424 425/425
f 433/433 440/440 434/434
f 440/440 437/437 436/436
f 434/434 440/440 436/436
f 438/438 437/437 439/439
f 432/432 437/437 438/438
f 435/435 436/436 437/437
f 435/435 437/437 432/432
f 436/436 435/435 431/431
f 418/418 408/408 426/426
f 432/432 431/431 435/435
f 433/433 434/434 430/430
f 431/431 430/430 434/434
f 370/370 433/433 429/429
f 430/430 429/429 433/433
f 431/431 432/432 422/422
f 431/431 425/425 430/430
f 393/393 449/449 370/370
f 444/444 449/449 448/448
f 370/370 429/429 428/428
f 414/414 416/416 417/417
f 415/415 416/416 413/413
f 416/416 414/414 413/413
f 415/415 412/412 408/408
f 410/410 415/415 413/413
f 415/415 410/410 412/412
f 422/422 425/425 431/431
f 429/429 430/430 427/427
f 425/425 427/427 430/430
f 370/370 449/449 444/444
f 427/427 428/428 429/429
f 370/370 428/428 367/367
f 427/427 426/426 428/428
f 426/426 367/367 428/428
f 425/425 424/424 427/427
f 426/426 427/427 423/423
f 427/427 424/424 423/423
f 367/367 426/426 349/349
f 408/408 349/349 426/426
f 347/347 346/346 342/342
f 448/448 451/451 450/450
f 451/451 447/447 450/450
f 448/448 450/450 446/446
f 447/447 446/446 450/450
f 449/449 394/394 448/448
f 394/394 449/449 393/393
f 343/343 350/350 348/348
f 350/350 343/343 346/346
f 348/348 349/349 345/345
f 348/348 345/345 343/343
f 451/451 452/452 447/447
f 343/343 341/341 346/346
f 341/341 342/342 346/346
f 345/345 344/344 343/343
f 339/339 343/343 344/344
f 343/343 339/339 341/341
f 342/342 341/341 338/338
f 339/339 338/338 341/341
f 338/338 339/339 340/340
f 401/401 454/454 400/400
f 441/441 443/443 442/442
f 448/448 446/446 445/445
f 448/448 445/445 444/444
f 446/446 447/447 443/443
f 445/445 446/446 441/441
f 443/443 441/441 446/446
f 444/444 445/445 440/440
f 445/445 441/441 440/440
f 370/370 444/444 433/433
f 440/440 433/433 444/444
f 382/382 384/384 380/380
f 439/439 441/441 442/442
f 440/440 441/441 437/437
f 441/441 439/439 437/437
f 454/454 401/401 453/453
f 454/454 394/394 400/400
f 453/453 451/451 454/454
f 448/448 454/454 451/451
f 394/394 454/454 448/448
f 451/451 453/453 452/452
f 388/388 391/391 387/387
f 353/353 346/346 351/351
f 353/353 350/350 346/346
f 347/347 352/352 351/351
f 346/346 347/347 351/351
f 394/394 392/392 391/391
f 392/392 394/394 393/393
f 393/393 370/370 392/392
f 387/387 391/391 392/392
f 370/370 387/387 392/392
f 388/388 389/389 391/391
f 348/348 350/350 353/353
f 390/390 389/389 386/386
f 389/389 388/388 384/384
f 384/384 386/386 389/389
f 387/387 383/383 388/388
f 383/383 384/384 388/388
f 370/370 376/376 387/387
f 383/383 387/387 376/376
f 386/386 384/384 385/385
f 384/384 382/382 385/385
f 374/374 379/379 377/377
f 408/408 418/418 415/415
f 383/383 376/376 377/377
f 380/380 383/383 379/379
f 377/377 379/379 383/383
f 381/381 382/382 380/380
f 375/375 381/381 380/380
f 378/378 380/380 379/379
f 378/378 375/375 380/380
f 379/379 374/374 378/378
f 416/416 419/419 417/417
f 374/374 375/375 378/378
f 376/376 373/373 377/377
f 373/373 374/374 377/377
f 370/370 372/372 376/376
f 376/376 372/372 373/373
f 356/356 351/351 354/354
f 351/351 356/356 353/353
f 354/354 352/352 355/355
f 351/351 352/352 354/354
f 405/405 339/339 344/344
f 407/407 410/410 411/411
f 407/407 406/406 410/410
f 405/405 408/408 409/409
f 406/406 405/405 409/409
f 349/349 408/408 345/345
f 408/408 405/405 345/345
f 406/406 407/407 404/404
f 405/405 406/406 403/403
f 404/404 403/403 406/406
f 345/345 405/405 344/344
f 403/403 404/404 402/402
f 422/422 419/419 425/425
f 423/423 424/424 416/416
f 416/416 424/424 419/419
f 423/423 415/415 418/418
f 416/416 415/415 423/423
f 419/419 422/422 421/421
f 419/419 421/421 420/420
f 417/417 419/419 420/420
f 339/339 405/405 403/403
f 406/406 412/412 410/410
f 412/412 406/406 409/409
f 339/339 403/403 402/402
f 339/339 402/402 340/340
f 399/399 401/401 400/400
f 401/401 399/399 398/398
f 394/394 399/399 400/400
f 396/396 398/398 399/399
f 391/391 396/396 399/399
f 391/391 399/399 394/394
f 396/396 390/390 397/397
f 391/391 395/395 396/396
f 396/396 395/395 390/390
f 395/395 391/391 389/389
f 395/395 389/389 390/390
f 413/413 414/414 411/411
f 411/411 410/410 413/413
f 408/408 412/412 409/409
f 398/398 396/396 397/397
f 682/682 679/679 683/683
f 678/678 681/681 684/684
f 683/683 678/678 685/685
f 684/684 685/685 678/678
f 686/686 682/682 683/683
f 683/683 685/685 686/686
f 684/684 681/681 687/687
f 673/673 687/687 681/681
f 685/685 684/684 688/688
f 687/687 689/689 684/684
f 688/688 684/684 689/689
f 687/687 673/673 690/690
f 701/701 708/708 703/703
f 709/709 704/704 706/706
f 709/709 705/705 704/704
f 710/710 706/706 707/707
f 497/497 494/494 467/467
f 467/467 466/466 497/497
f 472/472 496/496 498/498
f 473/473 472/472 498/498
f 473/473 498/498 499/499
f 498/498 496/496 500/500
f 492/492 500/500 496/496
f 499/499 498/498 501/501
f 498/498 500/500 501/501
f 499/499 501/501 502/502
f 469/469 471/471 470/470
f 471/471 469/469 491/491
f 468/468 491/491 469/469
f 492/492 471/471 491/491
f 491/491 468/468 493/493
f 696/696 701/701 698/698
f 517/517 518/518 514/514
f 518/518 519/519 516/516
f 517/517 513/513 520/520
f 519/519 518/518 521/521
f 522/522 519/519 521/521
f 518/518 517/517 523/523
f 523/523 521/521 518/518
f 523/523 517/517 520/520
f 524/524 522/522 521/521
f 525/525 522/522 524/524
f 501/501 503/503 502/502
f 503/503 501/501 504/504
f 500/500 504/504 501/501
f 505/505 503/503 504/504
f 500/500 492/492 506/506
f 492/492 495/495 506/506
f 530/530 528/528 527/527
f 531/531 528/528 530/530
f 527/527 529/529 532/532
f 532/532 530/530 527/527
f 533/533 531/531 530/530
f 534/534 531/531 533/533
f 530/530 532/532 535/535
f 533/533 530/530 535/535
f 536/536 534/534 533/533
f 537/537 533/533 535/535
f 514/514 512/512 511/511
f 514/514 515/515 512/512
f 514/514 516/516 515/515
f 517/517 514/514 511/511
f 517/517 511/511 513/513
f 516/516 514/514 518/518
f 541/541 540/540 537/537
f 532/532 542/542 535/535
f 541/541 535/535 542/542
f 542/542 532/532 543/543
f 532/532 529/529 543/543
f 540/540 541/541 544/544
f 543/543 529/529 545/545
f 544/544 546/546 540/540
f 538/538 540/540 546/546
f 547/547 545/545 529/529
f 521/521 523/523 526/526
f 526/526 524/524 521/521
f 527/527 525/525 524/524
f 528/528 525/525 527/527
f 524/524 526/526 529/529
f 529/529 527/527 524/524
f 551/551 547/547 549/549
f 550/550 547/547 551/551
f 523/523 552/552 549/549
f 552/552 551/551 549/549
f 552/552 523/523 520/520
f 551/551 552/552 553/553
f 553/553 552/552 520/520
f 554/554 550/550 551/551
f 520/520 555/555 553/553
f 555/555 520/520 513/513
f 537/537 536/536 533/533
f 538/538 534/534 536/536
f 534/534 538/538 539/539
f 536/536 537/537 540/540
f 540/540 538/538 536/536
f 535/535 541/541 537/537
f 557/557 558/558 556/556
f 554/554 556/556 558/558
f 510/510 559/559 557/557
f 558/558 557/557 559/559
f 510/510 507/507 559/559
f 509/509 559/559 507/507
f 559/559 560/560 558/558
f 559/559 509/509 561/561
f 560/560 559/559 561/561
f 558/558 562/562 554/554
f 529/529 526/526 547/547
f 545/545 548/548 543/543
f 526/526 549/549 547/547
f 549/549 526/526 523/523
f 547/547 550/550 545/545
f 548/548 545/545 550/550
f 562/562 560/560 565/565
f 561/561 565/565 560/560
f 564/564 562/562 566/566
f 567/567 548/548 564/564
f 566/566 567/567 564/564
f 562/562 568/568 566/566
f 562/562 565/565 568/568
f 569/569 567/567 566/566
f 566/566 568/568 569/569
f 567/567 570/570 548/548
f 510/510 555/555 513/513
f 551/551 553/553 556/556
f 551/551 556/556 554/554
f 553/553 555/555 557/557
f 553/553 557/557 556/556
f 555/555 510/510 557/557
f 542/542 572/572 573/573
f 541/541 542/542 573/573
f 572/572 571/571 574/574
f 541/541 573/573 575/575
f 575/575 544/544 541/541
f 576/576 573/573 572/572
f 574/574 576/576 572/572
f 577/577 575/575 573/573
f 573/573 576/576 577/577
f 544/544 575/575 578/578
f 558/558 560/560 562/562
f 550/550 554/554 563/563
f 562/562 563/563 554/554
f 563/563 548/548 550/550
f 564/564 563/563 562/562
f 548/548 563/563 564/564
f 582/582 578/578 581/581
f 583/583 546/546 580/580
f 583/583 580/580 582/582
f 584/584 546/546 583/583
f 584/584 538/538 546/546
f 582/582 585/585 583/583
f 538/538 584/584 586/586
f 586/586 539/539 538/538
f 587/587 539/539 586/586
f 588/588 584/584 583/583
f 570/570 543/543 548/548
f 543/543 570/570 542/542
f 571/571 570/570 567/567
f 567/567 569/569 571/571
f 572/572 542/542 570/570
f 570/570 571/571 572/572
f 592/592 591/591 590/590
f 593/593 592/592 590/590
f 589/589 593/593 590/590
f 593/593 594/594 592/592
f 593/593 589/589 595/595
f 588/588 595/595 589/589
f 594/594 593/593 596/596
f 595/595 596/596 593/593
f 596/596 597/597 594/594
f 595/595 588/588 598/598
f 575/575 577/577 579/579
f 579/579 578/578 575/575
f 578/578 580/580 544/544
f 546/546 544/544 580/580
f 578/578 579/579 581/581
f 580/580 578/578 582/582
f 599/599 600/600 603/603
f 601/601 599/599 603/603
f 604/604 600/600 598/598
f 605/605 602/602 601/601
f 606/606 602/602 605/605
f 600/600 604/604 607/607
f 607/607 603/603 600/600
f 598/598 608/608 604/604
f 608/608 598/598 588/588
f 588/588 585/585 608/608
f 585/585 588/588 583/583
f 589/589 586/586 584/584
f 588/588 589/589 584/584
f 590/590 587/587 586/586
f 589/589 590/590 586/586
f 587/587 590/590 591/591
f 585/585 582/582 612/612
f 582/582 581/581 612/612
f 613/613 611/611 610/610
f 612/612 613/613 610/610
f 611/611 613/613 614/614
f 614/614 609/609 611/611
f 612/612 615/615 613/613
f 613/613 616/616 614/614
f 615/615 616/616 613/613
f 609/609 614/614 616/616
f 597/597 596/596 599/599
f 595/595 600/600 596/596
f 600/600 599/599 596/596
f 600/600 595/595 598/598
f 601/601 597/597 599/599
f 602/602 597/597 601/601
f 620/620 581/581 579/579
f 621/621 616/616 618/618
f 616/616 621/621 619/619
f 620/620 579/579 622/622
f 579/579 577/577 622/622
f 617/617 620/620 623/623
f 577/577 624/624 622/622
f 624/624 577/577 576/576
f 620/620 622/622 625/625
f 620/620 625/625 623/623
f 607/607 604/604 609/609
f 609/609 604/604 608/608
f 610/610 608/608 585/585
f 608/608 611/611 609/609
f 608/608 610/610 611/611
f 612/612 610/610 585/585
f 627/627 574/574 629/629
f 627/627 630/630 628/628
f 627/627 629/629 630/630
f 574/574 631/631 629/629
f 571/571 631/631 574/574
f 569/569 631/631 571/571
f 632/632 629/629 631/631
f 632/632 630/630 629/629
f 569/569 633/633 631/631
f 633/633 632/632 631/631
f 615/615 612/612 617/617
f 612/612 581/581 617/617
f 618/618 616/616 615/615
f 617/617 618/618 615/615
f 616/616 619/619 609/609
f 581/581 620/620 617/617
f 626/626 628/628 638/638
f 639/639 637/637 565/565
f 561/561 639/639 565/565
f 638/638 640/640 626/626
f 1306/1306 1307/1307 1305/1305
f 1302/1302 1307/1307 1283/1283
f 625/625 626/626 640/640
f 561/561 641/641 639/639
f 641/641 561/561 509/509
f 642/642 639/639 641/641
f 622/622 624/624 626/626
f 622/622 626/626 625/625
f 576/576 627/627 624/624
f 576/576 574/574 627/627
f 624/624 628/628 626/626
f 628/628 624/624 627/627
f 1310/1310 1215/1215 1213/1213
f 1210/1210 1310/1310 1213/1213
f 1301/1301 1300/1300 1298/1298
f 1255/1255 1301/1301 1256/1256
f 645/645 647/647 642/642
f 646/646 644/644 648/648
f 647/647 648/648 644/644
f 646/646 649/649 633/633
f 568/568 633/633 569/569
f 630/630 632/632 634/634
f 568/568 635/635 633/633
f 635/635 568/568 565/565
f 634/634 636/636 630/630
f 636/636 628/628 630/630
f 637/637 635/635 565/565
f 628/628 636/636 638/638
f 1305/1305 1253/1253 1306/1306
f 1253/1253 1250/1250 1306/1306
f 1243/1243 1306/1306 1250/1250
f 1302/1302 1305/1305 1307/1307
f 1288/1288 1295/1295 1296/1296
f 1295/1295 1294/1294 1296/1296
f 1306/1306 1243/1243 1308/1308
f 1307/1307 1306/1306 1308/1308
f 1239/1239 1308/1308 1243/1243
f 1215/1215 1308/1308 1239/1239
f 1283/1283 1307/1307 1309/1309
f 1307/1307 1308/1308 1309/1309
f 1210/1210 1283/1283 1309/1309
f 1308/1308 1215/1215 1310/1310
f 1309/1309 1308/1308 1310/1310
f 1310/1310 1210/1210 1309/1309
f 1256/1256 1298/1298 1299/1299
f 1286/1286 1298/1298 1300/1300
f 1284/1284 1286/1286 1300/1300
f 1298/1298 1256/1256 1301/1301
f 1287/1287 1289/1289 1288/1288
f 1273/1273 1290/1290 1289/1289
f 1300/1300 1302/1302 1284/1284
f 1283/1283 1284/1284 1302/1302
f 1300/1300 1301/1301 1303/1303
f 1302/1302 1300/1300 1303/1303
f 1301/1301 1255/1255 1304/1304
f 1304/1304 1303/1303 1301/1301
f 1255/1255 1253/1253 1304/1304
f 1303/1303 1304/1304 1305/1305
f 1253/1253 1305/1305 1304/1304
f 1305/1305 1302/1302 1303/1303
f 1294/1294 1262/1262 1260/1260
f 1289/1289 1293/1293 1295/1295
f 1294/1294 1295/1295 1293/1293
f 1295/1295 1288/1288 1289/1289
f 1279/1279 1278/1278 1281/1281
f 1281/1281 1280/1280 1279/1279
f 1296/1296 1291/1291 1288/1288
f 1260/1260 1297/1297 1294/1294
f 1294/1294 1297/1297 1296/1296
f 1291/1291 1296/1296 1297/1297
f 1258/1258 1297/1297 1260/1260
f 1297/1297 1298/1298 1291/1291
f 1286/1286 1291/1291 1298/1298
f 1258/1258 1299/1299 1297/1297
f 1298/1298 1297/1297 1299/1299
f 1256/1256 1299/1299 1258/1258
f 1287/1287 1276/1276 1270/1270
f 1270/1270 1273/1273 1287/1287
f 1288/1288 1285/1285 1287/1287
f 1289/1289 1287/1287 1273/1273
f 1271/1271 1272/1272 1275/1275
f 1275/1275 1274/1274 1271/1271
f 1290/1290 1273/1273 1266/1266
f 1285/1285 1288/1288 1291/1291
f 1291/1291 1286/1286 1285/1285
f 1266/1266 1292/1292 1290/1290
f 1292/1292 1266/1266 1263/1263
f 1263/1263 1262/1262 1292/1292
f 1292/1292 1293/1293 1290/1290
f 1293/1293 1289/1289 1290/1290
f 1262/1262 1294/1294 1292/1292
f 1293/1293 1292/1292 1294/1294
f 1278/1278 1279/1279 1274/1274
f 1212/1212 1279/1279 1280/1280
f 1280/1280 1209/1209 1212/1212
f 1210/1210 1209/1209 1280/1280
f 1151/1151 1267/1267 1149/1149
f 1268/1268 1265/1265 1264/1264
f 1282/1282 1281/1281 1278/1278
f 1278/1278 1276/1276 1282/1282
f 1280/1280 1281/1281 1283/1283
f 1283/1283 1210/1210 1280/1280
f 1281/1281 1282/1282 1284/1284
f 1284/1284 1283/1283 1281/1281
f 1285/1285 1282/1282 1276/1276
f 1286/1286 1284/1284 1282/1282
f 1282/1282 1285/1285 1286/1286
f 1276/1276 1287/1287 1285/1285
f 1271/1271 1013/1013 1012/1012
f 1273/1273 1270/1270 1268/1268
f 1268/1268 1266/1266 1273/1273
f 1013/1013 1271/1271 1274/1274
f 1257/1257 1254/1254 1258/1258
f 1257/1257 1259/1259 1228/1228
f 1270/1270 1276/1276 1272/1272
f 1272/1272 1276/1276 1275/1275
f 1274/1274 1277/1277 1013/1013
f 995/995 1013/1013 1277/1277
f 1277/1277 1204/1204 995/995
f 1204/1204 1277/1277 1212/1212
f 1274/1274 1275/1275 1278/1278
f 1276/1276 1278/1278 1275/1275
f 1277/1277 1274/1274 1279/1279
f 1279/1279 1212/1212 1277/1277
f 1154/1154 1264/1264 1265/1265
f 1151/1151 1154/1154 1265/1265
f 1264/1264 1263/1263 1266/1266
f 1267/1267 1151/1151 1265/1265
f 1243/1243 1250/1250 1245/1245
f 1244/1244 1248/1248 1251/1251
f 1265/1265 1268/1268 1267/1267
f 1266/1266 1268/1268 1264/1264
f 1267/1267 1269/1269 1149/1149
f 1015/1015 1149/1149 1269/1269
f 1268/1268 1270/1270 1267/1267
f 1015/1015 1269/1269 1271/1271
f 1012/1012 1015/1015 1271/1271
f 1269/1269 1267/1267 1272/1272
f 1272/1272 1271/1271 1269/1269
f 1267/1267 1270/1270 1272/1272
f 1256/1256 1252/1252 1255/1255
f 1254/1254 1257/1257 1236/1236
f 1228/1228 1236/1236 1257/1257
f 1254/1254 1256/1256 1258/1258
f 1242/1242 1238/1238 1240/1240
f 1241/1241 1238/1238 1242/1242
f 1157/1157 1228/1228 1259/1259
f 1260/1260 1257/1257 1258/1258
f 1259/1259 1261/1261 1157/1157
f 1154/1154 1157/1157 1261/1261
f 1259/1259 1257/1257 1262/1262
f 1262/1262 1257/1257 1260/1260
f 1261/1261 1259/1259 1263/1263
f 1262/1262 1263/1263 1259/1259
f 1264/1264 1154/1154 1261/1261
f 1263/1263 1264/1264 1261/1261
f 1247/1247 1245/1245 1249/1249
f 1248/1248 1247/1247 1249/1249
f 1245/1245 1250/1250 1249/1249
f 1250/1250 1248/1248 1249/1249
f 1233/1233 1234/1234 1231/1231
f 1230/1230 1234/1234 1232/1232
f 1250/1250 1251/1251 1248/1248
f 1252/1252 1234/1234 1244/1244
f 1251/1251 1252/1252 1244/1244
f 1234/1234 1252/1252 1232/1232
f 1251/1251 1250/1250 1253/1253
f 1252/1252 1254/1254 1232/1232
f 1236/1236 1232/1232 1254/1254
f 1252/1252 1251/1251 1255/1255
f 1253/1253 1255/1255 1251/1251
f 1252/1252 1256/1256 1254/1254
f 1238/1238 1237/1237 1240/1240
f 1237/1237 1239/1239 1240/1240
f 1238/1238 1241/1241 1233/1233
f 1234/1234 1233/1233 1241/1241
f 1223/1223 1224/1224 1225/1225
f 1161/1161 1225/1225 1226/1226
f 1243/1243 1240/1240 1239/1239
f 1241/1241 1244/1244 1234/1234
f 1240/1240 1243/1243 1245/1245
f 1242/1242 1240/1240 1245/1245
f 1242/1242 1246/1246 1241/1241
f 1244/1244 1241/1241 1246/1246
f 1246/1246 1242/1242 1247/1247
f 1242/1242 1245/1245 1247/1247
f 1248/1248 1244/1244 1246/1246
f 1247/1247 1248/1248 1246/1246
f 1227/1227 1231/1231 1224/1224
f 1232/1232 1229/1229 1230/1230
f 1231/1231 1227/1227 1233/1233
f 1234/1234 1230/1230 1231/1231
f 1218/1218 1214/1214 1217/1217
f 1219/1219 1183/1183 1216/1216
f 1235/1235 1233/1233 1227/1227
f 1227/1227 1218/1218 1235/1235
f 1229/1229 1232/1232 1236/1236
f 1236/1236 1228/1228 1229/1229
f 1218/1218 1237/1237 1235/1235
f 1237/1237 1218/1218 1217/1217
f 1233/1233 1235/1235 1238/1238
f 1235/1235 1237/1237 1238/1238
f 1217/1217 1239/1239 1237/1237
f 1239/1239 1217/1217 1215/1215
f 1223/1223 1161/1161 1163/1163
f 1220/1220 1224/1224 1222/1222
f 1224/1224 1223/1223 1222/1222
f 1225/1225 1161/1161 1223/1223
f 1207/1207 1205/1205 1209/1209
f 1204/1204 1209/1209 1205/1205
f 1159/1159 1161/1161 1226/1226
f 1224/1224 1220/1220 1227/1227
f 1220/1220 1218/1218 1227/1227
f 1159/1159 1226/1226 1228/1228
f 1228/1228 1157/1157 1159/1159
f 1226/1226 1225/1225 1229/1229
f 1229/1229 1228/1228 1226/1226
f 1224/1224 1230/1230 1225/1225
f 1230/1230 1229/1229 1225/1225
f 1230/1230 1224/1224 1231/1231
f 1216/1216 1183/1183 1185/1185
f 1214/1214 1211/1211 1217/1217
f 1211/1211 1215/1215 1217/1217
f 1218/1218 1216/1216 1214/1214
f 1199/1199 1202/1202 1201/1201
f 1202/1202 986/986 993/993
f 1183/1183 1219/1219 1168/1168
f 1220/1220 1216/1216 1218/1218
f 1216/1216 1220/1220 1219/1219
f 1221/1221 1168/1168 1219/1219
f 1168/1168 1221/1221 1165/1165
f 1163/1163 1165/1165 1221/1221
f 1219/1219 1222/1222 1221/1221
f 1222/1222 1219/1219 1220/1220
f 1221/1221 1223/1223 1163/1163
f 1223/1223 1221/1221 1222/1222
f 1205/1205 1207/1207 1206/1206
f 1186/1186 1206/1206 1208/1208
f 1207/1207 1208/1208 1206/1206
f 1208/1208 1184/1184 1186/1186
f 1197/1197 1196/1196 483/483
f 1197/1197 1195/1195 1196/1196
f 1210/1210 1208/1208 1207/1207
f 1209/1209 1210/1210 1207/1207
f 1184/1184 1208/1208 1211/1211
f 1209/1209 1204/1204 1212/1212
f 1208/1208 1213/1213 1211/1211
f 1208/1208 1210/1210 1213/1213
f 1184/1184 1211/1211 1214/1214
f 1185/1185 1184/1184 1214/1214
f 1211/1211 1213/1213 1215/1215
f 1216/1216 1185/1185 1214/1214
f 986/986 1199/1199 1200/1200
f 1195/1195 1199/1199 1201/1201
f 1195/1195 1201/1201 1191/1191
f 986/986 1202/1202 1199/1199
f 1190/1190 1191/1191 1189/1189
f 1190/1190 1080/1080 1192/1192
f 1191/1191 1201/1201 1203/1203
f 1201/1201 1202/1202 1203/1203
f 1203/1203 1188/1188 1191/1191
f 1202/1202 993/993 1204/1204
f 993/993 995/995 1204/1204
f 1203/1203 1202/1202 1205/1205
f 1204/1204 1205/1205 1202/1202
f 1188/1188 1203/1203 1206/1206
f 1205/1205 1206/1206 1203/1203
f 1206/1206 1186/1186 1188/1188
f 1196/1196 1194/1194 481/481
f 1194/1194 1196/1196 1195/1195
f 482/482 1196/1196 481/481
f 483/483 1196/1196 482/482
f 1182/1182 1181/1181 1176/1176
f 1170/1170 1181/1181 1183/1183
f 483/483 484/484 1197/1197
f 921/921 1197/1197 484/484
f 921/921 1198/1198 1197/1197
f 1198/1198 921/921 984/984
f 1199/1199 1195/1195 1197/1197
f 1199/1199 1197/1197 1198/1198
f 1200/1200 1198/1198 984/984
f 1198/1198 1200/1200 1199/1199
f 983/983 1200/1200 984/984
f 983/983 986/986 1200/1200
f 1188/1188 1187/1187 1189/1189
f 1180/1180 1190/1190 1189/1189
f 1190/1190 1180/1180 1080/1080
f 1189/1189 1191/1191 1188/1188
f 1174/1174 1088/1088 1175/1175
f 1174/1174 1176/1176 1172/1172
f 1192/1192 1080/1080 478/478
f 479/479 1192/1192 478/478
f 1192/1192 1193/1193 1190/1190
f 1191/1191 1190/1190 1193/1193
f 479/479 1194/1194 1192/1192
f 1193/1193 1192/1192 1194/1194
f 1194/1194 479/479 480/480
f 481/481 1194/1194 480/480
f 1194/1194 1195/1195 1193/1193
f 1195/1195 1191/1191 1193/1193
f 1179/1179 1178/1178 1180/1180
f 1172/1172 1176/1176 1181/1181
f 1181/1181 1170/1170 1172/1172
f 1182/1182 1176/1176 1179/1179
f 1103/1103 1167/1167 1104/1104
f 1165/1165 1166/1166 1168/1168
f 1168/1168 1170/1170 1183/1183
f 1184/1184 1181/1181 1182/1182
f 1183/1183 1181/1181 1185/1185
f 1181/1181 1184/1184 1185/1185
f 1186/1186 1182/1182 1179/1179
f 1182/1182 1186/1186 1184/1184
f 1186/1186 1179/1179 1187/1187
f 1180/1180 1187/1187 1179/1179
f 1188/1188 1186/1186 1187/1187
f 1187/1187 1180/1180 1189/1189
f 1087/1087 1088/1088 1173/1173
f 1171/1171 1173/1173 1174/1174
f 1088/1088 1174/1174 1173/1173
f 1171/1171 1174/1174 1172/1172
f 1158/1158 1161/1161 1156/1156
f 1161/1161 1159/1159 1156/1156
f 1176/1176 1174/1174 1175/1175
f 1088/1088 1177/1177 1175/1175
f 1088/1088 1082/1082 1177/1177
f 1177/1177 1082/1082 1081/1081
f 1081/1081 1178/1178 1177/1177
f 1175/1175 1177/1177 1178/1178
f 1178/1178 1081/1081 1080/1080
f 1179/1179 1175/1175 1178/1178
f 1175/1175 1179/1179 1176/1176
f 1178/1178 1080/1080 1180/1180
f 1164/1164 1166/1166 1165/1165
f 1166/1166 1128/1128 1167/1167
f 1106/1106 1167/1167 1128/1128
f 1167/1167 1106/1106 1104/1104
f 1152/1152 1145/1145 1144/1144
f 1144/1144 1150/1150 1152/1152
f 1167/1167 1103/1103 1169/1169
f 1167/1167 1170/1170 1166/1166
f 1170/1170 1167/1167 1169/1169
f 1170/1170 1168/1168 1166/1166
f 1103/1103 1171/1171 1169/1169
f 1103/1103 1093/1093 1171/1171
f 1169/1169 1172/1172 1170/1170
f 1169/1169 1171/1171 1172/1172
f 1173/1173 1171/1171 1093/1093
f 1087/1087 1173/1173 1093/1093
f 1148/1148 1158/1158 1150/1150
f 1159/1159 1157/1157 1156/1156
f 1148/1148 1160/1160 1158/1158
f 1132/1132 1160/1160 1148/1148
f 1143/1143 1126/1126 1132/1132
f 1144/1144 1141/1141 1142/1142
f 1160/1160 1132/1132 1162/1162
f 1130/1130 1162/1162 1132/1132
f 1160/1160 1163/1163 1158/1158
f 1158/1158 1163/1163 1161/1161
f 1130/1130 1164/1164 1162/1162
f 1164/1164 1130/1130 1128/1128
f 1162/1162 1165/1165 1160/1160
f 1165/1165 1162/1162 1164/1164
f 1165/1165 1163/1163 1160/1160
f 1166/1166 1164/1164 1128/1128
f 1150/1150 1146/1146 1148/1148
f 1150/1150 1144/1144 1146/1146
f 1149/1149 1147/1147 1151/1151
f 1145/1145 1151/1151 1147/1147
f 1024/1024 1137/1137 1023/1023
f 1137/1137 1133/1133 1138/1138
f 1151/1151 1145/1145 1153/1153
f 1145/1145 1152/1152 1153/1153
f 1154/1154 1151/1151 1153/1153
f 1152/1152 1154/1154 1153/1153
f 1152/1152 1150/1150 1155/1155
f 1154/1154 1152/1152 1155/1155
f 1155/1155 1150/1150 1156/1156
f 1157/1157 1154/1154 1155/1155
f 1156/1156 1157/1157 1155/1155
f 1150/1150 1158/1158 1156/1156
f 1139/1139 1142/1142 1141/1141
f 1143/1143 1140/1140 1124/1124
f 1140/1140 1143/1143 1142/1142
f 1126/1126 1143/1143 1124/1124
f 1126/1126 1130/1130 1132/1132
f 1133/1133 1131/1131 1129/1129
f 1144/1144 1142/1142 1143/1143
f 1145/1145 1028/1028 1141/1141
f 1144/1144 1145/1145 1141/1141
f 1146/1146 1144/1144 1143/1143
f 1132/1132 1146/1146 1143/1143
f 1028/1028 1145/1145 1147/1147
f 1147/1147 1030/1030 1028/1028
f 1148/1148 1146/1146 1132/1132
f 1147/1147 1149/1149 1030/1030
f 1149/1149 1015/1015 1030/1030
f 1024/1024 1025/1025 1136/1136
f 1137/1137 1136/1136 1135/1135
f 1136/1136 1137/1137 1024/1024
f 1133/1133 1137/1137 1135/1135
f 1122/1122 1115/1115 1123/1123
f 1115/1115 1116/1116 1123/1123
f 1127/1127 1138/1138 1133/1133
f 1137/1137 1139/1139 1023/1023
f 1138/1138 1139/1139 1137/1137
f 1026/1026 1023/1023 1139/1139
f 1140/1140 1138/1138 1127/1127
f 1138/1138 1140/1140 1139/1139
f 1127/1127 1124/1124 1140/1140
f 1139/1139 1141/1141 1026/1026
f 1141/1141 1028/1028 1026/1026
f 1142/1142 1139/1139 1140/1140
f 1120/1120 1127/1127 1129/1129
f 1125/1125 1128/1128 1130/1130
f 1126/1126 1125/1125 1130/1130
f 1120/1120 1129/1129 1131/1131
f 1115/1115 1112/1112 1111/1111
f 1112/1112 1115/1115 1114/1114
f 1127/1127 1133/1133 1129/1129
f 1134/1134 1120/1120 1131/1131
f 1120/1120 1134/1134 1042/1042
f 1134/1134 1037/1037 1042/1042
f 1037/1037 1134/1134 1034/1034
f 1135/1135 1134/1134 1131/1131
f 1131/1131 1133/1133 1135/1135
f 1136/1136 1034/1034 1134/1134
f 1134/1134 1135/1135 1136/1136
f 1034/1034 1136/1136 1025/1025
f 1118/1118 1121/1121 1119/1119
f 1120/1120 1119/1119 1121/1121
f 1115/1115 1122/1122 1118/1118
f 1121/1121 1118/1118 1122/1122
f 1108/1108 1107/1107 1105/1105
f 1106/1106 1108/1108 1102/1102
f 1122/1122 1124/1124 1121/1121
f 1125/1125 1123/1123 1116/1116
f 1108/1108 1125/1125 1116/1116
f 1122/1122 1123/1123 1126/1126
f 1123/1123 1125/1125 1126/1126
f 1124/1124 1122/1122 1126/1126
f 1125/1125 1108/1108 1106/1106
f 1124/1124 1127/1127 1121/1121
f 1127/1127 1120/1120 1121/1121
f 1128/1128 1125/1125 1106/1106
f 1046/1046 1113/1113 1040/1040
f 1113/1113 1041/1041 1040/1040
f 1113/1113 1112/1112 1114/1114
f 1114/1114 1041/1041 1113/1113
f 1092/1092 1093/1093 1100/1100
f 1099/1099 1096/1096 1101/1101
f 1111/1111 1108/1108 1116/1116
f 1115/1115 1111/1111 1116/1116
f 1041/1041 1114/1114 1117/1117
f 1041/1041 1117/1117 1044/1044
f 1118/1118 1114/1114 1115/1115
f 1114/1114 1118/1118 1117/1117
f 1117/1117 1119/1119 1044/1044
f 1119/1119 1117/1117 1118/1118
f 1120/1120 1044/1044 1119/1119
f 1042/1042 1044/1044 1120/1120
f 1061/1061 1105/1105 1107/1107
f 1107/1107 1058/1058 1061/1061
f 1058/1058 1107/1107 1051/1051
f 1102/1102 1108/1108 1105/1105
f 1092/1092 1086/1086 1090/1090
f 1092/1092 1091/1091 1089/1089
f 1109/1109 1051/1051 1107/1107
f 1107/1107 1108/1108 1109/1109
f 1051/1051 1109/1109 1110/1110
f 1051/1051 1110/1110 1048/1048
f 1048/1048 1110/1110 1046/1046
f 1111/1111 1110/1110 1109/1109
f 1108/1108 1111/1111 1109/1109
f 1110/1110 1112/1112 1046/1046
f 1110/1110 1111/1111 1112/1112
f 1112/1112 1113/1113 1046/1046
f 1094/1094 1098/1098 1061/1061
f 1096/1096 1099/1099 1097/1097
f 1099/1099 1098/1098 1097/1097
f 1096/1096 1092/1092 1100/1100
f 1084/1084 1066/1066 1083/1083
f 1084/1084 1064/1064 1066/1066
f 1100/1100 1101/1101 1096/1096
f 1102/1102 1098/1098 1099/1099
f 1101/1101 1100/1100 1103/1103
f 1093/1093 1103/1103 1100/1100
f 1101/1101 1104/1104 1099/1099
f 1104/1104 1101/1101 1103/1103
f 1104/1104 1102/1102 1099/1099
f 1105/1105 1098/1098 1102/1102
f 1105/1105 1061/1061 1098/1098
f 1104/1104 1106/1106 1102/1102
f 1086/1086 1087/1087 1090/1090
f 1091/1091 1057/1057 1089/1089
f 1059/1059 1057/1057 1091/1091
f 1086/1086 1092/1092 1089/1089
f 1075/1075 476/476 1077/1077
f 1075/1075 1077/1077 1076/1076
f 1090/1090 1087/1087 1093/1093
f 1093/1093 1092/1092 1090/1090
f 1091/1091 1094/1094 1059/1059
f 1061/1061 1059/1059 1094/1094
f 1091/1091 1092/1092 1095/1095
f 1094/1094 1091/1091 1095/1095
f 1092/1092 1096/1096 1095/1095
f 1095/1095 1097/1097 1094/1094
f 1097/1097 1095/1095 1096/1096
f 1098/1098 1094/1094 1097/1097
f 1078/1078 1081/1081 1082/1082
f 1082/1082 1083/1083 1071/1071
f 1068/1068 1071/1071 1083/1083
f 1068/1068 1083/1083 1066/1066
f 1071/1071 1068/1068 1069/1069
f 1070/1070 820/820 1072/1072
f 1083/1083 1082/1082 1085/1085
f 1085/1085 1084/1084 1083/1083
f 1064/1064 1084/1084 1086/1086
f 1086/1086 1060/1060 1064/1064
f 1084/1084 1085/1085 1087/1087
f 1087/1087 1086/1086 1084/1084
f 1085/1085 1082/1082 1088/1088
f 1088/1088 1087/1087 1085/1085
f 1060/1060 1086/1086 1089/1089
f 1057/1057 1060/1060 1089/1089
f 475/475 476/476 1075/1075
f 1076/1076 1069/1069 1074/1074
f 1076/1076 1074/1074 1075/1075
f 1069/1069 1076/1076 1071/1071
f 1062/1062 798/798 1063/1063
f 798/798 804/804 1063/1063
f 476/476 477/477 1077/1077
f 1078/1078 1076/1076 1077/1077
f 1078/1078 1071/1071 1076/1076
f 1079/1079 1077/1077 477/477
f 1077/1077 1079/1079 1078/1078
f 1080/1080 1079/1079 477/477
f 1080/1080 477/477 478/478
f 1081/1081 1078/1078 1079/1079
f 1079/1079 1080/1080 1081/1081
f 1071/1071 1078/1078 1082/1082
f 1065/1065 1069/1069 1068/1068
f 818/818 1070/1070 1067/1067
f 1070/1070 1069/1069 1067/1067
f 1070/1070 818/818 820/820
f 1053/1053 1052/1052 1054/1054
f 1052/1052 794/794 1055/1055
f 823/823 1072/1072 820/820
f 456/456 1072/1072 823/823
f 1072/1072 456/456 474/474
f 1072/1072 474/474 1073/1073
f 1072/1072 1073/1073 1070/1070
f 474/474 475/475 1073/1073
f 1074/1074 1070/1070 1073/1073
f 1069/1069 1070/1070 1074/1074
f 1073/1073 475/475 1075/1075
f 1073/1073 1075/1075 1074/1074
f 1057/1057 1056/1056 1060/1060
f 1059/1059 1061/1061 1058/1058
f 1056/1056 798/798 1062/1062
f 1060/1060 1056/1056 1062/1062
f 786/786 1047/1047 1045/1045
f 1047/1047 786/786 789/789
f 805/805 1063/1063 804/804
f 1060/1060 1062/1062 1064/1064
f 1063/1063 805/805 1065/1065
f 1062/1062 1063/1063 1066/1066
f 1064/1064 1062/1062 1066/1066
f 805/805 1067/1067 1065/1065
f 1067/1067 805/805 818/818
f 1068/1068 1063/1063 1065/1065
f 1063/1063 1068/1068 1066/1066
f 1069/1069 1065/1065 1067/1067
f 1049/1049 1050/1050 1053/1053
f 1053/1053 1050/1050 1052/1052
f 1053/1053 1051/1051 1049/1049
f 792/792 794/794 1052/1052
f 597/597 1038/1038 1036/1036
f 1039/1039 1035/1035 1036/1036
f 1054/1054 1052/1052 1055/1055
f 794/794 1056/1056 1055/1055
f 1056/1056 794/794 797/797
f 798/798 1056/1056 797/797
f 1054/1054 1055/1055 1057/1057
f 1057/1057 1055/1055 1056/1056
f 1054/1054 1058/1058 1053/1053
f 1051/1051 1053/1053 1058/1058
f 1057/1057 1059/1059 1054/1054
f 1058/1058 1054/1054 1059/1059
f 1041/1041 1044/1044 1039/1039
f 606/606 1045/1045 1043/1043
f 1045/1045 606/606 786/786
f 1043/1043 1046/1046 1040/1040
f 587/587 1031/1031 1029/1029
f 1031/1031 587/587 591/591
f 790/790 1047/1047 789/789
f 1048/1048 1043/1043 1045/1045
f 1043/1043 1048/1048 1046/1046
f 1049/1049 1045/1045 1047/1047
f 1045/1045 1049/1049 1048/1048
f 1047/1047 790/790 1050/1050
f 1050/1050 1049/1049 1047/1047
f 1050/1050 790/790 792/792
f 1049/1049 1051/1051 1048/1048
f 1050/1050 792/792 1052/1052
f 1033/1033 594/594 1036/1036
f 1035/1035 1033/1033 1036/1036
f 597/597 1036/1036 594/594
f 1034/1034 1035/1035 1037/1037
f 1020/1020 1021/1021 1023/1023
f 1024/1024 1021/1021 1022/1022
f 1038/1038 1039/1039 1036/1036
f 1035/1035 1039/1039 1037/1037
f 1040/1040 1038/1038 597/597
f 602/602 1040/1040 597/597
f 1038/1038 1041/1041 1039/1039
f 1040/1040 1041/1041 1038/1038
f 1039/1039 1042/1042 1037/1037
f 1043/1043 1040/1040 602/602
f 606/606 1043/1043 602/602
f 1042/1042 1039/1039 1044/1044
f 1029/1029 948/948 539/539
f 587/587 1029/1029 539/539
f 1028/1028 1030/1030 1017/1017
f 1030/1030 1015/1015 1017/1017
f 1012/1012 1011/1011 1015/1015
f 1016/1016 1014/1014 1006/1006
f 592/592 1031/1031 591/591
f 1032/1032 1029/1029 1031/1031
f 1029/1029 1032/1032 1027/1027
f 1033/1033 1031/1031 592/592
f 1033/1033 1032/1032 1031/1031
f 594/594 1033/1033 592/592
f 1034/1034 1027/1027 1032/1032
f 1027/1027 1034/1034 1025/1025
f 1032/1032 1033/1033 1035/1035
f 1035/1035 1034/1034 1032/1032
f 1019/1019 953/953 1021/1021
f 1021/1021 1020/1020 1019/1019
f 1021/1021 953/953 1022/1022
f 953/953 955/955 1022/1022
f 1005/1005 1006/1006 1003/1003
f 1004/1004 1007/1007 997/997
f 1024/1024 1023/1023 1021/1021
f 1025/1025 1022/1022 955/955
f 1025/1025 1024/1024 1022/1022
f 1023/1023 1026/1026 1020/1020
f 1026/1026 1018/1018 1020/1020
f 955/955 1027/1027 1025/1025
f 948/948 1027/1027 955/955
f 1028/1028 1018/1018 1026/1026
f 1028/1028 1017/1017 1018/1018
f 1027/1027 948/948 1029/1029
f 1013/1013 995/995 1010/1010
f 1010/1010 1012/1012 1013/1013
f 1014/1014 1011/1011 1008/1008
f 1006/1006 1014/1014 1008/1008
f 998/998 999/999 1000/1000
f 999/999 957/957 1000/1000
f 1006/1006 1005/1005 1016/1016
f 1011/1011 1014/1014 1017/1017
f 1017/1017 1015/1015 1011/1011
f 1014/1014 1016/1016 1018/1018
f 1018/1018 1017/1017 1014/1014
f 1019/1019 1016/1016 1005/1005
f 1005/1005 950/950 1019/1019
f 953/953 1019/1019 950/950
f 1016/1016 1019/1019 1020/1020
f 1016/1016 1020/1020 1018/1018
f 1003/1003 1004/1004 1002/1002
f 1003/1003 951/951 1005/1005
f 950/950 1005/1005 951/951
f 1004/1004 1003/1003 1006/1006
f 987/987 990/990 991/991
f 992/992 988/988 989/989
f 994/994 997/997 1007/1007
f 1008/1008 1007/1007 1004/1004
f 1004/1004 1006/1006 1008/1008
f 1009/1009 994/994 1007/1007
f 1008/1008 1009/1009 1007/1007
f 994/994 1009/1009 1010/1010
f 995/995 994/994 1010/1010
f 1009/1009 1008/1008 1011/1011
f 1012/1012 1010/1010 1009/1009
f 1011/1011 1012/1012 1009/1009
f 970/970 998/998 990/990
f 998/998 970/970 999/999
f 999/999 970/970 969/969
f 999/999 969/969 957/957
f 979/979 983/983 981/981
f 983/983 979/979 982/982
f 1000/1000 996/996 998/998
f 1000/1000 957/957 1001/1001
f 952/952 1001/1001 957/957
f 996/996 1000/1000 1002/1002
f 1001/1001 1002/1002 1000/1000
f 996/996 1002/1002 997/997
f 1001/1001 952/952 951/951
f 1002/1002 1001/1001 1003/1003
f 951/951 1003/1003 1001/1001
f 1002/1002 1004/1004 997/997
f 985/985 989/989 988/988
f 990/990 987/987 976/976
f 990/990 976/976 970/970
f 987/987 991/991 989/989
f 975/975 972/972 973/973
f 972/972 975/975 974/974
f 989/989 991/991 992/992
f 988/988 992/992 993/993
f 988/988 993/993 986/986
f 992/992 991/991 994/994
f 995/995 993/993 992/992
f 992/992 994/994 995/995
f 990/990 996/996 991/991
f 997/997 994/994 991/991
f 996/996 997/997 991/991
f 998/998 996/996 990/990
f 919/919 979/979 981/981
f 918/918 919/919 981/981
f 981/981 921/921 918/918
f 978/978 982/982 979/979
f 963/963 967/967 965/965
f 968/968 929/929 966/966
f 921/921 981/981 984/984
f 981/981 983/983 984/984
f 978/978 985/985 982/982
f 985/985 978/978 980/980
f 986/986 983/983 982/982
f 987/987 985/985 980/980
f 980/980 976/976 987/987
f 982/982 985/985 988/988
f 986/986 982/982 988/988
f 989/989 985/985 987/987
f 968/968 971/971 973/973
f 972/972 968/968 973/973
f 974/974 926/926 972/972
f 926/926 974/974 919/919
f 956/956 959/959 960/960
f 961/961 937/937 958/958
f 971/971 976/976 973/973
f 971/971 970/970 976/976
f 975/975 973/973 977/977
f 973/973 976/976 977/977
f 975/975 978/978 974/974
f 978/978 975/975 977/977
f 974/974 979/979 919/919
f 979/979 974/974 978/978
f 976/976 980/980 977/977
f 978/978 977/977 980/980
f 962/962 966/966 964/964
f 966/966 962/962 965/965
f 929/929 964/964 966/966
f 967/967 966/966 965/965
f 951/951 943/943 945/945
f 945/945 950/950 951/951
f 966/966 967/967 968/968
f 927/927 929/929 968/968
f 969/969 963/963 959/959
f 969/969 959/959 957/957
f 967/967 963/963 970/970
f 970/970 963/963 969/969
f 971/971 968/968 967/967
f 967/967 970/970 971/971
f 968/968 972/972 927/927
f 926/926 927/927 972/972
f 939/939 958/958 937/937
f 959/959 956/956 954/954
f 954/954 957/957 959/959
f 960/960 958/958 956/956
f 531/531 942/942 528/528
f 940/940 943/943 941/941
f 960/960 961/961 958/958
f 937/937 961/961 935/935
f 960/960 962/962 961/961
f 962/962 935/935 961/961
f 959/959 963/963 960/960
f 935/935 962/962 964/964
f 935/935 964/964 931/931
f 964/964 929/929 931/931
f 962/962 960/960 965/965
f 965/965 960/960 963/963
f 947/947 946/946 949/949
f 948/948 949/949 946/946
f 950/950 945/945 947/947
f 949/949 950/950 947/947
f 519/519 934/934 516/516
f 931/931 933/933 935/935
f 943/943 951/951 952/952
f 943/943 952/952 941/941
f 950/950 949/949 953/953
f 952/952 954/954 941/941
f 955/955 953/953 949/949
f 949/949 948/948 955/955
f 956/956 941/941 954/954
f 941/941 956/956 939/939
f 957/957 954/954 952/952
f 958/958 939/939 956/956
f 528/528 940/940 525/525
f 938/938 941/941 939/939
f 940/940 941/941 938/938
f 942/942 940/940 528/528
f 923/923 925/925 927/927
f 927/927 926/926 923/923
f 942/942 943/943 940/940
f 942/942 531/531 944/944
f 534/534 944/944 531/531
f 943/943 942/942 945/945
f 944/944 945/945 942/942
f 944/944 534/534 946/946
f 947/947 945/945 944/944
f 946/946 947/947 944/944
f 534/534 948/948 946/946
f 948/948 534/534 539/539
f 932/932 933/933 930/930
f 931/931 930/930 933/933
f 932/932 516/516 934/934
f 934/934 933/933 932/932
f 921/921 485/485 918/918
f 485/485 921/921 484/484
f 934/934 519/519 936/936
f 522/522 936/936 519/519
f 933/933 934/934 937/937
f 936/936 937/937 934/934
f 937/937 935/935 933/933
f 938/938 936/936 522/522
f 525/525 938/938 522/522
f 936/936 939/939 937/937
f 938/938 939/939 936/936
f 940/940 938/938 525/525
f 925/925 923/923 924/924
f 505/505 925/925 503/503
f 923/923 926/926 916/916
f 919/919 916/916 926/926
f 893/893 914/914 912/912
f 913/913 912/912 914/914
f 925/925 505/505 928/928
f 925/925 929/929 927/927
f 929/929 925/925 928/928
f 505/505 930/930 928/928
f 930/930 505/505 512/512
f 928/928 931/931 929/929
f 931/931 928/928 930/930
f 930/930 512/512 932/932
f 515/515 932/932 512/512
f 516/516 932/932 515/515
f 917/917 916/916 919/919
f 919/919 918/918 917/917
f 916/916 489/489 920/920
f 490/490 920/920 489/489
f 908/908 905/905 904/904
f 908/908 711/711 710/710
f 922/922 920/920 490/490
f 490/490 473/473 922/922
f 499/499 922/922 473/473
f 922/922 923/923 920/920
f 916/916 920/920 923/923
f 922/922 499/499 924/924
f 924/924 923/923 922/922
f 502/502 924/924 499/499
f 503/503 924/924 502/502
f 924/924 503/503 925/925
f 888/888 893/893 912/912
f 906/906 911/911 913/913
f 912/912 913/913 911/911
f 913/913 903/903 906/906
f 733/733 901/901 898/898
f 899/899 902/902 900/900
f 914/914 893/893 903/903
f 903/903 913/913 914/914
f 489/489 487/487 488/488
f 487/487 489/489 915/915
f 915/915 486/486 487/487
f 489/489 916/916 915/915
f 486/486 915/915 917/917
f 916/916 917/917 915/915
f 917/917 918/918 486/486
f 918/918 485/485 486/486
f 715/715 709/709 907/907
f 907/907 709/709 711/711
f 908/908 904/904 907/907
f 711/711 908/908 907/907
f 858/858 851/851 895/895
f 895/895 896/896 894/894
f 909/909 905/905 908/908
f 710/710 909/909 908/908
f 905/905 909/909 906/906
f 909/909 710/710 910/910
f 713/713 910/910 710/710
f 713/713 888/888 910/910
f 911/911 906/906 909/909
f 910/910 911/911 909/909
f 910/910 888/888 912/912
f 910/910 912/912 911/911
f 892/892 900/900 890/890
f 892/892 899/899 900/900
f 890/890 900/900 893/893
f 899/899 898/898 901/901
f 885/885 886/886 887/887
f 888/888 713/713 884/884
f 902/902 899/899 901/901
f 900/900 903/903 893/893
f 903/903 900/900 902/902
f 901/901 733/733 904/904
f 901/901 905/905 902/902
f 905/905 901/901 904/904
f 902/902 906/906 903/903
f 906/906 902/902 905/905
f 733/733 907/907 904/904
f 907/907 733/733 715/715
f 889/889 891/891 892/892
f 890/890 893/893 887/887
f 893/893 888/888 887/887
f 891/891 858/858 894/894
f 891/891 894/894 892/892
f 858/858 895/895 894/894
f 896/896 892/892 894/894
f 851/851 897/897 895/895
f 895/895 897/897 896/896
f 735/735 897/897 851/851
f 735/735 734/734 897/897
f 898/898 897/897 734/734
f 897/897 898/898 896/896
f 734/734 733/733 898/898
f 892/892 896/896 899/899
f 898/898 899/899 896/896
f 506/506 495/495 643/643
f 642/642 644/644 637/637
f 635/635 637/637 644/644
f 642/642 643/643 645/645
f 645/645 643/643 495/495
f 644/644 646/646 635/635
f 635/635 646/646 633/633
f 644/644 642/642 647/647
f 884/884 887/887 888/888
f 869/869 889/889 886/886
f 889/889 869/869 860/860
f 886/886 890/890 887/887
f 890/890 886/886 889/889
f 860/860 891/891 889/889
f 860/860 858/858 891/891
f 889/889 892/892 890/890
f 632/632 651/651 634/634
f 649/649 648/648 652/652
f 652/652 651/651 649/649
f 650/650 652/652 648/648
f 651/651 653/653 634/634
f 636/636 634/634 653/653
f 651/651 652/652 654/654
f 653/653 655/655 636/636
f 655/655 638/638 636/636
f 653/653 651/651 656/656
f 651/651 654/654 656/656
f 655/655 653/653 657/657
f 639/639 642/642 637/637
f 509/509 643/643 641/641
f 643/643 642/642 641/641
f 506/506 643/643 509/509
f 1315/1315 497/497 841/841
f 843/843 1315/1315 841/841
f 495/495 494/494 1311/1311
f 495/495 1311/1311 645/645
f 497/497 1311/1311 494/494
f 1312/1312 645/645 1311/1311
f 647/647 645/645 1312/1312
f 650/650 647/647 1312/1312
f 1311/1311 497/497 1313/1313
f 1311/1311 1313/1313 1312/1312
f 1312/1312 1314/1314 650/650
f 1312/1312 1313/1313 1314/1314
f 648/648 649/649 646/646
f 649/649 632/632 633/633
f 650/650 648/648 647/647
f 651/651 632/632 649/649
f 638/638 660/660 640/640
f 657/657 661/661 655/655
f 662/662 640/640 660/660
f 640/640 662/662 625/625
f 661/661 657/657 663/663
f 659/659 663/663 657/657
f 664/664 655/655 661/661
f 655/655 664/664 658/658
f 663/663 665/665 661/661
f 664/664 661/661 665/665
f 666/666 658/658 664/664
f 658/658 666/666 660/660
f 843/843 650/650 1314/1314
f 497/497 1315/1315 1313/1313
f 1315/1315 1314/1314 1313/1313
f 1314/1314 1315/1315 843/843
f 667/667 669/669 666/666
f 670/670 662/662 668/668
f 670/670 625/625 662/662
f 625/625 670/670 623/623
f 666/666 671/671 668/668
f 671/671 666/666 669/669
f 670/670 668/668 672/672
f 673/673 668/668 671/671
f 668/668 673/673 672/672
f 674/674 670/670 672/672
f 673/673 674/674 672/672
f 675/675 623/623 670/670
f 656/656 657/657 653/653
f 638/638 655/655 658/658
f 657/657 656/656 659/659
f 660/660 638/638 658/658
f 618/618 676/676 677/677
f 677/677 676/676 675/675
f 618/618 677/677 621/621
f 678/678 675/675 674/674
f 677/677 675/675 679/679
f 675/675 678/678 679/679
f 677/677 680/680 621/621
f 681/681 678/678 674/674
f 674/674 673/673 681/681
f 679/679 682/682 677/677
f 680/680 677/677 682/682
f 678/678 683/683 679/679
f 665/665 667/667 664/664
f 666/666 664/664 667/667
f 668/668 660/660 666/666
f 668/668 662/662 660/660
f 867/867 869/869 883/883
f 884/884 881/881 882/882
f 713/713 881/881 884/884
f 885/885 882/882 883/883
f 882/882 885/885 884/884
f 886/886 883/883 869/869
f 883/883 886/886 885/885
f 887/887 884/884 885/885
f 691/691 685/685 688/688
f 686/686 685/685 691/691
f 692/692 690/690 673/673
f 673/673 671/671 692/692
f 670/670 674/674 675/675
f 676/676 623/623 675/675
f 623/623 676/676 617/617
f 676/676 618/618 617/617
f 699/699 874/874 876/876
f 876/876 701/701 699/699
f 877/877 874/874 875/875
f 877/877 876/876 874/874
f 875/875 866/866 877/877
f 701/701 876/876 878/878
f 876/876 877/877 878/878
f 708/708 701/701 878/878
f 877/877 879/879 880/880
f 878/878 881/881 708/708
f 881/881 878/878 880/880
f 879/879 881/881 880/880
f 708/708 881/881 713/713
f 882/882 879/879 867/867
f 879/879 882/882 881/881
f 882/882 867/867 883/883
f 864/864 862/862 867/867
f 868/868 697/697 865/865
f 697/697 868/868 695/695
f 869/869 867/867 862/862
f 862/862 860/860 869/869
f 870/870 695/695 868/868
f 695/695 870/870 694/694
f 868/868 871/871 870/870
f 872/872 694/694 870/870
f 871/871 872/872 870/870
f 694/694 872/872 693/693
f 699/699 693/693 872/872
f 874/874 699/699 872/872
f 873/873 865/865 875/875
f 875/875 874/874 873/873
f 866/866 875/875 865/865
f 851/851 858/858 854/854
f 857/857 859/859 659/659
f 663/663 659/659 859/859
f 858/858 860/860 857/857
f 859/859 857/857 860/860
f 859/859 861/861 663/663
f 665/665 663/663 861/861
f 860/860 862/862 859/859
f 861/861 859/859 862/862
f 861/861 863/863 665/665
f 697/697 665/665 863/863
f 862/862 864/864 861/861
f 879/879 877/877 866/866
f 866/866 864/864 879/879
f 864/864 867/867 879/879
f 878/878 877/877 880/880
f 849/849 853/853 852/852
f 854/854 853/853 850/850
f 851/851 854/854 850/850
f 853/853 654/654 852/852
f 853/853 854/854 855/855
f 855/855 654/654 853/853
f 852/852 654/654 652/652
f 652/652 650/650 852/852
f 852/852 650/650 843/843
f 654/654 855/855 856/856
f 654/654 856/856 656/656
f 856/856 659/659 656/656
f 871/871 868/868 873/873
f 865/865 873/873 868/868
f 871/871 874/874 872/872
f 873/873 874/874 871/871
f 846/846 835/835 741/741
f 842/842 844/844 847/847
f 846/846 847/847 844/844
f 846/846 741/741 848/848
f 847/847 846/846 848/848
f 737/737 848/848 741/741
f 848/848 737/737 735/735
f 849/849 842/842 847/847
f 845/845 842/842 849/849
f 848/848 850/850 847/847
f 849/849 847/847 850/850
f 848/848 735/735 851/851
f 863/863 861/861 864/864
f 863/863 865/865 697/697
f 864/864 866/866 863/863
f 865/865 863/863 866/866
f 464/464 463/463 839/839
f 465/465 464/464 839/839
f 837/837 838/838 840/840
f 839/839 837/837 840/840
f 841/841 465/465 839/839
f 839/839 840/840 841/841
f 465/465 841/841 466/466
f 841/841 497/497 466/466
f 842/842 840/840 838/838
f 836/836 842/842 838/838
f 843/843 841/841 840/840
f 842/842 836/836 844/844
f 857/857 856/856 855/855
f 659/659 856/856 857/857
f 858/858 855/855 854/854
f 855/855 858/858 857/857
f 833/833 830/830 832/832
f 742/742 833/833 832/832
f 830/830 833/833 831/831
f 741/741 833/833 742/742
f 834/834 460/460 831/831
f 461/461 460/460 834/834
f 833/833 835/835 831/831
f 833/833 741/741 835/835
f 836/836 834/834 831/831
f 835/835 836/836 831/831
f 837/837 461/461 834/834
f 461/461 837/837 462/462
f 850/850 848/848 851/851
f 845/845 849/849 852/852
f 843/843 845/845 852/852
f 850/850 853/853 849/849
f 826/826 827/827 458/458
f 821/821 827/827 826/826
f 827/827 459/459 458/458
f 827/827 821/821 828/828
f 828/828 821/821 814/814
f 814/814 812/812 828/828
f 827/827 829/829 459/459
f 828/828 829/829 827/827
f 812/812 830/830 828/828
f 829/829 828/828 830/830
f 829/829 831/831 459/459
f 829/829 830/830 831/831
f 836/836 835/835 844/844
f 840/840 842/842 845/845
f 840/840 845/845 843/843
f 835/835 846/846 844/844
f 819/819 820/820 818/818
f 816/816 814/814 821/821
f 820/820 819/819 822/822
f 820/820 822/822 823/823
f 822/822 456/456 823/823
f 456/456 822/822 455/455
f 819/819 816/816 824/824
f 821/821 824/824 816/816
f 819/819 825/825 822/822
f 822/822 825/825 455/455
f 819/819 824/824 825/825
f 457/457 455/455 825/825
f 463/463 462/462 837/837
f 838/838 834/834 836/836
f 834/834 838/838 837/837
f 839/839 463/463 837/837
f 806/806 807/807 811/811
f 810/810 744/744 812/812
f 812/812 811/811 810/810
f 806/806 811/811 813/813
f 803/803 806/806 813/813
f 811/811 812/812 814/814
f 814/814 813/813 811/811
f 803/803 813/813 815/815
f 805/805 803/803 815/815
f 813/813 814/814 816/816
f 816/816 815/815 813/813
f 805/805 815/815 817/817
f 460/460 459/459 831/831
f 812/812 832/832 830/830
f 744/744 832/832 812/812
f 744/744 742/742 832/832
f 798/798 803/803 804/804
f 803/803 805/805 804/804
f 802/802 806/806 800/800
f 800/800 806/806 803/803
f 807/807 802/802 801/801
f 802/802 807/807 806/806
f 801/801 760/760 808/808
f 760/760 746/746 808/808
f 809/809 801/801 808/808
f 808/808 746/746 809/809
f 801/801 809/809 807/807
f 809/809 746/746 743/743
f 824/824 826/826 825/825
f 825/825 826/826 457/457
f 826/826 824/824 821/821
f 458/458 457/457 826/826
f 766/766 795/795 793/793
f 794/794 793/793 795/795
f 795/795 766/766 765/765
f 796/796 794/794 795/795
f 765/765 796/796 795/795
f 794/794 796/796 797/797
f 796/796 798/798 797/797
f 796/796 765/765 799/799
f 765/765 768/768 799/799
f 798/798 796/796 800/800
f 799/799 800/800 796/796
f 801/801 799/799 768/768
f 815/815 816/816 817/817
f 805/805 817/817 818/818
f 819/819 818/818 817/817
f 816/816 819/819 817/817
f 785/785 786/786 606/606
f 787/787 784/784 767/767
f 785/785 784/784 787/787
f 767/767 770/770 787/787
f 788/788 786/786 785/785
f 787/787 788/788 785/785
f 788/788 789/789 786/786
f 788/788 790/790 789/789
f 787/787 791/791 788/788
f 790/790 788/788 791/791
f 791/791 787/787 770/770
f 791/791 792/792 790/790
f 744/744 809/809 743/743
f 810/810 807/807 809/809
f 809/809 744/744 810/810
f 807/807 810/810 811/811
f 781/781 607/607 780/780
f 778/778 779/779 781/781
f 603/603 607/607 781/781
f 779/779 603/603 781/781
f 782/782 603/603 779/779
f 777/777 782/782 779/779
f 782/782 601/601 603/603
f 777/777 783/783 782/782
f 783/783 601/601 782/782
f 772/772 783/783 777/777
f 605/605 601/601 783/783
f 784/784 783/783 772/772
f 760/760 801/801 768/768
f 800/800 799/799 802/802
f 799/799 801/801 802/802
f 803/803 798/798 800/800
f 775/775 773/773 771/771
f 773/773 775/775 774/774
f 776/776 680/680 774/774
f 775/775 776/776 774/774
f 621/621 680/680 776/776
f 619/619 621/621 776/776
f 777/777 775/775 771/771
f 771/771 772/772 777/777
f 776/776 775/775 778/778
f 619/619 776/776 778/778
f 775/775 777/777 779/779
f 779/779 778/778 775/775
f 770/770 793/793 791/791
f 792/792 791/791 793/793
f 793/793 770/770 766/766
f 793/793 794/794 792/792
f 766/766 764/764 762/762
f 762/762 765/765 766/766
f 763/763 764/764 767/767
f 768/768 765/765 761/761
f 761/761 760/760 768/768
f 767/767 769/769 763/763
f 753/753 763/763 769/769
f 770/770 767/767 764/764
f 764/764 766/766 770/770
f 769/769 771/771 753/753
f 769/769 767/767 772/772
f 772/772 771/771 769/769
f 784/784 605/605 783/783
f 767/767 784/784 772/772
f 784/784 785/785 605/605
f 785/785 606/606 605/605
f 754/754 758/758 756/756
f 757/757 758/758 754/754
f 759/759 755/755 752/752
f 755/755 759/759 757/757
f 760/760 752/752 748/748
f 752/752 760/760 759/759
f 746/746 760/760 748/748
f 761/761 757/757 759/759
f 761/761 759/759 760/760
f 758/758 757/757 762/762
f 757/757 761/761 762/762
f 758/758 763/763 756/756
f 780/780 619/619 778/778
f 609/609 619/619 780/780
f 609/609 780/780 607/607
f 780/780 778/778 781/781
f 745/745 746/746 748/748
f 749/749 747/747 745/745
f 748/748 749/749 745/745
f 747/747 750/750 727/727
f 747/747 749/749 751/751
f 750/750 747/747 751/751
f 749/749 748/748 752/752
f 752/752 751/751 749/749
f 753/753 727/727 750/750
f 753/753 724/724 727/727
f 750/750 751/751 754/754
f 751/751 752/752 755/755
f 771/771 773/773 753/753
f 724/724 753/753 773/773
f 724/724 773/773 774/774
f 774/774 680/680 724/724
f 731/731 737/737 738/738
f 739/739 729/729 736/736
f 740/740 736/736 738/738
f 736/736 740/740 739/739
f 737/737 741/741 738/738
f 738/738 742/742 740/740
f 742/742 738/738 741/741
f 743/743 739/739 740/740
f 744/744 740/740 742/742
f 740/740 744/744 743/743
f 729/729 739/739 745/745
f 745/745 726/726 729/729
f 763/763 753/753 756/756
f 758/758 762/762 764/764
f 764/764 763/763 758/758
f 765/765 762/762 761/761
f 717/717 728/728 718/718
f 726/726 725/725 729/729
f 728/728 717/717 730/730
f 715/715 730/730 717/717
f 728/728 731/731 725/725
f 730/730 732/732 728/728
f 731/731 728/728 732/732
f 730/730 715/715 733/733
f 732/732 730/730 734/734
f 733/733 734/734 730/730
f 735/735 731/731 732/732
f 734/734 735/735 732/732
f 751/751 755/755 754/754
f 756/756 750/750 754/754
f 750/750 756/756 753/753
f 754/754 755/755 757/757
f 720/720 719/719 716/716
f 721/721 682/682 719/719
f 720/720 721/721 719/719
f 721/721 680/680 682/682
f 716/716 722/722 720/720
f 716/716 718/718 722/722
f 721/721 720/720 723/723
f 722/722 723/723 720/720
f 680/680 721/721 724/724
f 723/723 724/724 721/721
f 718/718 725/725 722/722
f 726/726 723/723 722/722
f 739/739 743/743 746/746
f 746/746 745/745 739/739
f 726/726 745/745 747/747
f 727/727 726/726 747/747
f 706/706 711/711 709/709
f 706/706 710/710 711/711
f 705/705 709/709 712/712
f 710/710 707/707 713/713
f 707/707 708/708 713/713
f 712/712 714/714 705/705
f 714/714 691/691 705/705
f 709/709 715/715 712/712
f 714/714 716/716 691/691
f 716/716 686/686 691/691
f 717/717 714/714 712/712
f 712/712 715/715 717/717
f 725/725 731/731 736/736
f 736/736 729/729 725/725
f 731/731 735/735 737/737
f 731/731 738/738 736/736
f 701/701 696/696 699/699
f 700/700 698/698 702/702
f 703/703 698/698 701/701
f 698/698 703/703 702/702
f 704/704 688/688 700/700
f 704/704 700/700 702/702
f 688/688 704/704 705/705
f 691/691 688/688 705/705
f 704/704 702/702 706/706
f 707/707 702/702 703/703
f 702/702 707/707 706/706
f 707/707 703/703 708/708
f 725/725 726/726 722/722
f 727/727 724/724 723/723
f 726/726 727/727 723/723
f 725/725 718/718 728/728
f 669/669 692/692 671/671
f 692/692 693/693 690/690
f 669/669 694/694 692/692
f 693/693 692/692 694/694
f 694/694 669/669 695/695
f 667/667 695/695 669/669
f 696/696 690/690 693/693
f 690/690 696/696 687/687
f 695/695 667/667 697/697
f 665/665 697/697 667/667
f 698/698 687/687 696/696
f 687/687 698/698 689/689
f 718/718 716/716 714/714
f 714/714 717/717 718/718
f 719/719 686/686 716/716
f 682/682 686/686 719/719
f 504/504 500/500 507/507
f 506/506 507/507 500/500
f 504/504 508/508 505/505
f 507/507 506/506 509/509
f 504/504 510/510 508/508
f 510/510 504/504 507/507
f 511/511 505/505 508/508
f 511/511 512/512 505/505
f 513/513 508/508 510/510
f 513/513 511/511 508/508
f 468/468 494/494 493/493
f 494/494 468/468 467/467
f 492/492 493/493 495/495
f 494/494 495/495 493/493
f 471/471 492/492 496/496
f 472/472 471/471 496/496
f 689/689 700/700 688/688
f 698/698 700/700 689/689
f 693/693 699/699 696/696
f 493/493 492/492 491/491
f 1324/1324 1337/1337 1338/1338
f 1329/1329 1327/1327 1326/1326
f 1342/1342 1345/1345 1341/1341
f 1329/1329 1325/1325 1328/1328
f 1322/1322 1320/1320 1326/1326
f 1321/1321 1325/1325 1316/1316
f 1320/1320 1316/1316 1325/1325
f 1323/1323 1322/1322 1324/1324
f 1317/1317 1316/1316 1320/1320
f 1316/1316 1319/1319 1321/1321
f 1322/1322 1317/1317 1320/1320
f 1317/1317 1322/1322 1323/1323
f 1337/1337 1333/1333 1338/1338
f 1349/1349 1351/1351 1353/1353
f 1316/1316 1317/1317 1318/1318
f 1319/1319 1316/1316 1318/1318
f 1349/1349 1350/1350 1345/1345
f 1329/1329 1335/1335 1336/1336
f 1333/1333 1337/1337 1334/1334
f 1334/1334 1336/1336 1335/1335
f 1334/1334 1337/1337 1336/1336
f 1347/1347 1353/1353 1351/1351
f 1329/1329 1336/1336 1339/1339
f 1329/1329 1339/1339 1327/1327
f 1340/1340 1336/1336 1337/1337
f 1336/1336 1340/1340 1339/1339
f 1337/1337 1324/1324 1340/1340
f 1327/1327 1339/1339 1340/1340
f 1322/1322 1340/1340 1324/1324
f 1322/1322 1327/1327 1340/1340
f 1317/1317 1341/1341 1318/1318
f 1318/1318 1341/1341 1319/1319
f 1320/1320 1325/1325 1326/1326
f 1322/1322 1326/1326 1327/1327
f 1325/1325 1321/1321 1328/1328
f 1329/1329 1326/1326 1325/1325
f 1324/1324 1344/1344 1323/1323
f 1319/1319 1357/1357 1332/1332
f 1321/1321 1330/1330 1328/1328
f 1329/1329 1328/1328 1330/1330
f 1319/1319 1331/1331 1321/1321
f 1321/1321 1331/1331 1330/1330
f 1331/1331 1319/1319 1332/1332
f 1333/1333 1331/1331 1332/1332
f 1334/1334 1330/1330 1331/1331
f 1331/1331 1333/1333 1334/1334
f 1329/1329 1330/1330 1335/1335
f 1330/1330 1334/1334 1335/1335
f 1354/1354 1353/1353 1347/1347
f 1343/1343 1345/1345 1350/1350
f 1349/1349 1346/1346 1348/1348
f 1349/1349 1345/1345 1346/1346
f 1347/1347 1348/1348 1344/1344
f 1346/1346 1344/1344 1348/1348
f 1344/1344 1324/1324 1347/1347
f 1345/1345 1342/1342 1346/1346
f 1344/1344 1346/1346 1342/1342
f 1343/1343 1341/1341 1345/1345
f 1332/1332 1357/1357 1333/1333
f 1323/1323 1344/1344 1317/1317
f 1341/1341 1343/1343 1319/1319
f 1344/1344 1342/1342 1317/1317
f 1341/1341 1317/1317 1342/1342
f 1355/1355 1356/1356 1352/1352
f 1349/1349 1348/1348 1351/1351
f 1354/1354 1333/1333 1356/1356
f 1353/1353 1356/1356 1355/1355
f 1356/1356 1353/1353 1354/1354
f 1349/1349 1355/1355 1352/1352
f 1349/1349 1353/1353 1355/1355
f 1333/1333 1354/1354 1338/1338
f 1354/1354 1324/1324 1338/1338
f 1348/1348 1347/1347 1351/1351
f 1324/1324 1354/1354 1347/1347
f 1352/1352 1343/1343 1350/1350
f 1349/1349 1352/1352 1350/1350
f 1357/1357 1356/1356 1333/1333
f 1356/1356 1357/1357 1352/1352
f 1343/1343 1352/1352 1357/1357
f 1357/1357 1319/1319 1343/1343

