# https://github.com/mikedh/trimesh
mtllib material.mtl

o palm_L.obj
usemtl M_UE4Man_ChestLogo
v -0.28176705 0.07092173 0.05973674
v -0.29911683 0.06194790 0.05868519
v -0.29578827 0.07364245 0.04358650
v -0.25215266 0.04771514 0.07359828
v -0.25215266 0.04771514 0.07359828
v -0.25215642 0.04462738 0.07579220
v -0.25215642 0.04462738 0.07579220
v -0.25215642 0.04462738 0.07579220
v -0.25025944 0.04620118 0.07806326
v -0.25025944 0.04620118 0.07806326
v -0.24792443 0.04885562 0.07876147
v -0.24792443 0.04885562 0.07876147
v -0.24744670 0.05174859 0.07759822
v -0.24446301 0.05038257 0.08241356
v -0.24446301 0.05038257 0.08241356
v -0.25187663 0.06220706 0.06255067
v -0.25187663 0.06220706 0.06255067
v -0.24349574 0.05322738 0.08242417
v -0.24257974 0.04919334 0.08602632
v -0.24257974 0.04919334 0.08602632
v -0.24806456 0.07152410 0.06568016
v -0.25114665 0.06502540 0.06073631
v -0.25114665 0.06502540 0.06073631
v -0.24361811 0.07508548 0.06935943
v -0.24696598 0.07400639 0.06360305
v -0.24744616 0.06609566 0.05936779
v -0.24744616 0.06609566 0.05936779
v -0.24504755 0.07315881 0.06175114
v -0.24504755 0.07315881 0.06175114
v -0.24268011 0.07793291 0.06656970
v -0.23995868 0.07682724 0.06518472
v -0.23995868 0.07682724 0.06518472
v -0.23560659 0.07949777 0.07075192
v -0.23460488 0.07788534 0.06775142
v -0.23460488 0.07788534 0.06775142
v -0.23610500 0.07772417 0.07343794
v -0.22702215 0.07742913 0.06843294
v -0.22810308 0.07577796 0.06586565
v -0.22810308 0.07577796 0.06586565
v -0.22393487 0.07228608 0.06189788
v -0.22393487 0.07228608 0.06189788
v -0.22638391 0.07543524 0.07099379
v -0.23632155 0.05264266 0.08792854
v -0.23674486 0.04895301 0.08970929
v -0.23674486 0.04895301 0.08970929
v -0.21983216 0.06939800 0.06470788
v -0.22429172 0.04463322 0.08093823
v -0.22519878 0.04197307 0.08293952
v -0.22084079 0.07214136 0.06260837
v -0.22132836 0.06739516 0.05628098
v -0.22461144 0.06858714 0.05713810
v -0.22461144 0.06858714 0.05713810
v -0.22605954 0.04236717 0.07255865
v -0.22562526 0.06138880 0.05125786
v -0.22857295 0.06359227 0.05199266
v -0.22857295 0.06359227 0.05199266
v -0.22122274 0.06328936 0.05770744
v -0.23155806 0.05915423 0.05030037
v -0.23155806 0.05915423 0.05030037
v -0.22965340 0.05594619 0.04877699
v -0.23826216 0.05595203 0.05261422
v -0.23826216 0.05595203 0.05261422
v -0.22643856 0.05686803 0.05339290
v -0.23028324 0.04144211 0.06675185
v -0.23027132 0.05223437 0.05031646
v -0.23860304 0.05211623 0.05015350
v -0.23498330 0.03728802 0.06292642
v -0.23876492 0.04953702 0.05076302
v -0.23181001 0.03889914 0.06806887
v -0.24084161 0.03788991 0.06268812
v -0.22780911 0.04031821 0.07293821
v -0.23573045 0.03515155 0.06460608
v -0.22671811 0.03943832 0.07672716
v -0.23011140 0.04119785 0.07433868
v -0.22748808 0.04127510 0.08281590
v -0.22905187 0.03986688 0.07794977
v -0.22980599 0.04564817 0.07454897
v -0.23404864 0.03984995 0.06951536
v -0.23403964 0.03570337 0.06790114
v -0.23685233 0.04165299 0.06727816
v -0.23632912 0.03642078 0.06918062
v -0.23614673 0.03481360 0.06545771
v -0.24132089 0.03587563 0.06511153
v -0.23956261 0.03562148 0.06685651
v -0.25071011 0.04411168 0.06956995
v -0.23896937 0.05101402 0.07984043
v -0.25075100 0.04178090 0.07192994
v -0.23704092 0.04692872 0.08846069
v -0.24115674 0.04712136 0.08512844
v -0.24242548 0.04862793 0.08146847
v -0.24587480 0.04732497 0.07782949
v -0.24540619 0.04700763 0.07324101
v -0.24831043 0.04425557 0.07714106
v -0.24990843 0.04230364 0.07442237
v -0.24866746 0.05500062 0.05779756
v -0.24761365 0.05722208 0.05679704
v -0.24486421 0.05925293 0.05697192
v -0.23958711 0.06566973 0.06596030
v -0.23102514 0.06195410 0.06168152
v -0.23326699 0.07302482 0.06920208
v -0.22657845 0.06943674 0.06467510
v -0.30617509 -0.00807719 0.07452024
v -0.30617509 -0.00807719 0.07452024
v -0.30569367 -0.01029365 0.07425452
v -0.30569367 -0.01029365 0.07425452
v -0.30459718 -0.00982241 0.07556761
v -0.30459718 -0.00982241 0.07556761
v -0.30493395 -0.00762324 0.07562269
v -0.30493395 -0.00762324 0.07562269
v -0.30685047 -0.00642775 0.07687760
v -0.30685047 -0.00642775 0.07687760
v -0.30792336 -0.00713818 0.07575227
v -0.30792336 -0.00713818 0.07575227
v -0.31050036 -0.00747608 0.07769681
v -0.31050036 -0.00747608 0.07769681
v -0.30984406 -0.00668411 0.07894732
v -0.31267587 -0.00993197 0.08133186
v -0.31310384 -0.01121341 0.07998551
v -0.31310384 -0.01121341 0.07998551
v -0.31054179 -0.00208835 0.07928885
v -0.31684778 -0.01262604 0.08069242
v -0.31684778 -0.01262604 0.08069242
v -0.30471919 -0.00228541 0.07528437
v -0.30471919 -0.00228541 0.07528437
v -0.31784175 -0.01068102 0.08331443
v -0.32081626 -0.01121061 0.08196021
v -0.32207666 -0.01337139 0.07359804
v -0.32207666 -0.01337139 0.07359804
v -0.31340776 0.00125112 0.08022488
v -0.32453738 -0.01173215 0.07668699
v -0.31694100 0.00118168 0.07802726
v -0.32520662 -0.01173096 0.07332242
v -0.32095913 0.00058384 0.07258464
v -0.31116740 0.01622190 0.07884480
v -0.30563668 0.01722558 0.07532633
v -0.29871796 0.01259501 0.07070089
v -0.29871796 0.01259501 0.07070089
v -0.29896764 0.01567258 0.07077981
v -0.29896764 0.01567258 0.07077981
v -0.31588898 0.01746716 0.07647527
v -0.30354587 0.02011593 0.07379879
v -0.29881344 0.01784529 0.07060779
v -0.29881344 0.01784529 0.07060779
v -0.29987363 0.02027614 0.07126463
v -0.29987363 0.02027614 0.07126463
v -0.31033520 0.01759036 0.07660771
v -0.30209700 0.02087302 0.07277800
v -0.30650632 0.01766033 0.07324935
v -0.30440287 0.02024634 0.07181932
v -0.30283121 0.02100940 0.07079590
v -0.30042390 0.02022906 0.06931163
v -0.30042390 0.02022906 0.06931163
v -0.30422388 0.01882179 0.07107438
v -0.30095492 0.01606150 0.06880117
v -0.30095492 0.01606150 0.06880117
v -0.30605213 0.01653524 0.07237566
v -0.30143748 0.01406367 0.06905151
v -0.30143748 0.01406367 0.06905151
v -0.30259142 0.00932176 0.06748999
v -0.30259142 0.00932176 0.06748999
v -0.30905114 0.01547100 0.07384134
v -0.31190602 0.01555540 0.07406164
v -0.30747406 0.00865663 0.06118489
v -0.30747406 0.00865663 0.06118489
v -0.31408844 0.01813902 0.07522453
v -0.31703935 0.01482357 0.06709708
v -0.31911258 0.01747377 0.06804992
v -0.32124374 0.01670374 0.06921006
v -0.31596295 0.01448567 0.06446422
v -0.30908034 0.01300503 0.05900157
v -0.30908034 0.01300503 0.05900157
v -0.31782047 0.01643474 0.06495727
v -0.32067261 0.01550157 0.06416000
v -0.32194255 0.00006147 0.06883920
v -0.31673543 0.01569290 0.06056930
v -0.31494562 0.01648827 0.06211866
v -0.31386815 0.01545186 0.06209053
v -0.30889658 0.01496030 0.05834533
v -0.30889658 0.01496030 0.05834533
v -0.31231151 0.01769997 0.06042076
v -0.30966280 0.01906545 0.05718125
v -0.30966280 0.01906545 0.05718125
v -0.31334947 0.01898010 0.06023563
v -0.31184624 0.01975520 0.05888403
v -0.31133834 0.01879676 0.05611266
v -0.31352500 0.01927192 0.05759538
v -0.31468693 0.01845093 0.05860616
v -0.31018547 0.01672007 0.05542506
v -0.31023119 0.01408918 0.05582548
v -0.30858771 0.01694019 0.05642332
v -0.30871920 0.01428796 0.05683244
v -0.30857758 0.01232256 0.05699981
v -0.30980227 0.01134123 0.05604697
v -0.30428080 0.00916798 0.05985046
v -0.32004044 -0.00331502 0.06659521
v -0.30011717 0.00973667 0.06524254
v -0.32166419 -0.01121341 0.06913687
v -0.31896804 -0.00799327 0.06657661
v -0.32038848 -0.01225208 0.07010199
v -0.31780688 -0.00851779 0.06778396
v -0.31542293 -0.00439780 0.06322897
v -0.31604807 -0.00774007 0.06440021
v -0.31589595 -0.00407832 0.06769610
v -0.31522081 -0.00817846 0.06585170
v -0.31414966 -0.00893705 0.06311918
v -0.31046663 -0.00330435 0.07506217
v -0.30512957 -0.00662379 0.07181252
v -0.31069491 -0.00741713 0.06426240
v -0.30517391 -0.01037489 0.07133449
v -0.31343250 -0.00911193 0.06467379
v -0.31285469 -0.01136927 0.06468202
v -0.31337968 -0.01113270 0.06304217
v -0.30980967 -0.01092975 0.06462635
v -0.31164644 -0.01088129 0.06234849
v -0.30837343 -0.01076739 0.06399477
v -0.31195215 -0.00406651 0.06120981
v -0.30815581 -0.00503872 0.06310595
v -0.30443619 0.00711061 0.05869306
v -0.29927359 0.00782175 0.06544078
v -0.30350391 -0.00438176 0.06935347
v -0.30389164 -0.01012843 0.07007552
v -0.30340968 -0.00970326 0.07442547
v -0.30300347 -0.00286953 0.07393087
v -0.29931984 0.01361127 0.06924094
v -0.29939959 0.01558550 0.06915761
v -0.29928545 0.01776863 0.06879927
v -0.32794956 -0.01332091 0.05267633
v -0.32794956 -0.01332091 0.05267633
v -0.32735882 -0.01553617 0.05276550
v -0.32735882 -0.01553617 0.05276550
v -0.32679139 -0.01492702 0.05434192
v -0.32679139 -0.01492702 0.05434192
v -0.32717226 -0.01273631 0.05410589
v -0.32717226 -0.01273631 0.05410589
v -0.32943879 -0.01154404 0.05453099
v -0.32943879 -0.01154404 0.05453099
v -0.33004437 -0.01237910 0.05315794
v -0.33004437 -0.01237910 0.05315794
v -0.33314208 -0.01270686 0.05412317
v -0.33314208 -0.01270686 0.05412317
v -0.33297435 -0.01180081 0.05546368
v -0.33384327 -0.00720774 0.05518545
v -0.32695995 -0.00740336 0.05344523
v -0.32695995 -0.00740336 0.05344523
v -0.33640651 -0.01502513 0.05698193
v -0.33631603 -0.01641737 0.05566824
v -0.33631603 -0.01641737 0.05566824
v -0.34006159 -0.01795696 0.05515076
v -0.34006159 -0.01795696 0.05515076
v -0.32765428 0.01364918 0.05118049
v -0.31943903 0.00901921 0.04955793
v -0.31943903 0.00901921 0.04955793
v -0.31975750 0.01209749 0.04932917
v -0.31975750 0.01209749 0.04932917
v -0.33693699 -0.00393276 0.05481554
v -0.34194903 -0.01588099 0.05712141
v -0.34427081 -0.01663755 0.05486251
v -0.34250800 -0.01941358 0.04673315
v -0.34250800 -0.01941358 0.04673315
v -0.34593395 -0.01768003 0.04866041
v -0.34539489 -0.01793258 0.04526557
v -0.33950130 -0.00431012 0.05153490
v -0.33407364 0.01262452 0.05264009
v -0.34138385 -0.00545405 0.04507698
v -0.33771674 0.01353563 0.04868604
v -0.33559642 0.01420869 0.04808773
v -0.34021143 0.01211567 0.04005064
v -0.33253382 0.01389684 0.05072917
v -0.33781288 0.01290621 0.03964520
v -0.33308802 0.01164068 0.04793323
v -0.34099815 -0.00627039 0.04125644
v -0.33788912 0.01063342 0.03558506
v -0.33549766 0.01173402 0.03725875
v -0.33835731 -0.00971328 0.04006649
v -0.33547954 0.01027943 0.03965510
v -0.33293078 0.01077367 0.03356184
v -0.33354054 0.00982822 0.03757680
v -0.34061180 -0.01752930 0.04251231
v -0.32429455 0.00414266 0.03784908
v -0.32429455 0.00414266 0.03784908
v -0.33180002 0.01173706 0.03558374
v -0.33075647 0.01074143 0.03600408
v -0.32512430 0.00830324 0.03493322
v -0.32512430 0.00830324 0.03493322
v -0.32475756 0.01023103 0.03424252
v -0.32475756 0.01023103 0.03424252
v -0.32190780 0.00538732 0.04542495
v -0.32190780 0.00538732 0.04542495
v -0.32874809 0.01295902 0.03481616
v -0.32514731 0.01424350 0.03259338
v -0.32514731 0.01424350 0.03259338
v -0.32968448 0.01418783 0.03419198
v -0.32781086 0.01494600 0.03338827
v -0.32634781 0.01384129 0.03102613
v -0.32893358 0.01431538 0.03162802
v -0.33036594 0.01350500 0.03223289
v -0.32498429 0.01176698 0.03092576
v -0.32511942 0.00915255 0.03147126
v -0.32383166 0.01211323 0.03240324
v -0.32405029 0.00947453 0.03292883
v -0.32393978 0.00752081 0.03327347
v -0.32474295 0.00642993 0.03202165
v -0.32083009 0.00470753 0.03766669
v -0.32053534 0.00257052 0.03666914
v -0.33281360 -0.01080881 0.03857971
v -0.32884745 -0.01045178 0.03785325
v -0.33724598 -0.01435028 0.04078437
v -0.33148394 -0.01530360 0.03927029
v -0.33972428 -0.01844691 0.04394127
v -0.33374254 -0.01410715 0.03972603
v -0.33656077 -0.01474242 0.04236127
v -0.33345864 -0.01441191 0.04141069
v -0.33481882 -0.01021467 0.04259194
v -0.33134500 -0.01534282 0.04099322
v -0.32865641 -0.01354717 0.04141916
v -0.33227853 -0.00870220 0.05133189
v -0.32605217 -0.01199703 0.05037762
v -0.32585208 -0.01578735 0.05020560
v -0.32527755 -0.01482879 0.05366875
v -0.32486073 -0.00799923 0.05281056
v -0.32421098 -0.01556502 0.04944528
v -0.32371042 -0.00984006 0.04845155
v -0.32630793 -0.01681362 0.04223038
v -0.32787774 -0.01700024 0.04234112
v -0.32590942 -0.01112561 0.04102255
v -0.33075790 -0.01757644 0.04137660
v -0.32881794 -0.01718687 0.03956140
v -0.33068726 -0.01747219 0.03963507
v -0.31804017 0.00389923 0.04475511
v -0.31880037 0.00577135 0.04414130
v -0.31951485 0.00992544 0.04790498
v -0.32145164 0.01028003 0.04696024
v -0.32145164 0.01028003 0.04696024
v -0.31959675 0.01189561 0.04766012
v -0.31959156 0.01427080 0.04906822
v -0.31959156 0.01427080 0.04906822
v -0.32094590 0.01228704 0.04675175
v -0.32094590 0.01228704 0.04675175
v -0.31940357 0.01406647 0.04720927
v -0.32069931 0.01651551 0.04712296
v -0.32069931 0.01651551 0.04712296
v -0.32086335 0.01670201 0.04914690
v -0.32086335 0.01670201 0.04914690
v -0.33032046 0.01166113 0.04872275
v -0.32775644 0.01392491 0.04889537
v -0.32700328 0.01276417 0.04831053
v -0.32486842 0.01505329 0.04756070
v -0.32520393 0.01654072 0.05026663
v -0.32532279 0.01651783 0.04809881
v -0.32349900 0.01728655 0.04762829
v -0.32349674 0.01729847 0.04975630
v -0.32993076 -0.01606016 0.02431537
v -0.32993076 -0.01606016 0.02431537
v -0.32925967 -0.01823758 0.02458550
v -0.32925967 -0.01823758 0.02458550
v -0.32905690 -0.01757036 0.02622605
v -0.32905690 -0.01757036 0.02622605
v -0.32949142 -0.01540862 0.02585543
v -0.32949142 -0.01540862 0.02585543
v -0.33185408 -0.01433544 0.02577866
v -0.33185408 -0.01433544 0.02577866
v -0.33212439 -0.01522695 0.02433563
v -0.33212439 -0.01522695 0.02433563
v -0.33533327 -0.01570778 0.02466250
v -0.33533327 -0.01570778 0.02466250
v -0.33548806 -0.01477026 0.02598287
v -0.33651219 -0.01023768 0.02540375
v -0.32941774 -0.01008444 0.02510000
v -0.32941774 -0.01008444 0.02510000
v -0.33899073 -0.01815163 0.02686561
v -0.33856450 -0.01955961 0.02563776
v -0.33856450 -0.01955961 0.02563776
v -0.34204362 -0.02131216 0.02441646
v -0.34204362 -0.02131216 0.02441646
v -0.33054737 0.01131959 0.02216805
v -0.32195137 0.00712140 0.02237547
v -0.32195137 0.00712140 0.02237547
v -0.32237117 0.01017292 0.02199937
v -0.32237117 0.01017292 0.02199937
v -0.33962665 -0.00714527 0.02432192
v -0.34439514 -0.01930885 0.02590395
v -0.34616683 -0.02023201 0.02324427
v -0.34264711 -0.02304946 0.01572276
v -0.34264711 -0.02304946 0.01572276
v -0.34144632 -0.00772099 0.02060200
v -0.34647671 -0.02147369 0.01686610
v -0.34524522 -0.02175586 0.01365925
v -0.33706967 0.00996877 0.02232588
v -0.34191344 -0.00908057 0.01393176
v -0.33987174 0.01060791 0.01769162
v -0.33523873 0.01129003 0.02073098
v -0.33771066 0.01138623 0.01751615
v -0.34047977 0.00890066 0.00877393
v -0.33809189 0.00981487 0.00884033
v -0.33722464 0.00746997 0.00491537
v -0.34071670 -0.00994174 0.01029349
v -0.33528290 0.00873007 0.00700665
v -0.33771900 -0.01325439 0.00976146
v -0.33197162 0.00784756 0.00393499
v -0.34002803 -0.02113830 0.01192153
v -0.33568023 0.00732119 0.00939740
v -0.33940516 -0.02198033 0.01352609
v -0.33509735 0.00895788 0.01794625
v -0.33617667 -0.01813559 0.01251484
v -0.33654515 -0.01780979 0.01082123
v -0.33474855 -0.01351534 0.01296450
v -0.33296672 -0.01765154 0.01220311
v -0.33291636 -0.01739256 0.01048792
v -0.33412192 -0.01171141 0.02199102
v -0.32831649 -0.01652347 0.01315940
v -0.32767389 -0.01467453 0.02241195
v -0.32725237 -0.01845042 0.02239192
v -0.32744447 -0.01740085 0.02587093
v -0.32720600 -0.01057492 0.02492083
v -0.32550398 -0.01815163 0.02197362
v -0.32510052 -0.01242612 0.02093936
v -0.32602129 -0.01964079 0.01452209
v -0.32756929 -0.01991163 0.01431788
v -0.32567201 -0.01396166 0.01325859
v -0.33015976 -0.02066253 0.01280678
v -0.31934730 0.00200237 0.01810313
v -0.32791267 -0.02019887 0.01141191
v -0.33076815 -0.01847182 0.01224912
v -0.32974110 -0.02058529 0.01111341
v -0.33055488 -0.01847063 0.01053322
v -0.32793269 -0.01350676 0.00954212
v -0.33194063 -0.01406895 0.00946010
v -0.32007233 0.00039579 0.00972069
v -0.32343362 0.00393505 0.00420941
v -0.32067142 0.00253065 0.01057662
v -0.32295821 0.00509043 0.00556637
v -0.32382659 0.00662263 0.00351680
v -0.32005970 0.00381871 0.01729513
v -0.32449404 0.00583561 0.00692881
v -0.32449404 0.00583561 0.00692881
v -0.32173441 0.00799282 0.02071632
v -0.32406733 0.00177915 0.01006962
v -0.32406733 0.00177915 0.01006962
v -0.32334016 0.00328685 0.01793326
v -0.32334016 0.00328685 0.01793326
v -0.32345341 0.00822343 0.01938916
v -0.32345341 0.00822343 0.01938916
v -0.32186363 0.00995083 0.02040399
v -0.32226519 0.01234723 0.02171577
v -0.32226519 0.01234723 0.02171577
v -0.32301752 0.01025118 0.01923038
v -0.32301752 0.01025118 0.01923038
v -0.32169239 0.01212092 0.01993991
v -0.32364718 0.01470561 0.02146591
v -0.32364718 0.01470561 0.02146591
v -0.32306496 0.01449282 0.01952339
v -0.32306496 0.01449282 0.01952339
v -0.32309453 0.00702859 0.00515092
v -0.32409183 0.00776823 0.00627209
v -0.32409183 0.00776823 0.00627209
v -0.32290653 0.00966562 0.00460566
v -0.32433895 0.01172335 0.00446464
v -0.32433895 0.01172335 0.00446464
v -0.32517312 0.01122792 0.00269891
v -0.32371501 0.00923045 0.00293578
v -0.32784776 0.01156939 0.00275088
v -0.32933066 0.01069219 0.00307597
v -0.32714037 0.01229180 0.00468339
v -0.32909785 0.01144595 0.00511218
v -0.33132652 0.00890745 0.00611580
v -0.32824777 0.01028176 0.00594772
v -0.33034174 0.00797833 0.00676692
v -0.33333824 0.00694097 0.00776852
v -0.33255337 0.00914462 0.01927889
v -0.32928155 0.01042135 0.01951588
v -0.33019559 0.01154895 0.01990272
v -0.32715676 0.01281114 0.01914896
v -0.32811115 0.01432527 0.02168740
v -0.32778434 0.01425762 0.01954211
v -0.32594411 0.01511712 0.01942898
v -0.32637606 0.01516671 0.02151216
v -0.32701717 -0.00536858 -0.00697803
v -0.32701717 -0.00536858 -0.00697803
v -0.32676218 -0.00734125 -0.00671243
v -0.32676218 -0.00734125 -0.00671243
v -0.32679890 -0.00681000 -0.00524699
v -0.32679890 -0.00681000 -0.00524699
v -0.32683746 -0.00487964 -0.00555836
v -0.32683746 -0.00487964 -0.00555836
v -0.32869575 -0.00364940 -0.00599300
v -0.32869575 -0.00364940 -0.00599300
v -0.32877860 -0.00436847 -0.00730931
v -0.32877860 -0.00436847 -0.00730931
v -0.33228860 -0.00380795 -0.00637554
v -0.33203844 -0.00462245 -0.00751494
v -0.33203844 -0.00462245 -0.00751494
v -0.33250026 0.00025125 -0.00687825
v -0.32599054 -0.00027333 -0.00599205
v -0.32599054 -0.00027333 -0.00599205
v -0.33582757 -0.00629835 -0.00635373
v -0.33542124 -0.00755577 -0.00738465
v -0.33542124 -0.00755577 -0.00738465
v -0.33836899 -0.00861399 -0.00909947
v -0.33836899 -0.00861399 -0.00909947
v -0.32423560 0.01818324 -0.00780379
v -0.31749813 0.01345386 -0.00629508
v -0.31749813 0.01345386 -0.00629508
v -0.31741432 0.01615216 -0.00657498
v -0.31741432 0.01615216 -0.00657498
v -0.33457116 0.00333674 -0.00822782
v -0.34038083 -0.00659965 -0.00815724
v -0.34152524 -0.00713997 -0.01077699
v -0.33755533 -0.00993328 -0.01671528
v -0.33755533 -0.00993328 -0.01671528
v -0.33552639 0.00311609 -0.01175081
v -0.34081153 -0.00809638 -0.01634025
v -0.33923487 -0.00845783 -0.01888393
v -0.33490882 0.00208135 -0.01759564
v -0.33335606 0.00122876 -0.02053689
v -0.32995818 0.01784314 -0.00884949
v -0.33058284 0.01751997 -0.02108728
v -0.33143602 0.01880999 -0.01327991
v -0.32731567 0.01591511 -0.02388202
v -0.32845847 0.01800610 -0.02058231
v -0.32947765 0.01921017 -0.01302647
v -0.32796238 0.01877280 -0.00984847
v -0.32681731 0.01553453 -0.01978134
v -0.32588534 0.01673229 -0.02170693
v -0.32763497 0.01677127 -0.01229702
v -0.32264260 0.01558496 -0.02379726
v -0.32459025 0.01492734 -0.02078496
v -0.31776849 0.00925244 -0.01740252
v -0.31776849 0.00925244 -0.01740252
v -0.32235191 0.01639302 -0.02177786
v -0.32174585 0.01545568 -0.02108454
v -0.31707881 0.01285519 -0.02001356
v -0.31707881 0.01285519 -0.02001356
v -0.31835858 0.01036759 -0.01048480
v -0.31835858 0.01036759 -0.01048480
v -0.31954400 0.01719220 -0.02133667
v -0.31638537 0.01448412 -0.02043354
v -0.31638537 0.01448412 -0.02043354
v -0.31579165 0.01795991 -0.02187525
v -0.31579165 0.01795991 -0.02187525
v -0.31997458 0.01831789 -0.02215563
v -0.31813590 0.01880594 -0.02215194
v -0.31624715 0.01765920 -0.02355086
v -0.31848214 0.01829465 -0.02395677
v -0.31990395 0.01772041 -0.02396833
v -0.31529711 0.01574238 -0.02317058
v -0.31581328 0.01349314 -0.02279042
v -0.31485377 0.01599546 -0.02158391
v -0.31543199 0.01373114 -0.02124881
v -0.31562690 0.01203169 -0.02094244
v -0.31593118 0.01110919 -0.02223050
v -0.31488726 0.00946404 -0.01635169
v -0.31448899 0.00755121 -0.01706134
v -0.32585017 -0.00320701 -0.01997410
v -0.31539957 0.01041789 -0.01044296
v -0.32239817 -0.00323187 -0.01918839
v -0.33112542 -0.00201260 -0.02059793
v -0.32540331 -0.00720512 -0.01898085
v -0.33442895 -0.00856649 -0.01944505
v -0.32726548 -0.00597106 -0.01938819
v -0.33087466 -0.00611656 -0.01965856
v -0.33428768 -0.00939410 -0.01799463
v -0.33090172 -0.00646620 -0.01815652
v -0.32764320 -0.00620984 -0.01793765
v -0.32899425 -0.00253485 -0.01739418
v -0.32588778 -0.00719999 -0.01754819
v -0.32373218 -0.00583778 -0.01627051
v -0.32983903 -0.00116484 -0.00948667
v -0.32459770 -0.00443362 -0.00816511
v -0.32469849 -0.00775401 -0.00825142
v -0.32534848 -0.00686435 -0.00526558
v -0.32414363 -0.00097708 -0.00578069
v -0.32188074 -0.00279789 -0.00889563
v -0.31516055 0.00874574 -0.00969588
v -0.32310579 -0.00771289 -0.00829541
v -0.32119457 -0.00395910 -0.01563083
v -0.31691418 0.01420064 -0.00764572
v -0.31810854 0.01463528 -0.00907146
v -0.31810854 0.01463528 -0.00907146
v -0.31672905 0.01591493 -0.00786184
v -0.31746302 0.01633622 -0.00905549
v -0.31746302 0.01633622 -0.00905549
v -0.31623642 0.01777644 -0.00814771
v -0.31700854 0.01802327 -0.00671767
v -0.31700854 0.01802327 -0.00671767
v -0.31703655 0.02000864 -0.00865304
v -0.31703655 0.02000864 -0.00865304
v -0.31784771 0.02024300 -0.00708221
v -0.31784771 0.02024300 -0.00708221
v -0.32240836 -0.00884382 -0.01482319
v -0.32353006 -0.00904749 -0.01783573
v -0.32371775 -0.00887851 -0.01527642
v -0.32573847 -0.00917982 -0.01704775
v -0.32507453 -0.00914548 -0.01842259
v -0.32569114 0.01659252 -0.01070773
v -0.32350872 0.01836474 -0.00967442
v -0.32280330 0.01727749 -0.00988995
v -0.32064478 0.01907916 -0.00974595
v -0.32171778 0.02047951 -0.00768017
v -0.32106964 0.02040584 -0.00946342
v -0.31938432 0.02091653 -0.00920903
v -0.32011298 0.02098889 -0.00749802
v -0.31628678 0.05487950 -0.01307260
v -0.31628678 0.05487950 -0.01307260
v -0.31078003 0.05306633 -0.02666782
v -0.31078003 0.05306633 -0.02666782
v -0.31395922 0.05483217 -0.01241445
v -0.31395922 0.05483217 -0.01241445
v -0.31342522 0.05350418 -0.02834009
v -0.30964843 0.05223735 -0.02837502
v -0.30964843 0.05223735 -0.02837502
v -0.31822840 0.05578263 -0.01260232
v -0.31822840 0.05578263 -0.01260232
v -0.30504529 0.04792876 -0.02965187
v -0.30504529 0.04792876 -0.02965187
v -0.30632106 0.04804309 -0.03230511
v -0.30632106 0.04804309 -0.03230511
v -0.31195048 0.05223556 -0.03048252
v -0.30607776 0.04879613 -0.03359961
v -0.30607776 0.04879613 -0.03359961
v -0.31400112 0.05454369 -0.02922665
v -0.31208132 0.05403252 -0.03166555
v -0.31004051 0.05733712 -0.03447579
v -0.30118875 0.05337544 -0.03587591
v -0.30118875 0.05337544 -0.03587591
v -0.31178681 0.05896051 -0.03156172
v -0.29810451 0.07059140 -0.03705966
v -0.28962968 0.06536777 -0.03872894
v -0.28962968 0.06536777 -0.03872894
v -0.31605403 0.06221552 -0.01478552
v -0.30034457 0.07279296 -0.03439640
v -0.27607731 0.09692128 -0.04183315
v -0.26817958 0.09229381 -0.04276906
v -0.26817958 0.09229381 -0.04276906
v -0.27957342 0.09922238 -0.03811966
v -0.30892585 0.07748981 -0.01393234
v -0.31802098 0.06392963 -0.00461625
v -0.32022027 0.05796047 -0.00373720
v -0.32022027 0.05796047 -0.00373720
v -0.26519267 0.10866351 -0.04357373
v -0.25766180 0.10370369 -0.04353618
v -0.25766180 0.10370369 -0.04353618
v -0.26990823 0.11155648 -0.03935300
v -0.25510840 0.11827703 -0.04542481
v -0.24893443 0.11303385 -0.04631578
v -0.24893443 0.11303385 -0.04631578
v -0.24339072 0.12005623 -0.05100261
v -0.24339072 0.12005623 -0.05100261
v -0.28845666 0.10278673 -0.02162897
v -0.24894259 0.12514086 -0.04905449
v -0.30690334 0.08083947 -0.01071333
v -0.24187414 0.13249107 -0.05417286
v -0.23607526 0.12855132 -0.05621718
v -0.23607526 0.12855132 -0.05621718
v -0.25580643 0.13212652 -0.04457485
v -0.23717020 0.13687237 -0.05650698
v -0.23194842 0.13303967 -0.05775415
v -0.23194842 0.13303967 -0.05775415
v -0.24955169 0.13608356 -0.05018317
v -0.23318211 0.14080425 -0.05427789
v -0.22715114 0.13680513 -0.05484532
v -0.22715114 0.13680513 -0.05484532
v -0.24151717 0.13823767 -0.05423080
v -0.23053143 0.14211877 -0.05022644
v -0.22556935 0.13815708 -0.05114578
v -0.22556935 0.13815708 -0.05114578
v -0.24539904 0.13789387 -0.05258500
v -0.23183612 0.14013822 -0.04726790
v -0.22716347 0.13635440 -0.04797720
v -0.22716347 0.13635440 -0.04797720
v -0.23562698 0.13343234 -0.04111349
v -0.23562698 0.13343234 -0.04111349
v -0.23639844 0.14377339 -0.04778599
v -0.23610202 0.14152343 -0.04582106
v -0.23888610 0.14251156 -0.05165552
v -0.23980526 0.14150388 -0.04397832
v -0.24106465 0.14367278 -0.04538130
v -0.24405227 0.14246066 -0.04869341
v -0.24312834 0.14015670 -0.04121124
v -0.24595390 0.14197166 -0.04247748
v -0.24886034 0.14061828 -0.04555916
v -0.24795167 0.13635118 -0.03605234
v -0.23646740 0.12684126 -0.03524481
v -0.23646740 0.12684126 -0.03524481
v -0.25069086 0.13896461 -0.03778099
v -0.25425212 0.13769527 -0.04062079
v -0.25417952 0.13791163 -0.03337323
v -0.25167147 0.13518591 -0.03067528
v -0.25353591 0.13659592 -0.02102279
v -0.23500822 0.11400194 -0.01124381
v -0.23500822 0.11400194 -0.01124381
v -0.25627921 0.13829036 -0.02799784
v -0.25876383 0.13581796 -0.03554284
v -0.26139657 0.13017554 -0.03891753
v -0.26226650 0.13610597 -0.02807926
v -0.27809183 0.11569603 -0.02315687
v -0.26545314 0.13189395 -0.02649020
v -0.25668834 0.14044471 -0.01727115
v -0.26209031 0.13811143 -0.01561772
v -0.25261078 0.14179619 -0.00595354
v -0.26510237 0.13321490 -0.01429211
v -0.25768868 0.14068659 -0.00242208
v -0.24746798 0.13945515 -0.00334596
v -0.23380188 0.14269812 0.00354589
v -0.23380188 0.14269812 0.00354589
v -0.24593697 0.14341016 0.00087048
v -0.23841123 0.14447243 0.00481797
v -0.23463551 0.14814217 0.00541080
v -0.22695355 0.15039761 0.00079359
v -0.22695355 0.15039761 0.00079359
v -0.24136333 0.14459927 0.01094700
v -0.23024193 0.15452357 0.00231756
v -0.25013755 0.14253695 0.00685466
v -0.22178189 0.15581305 -0.00236033
v -0.25117210 0.13687999 0.01101113
v -0.23973958 0.13760896 0.01862205
v -0.23407344 0.15041132 0.01074983
v -0.23150227 0.14736338 0.01448561
v -0.22883229 0.15611179 0.00763954
v -0.22531299 0.15435655 0.01215483
v -0.22168730 0.16051789 0.00328637
v -0.21977774 0.15813370 0.00811459
v -0.21733145 0.14215334 0.01651503
v -0.22406469 0.15961344 -0.00107967
v -0.21896062 0.16059895 -0.00312053
v -0.21569429 0.15907271 0.00581051
v -0.21314124 0.15122421 0.01063217
v -0.21662066 0.16137667 0.00112964
v -0.21055130 0.15779586 0.00353814
v -0.21357886 0.15977843 -0.00566911
v -0.21127633 0.16042931 -0.00153505
v -0.21384511 0.15751679 -0.00570392
v -0.20799331 0.15662892 -0.00697266
v -0.20561371 0.15689154 -0.00271820
v -0.20409028 0.15175791 0.00206698
v -0.19952224 0.14887734 -0.00482213
v -0.20984916 0.15313645 -0.00678288
v -0.20211087 0.14935489 -0.00822865
v -0.21130816 0.14586671 -0.00567614
v -0.20491354 0.14638896 -0.00818573
v -0.20056544 0.14422603 -0.00902807
v -0.20397405 0.13882084 -0.00770282
v -0.21656118 0.13948138 -0.00220918
v -0.22215805 0.13337012 -0.00161945
v -0.20782850 0.12852330 -0.00406586
v -0.20048062 0.13549323 -0.00779187
v -0.21176181 0.12140961 -0.00403821
v -0.20458917 0.12599428 -0.00443505
v -0.19794891 0.14354832 -0.00541078
v -0.20149706 0.12572701 -0.00183879
v -0.20011787 0.14510818 0.00068129
v -0.19766603 0.13448031 -0.00421237
v -0.19837515 0.13974745 -0.00047683
v -0.20160053 0.13901205 0.00402058
v -0.19876722 0.13424487 0.00085319
v -0.20530061 0.13080795 0.00752986
v -0.20141445 0.12562294 0.00298739
v -0.22200559 0.12949367 0.02169395
v -0.21013830 0.11770601 0.01212359
v -0.20673774 0.11642869 -0.00086247
v -0.20834361 0.11201174 0.00458265
v -0.22484748 0.12207992 0.02692331
v -0.20814470 0.11909611 -0.00407230
v -0.21241490 0.11107762 -0.00797616
v -0.21687833 0.11354180 -0.00833022
v -0.21219436 0.10751410 -0.00590872
v -0.21589599 0.10718627 -0.01471757
v -0.21979217 0.11023481 -0.01387142
v -0.22179941 0.10932393 -0.01936828
v -0.22491322 0.10963865 -0.03055142
v -0.21861730 0.10560639 -0.02177416
v -0.21679042 0.10368951 -0.01379918
v -0.22489450 0.11426265 -0.03780698
v -0.22271220 0.10695775 -0.03196727
v -0.22035025 0.10201831 -0.02189969
v -0.22394530 0.11883862 -0.04154085
v -0.22414164 0.11109765 -0.04006337
v -0.22283421 0.11488421 -0.04347455
v -0.22286181 0.12292512 -0.04478561
v -0.22626928 0.10859771 -0.04392075
v -0.22306291 0.12734719 -0.04675030
v -0.22137181 0.12005968 -0.04713439
v -0.22481946 0.13238878 -0.04760694
v -0.22163014 0.12644012 -0.04882895
v -0.22295032 0.13264830 -0.05018269
v -0.22288559 0.12545998 -0.05296360
v -0.22444306 0.13195617 -0.05448841
v -0.22863487 0.12913258 -0.05798971
v -0.22695593 0.12242944 -0.05658041
v -0.22984723 0.11741157 -0.05489646
v -0.22272996 0.11852510 -0.05034207
v -0.22622488 0.11731584 -0.05487751
v -0.23430435 0.11068983 -0.05028366
v -0.22840850 0.11208232 -0.05184494
v -0.22469328 0.11270387 -0.04742109
v -0.23123173 0.10778876 -0.04775917
v -0.22637562 0.10629554 -0.04092168
v -0.23644368 0.10211439 -0.04125010
v -0.22482900 0.10250015 -0.03283953
v -0.22925589 0.09558423 -0.03129148
v -0.22385041 0.09515507 -0.01798736
v -0.23663143 0.08734746 -0.02994513
v -0.22097246 0.09668215 -0.01111721
v -0.23323462 0.08646901 -0.01598023
v -0.21597878 0.10148092 -0.00220834
v -0.22839467 0.08736892 -0.00689613
v -0.24488560 0.06933124 -0.01016556
v -0.21235273 0.10331435 0.01213707
v -0.21842382 0.09186847 0.00596965
v -0.23992071 0.06637414 -0.00129520
v -0.21331362 0.10865064 0.01588739
v -0.21355013 0.09768744 0.01738966
v -0.21462892 0.10269947 0.02050842
v -0.21654187 0.10747142 0.02423574
v -0.21677093 0.08683129 0.01435185
v -0.21903435 0.09696300 0.01812173
v -0.21978466 0.10157283 0.02081383
v -0.22156123 0.10543020 0.02402771
v -0.22919820 0.10377271 0.01141168
v -0.22692434 0.11693950 0.03232146
v -0.23050843 0.11377378 0.03121437
v -0.24000255 0.12712248 0.02827753
v -0.23912946 0.12129648 0.03517068
v -0.25170896 0.12646921 0.02600635
v -0.25134424 0.11940308 0.03487993
v -0.24020741 0.11657400 0.03382445
v -0.24801074 0.11411412 0.02053071
v -0.24980883 0.11525853 0.03326405
v -0.26306937 0.12232561 0.02552069
v -0.26136438 0.10971649 0.04018403
v -0.26536749 0.10481031 0.02357543
v -0.25837598 0.10688062 0.03727222
v -0.22933165 0.08766647 0.00415374
v -0.22717540 0.09566052 0.00514139
v -0.22133670 0.08759065 0.01607371
v -0.23418526 0.07218464 0.01813329
v -0.24430523 0.07132335 0.00807680
v -0.27517585 0.08817454 0.03522087
v -0.24308101 0.06453247 0.02324153
v -0.25734446 0.05857546 0.01934768
v -0.23204104 0.06576891 0.01728500
v -0.23618011 0.06526549 0.00749148
v -0.24164788 0.05878313 0.02308382
v -0.25264816 0.05737741 0.00609482
v -0.24728338 0.05710633 0.01406110
v -0.25004671 0.05778916 0.03055871
v -0.25645653 0.04985614 0.02283944
v -0.26344548 0.04928978 0.01569367
v -0.24932466 0.05270631 0.03109158
v -0.26803021 0.05479927 0.03336323
v -0.25966207 0.05415674 0.04285575
v -0.26653222 0.04366214 0.04045249
v -0.25841693 0.04884572 0.04380179
v -0.26125989 0.05570729 0.05046381
v -0.27871905 0.08207793 0.03935219
v -0.27338395 0.06014533 0.04164506
v -0.26100884 0.05206163 0.05316545
v -0.26820199 0.09013338 0.04900325
v -0.26616863 0.06063838 0.05540181
v -0.27764062 0.06778975 0.04582048
v -0.27273301 0.08127446 0.05453862
v -0.27131806 0.09245486 0.05282451
v -0.27072910 0.06875296 0.05979157
v -0.27475742 0.08181925 0.06008924
v -0.27395473 0.10938771 0.03458715
v -0.28409354 0.08747645 0.05188895
v -0.27235470 0.06774206 0.06434382
v -0.26659224 0.05811711 0.05990089
v -0.28274671 0.07578464 0.06113471
v -0.27724246 0.06339891 0.06444884
v -0.26703040 0.04757030 0.05315293
v -0.27198527 0.05424912 0.06054045
v -0.28928510 0.06905313 0.06426419
v -0.28156398 0.05946477 0.06437350
v -0.27705995 0.05102308 0.06182111
v -0.29376392 0.07112546 0.06170453
v -0.29311542 0.06250055 0.06665863
v -0.28542016 0.05529041 0.06656767
v -0.27375535 0.04354019 0.05408062
v -0.27987800 0.04871817 0.06324578
v -0.27616147 0.04143269 0.04640103
v -0.27835194 0.04163153 0.05582345
v -0.28115902 0.03850849 0.04866971
v -0.28040389 0.04187472 0.04022027
v -0.28167812 0.04782768 0.06288363
v -0.28211008 0.03867467 0.04933537
v -0.28658007 0.05422993 0.06614758
v -0.28016780 0.04136212 0.05614806
v -0.29381565 0.06103153 0.06648577
v -0.28714464 0.05351539 0.06313206
v -0.29291592 0.05937381 0.06395937
v -0.29769305 0.06294770 0.06363476
v -0.29737763 0.06447585 0.06400026
v -0.29622839 0.06140156 0.06153108
v -0.29781888 0.07171626 0.05872727
v -0.30114625 0.06338246 0.06036616
v -0.30121545 0.06496973 0.06092418
v -0.27379970 0.06073923 0.05768848
v -0.30609016 0.06249888 0.04920674
v -0.30609016 0.06249888 0.04920674
v -0.30861340 0.06283302 0.05078710
v -0.30861340 0.06283302 0.05078710
v -0.30943308 0.06391497 0.05081166
v -0.30943308 0.06391497 0.05081166
v -0.30711315 0.07115503 0.04949785
v -0.31380783 0.06362458 0.04286862
v -0.31380783 0.06362458 0.04286862
v -0.29883806 0.08355982 0.04523660
v -0.31147919 0.07012649 0.04083456
v -0.32067619 0.06161113 0.02388049
v -0.32067619 0.06161113 0.02388049
v -0.30221317 0.08136113 0.04072166
v -0.31781487 0.06834932 0.02263511
v -0.32206313 0.06126352 0.01620389
v -0.32206313 0.06126352 0.01620389
v -0.29813305 0.08459897 0.04113854
v -0.31872044 0.06701310 0.01385332
v -0.30842141 0.08033331 0.01938261
v -0.31023149 0.07903238 0.00796557
v -0.30059097 0.08286793 0.03931571
v -0.30595473 0.08146138 0.01896752
v -0.31002132 0.07787593 -0.00824689
v -0.30843333 0.08096154 0.00732661
v -0.30766473 0.07958431 -0.00752841
v -0.30196754 0.08194239 -0.00877010
v -0.30259613 0.08010514 -0.00533043
v -0.30227373 0.08134015 0.00554956
v -0.28874056 0.10263415 -0.01854002
v -0.28883729 0.10139008 -0.01494621
v -0.28854279 0.10159702 -0.00612747
v -0.27663509 0.11746736 -0.01017748
v -0.30053822 0.08252437 0.01796735
v -0.27754847 0.10741039 0.02687050
v -0.29526142 0.08351989 0.03335095
v -0.27686445 0.10932000 0.03128828
v -0.29374383 0.08494110 0.03510262
v -0.24069760 0.10450287 -0.04401182
v -0.24724726 0.09336920 -0.04098295
v -0.24347780 0.09082504 -0.03820895
v -0.25655494 0.08123977 -0.04110109
v -0.24744193 0.07283182 -0.02748834
v -0.25294147 0.07730289 -0.03721737
v -0.27298794 0.04861756 -0.01984560
v -0.27460150 0.05252917 -0.03287219
v -0.27902929 0.05504902 -0.03622447
v -0.29102675 0.04443856 -0.03290497
v -0.28687541 0.04264183 -0.02927660
v -0.28563247 0.03993018 -0.02123355
v -0.29285471 0.03707595 -0.02810775
v -0.30092255 0.04415722 -0.03373693
v -0.29600052 0.04054423 -0.03163897
v -0.30124710 0.04354663 -0.03257131
v -0.29735891 0.03973086 -0.03104674
v -0.29470418 0.03637893 -0.02748012
v -0.29882906 0.04093845 -0.02847766
v -0.30150262 0.04445966 -0.02985453
v -0.29205410 0.03493996 -0.01992082
v -0.29637371 0.03816457 -0.02600764
v -0.28646831 0.03865750 -0.01299273
v -0.29404626 0.03416379 -0.01972686
v -0.29476945 0.03352030 -0.01208138
v -0.29629252 0.03726609 -0.01917099
v -0.29621397 0.03780277 -0.01127349
v -0.28551988 0.05045898 -0.03154885
v -0.28512077 0.04893036 -0.01196467
v -0.29013060 0.05649645 -0.03307699
v -0.29340235 0.05453284 -0.01074814
v -0.29774050 0.03934283 -0.00953340
v -0.29965917 0.06249375 -0.02939378
v -0.30491749 0.06692751 -0.01377594
v -0.31212501 0.05315037 -0.01053881
v -0.30250762 0.04364855 -0.00944649
v -0.31386219 0.05182905 -0.01078021
v -0.30442516 0.04152115 -0.00954758
v -0.31492601 0.05142327 -0.00988387
v -0.30489931 0.04133506 -0.00851130
v -0.31587444 0.05224235 -0.00478922
v -0.29934899 0.03693361 -0.00975334
v -0.29965524 0.03611381 -0.00873386
v -0.29393123 0.03282733 -0.01099609
v -0.30464844 0.04091890 -0.00441145
v -0.28937260 0.03956397 -0.00239443
v -0.29569350 0.03454621 -0.00178634
v -0.29997484 0.03604539 -0.00356280
v -0.27564434 0.05045421 0.00349964
v -0.29035948 0.04167564 0.01173688
v -0.27322731 0.04891176 0.01764728
v -0.27173863 0.04572935 0.02942456
v -0.28956513 0.04241545 0.02082110
v -0.28411845 0.04202016 0.03600300
v -0.28747324 0.04153557 0.03008832
v -0.28469704 0.03903575 0.04383362
v -0.28942255 0.03931554 0.03857816
v -0.29248623 0.03908737 0.03192044
v -0.29633401 0.03769167 0.01228739
v -0.29534648 0.03896232 0.02143551
v -0.29795853 0.03887768 0.01137806
v -0.30028538 0.03973968 0.01444055
v -0.29774682 0.03614218 -0.00107121
v -0.30001638 0.03715022 -0.00211965
v -0.29813067 0.03881724 -0.00093423
v -0.30431525 0.04152806 -0.00294923
v -0.29940430 0.03908165 -0.00208019
v -0.29846160 0.04179020 0.01084746
v -0.30247448 0.04333503 -0.00355827
v -0.30070464 0.04041107 0.01301528
v -0.28674070 0.05043025 -0.00539099
v -0.28640113 0.05387886 0.00890554
v -0.29956547 0.04269440 0.01272059
v -0.29217122 0.05484445 -0.00665854
v -0.31367288 0.05370386 -0.00321900
v -0.31505344 0.05277307 -0.00336360
v -0.30606262 0.06847496 -0.00670122
v -0.31882195 0.05688412 -0.00256812
v -0.31623284 0.05576236 -0.00145208
v -0.32161580 0.05973466 0.01513673
v -0.30829970 0.07251365 0.01295711
v -0.29657082 0.06024559 0.01204301
v -0.31778685 0.05934174 0.01464737
v -0.30652789 0.04822762 0.01424767
v -0.31797127 0.05676193 0.01578201
v -0.30798797 0.04665108 0.01430620
v -0.31855891 0.05656977 0.01676084
v -0.30812768 0.04630978 0.01516486
v -0.31782899 0.05706270 0.02229012
v -0.30752144 0.04673798 0.02018488
v -0.29964678 0.04077084 0.02114631
v -0.31674061 0.05735476 0.02300097
v -0.30721841 0.04717226 0.02104009
v -0.29908333 0.04143996 0.02157689
v -0.31974838 0.06059881 0.02473737
v -0.30599246 0.04866596 0.02088727
v -0.31704090 0.05994494 0.02497948
v -0.31345103 0.06258686 0.04174675
v -0.29649768 0.03983660 0.02282299
v -0.29539297 0.04306038 0.02276898
v -0.29529790 0.06028373 0.01697315
v -0.29530475 0.04314382 0.03090156
v -0.28621576 0.05416365 0.01897181
v -0.28390847 0.05527003 0.02829278
v -0.30747376 0.07316573 0.02089346
v -0.28976838 0.06305654 0.03429330
v -0.30080132 0.07552691 0.03900827
v -0.31126992 0.06186219 0.04029585
v -0.30081139 0.05124314 0.03643311
v -0.31084190 0.05950160 0.04160954
v -0.31062929 0.05927808 0.04297126
v -0.30185584 0.04940541 0.03722645
v -0.30165032 0.04920371 0.03865040
v -0.30756126 0.05960281 0.04765988
v -0.30679963 0.05976303 0.04798461
v -0.29898677 0.04932697 0.04220212
v -0.30433474 0.06032725 0.04644824
v -0.29834072 0.04972644 0.04255200
v -0.29538975 0.04173560 0.03402139
v -0.28788326 0.06302126 0.03762687
v -0.29611323 0.04226871 0.03297103
v -0.29426823 0.04018243 0.03131236
v -0.29239915 0.04208691 0.03948427
v -0.28996186 0.04036863 0.03964246
v -0.29189078 0.04267497 0.03986538
v -0.28571741 0.03952344 0.04436506
v -0.29004959 0.04302712 0.04096747
v -0.29164223 0.04450281 0.04023064
v -0.29691837 0.05114455 0.04199852
v -0.28187851 0.05613168 0.03598703
v -0.28722016 0.04152770 0.04463078
v -0.28466413 0.04113872 0.04898931
v -0.27404271 0.05470581 0.04926253
v -0.28271101 0.04334958 0.05501784
v -0.28329639 0.04815622 0.06058634
v -0.24175845 0.01333101 0.09554614
v -0.24175845 0.01333101 0.09554614
v -0.24394421 0.01555957 0.09769774
v -0.24394421 0.01555957 0.09769774
v -0.24419186 0.01472355 0.09647299
v -0.24419186 0.01472355 0.09647299
v -0.24094287 0.01371355 0.09660793
v -0.24156634 0.01686670 0.10204471
v -0.24156634 0.01686670 0.10204471
v -0.23960201 0.01226200 0.09383501
v -0.23960201 0.01226200 0.09383501
v -0.23800431 0.01452084 0.10096849
v -0.23796300 0.01964255 0.10592295
v -0.23796300 0.01964255 0.10592295
v -0.23796300 0.01964255 0.10592295
v -0.23439191 0.01718481 0.10472466
v -0.23439191 0.01718481 0.10472466
v -0.23484300 0.01326086 0.09818138
v -0.23101048 0.01604189 0.10197342
v -0.23823587 0.01249833 0.09441734
v -0.23736338 0.01352705 0.09046198
v -0.23901860 0.01324124 0.08964969
v -0.23901860 0.01324124 0.08964969
v -0.24053572 0.02240761 0.07579936
v -0.24053572 0.02240761 0.07579936
v -0.23436312 0.01388801 0.09273590
v -0.23680357 0.02458437 0.07328475
v -0.24041073 0.02520557 0.07603050
v -0.24041073 0.02520557 0.07603050
v -0.23782979 0.02675886 0.07337357
v -0.23782979 0.02675886 0.07337357
v -0.23442803 0.02919562 0.07106007
v -0.23442803 0.02919562 0.07106007
v -0.23177073 0.02959736 0.07075621
v -0.23207972 0.03077395 0.06951238
v -0.23393879 0.03165002 0.06974710
v -0.23393879 0.03165002 0.06974710
v -0.23245851 0.03437479 0.06984068
v -0.23245851 0.03437479 0.06984068
v -0.23061512 0.03337534 0.06953407
v -0.23072914 0.03606589 0.07205297
v -0.23072914 0.03606589 0.07205297
v -0.22861860 0.03499491 0.07167734
v -0.22942332 0.03553350 0.07427228
v -0.22942332 0.03553350 0.07427228
v -0.22808282 0.03250630 0.07360769
v -0.22772221 0.03455050 0.07340480
v -0.22685550 0.03253372 0.07657445
v -0.22897647 0.03350480 0.07779122
v -0.22897647 0.03350480 0.07779122
v -0.22811101 0.03533871 0.08488513
v -0.22811101 0.03533871 0.08488513
v -0.23157654 0.01528473 0.09654153
v -0.22683404 0.02999885 0.07882799
v -0.22559337 0.03548284 0.08559896
v -0.23073147 0.03967483 0.09077014
v -0.23224709 0.03888078 0.08895398
v -0.23224709 0.03888078 0.08895398
v -0.22491650 0.03314753 0.08737982
v -0.23836903 0.04227777 0.09308136
v -0.23831020 0.04146381 0.09107054
v -0.23831020 0.04146381 0.09107054
v -0.22948317 0.01791920 0.10120357
v -0.23021696 0.03779574 0.09341110
v -0.23264704 0.01963623 0.10547293
v -0.23762612 0.02215822 0.10583712
v -0.23880688 0.04054017 0.09550489
v -0.24606822 0.04051562 0.09040965
v -0.24598811 0.04299612 0.08809758
v -0.24437420 0.04171403 0.08634294
v -0.24437420 0.04171403 0.08634294
v -0.24216102 0.02096124 0.10262359
v -0.24822245 0.04325946 0.08489347
v -0.24709753 0.04489334 0.08424986
v -0.24543051 0.04406936 0.08317543
v -0.24543051 0.04406936 0.08317543
v -0.24513195 0.01966388 0.09892465
v -0.24782262 0.04524620 0.08242358
v -0.25131408 0.04003091 0.08169855
v -0.24642620 0.01838751 0.09567035
v -0.25134871 0.03261562 0.08210076
v -0.24680159 0.01741560 0.09412242
v -0.25053213 0.02783508 0.08174575
v -0.24295459 0.01493467 0.09217609
v -0.24556021 0.02485628 0.07897700
v -0.24854396 0.02963312 0.08090235
v -0.24441389 0.02730973 0.07868196
v -0.24957393 0.03331788 0.08051301
v -0.24787162 0.03311999 0.08268381
v -0.24264960 0.02776177 0.08119179
v -0.25074158 0.03789575 0.08013965
v -0.24907587 0.03832538 0.08005036
v -0.25134794 0.04105945 0.08029593
v -0.25016520 0.04030354 0.07877649
v -0.24995254 0.04369850 0.08035756
v -0.24864087 0.04300471 0.07884468
v -0.24635140 0.04439540 0.08073426
v -0.24855212 0.04081257 0.07865144
v -0.24754010 0.04243322 0.07917655
v -0.24606870 0.04318745 0.08080925
v -0.24548642 0.04198237 0.08276094
v -0.24445264 0.04002352 0.08578361
v -0.24330543 0.03325279 0.08980406
v -0.23815040 0.02984746 0.08662284
v -0.23302047 0.02811618 0.08341886
v -0.23725239 0.02762504 0.07559718
v -0.23047564 0.03257711 0.07805098
v -0.23459760 0.03060980 0.07202877
v -0.23108761 0.03430898 0.07478500
v -0.23406861 0.03309412 0.07062686
v -0.23154167 0.03544612 0.07275988
v -0.23285864 0.03460868 0.07103814
v -0.21959476 0.09770735 0.02003230
v -0.21959476 0.09770735 0.02003230
v -0.21636639 0.09046931 0.02144552
v -0.21636639 0.09046931 0.02144552
v -0.22010277 0.09209223 0.01771177
v -0.22010277 0.09209223 0.01771177
v -0.21566264 0.09669967 0.02347733
v -0.21662835 0.07263763 0.05280865
v -0.21662835 0.07263763 0.05280865
v -0.22106407 0.10250719 0.02315081
v -0.22106407 0.10250719 0.02315081
v -0.21782402 0.10187478 0.02670754
v -0.21795575 0.07624681 0.05741013
v -0.21715484 0.07060404 0.05594076
v -0.21715484 0.07060404 0.05594076
v -0.21715484 0.07060404 0.05594076
v -0.22518502 0.10918648 0.03199221
v -0.22788529 0.10890396 0.02771176
v -0.22788529 0.10890396 0.02771176
v -0.21804164 0.07367880 0.06015755
v -0.23484323 0.11499710 0.03563584
v -0.23714230 0.11405618 0.03248740
v -0.23714230 0.11405618 0.03248740
v -0.22439889 0.08186038 0.06410004
v -0.24147228 0.11593492 0.03844679
v -0.24311719 0.11398251 0.03372193
v -0.24311719 0.11398251 0.03372193
v -0.21991591 0.07013352 0.05644275
v -0.21991591 0.07013352 0.05644275
v -0.22050099 0.07231827 0.06013430
v -0.22050099 0.07231827 0.06013430
v -0.22413007 0.07914932 0.06648470
v -0.22564427 0.07733233 0.06594373
v -0.22564427 0.07733233 0.06594373
v -0.23266397 0.08323367 0.06971611
v -0.23347549 0.08101661 0.06849099
v -0.23347549 0.08101661 0.06849099
v -0.23246531 0.08610149 0.06767107
v -0.24036775 0.08417876 0.06845332
v -0.24035464 0.08146067 0.06637562
v -0.24035464 0.08146067 0.06637562
v -0.24924151 0.07813342 0.06211985
v -0.24924151 0.07813342 0.06211985
v -0.24050430 0.08703394 0.06690825
v -0.24824146 0.11366875 0.04024375
v -0.24908725 0.11109395 0.03515948
v -0.24908725 0.11109395 0.03515948
v -0.25716845 0.10220785 0.03930534
v -0.25716845 0.10220785 0.03930534
v -0.25772426 0.10371227 0.04487015
v -0.26483826 0.08918698 0.04814101
v -0.26483826 0.08918698 0.04814101
v -0.25273327 0.08274420 0.06281842
v -0.26463221 0.09084828 0.05267061
v -0.26839010 0.07876225 0.05518890
v -0.26839010 0.07876225 0.05518890
v -0.25148664 0.08029802 0.06404401
v -0.25407390 0.07664485 0.06392468
v -0.25193206 0.07503577 0.06141687
v -0.25193206 0.07503577 0.06141687
v -0.25783996 0.07754393 0.06320275
v -0.25570075 0.07299276 0.06470479
v -0.25259379 0.07019551 0.06150890
v -0.25259379 0.07019551 0.06150890
v -0.26744656 0.08021648 0.05950547
v -0.25968997 0.07098289 0.06443466
v -0.26620273 0.06816681 0.06344391
v -0.26887993 0.06569000 0.05919851
v -0.26887993 0.06569000 0.05919851
v -0.25839816 0.06547327 0.06170238
v -0.26476322 0.06220217 0.06123031
v -0.26738004 0.06111927 0.05843533
v -0.26487712 0.06308563 0.05490972
v -0.26487712 0.06308563 0.05490972
v -0.26246260 0.05374034 0.04963542
v -0.26107405 0.05931659 0.04849363
v -0.26107405 0.05931659 0.04849363
v -0.25979702 0.05799814 0.04507721
v -0.25979702 0.05799814 0.04507721
v -0.25773148 0.05252500 0.05065943
v -0.25053100 0.05395050 0.05066730
v -0.24524556 0.05587359 0.04986573
v -0.25954334 0.05198355 0.04539896
v -0.25530044 0.05171390 0.04592753
v -0.25219784 0.05592664 0.03459335
v -0.25334261 0.06077202 0.03661181
v -0.24829386 0.05222566 0.04574288
v -0.24848638 0.05465682 0.03609038
v -0.24390844 0.05999525 0.02800144
v -0.24499992 0.06416781 0.02959062
v -0.23945669 0.05381806 0.04183711
v -0.24105785 0.05836840 0.03012658
v -0.23352597 0.06781073 0.02223910
v -0.23077951 0.06599553 0.02506913
v -0.24401532 0.05265517 0.04670871
v -0.22529529 0.06093652 0.04333604
v -0.23891781 0.05380280 0.04520906
v -0.23956863 0.05741139 0.04783166
v -0.22548930 0.06098206 0.04626895
v -0.21814380 0.06762571 0.04815162
v -0.22220425 0.07681258 0.02235032
v -0.21841500 0.06709535 0.05188061
v -0.21828471 0.08488841 0.02112664
v -0.22147767 0.06751485 0.05290807
v -0.22186557 0.08630116 0.01692165
v -0.22507493 0.07954760 0.01792468
v -0.22508357 0.09019180 0.02030481
v -0.23639474 0.07153518 0.02377344
v -0.22898976 0.08298798 0.01973392
v -0.25198195 0.06971653 0.04464699
v -0.23681698 0.08854730 0.03618432
v -0.25822548 0.07625218 0.04853667
v -0.24582479 0.09880574 0.03906597
v -0.22565023 0.09679194 0.02780915
v -0.23167626 0.10287256 0.03139390
v -0.24016742 0.10915013 0.03334130
v -0.22349952 0.07426269 0.05157186
v -0.22793863 0.07899471 0.05953933
v -0.22842989 0.07119866 0.04802145
v -0.23504208 0.08251400 0.06184913
v -0.24028889 0.08267648 0.05953814
v -0.22747699 0.06362612 0.04883469
v -0.24194101 0.06670768 0.04622615
v -0.24892847 0.07978053 0.05537654
v -0.24774168 0.06649263 0.04595018
v -0.25341282 0.07622881 0.05246092
v -0.30553500 0.02017243 0.05018259
v -0.30553500 0.02017243 0.05018259
v -0.30553500 0.02017243 0.05018259
v -0.30574844 0.01774843 0.05068398
v -0.30574844 0.01774843 0.05068398
v -0.30833314 0.01794810 0.05173660
v -0.30833314 0.01794810 0.05173660
v -0.30693016 0.01649310 0.05428840
v -0.30373559 0.01632382 0.05417992
v -0.30911485 0.02030130 0.05522944
v -0.31003396 0.02062078 0.05243958
v -0.31003396 0.02062078 0.05243958
v -0.31393890 0.02367051 0.05527330
v -0.31393890 0.02367051 0.05527330
v -0.30441378 0.02050622 0.05473174
v -0.31224535 0.02294107 0.05784107
v -0.31666176 0.02206881 0.05733717
v -0.31666176 0.02206881 0.05733717
v -0.31061600 0.02766438 0.05890525
v -0.31467740 0.02114446 0.05979551
v -0.31783501 0.02108736 0.05865932
v -0.31783501 0.02108736 0.05865932
v -0.31537149 0.02549775 0.06206311
v -0.30474601 0.02833052 0.06790257
v -0.31617657 0.01973207 0.06099845
v -0.31835113 0.02081676 0.06479932
v -0.31943194 0.02067752 0.06497372
v -0.32159660 0.02340253 0.06583704
v -0.32159660 0.02340253 0.06583704
v -0.31478594 0.02477069 0.07583953
v -0.30901192 0.02638431 0.07136620
v -0.31244342 0.02208216 0.07341863
v -0.31290839 0.02201326 0.07453693
v -0.30802385 0.02125282 0.07305957
v -0.30665431 0.02295144 0.07536090
v -0.30637554 0.02188332 0.07210637
v -0.30416266 0.02428873 0.07023932
v -0.30503939 0.02398308 0.07471527
v -0.30255703 0.02539261 0.07272876
v -0.30558554 0.02563830 0.07479144
v -0.29988353 0.02141733 0.06780613
v -0.30800478 0.03555365 0.07047559
v -0.29724757 0.02185555 0.06364990
v -0.29604451 0.01773705 0.06391264
v -0.29876916 0.01814003 0.06722535
v -0.29658792 0.01909084 0.06908167
v -0.30070255 0.01684572 0.05267323
v -0.29398684 0.01929446 0.06697417
v -0.29377590 0.01782812 0.06224907
v -0.30005852 0.01897629 0.05187667
v -0.29292540 0.02000160 0.06163789
v -0.29353158 0.02207072 0.06651534
v -0.29768471 0.02259476 0.06981100
v -0.30231426 0.02695425 0.07257522
v -0.28549103 0.03755744 0.05513443
v -0.29924981 0.03482397 0.07086957
v -0.29741518 0.03311057 0.06971062
v -0.28573594 0.04345854 0.06121744
v -0.28995357 0.05311651 0.06486095
v -0.29187797 0.03664167 0.04547108
v -0.29853074 0.04153414 0.04271163
v -0.29853074 0.04153414 0.04271163
v -0.28564093 0.04126103 0.05328406
v -0.29056911 0.04056389 0.04572357
v -0.29613308 0.04639895 0.04168750
v -0.29613308 0.04639895 0.04168750
v -0.29210381 0.04311843 0.04727198
v -0.29521887 0.04758127 0.04327489
v -0.29521887 0.04758127 0.04327489
v -0.28439573 0.04816623 0.05866695
v -0.28783832 0.04377611 0.05346550
v -0.28783832 0.04377611 0.05346550
v -0.28565846 0.04902513 0.05711151
v -0.28565846 0.04902513 0.05711151
v -0.29004244 0.05744167 0.06016172
v -0.29004244 0.05744167 0.06016172
v -0.28924910 0.05762191 0.06193865
v -0.29229907 0.05643626 0.06591929
v -0.29173932 0.05986817 0.06257595
v -0.29273478 0.05959065 0.06053771
v -0.29273478 0.05959065 0.06053771
v -0.29834137 0.06237049 0.05933774
v -0.29834137 0.06237049 0.05933774
v -0.30107240 0.06093414 0.06354702
v -0.30736665 0.05997486 0.05442525
v -0.30261866 0.06171115 0.05312682
v -0.30261866 0.06171115 0.05312682
v -0.31463341 0.03432961 0.06078352
v -0.30601833 0.05437429 0.04607976
v -0.31706433 0.02374048 0.05763353
v -0.31151817 0.03286822 0.05276645
v -0.31380556 0.02521940 0.05495132
v -0.30960665 0.03127296 0.05136324
v -0.30388157 0.05102356 0.04471899
v -0.30134575 0.05580135 0.04444159
v -0.30303893 0.05816574 0.04622806
v -0.30147163 0.05826874 0.04788817
v -0.30147163 0.05826874 0.04788817
v -0.29995886 0.05594476 0.04581107
v -0.29995886 0.05594476 0.04581107
v -0.29872266 0.04775615 0.05087472
v -0.29394112 0.04849048 0.05781330
v -0.32048629 -0.04028408 0.07567061
v -0.32048629 -0.04028408 0.07567061
v -0.31333671 -0.03608780 0.07787610
v -0.31333671 -0.03608780 0.07787610
v -0.31767521 -0.04008506 0.07972337
v -0.31767521 -0.04008506 0.07972337
v -0.31757943 -0.03637235 0.07178129
v -0.30862246 -0.02427153 0.07465864
v -0.30862246 -0.02427153 0.07465864
v -0.31916539 -0.03642635 0.07203294
v -0.32194100 -0.04016726 0.07636345
v -0.32194100 -0.04016726 0.07636345
v -0.31375484 -0.02450214 0.06740285
v -0.32666938 -0.03632896 0.07809986
v -0.32631604 -0.03874980 0.07891906
v -0.32631604 -0.03874980 0.07891906
v -0.32631604 -0.03874980 0.07891906
v -0.31471775 -0.02381222 0.06627465
v -0.31369529 -0.02248417 0.06764163
v -0.30881379 -0.02231078 0.07449950
v -0.30881379 -0.02231078 0.07449950
v -0.32222466 -0.01703398 0.06784130
v -0.31616769 -0.01744114 0.06410075
v -0.32582847 -0.02963703 0.07601095
v -0.32623873 -0.02956770 0.07822670
v -0.32586745 -0.01663260 0.07240523
v -0.32710377 -0.03655385 0.08017469
v -0.32283501 -0.03845142 0.08400823
v -0.32578836 -0.01611774 0.07516111
v -0.32436279 -0.03637801 0.08396841
v -0.32261072 -0.02934836 0.08336462
v -0.32064048 -0.01563154 0.08277513
v -0.32206301 -0.03592442 0.08478952
v -0.32004938 -0.02920912 0.08438445
v -0.31884025 -0.03993808 0.08084715
v -0.31412212 -0.03608798 0.07927764
v -0.30771891 -0.02347349 0.07593072
v -0.31210093 -0.01653646 0.08204854
v -0.30642078 -0.01696287 0.07775939
v -0.30673806 -0.01669745 0.07657088
v -0.30673806 -0.01669745 0.07657088
v -0.31758926 -0.01630132 0.08376134
v -0.30616418 -0.01482426 0.07771791
v -0.30652789 -0.01473628 0.07631076
v -0.30652789 -0.01473628 0.07631076
v -0.30751822 -0.01247744 0.07688333
v -0.30751822 -0.01247744 0.07688333
v -0.30692307 -0.01464377 0.07874132
v -0.30696664 -0.01272260 0.07839800
v -0.30922357 -0.01188849 0.07773388
v -0.30922357 -0.01188849 0.07773388
v -0.30871920 -0.01200824 0.07933916
v -0.31054745 -0.01250045 0.07887341
v -0.31054745 -0.01250045 0.07887341
v -0.30933426 -0.01392745 0.08033706
v -0.30974076 -0.01252888 0.08015169
v -0.31231980 -0.01455371 0.07983066
v -0.31231980 -0.01455371 0.07983066
v -0.31129233 -0.01439701 0.08136357
v -0.31713883 -0.01404487 0.08164812
v -0.31713883 -0.01404487 0.08164812
v -0.31727723 -0.01439367 0.08295442
v -0.31907938 -0.01369266 0.08101500
v -0.31907938 -0.01369266 0.08101500
v -0.31999032 -0.01390331 0.08193553
v -0.32363669 -0.01431195 0.07434739
v -0.32363669 -0.01431195 0.07434739
v -0.32478778 -0.01437144 0.07483269
v -0.32506512 -0.01469992 0.07231296
v -0.32305787 -0.01468663 0.07298113
v -0.32305787 -0.01468663 0.07298113
v -0.32029984 -0.01494228 0.06874574
v -0.32029984 -0.01494228 0.06874574
v -0.32136456 -0.01489197 0.06723119
v -0.31883631 -0.01290469 0.06733848
v -0.31883631 -0.01290469 0.06733848
v -0.31973706 -0.01302008 0.06612981
v -0.31921993 -0.01360951 0.06526984
v -0.31749008 -0.01445095 0.06405593
v -0.31864367 -0.01242422 0.06526006
v -0.31601326 -0.01522605 0.06373740
v -0.31701074 -0.01312153 0.06411685
v -0.31733165 -0.01220958 0.06630136
v -0.31578044 -0.01286070 0.06507839
v -0.31518213 -0.01710956 0.06505097
v -0.31483481 -0.01505964 0.06457628
v -0.31542526 -0.01365648 0.06589247
v -0.31705294 -0.01299189 0.06692196
v -0.31801836 -0.01410906 0.06769324
v -0.31515686 -0.01480191 0.06570853
v -0.31520901 -0.01647274 0.06590963
v -0.31949083 -0.01586817 0.06899501
v -0.32003234 -0.02065359 0.07167150
v -0.31503687 -0.02040015 0.07874979
v -0.31223128 -0.01551627 0.07903100
v -0.30773942 -0.01609932 0.07623983
v -0.31054477 -0.01374649 0.07804073
v -0.30746088 -0.01447742 0.07601262
v -0.30793236 -0.01339363 0.07641471
v -0.30951480 -0.01262568 0.07736386
v -0.34503100 -0.04900329 0.05338968
v -0.34503100 -0.04900329 0.05338968
v -0.33936403 -0.04383509 0.05740536
v -0.33936403 -0.04383509 0.05740536
v -0.34371791 -0.04829310 0.05809499
v -0.34371791 -0.04829310 0.05809499
v -0.34135358 -0.04488932 0.05032290
v -0.33282648 -0.03035764 0.05409933
v -0.33282648 -0.03035764 0.05409933
v -0.34293113 -0.04502486 0.05005051
v -0.34663574 -0.04892437 0.05355824
v -0.34663574 -0.04892437 0.05355824
v -0.33548043 -0.03166501 0.04508794
v -0.35306261 -0.04641096 0.05351604
v -0.35291556 -0.04872905 0.05463923
v -0.35291556 -0.04872905 0.05463923
v -0.35291556 -0.04872905 0.05463923
v -0.33536706 -0.02947997 0.04567636
v -0.33302192 -0.02843271 0.05369485
v -0.33302192 -0.02843271 0.05369485
v -0.33583681 -0.03097819 0.04418911
v -0.35088549 -0.03977232 0.05107511
v -0.34366910 -0.02459364 0.04256238
v -0.33670853 -0.02491282 0.04104782
v -0.35200379 -0.03954910 0.05301977
v -0.34927515 -0.02403377 0.04576624
v -0.35414736 -0.04649334 0.05534948
v -0.35131458 -0.04779230 0.06052710
v -0.35012458 -0.02329175 0.04833413
v -0.35027740 -0.03867750 0.05900908
v -0.34519211 -0.04813062 0.05875994
v -0.35281442 -0.04583220 0.05979050
v -0.35092966 -0.04516552 0.06126441
v -0.34056626 -0.04377179 0.05846931
v -0.34820042 -0.03829037 0.06078566
v -0.34778754 -0.02185469 0.05711962
v -0.33241955 -0.02940183 0.05551077
v -0.33880518 -0.02228604 0.05916382
v -0.33201919 -0.02269344 0.05701269
v -0.33193676 -0.02254699 0.05576552
v -0.33193676 -0.02254699 0.05576552
v -0.34520952 -0.02224331 0.05910290
v -0.33183674 -0.02055328 0.05684675
v -0.33172003 -0.02060406 0.05539633
v -0.33172003 -0.02060406 0.05539633
v -0.33292047 -0.01837479 0.05539180
v -0.33292047 -0.01837479 0.05539180
v -0.33289574 -0.02033918 0.05754579
v -0.33288972 -0.01845931 0.05701984
v -0.33482979 -0.01782970 0.05558110
v -0.33482979 -0.01782970 0.05558110
v -0.33487771 -0.01778518 0.05726660
v -0.33643303 -0.01843076 0.05628384
v -0.33643303 -0.01843076 0.05628384
v -0.33572070 -0.01965223 0.05819453
v -0.33609126 -0.01830272 0.05775083
v -0.33835016 -0.02050917 0.05681134
v -0.33835016 -0.02050917 0.05681134
v -0.33789019 -0.02016203 0.05857135
v -0.34416656 -0.02014248 0.05703915
v -0.34416656 -0.02014248 0.05703915
v -0.34471498 -0.02039181 0.05825759
v -0.34580181 -0.01996915 0.05577947
v -0.34580181 -0.01996915 0.05577947
v -0.34695701 -0.02016245 0.05637086
v -0.34913216 -0.02151714 0.04817809
v -0.34788833 -0.02142333 0.04808904
v -0.34788833 -0.02142333 0.04808904
v -0.34855382 -0.02206741 0.04574967
v -0.34687976 -0.02187006 0.04702807
v -0.34687976 -0.02187006 0.04702807
v -0.34273003 -0.02245753 0.04205693
v -0.34222178 -0.02231537 0.04383195
v -0.34222178 -0.02231537 0.04383195
v -0.34044747 -0.02030914 0.04278267
v -0.34044747 -0.02030914 0.04278267
v -0.34089599 -0.02058058 0.04136468
v -0.34010492 -0.02120356 0.04078115
v -0.33804433 -0.02202784 0.04028286
v -0.33959846 -0.01998840 0.04084254
v -0.33651916 -0.02272932 0.04053832
v -0.33765749 -0.02066969 0.04036499
v -0.33610229 -0.02444182 0.04222883
v -0.33568875 -0.02241926 0.04169346
v -0.33643190 -0.02374022 0.04296542
v -0.33871017 -0.01960520 0.04222668
v -0.33682160 -0.02025233 0.04164315
v -0.33672700 -0.02095454 0.04260231
v -0.33862446 -0.02031462 0.04297770
v -0.33975093 -0.02142511 0.04349996
v -0.33637390 -0.02209149 0.04262889
v -0.34150849 -0.02316372 0.04442013
v -0.34273587 -0.02773951 0.04723252
v -0.34035830 -0.02658747 0.05548740
v -0.33797065 -0.02152614 0.05618227
v -0.33279345 -0.02204357 0.05507053
v -0.33611391 -0.01973783 0.05562378
v -0.33251147 -0.02043121 0.05478776
v -0.33312575 -0.01935087 0.05490662
v -0.33495770 -0.01861189 0.05521096
v -0.32060925 0.01335968 0.02772845
v -0.32060925 0.01335968 0.02772845
v -0.32060925 0.01335968 0.02772845
v -0.32094560 0.01090981 0.02837432
v -0.32094560 0.01090981 0.02837432
v -0.32378856 0.01114388 0.02875794
v -0.32378856 0.01114388 0.02875794
v -0.32302813 0.00988610 0.03176678
v -0.31981377 0.00977160 0.03247214
v -0.32544784 0.01381977 0.03184069
v -0.32566474 0.01390458 0.02881003
v -0.32566474 0.01390458 0.02881003
v -0.33027498 0.01717557 0.03039850
v -0.33027498 0.01717557 0.03039850
v -0.32063333 0.01408990 0.03250493
v -0.32922945 0.01666911 0.03343595
v -0.33350788 0.01564069 0.03190208
v -0.33350788 0.01564069 0.03190208
v -0.32787607 0.02163203 0.03451062
v -0.33214442 0.01493175 0.03491975
v -0.33500920 0.01471521 0.03300477
v -0.33500920 0.01471521 0.03300477
v -0.33341084 0.01956232 0.03664053
v -0.32477937 0.02236397 0.04437781
v -0.33394055 0.01354791 0.03585781
v -0.33706538 0.01491810 0.03900350
v -0.33818714 0.01476641 0.03891803
v -0.34056644 0.01758380 0.03900934
v -0.34056644 0.01758380 0.03900934
v -0.32990257 0.02055485 0.04691590
v -0.33383671 0.01623507 0.04845453
v -0.33458130 0.01624407 0.04945589
v -0.33678428 0.01913579 0.05005325
v -0.32933662 0.01544978 0.04927183
v -0.32855002 0.01740487 0.05176235
v -0.32745353 0.01605500 0.04868425
v -0.32477985 0.01841910 0.04718209
v -0.32677798 0.01844521 0.05143894
v -0.32380436 0.01978440 0.04996778
v -0.32734374 0.02013703 0.05124093
v -0.31989710 0.01537092 0.04607082
v -0.32868401 0.02990718 0.04552306
v -0.31622438 0.01554348 0.04256106
v -0.31508575 0.01136716 0.04346431
v -0.31863604 0.01198764 0.04604352
v -0.31692712 0.01315738 0.04835630
v -0.31641016 0.01025052 0.03168953
v -0.31380335 0.01325275 0.04689444
v -0.31240503 0.01137544 0.04237009
v -0.31140534 0.01357324 0.04179514
v -0.31557010 0.01238514 0.03088225
v -0.30581949 0.03015990 0.02509643
v -0.31165771 0.03735669 0.01926220
v -0.31165771 0.03735669 0.01926220
v -0.30170361 0.03247948 0.03623391
v -0.31323699 0.01607229 0.04632236
v -0.30426709 0.03675540 0.02447260
v -0.30893890 0.04245408 0.01841773
v -0.30893890 0.04245408 0.01841773
v -0.30116443 0.03822024 0.03341175
v -0.30624400 0.03954287 0.02544368
v -0.30841223 0.04385121 0.02017523
v -0.30841223 0.04385121 0.02017523
v -0.30331240 0.04118807 0.04131223
v -0.30346809 0.04083903 0.03281797
v -0.30346809 0.04083903 0.03281797
v -0.30128429 0.04597111 0.03864838
v -0.30217896 0.04672117 0.03665997
v -0.30217896 0.04672117 0.03665997
v -0.30854164 0.05578621 0.03851045
v -0.30854164 0.05578621 0.03851045
v -0.31396888 0.04458459 0.02703000
v -0.31464485 0.05333562 0.02119792
v -0.31464485 0.05333562 0.02119792
v -0.31675670 0.05588968 0.02276267
v -0.31675670 0.05588968 0.02276267
v -0.31937496 0.05979998 0.02758897
v -0.31937496 0.05979998 0.02758897
v -0.31085608 0.04603441 0.03529228
v -0.31674830 0.06087263 0.03507699
v -0.31674830 0.06087263 0.03507699
v -0.31138114 0.05805226 0.03802169
v -0.31138114 0.05805226 0.03802169
v -0.30822913 0.05608018 0.04053272
v -0.30979172 0.05147298 0.04355885
v -0.31093524 0.05846508 0.04036141
v -0.31246201 0.05501623 0.04379810
v -0.32072113 0.05955894 0.03867842
v -0.31788454 0.02761073 0.04759861
v -0.32004813 0.02937634 0.04816557
v -0.32459138 0.05799313 0.02767695
v -0.33236263 0.02853151 0.03482152
v -0.32352511 0.02137835 0.04974652
v -0.31820820 0.01678528 0.04851712
v -0.33398555 0.01736988 0.03195776
v -0.33006273 0.01874085 0.02998341
v -0.32724033 0.02645750 0.02774979
v -0.32494251 0.02479358 0.02694286
v -0.31836776 0.04804201 0.01925648
v -0.32090960 0.05163605 0.01986063
v -0.31567649 0.05309708 0.01942230
v -0.31789086 0.05567641 0.02063836
v -0.31729142 0.01141633 0.00094594
v -0.31729142 0.01141633 0.00094594
v -0.31729142 0.01141633 0.00094594
v -0.31741963 0.00932844 0.00184847
v -0.31741963 0.00932844 0.00184847
v -0.32019172 0.00922139 0.00148428
v -0.32019172 0.00922139 0.00148428
v -0.32010362 0.00807466 0.00452961
v -0.31727562 0.00833286 0.00600673
v -0.32282458 0.01158948 0.00389422
v -0.32226710 0.01166739 0.00099362
v -0.32226710 0.01166739 0.00099362
v -0.32733713 0.01427735 0.00124146
v -0.32733713 0.01427735 0.00124146
v -0.31853954 0.01240499 0.00572814
v -0.32707642 0.01388879 0.00436796
v -0.33055488 0.01240976 0.00187160
v -0.33055488 0.01240976 0.00187160
v -0.32665429 0.01882823 0.00560106
v -0.32997004 0.01186289 0.00506450
v -0.33212773 0.01133449 0.00254847
v -0.33212773 0.01133449 0.00254847
v -0.33211402 0.01617272 0.00624956
v -0.33172337 0.01031227 0.00552345
v -0.33659426 0.01097341 0.00729264
v -0.33915458 0.01341535 0.00671042
v -0.33915458 0.01341535 0.00671042
v -0.33558832 0.01124956 0.00765289
v -0.33582894 0.01356752 0.01862765
v -0.33488039 0.01365252 0.01787640
v -0.33836214 0.01609828 0.01856280
v -0.33131794 0.01828940 0.01732481
v -0.33080683 0.01341172 0.01979936
v -0.33092896 0.01537259 0.02228893
v -0.32610802 0.02064820 0.01619543
v -0.32897280 0.01421870 0.01970960
v -0.32931487 0.01658471 0.02240873
v -0.32637064 0.01682134 0.01891995
v -0.32632450 0.01823302 0.02174831
v -0.32998447 0.01815320 0.02203990
v -0.32119320 0.01445474 0.01918353
v -0.33094780 0.02737076 0.01545132
v -0.31690125 0.01507248 0.01681460
v -0.31559406 0.01116802 0.01804865
v -0.31962601 0.01133640 0.01955665
v -0.31875465 0.01264776 0.02213121
v -0.31396143 0.00919612 0.00612129
v -0.31548492 0.01311280 0.02154697
v -0.31282030 0.01149525 0.01769925
v -0.31321732 0.01135941 0.00552560
v -0.31199382 0.01373644 0.01736058
v -0.30762283 0.03633554 -0.00584041
v -0.30762283 0.03633554 -0.00584041
v -0.31520317 0.01558383 0.02076305
v -0.30208866 0.03512151 0.01171149
v -0.30275522 0.03266270 0.00037480
v -0.30213086 0.03674324 0.00072254
v -0.30551950 0.04142602 -0.00619732
v -0.30551950 0.04142602 -0.00619732
v -0.30166696 0.03863771 0.00956167
v -0.30447028 0.03913648 0.00100268
v -0.30562733 0.04282839 -0.00453149
v -0.30562733 0.04282839 -0.00453149
v -0.30587564 0.04129548 0.01611901
v -0.30390130 0.04080744 0.00834239
v -0.30390130 0.04080744 0.00834239
v -0.30391846 0.04597826 0.01394976
v -0.30432681 0.04654117 0.01188386
v -0.30432681 0.04654117 0.01188386
v -0.31242106 0.04296584 0.00035633
v -0.31179140 0.05054493 -0.00567566
v -0.31179140 0.05054493 -0.00567566
v -0.31435005 0.05274732 -0.00489687
v -0.31435005 0.05274732 -0.00489687
v -0.31826065 0.05630775 -0.00134181
v -0.31826065 0.05630775 -0.00134181
v -0.31178085 0.04483600 0.00858069
v -0.31769023 0.05798335 0.00601829
v -0.31769023 0.05798335 0.00601829
v -0.31316416 0.05614288 0.01010836
v -0.31316416 0.05614288 0.01010836
v -0.31044165 0.05439503 0.01135005
v -0.31044165 0.05439503 0.01135005
v -0.31064973 0.05480261 0.01325000
v -0.31226037 0.05043705 0.01602174
v -0.31333576 0.05669279 0.01231981
v -0.31513361 0.05343468 0.01538933
v -0.32198678 0.05642958 0.00854124
v -0.32124577 0.02636535 0.02029408
v -0.32350258 0.02796717 0.02009345
v -0.32618997 0.01980527 0.02157355
v -0.32040207 0.01599897 0.02187253
v -0.32283614 0.05397601 -0.00227546
v -0.33177928 0.02457042 0.00401283
v -0.31487618 0.05230911 -0.00707733
v -0.31700889 0.04811795 -0.00815402
v -0.31230090 0.05011184 -0.00751208
v -0.31416390 0.04503973 -0.00788044
v -0.32499019 0.02307935 -0.00125967
v -0.32254426 0.02169891 -0.00125729
v -0.33121113 0.01402278 0.00176204
v -0.32721255 0.01581551 0.00086857
v -0.33617369 -0.04482047 0.02684976
v -0.33617369 -0.04482047 0.02684976
v -0.34054718 -0.04921942 0.02632106
v -0.34054718 -0.04921942 0.02632106
v -0.34028492 -0.05007075 0.02087964
v -0.34028492 -0.05007075 0.02087964
v -0.33584694 -0.04607903 0.01892925
v -0.33121220 -0.03306590 0.02564050
v -0.33121220 -0.03306590 0.02564050
v -0.33727733 -0.04631393 0.01821006
v -0.34188239 -0.05008809 0.02057184
v -0.34188239 -0.05008809 0.02057184
v -0.33096371 -0.03449969 0.01644517
v -0.34742580 -0.04703371 0.01884092
v -0.34748344 -0.04934554 0.02002586
v -0.34748344 -0.04934554 0.02002586
v -0.34748344 -0.04934554 0.02002586
v -0.33117876 -0.03246389 0.01641012
v -0.33138947 -0.03114645 0.02514411
v -0.33138947 -0.03114645 0.02514411
v -0.33111147 -0.03401135 0.01487876
v -0.34557329 -0.04056792 0.01666988
v -0.33852718 -0.02808516 0.01086176
v -0.33136998 -0.02799384 0.01144100
v -0.34723095 -0.04039542 0.01821185
v -0.34900133 -0.04716741 0.02029313
v -0.34622536 -0.02699028 0.01461245
v -0.34916459 -0.04636608 0.02548707
v -0.34782771 -0.04823898 0.02668489
v -0.34748064 -0.03934567 0.02500678
v -0.34782020 -0.04556857 0.02743984
v -0.34461496 -0.02770589 0.01240505
v -0.34216915 -0.04914038 0.02652753
v -0.33764527 -0.04482113 0.02752257
v -0.34602425 -0.03881489 0.02731455
v -0.33128742 -0.03206836 0.02709461
v -0.33889786 -0.02527462 0.02856852
v -0.33171723 -0.02528791 0.02848578
v -0.33128117 -0.02514617 0.02730418
v -0.33128117 -0.02514617 0.02730418
v -0.33161293 -0.02312689 0.02832390
v -0.33107332 -0.02318303 0.02696157
v -0.33107332 -0.02318303 0.02696157
v -0.33284823 -0.02297048 0.02868296
v -0.33279381 -0.02108477 0.02812947
v -0.33235155 -0.02101539 0.02654959
v -0.33235155 -0.02101539 0.02654959
v -0.33427421 -0.02058230 0.02616097
v -0.33427421 -0.02058230 0.02616097
v -0.33481620 -0.02052645 0.02777005
v -0.33598862 -0.02127861 0.02638603
v -0.33598862 -0.02127861 0.02638603
v -0.33579425 -0.02244698 0.02846647
v -0.33609639 -0.02111660 0.02789594
v -0.33796302 -0.02308850 0.02820982
v -0.33787094 -0.02348052 0.02638865
v -0.33787094 -0.02348052 0.02638865
v -0.34327910 -0.02333318 0.02500785
v -0.34327910 -0.02333318 0.02500785
v -0.34414933 -0.02360700 0.02602829
v -0.34449307 -0.02326946 0.02331246
v -0.34449307 -0.02326946 0.02331246
v -0.34476892 -0.02549140 0.02674640
v -0.34576676 -0.02352916 0.02355028
v -0.34669016 -0.02527468 0.02407313
v -0.34532426 -0.02514707 0.01470579
v -0.34410677 -0.02497755 0.01498033
v -0.34410677 -0.02497755 0.01498033
v -0.34402619 -0.02568524 0.01254881
v -0.34280107 -0.02537398 0.01426388
v -0.34280107 -0.02537398 0.01426388
v -0.33763401 -0.02569585 0.01244868
v -0.33763401 -0.02569585 0.01244868
v -0.33759544 -0.02588473 0.01059354
v -0.33573226 -0.02357970 0.01190330
v -0.33573226 -0.02357970 0.01190330
v -0.33573351 -0.02389197 0.01041318
v -0.33476678 -0.02447485 0.01009775
v -0.33259247 -0.02518188 0.01023997
v -0.33436553 -0.02322178 0.01027323
v -0.33116088 -0.02579175 0.01094903
v -0.33232043 -0.02379231 0.01039697
v -0.33115886 -0.02747349 0.01274372
v -0.33071748 -0.02541964 0.01229633
v -0.33173088 -0.02678202 0.01333929
v -0.33393768 -0.02277075 0.01185621
v -0.33191387 -0.02331100 0.01186157
v -0.33206425 -0.02400295 0.01283158
v -0.33166877 -0.02512400 0.01298953
v -0.33403538 -0.02347241 0.01262320
v -0.33520977 -0.02465306 0.01282657
v -0.33707253 -0.02650009 0.01324512
v -0.33882044 -0.03115116 0.01571525
v -0.33907513 -0.02972423 0.02468384
v -0.33726482 -0.02448474 0.02591933
v -0.33192984 -0.02469836 0.02637161
v -0.33541522 -0.02257846 0.02587665
v -0.33424507 -0.02137952 0.02578712
v -0.33235238 -0.02201323 0.02604736
v -0.33166615 -0.02306263 0.02613998
v -0.31080804 0.01857372 -0.02368163
v -0.31080804 0.01857372 -0.02368163
v -0.31080804 0.01857372 -0.02368163
v -0.31134913 0.01651276 -0.02326654
v -0.31134913 0.01651276 -0.02326654
v -0.31363074 0.01671942 -0.02411973
v -0.31363074 0.01671942 -0.02411973
v -0.31427685 0.01574154 -0.02152812
v -0.31214951 0.01566918 -0.01971399
v -0.31607018 0.01907976 -0.02254342
v -0.31502293 0.01906188 -0.02490305
v -0.31502293 0.01906188 -0.02490305
v -0.31877832 0.02149673 -0.02546286
v -0.31877832 0.02149673 -0.02546286
v -0.31272183 0.01933475 -0.02013170
v -0.31921236 0.02115793 -0.02275597
v -0.32182161 0.02023406 -0.02558516
v -0.32182161 0.02023406 -0.02558516
v -0.31856279 0.02540405 -0.02154325
v -0.32201199 0.01972325 -0.02276110
v -0.32339893 0.01947935 -0.02533339
v -0.32339893 0.01947935 -0.02533339
v -0.32358859 0.02370329 -0.02210068
v -0.32375048 0.01857419 -0.02273797
v -0.32813952 0.01969381 -0.02217208
v -0.32992379 0.02208502 -0.02312826
v -0.32992379 0.02208502 -0.02312826
v -0.32733057 0.01982649 -0.02166449
v -0.33128498 0.02442451 -0.01283764
v -0.32847444 0.02191861 -0.01278185
v -0.32943193 0.02195485 -0.01232897
v -0.31997905 0.02701183 -0.01238595
v -0.32485573 0.02554507 -0.01248037
v -0.32543639 0.02128191 -0.01035284
v -0.32581488 0.02301605 -0.00822495
v -0.32378242 0.02178056 -0.01005792
v -0.32114832 0.02374621 -0.01017963
v -0.31322024 0.02156229 -0.01032828
v -0.31737606 0.02151497 -0.00915956
v -0.32151041 0.02498873 -0.00773942
v -0.32434396 0.02389176 -0.00778793
v -0.32466755 0.02532132 -0.00820731
v -0.31706719 0.02279015 -0.00669025
v -0.32119248 0.02633567 -0.00783633
v -0.32331173 0.03343792 -0.01329600
v -0.31608901 0.01970751 -0.00620269
v -0.31789742 0.03307624 -0.00785576
v -0.31646285 0.01864393 -0.00858640
v -0.31247369 0.02212615 -0.00633203
v -0.31316272 0.01974900 -0.00605403
v -0.31278024 0.01804538 -0.00908565
v -0.30927924 0.01605691 -0.01895498
v -0.31033371 0.01802339 -0.00883614
v -0.30830006 0.01784600 -0.01928162
v -0.30932681 0.01987322 -0.00892662
v -0.30009959 0.03087480 -0.02031826
v -0.30258081 0.03467591 -0.02642321
v -0.30258081 0.03467591 -0.02642321
v -0.30181877 0.03232653 -0.01099717
v -0.29922030 0.03433843 -0.01974260
v -0.30020748 0.03886290 -0.02611588
v -0.30020748 0.03886290 -0.02611588
v -0.30547045 0.03784807 -0.00767206
v -0.30100373 0.03666504 -0.01987456
v -0.30048768 0.04006751 -0.02466701
v -0.30048768 0.04006751 -0.02466701
v -0.30064831 0.03543611 -0.01243352
v -0.30203907 0.03761573 -0.01379572
v -0.30203907 0.03761573 -0.01379572
v -0.30290614 0.04180463 -0.00868522
v -0.30271343 0.04244204 -0.01046967
v -0.30271343 0.04244204 -0.01046967
v -0.31452630 0.03087182 -0.00710629
v -0.30997584 0.04644807 -0.00848972
v -0.30758862 0.05019827 -0.01011228
v -0.30700562 0.04992111 -0.01169311
v -0.30700562 0.04992111 -0.01169311
v -0.31196503 0.04938228 -0.00943910
v -0.30945019 0.05216904 -0.01135599
v -0.30883727 0.05178864 -0.01321780
v -0.30883727 0.05178864 -0.01321780
v -0.31150285 0.05407579 -0.01753758
v -0.31150285 0.05407579 -0.01753758
v -0.31582896 0.05305929 -0.01651405
v -0.31431321 0.05158229 -0.02571951
v -0.31039743 0.05308993 -0.02393257
v -0.31039743 0.05308993 -0.02393257
v -0.32200716 0.03125842 -0.02329349
v -0.30882053 0.04594739 -0.02979182
v -0.32217989 0.02170296 -0.02578031
v -0.31537263 0.02929504 -0.02649306
v -0.31843362 0.02281315 -0.02573084
v -0.31199334 0.02716370 -0.02578448
v -0.30679230 0.04296429 -0.02911555
v -0.30476932 0.04715164 -0.02823972
v -0.30466304 0.04744609 -0.02656101
v -0.30466304 0.04744609 -0.02656101
v -0.30680309 0.04933222 -0.02829432
v -0.30675129 0.04962440 -0.02631961
v -0.30675129 0.04962440 -0.02631961
v -0.30718897 0.04086311 -0.02184736
v -0.30833058 0.04193170 -0.01506936
v -0.33371357 -0.02788054 -0.00759779
v -0.33371357 -0.02788054 -0.00759779
v -0.33775262 -0.03163825 -0.00809895
v -0.33775262 -0.03163825 -0.00809895
v -0.33747433 -0.03203176 -0.01406883
v -0.33747433 -0.03203176 -0.01406883
v -0.33338342 -0.02834951 -0.01494311
v -0.32866929 -0.01820056 -0.00808870
v -0.32866929 -0.01820056 -0.00808870
v -0.33478359 -0.02843480 -0.01569783
v -0.33938835 -0.03191708 -0.01447605
v -0.33938835 -0.03191708 -0.01447605
v -0.32838557 -0.01859264 -0.01570045
v -0.32848446 -0.01685779 -0.01555144
v -0.32873140 -0.01652496 -0.00834023
v -0.32873140 -0.01652496 -0.00834023
v -0.32845924 -0.01803439 -0.01698600
v -0.34368739 -0.02839796 -0.01516842
v -0.34386865 -0.03062086 -0.01430892
v -0.34386865 -0.03062086 -0.01430892
v -0.33444254 -0.01234667 -0.01997696
v -0.34193251 -0.02216755 -0.01653050
v -0.34517256 -0.02858602 -0.01388036
v -0.34348164 -0.02208065 -0.01513230
v -0.34529094 -0.02831237 -0.00955163
v -0.34417216 -0.03019993 -0.00861382
v -0.34370373 -0.02172910 -0.00931655
v -0.34069161 -0.01153450 -0.01686441
v -0.33930598 -0.01201354 -0.01877223
v -0.33872555 -0.01034175 -0.01846026
v -0.33970539 -0.03147136 -0.00787841
v -0.34406380 -0.02783255 -0.00766515
v -0.33517597 -0.02787708 -0.00696658
v -0.34239326 -0.02153210 -0.00712930
v -0.32872216 -0.01748215 -0.00676905
v -0.32843790 -0.01164381 -0.00597226
v -0.32843790 -0.01164381 -0.00597226
v -0.33494780 -0.01153819 -0.00503503
v -0.33958248 -0.01142065 -0.00673067
v -0.32883881 -0.01184975 -0.00499116
v -0.32865832 -0.01001136 -0.00493323
v -0.32817380 -0.00996129 -0.00608348
v -0.32817380 -0.00996129 -0.00608348
v -0.32971005 -0.00985782 -0.00463497
v -0.32957522 -0.00821559 -0.00493418
v -0.32916389 -0.00803594 -0.00625895
v -0.32916389 -0.00803594 -0.00625895
v -0.33077369 -0.00755279 -0.00658022
v -0.33077369 -0.00755279 -0.00658022
v -0.33126537 -0.00762479 -0.00522112
v -0.33226512 -0.00808834 -0.00647937
v -0.33226512 -0.00808834 -0.00647937
v -0.33219002 -0.00926946 -0.00481879
v -0.33238099 -0.00808041 -0.00518774
v -0.33405588 -0.00969671 -0.00512825
v -0.33395640 -0.00987111 -0.00670444
v -0.33395640 -0.00987111 -0.00670444
v -0.33819149 -0.00950442 -0.00798618
v -0.33819149 -0.00950442 -0.00798618
v -0.33896373 -0.00978927 -0.00716030
v -0.33918683 -0.00924830 -0.00943588
v -0.33918683 -0.00924830 -0.00943588
v -0.34115336 -0.01091831 -0.00900625
v -0.34028576 -0.00943463 -0.00927805
v -0.33985160 -0.01002179 -0.01660596
v -0.33881477 -0.00995480 -0.01633870
v -0.33881477 -0.00995480 -0.01633870
v -0.33770565 -0.01028274 -0.01696013
v -0.33770565 -0.01028274 -0.01696013
v -0.33361749 -0.01050376 -0.01840483
v -0.33361749 -0.01050376 -0.01840483
v -0.33355449 -0.01050101 -0.01999234
v -0.33190213 -0.00874637 -0.01864683
v -0.33190213 -0.00874637 -0.01864683
v -0.33188550 -0.00887851 -0.01993691
v -0.33108060 -0.00938521 -0.02024077
v -0.33069168 -0.00835769 -0.01997363
v -0.32926295 -0.01008915 -0.02014874
v -0.32836268 -0.01262717 -0.01936339
v -0.32897792 -0.00893895 -0.01988708
v -0.32808463 -0.01072936 -0.01957964
v -0.32818840 -0.01231133 -0.01821004
v -0.32771985 -0.01055281 -0.01839816
v -0.32865886 -0.01175450 -0.01765298
v -0.33034156 -0.00813465 -0.01858555
v -0.32864229 -0.00867884 -0.01859700
v -0.33046899 -0.00879203 -0.01800024
v -0.32881836 -0.00934385 -0.01783966
v -0.32853107 -0.01032321 -0.01779996
v -0.33152042 -0.00975876 -0.01795255
v -0.33318905 -0.01127891 -0.01779305
v -0.33491669 -0.01535820 -0.01614522
v -0.33520136 -0.01495169 -0.00872623
v -0.33347229 -0.01070522 -0.00718199
v -0.32895235 -0.01115452 -0.00673245
v -0.33182017 -0.00916778 -0.00701784
v -0.33077387 -0.00819545 -0.00696765
v -0.32919518 -0.00883566 -0.00677370
v -0.32865624 -0.00976126 -0.00677811
v -0.31366364 0.02733929 0.06860090
v -0.30563907 0.03059573 0.06763185
v -0.30803547 0.03035553 0.06429792
v -0.30198673 0.02812214 0.06008888
v -0.31126861 0.02757950 0.07193316
v -0.31623809 0.02048500 0.07098413
v -0.29958955 0.02836259 0.06342376
v -0.31384430 0.02072508 0.07431472
v -0.30527190 0.02829738 0.06788684
v -0.29595129 0.02192469 0.06127764
v -0.29834799 0.02168436 0.05794300
v -0.29882167 0.01405419 0.05886448
v -0.30044452 0.02651496 0.06452824
v -0.29642580 0.01429428 0.06219793
v -0.30318634 0.00880213 0.06242217
v -0.29754064 0.02137716 0.06281568
v -0.30079178 0.00904234 0.06575383
v -0.30939958 0.00838555 0.06695128
v -0.29791931 0.01528795 0.06355048
v -0.30140321 0.01109661 0.06638886
v -0.30700592 0.00862564 0.07028152
v -0.30636201 0.01076402 0.07000268
v -0.31216083 0.01323952 0.07366253
v -0.31455414 0.01299955 0.07033278
v -0.30077426 0.01479043 0.06983257
v -0.29874537 0.01723017 0.06818176
v -0.30366150 0.01459689 0.07193495
v -0.30173616 0.01706101 0.07017244
v -0.31047581 0.01444627 0.07270087
v -0.30605606 0.01674004 0.07350517
v -0.30325047 0.01695956 0.07127548
v -0.31181947 0.02042003 0.07322122
v -0.30450652 0.01808383 0.07209934
v -0.30976442 0.02589030 0.07131995
v -0.30683766 0.02021702 0.07380856
v -0.30564056 0.02340109 0.07270325
v -0.30491672 0.01990779 0.07225836
v -0.30428896 0.02157791 0.07167817
v -0.30302493 0.02480228 0.07070626
v -0.30291716 0.02231295 0.07063020
v -0.30021457 0.02376504 0.06875206
v -0.30067233 0.01834090 0.06930626
v -0.29852448 0.02077456 0.06775511
v -0.30055634 0.02019997 0.06908203
v -0.30144302 0.02176864 0.06960500
v -0.31181477 0.00812204 0.06363846
v -0.30560259 0.00853838 0.05910803
v -0.31696902 0.01273592 0.06702019
v -0.30123905 0.01379026 0.05554856
v -0.30654345 0.01055820 0.05928768
v -0.31150148 0.01022579 0.06290282
v -0.31865356 0.02022131 0.06767083
v -0.31561492 0.01390804 0.06560160
v -0.31608031 0.02707560 0.06528593
v -0.31695906 0.01988168 0.06612111
v -0.31045322 0.03009148 0.06098128
v -0.31490509 0.02535184 0.06421829
v -0.31041400 0.02775879 0.06078340
v -0.30440525 0.02785809 0.05677129
v -0.30076633 0.02142019 0.05462576
v -0.30558715 0.02597637 0.05742372
v -0.30306093 0.01474942 0.05644752
v -0.30268309 0.02083857 0.05571152
v -0.30762438 0.01982136 0.05518390
v -0.30931489 0.02281184 0.05618037
v -0.30784367 0.01627721 0.05561329
v -0.30986957 0.01383777 0.05726768
v -0.31065706 0.01612665 0.05784858
v -0.31275455 0.01364435 0.05937291
v -0.30959413 0.01740636 0.05698098
v -0.31217072 0.01602520 0.05895246
v -0.31514863 0.01578767 0.06094397
v -0.31342653 0.01714946 0.05977667
v -0.31593154 0.01926453 0.06124581
v -0.31383715 0.01897331 0.05993498
v -0.31473694 0.02244826 0.06013704
v -0.31321017 0.02064355 0.05935372
v -0.31183932 0.02137847 0.05830468
v -0.31212376 0.02384932 0.05813659
v -0.30947910 0.01926549 0.05675591
v -0.31036578 0.02083416 0.05727864
v -0.31911240 -0.00706612 0.07515419
v -0.31261520 -0.00450866 0.07476486
v -0.31473986 -0.00472288 0.07181145
v -0.31004075 -0.00645797 0.06854142
v -0.31698869 -0.00685196 0.07810617
v -0.32111226 -0.01239102 0.07700563
v -0.30791549 -0.00624357 0.07149578
v -0.31898973 -0.01217692 0.07995630
v -0.31231217 -0.00629233 0.07498778
v -0.30508898 -0.01124512 0.06982864
v -0.30721424 -0.01145922 0.06687451
v -0.30758194 -0.01738690 0.06759037
v -0.30856190 -0.00767694 0.07237865
v -0.30545793 -0.01717274 0.07054342
v -0.31097279 -0.02146702 0.07035423
v -0.30630604 -0.01166831 0.07104827
v -0.30884967 -0.02125286 0.07330574
v -0.31579975 -0.02179061 0.07387281
v -0.30659990 -0.01639889 0.07161892
v -0.30930648 -0.01965509 0.07382382
v -0.30702559 -0.01486735 0.07551564
v -0.31367723 -0.02157657 0.07682301
v -0.31315903 -0.01991348 0.07663120
v -0.31768207 -0.01799224 0.07944954
v -0.31980423 -0.01820623 0.07649959
v -0.30860184 -0.01676284 0.07679785
v -0.31635515 -0.01705288 0.07872749
v -0.31084488 -0.01691322 0.07843102
v -0.31739883 -0.01241206 0.07913161
v -0.30935870 -0.01499979 0.07704879
v -0.31270526 -0.01524823 0.07965077
v -0.31053511 -0.01507871 0.07790555
v -0.30853198 -0.01400553 0.07637573
v -0.31331221 -0.01254706 0.07988657
v -0.31151078 -0.01420532 0.07854546
v -0.31182937 -0.01278834 0.07866908
v -0.31580220 -0.00816237 0.07765473
v -0.31238238 -0.01007347 0.07902802
v -0.31134174 -0.01149075 0.07821847
v -0.31027607 -0.01091979 0.07740451
v -0.31035022 -0.00898491 0.07747687
v -0.30816666 -0.00979071 0.07595886
v -0.30844192 -0.01256125 0.07620181
v -0.30913071 -0.01134251 0.07660807
v -0.30685381 -0.01211391 0.07518424
v -0.31793872 -0.02202289 0.07093597
v -0.31311295 -0.02169947 0.06741620
v -0.32194291 -0.01843856 0.07356323
v -0.30972336 -0.01761954 0.06465090
v -0.31386189 -0.02013229 0.06753100
v -0.31771348 -0.02039062 0.07033957
v -0.32325182 -0.01262342 0.07406856
v -0.32090900 -0.01752989 0.07243622
v -0.32125292 -0.00729858 0.07221557
v -0.32195328 -0.01288925 0.07283963
v -0.31688128 -0.00495558 0.06887139
v -0.32035784 -0.00863950 0.07136131
v -0.31686876 -0.00676958 0.06869281
v -0.31218276 -0.00669067 0.06560052
v -0.30935595 -0.01169203 0.06393386
v -0.31311909 -0.00815444 0.06608284
v -0.31115649 -0.01687621 0.06532444
v -0.31086318 -0.01214574 0.06475259
v -0.31491808 -0.01295863 0.06404389
v -0.31623123 -0.01063542 0.06481792
v -0.31508807 -0.01571195 0.06437768
v -0.31666217 -0.01760708 0.06566299
v -0.31726424 -0.01582794 0.06612743
v -0.31890307 -0.01775728 0.06729878
v -0.31643848 -0.01483379 0.06545342
v -0.31844012 -0.01590680 0.06698514
v -0.32076309 -0.01609235 0.06851936
v -0.31941573 -0.01503341 0.06762541
v -0.32137100 -0.01339118 0.06875361
v -0.31973467 -0.01361643 0.06774832
v -0.32044331 -0.01091789 0.06789197
v -0.31924758 -0.01231884 0.06729675
v -0.31818257 -0.01174800 0.06648172
v -0.31841324 -0.00982945 0.06633771
v -0.31634907 -0.01338945 0.06527854
v -0.31703780 -0.01217078 0.06568481
v -0.32339303 0.02641888 -0.01632940
v -0.32760660 0.02178796 -0.01946746
v -0.32785211 0.02216013 -0.01620542
v -0.32854621 0.01606329 -0.01558744
v -0.32314740 0.02604647 -0.01959311
v -0.31725566 0.02684684 -0.01590144
v -0.32830070 0.01569118 -0.01884793
v -0.31700997 0.02647431 -0.01916610
v -0.32490520 0.01060916 -0.01802443
v -0.32515053 0.01098110 -0.01476466
v -0.32593212 0.02093978 -0.01947164
v -0.32648597 0.01607425 -0.01897763
v -0.31900857 0.00891961 -0.01738225
v -0.31925408 0.00929166 -0.01412212
v -0.31361584 0.01178546 -0.01396035
v -0.32377605 0.01201846 -0.01832067
v -0.31337045 0.01141323 -0.01722192
v -0.31907050 0.01067014 -0.01780807
v -0.32340143 0.01652141 -0.02151834
v -0.31062816 0.01692314 -0.01761841
v -0.31087379 0.01729549 -0.01435517
v -0.31231133 0.02324386 -0.01512181
v -0.32307903 0.01935334 -0.02180706
v -0.31206552 0.02287121 -0.01838624
v -0.31352977 0.02180441 -0.01860808
v -0.31747536 0.02467985 -0.01923048
v -0.32237343 0.02433844 -0.01957141
v -0.32100765 0.02133138 -0.02186631
v -0.31815652 0.02153011 -0.02166854
v -0.31238262 0.01705743 -0.01799559
v -0.31586007 0.01985641 -0.02130615
v -0.31457071 0.01266022 -0.01767968
v -0.31519238 0.01709361 -0.02094876
v -0.31646613 0.01453425 -0.02076351
v -0.31717555 0.01731081 -0.02100455
v -0.31752572 0.01876016 -0.02119183
v -0.31873057 0.01963813 -0.02138196
v -0.32022605 0.01953395 -0.02148592
v -0.32131265 0.01849635 -0.02145504
v -0.32148174 0.01701070 -0.02130388
v -0.31784372 0.01596828 -0.02090775
v -0.31921778 0.01536067 -0.02094673
v -0.32065437 0.01577230 -0.02110313
v -0.31908534 0.01337595 -0.02083718
v -0.32182429 0.01416088 -0.02113532
v -0.32880561 0.01640989 -0.01232516
v -0.32540993 0.01132752 -0.01150321
v -0.32811169 0.02250691 -0.01294159
v -0.31951366 0.00963815 -0.01086020
v -0.32365272 0.02676578 -0.01306390
v -0.32702557 0.01684220 -0.01200699
v -0.32647167 0.02170797 -0.01249944
v -0.31751535 0.02719386 -0.01263510
v -0.32291333 0.02510674 -0.01259755
v -0.31257121 0.02359064 -0.01185559
v -0.31801526 0.02544828 -0.01225554
v -0.32403390 0.02071257 -0.00946998
v -0.32196281 0.02269097 -0.00952589
v -0.31406961 0.02257283 -0.01163339
v -0.31113354 0.01764233 -0.01109027
v -0.31387554 0.01213206 -0.01069724
v -0.31292246 0.01782574 -0.01102232
v -0.31681530 0.02121623 -0.00896417
v -0.31511054 0.01342834 -0.01070808
v -0.31911204 0.02288981 -0.00932609
v -0.31961010 0.01143809 -0.01083778
v -0.31966732 0.02097125 -0.00928043
v -0.32116280 0.02086718 -0.00938498
v -0.31846259 0.02009340 -0.00909053
v -0.32224921 0.01982935 -0.00935542
v -0.31614755 0.01845308 -0.00860940
v -0.31811229 0.01864405 -0.00890421
v -0.31742106 0.01589335 -0.00842785
v -0.32241831 0.01834352 -0.00920533
v -0.31878028 0.01730127 -0.00880860
v -0.32015423 0.01669355 -0.00884842
v -0.32003991 0.01473476 -0.00850438
v -0.32435618 0.01788021 -0.00918459
v -0.32159100 0.01710512 -0.00900518
v -0.32277886 0.01551951 -0.00880324
v -0.32431559 0.01278628 -0.01135086
v -0.28912924 0.05062897 -0.02238893
v -0.29372142 0.05778404 -0.01831554
v -0.28955952 0.05099459 -0.01745390
v -0.29074595 0.04308589 -0.01699447
v -0.29329137 0.05741866 -0.02325081
v -0.30128495 0.06027777 -0.01917612
v -0.29031585 0.04272051 -0.02192759
v -0.30085496 0.05991252 -0.02411007
v -0.29629628 0.03739376 -0.02208268
v -0.29672603 0.03775878 -0.01715218
v -0.30470173 0.03750582 -0.01785313
v -0.30828081 0.05694361 -0.02456449
v -0.30871079 0.05730875 -0.01963293
v -0.31252400 0.05026622 -0.01947247
v -0.30666737 0.05510898 -0.02462934
v -0.31209443 0.04990132 -0.02440154
v -0.31051103 0.04208048 -0.02369749
v -0.31094072 0.04244550 -0.01876949
v -0.30971072 0.04948862 -0.02449988
v -0.30074112 0.05747826 -0.02426599
v -0.30376331 0.05195697 -0.02824913
v -0.29470507 0.05548794 -0.02357983
v -0.30031393 0.05333598 -0.02803945
v -0.29138337 0.05006964 -0.02289211
v -0.29680041 0.05217750 -0.02764117
v -0.29233036 0.04375823 -0.02252447
v -0.29486696 0.04902370 -0.02724062
v -0.29541860 0.04535027 -0.02702521
v -0.29710315 0.03950710 -0.02264892
v -0.29741106 0.04850609 -0.02724873
v -0.29842518 0.05016048 -0.02745878
v -0.30026815 0.05076821 -0.02766799
v -0.29770009 0.04657920 -0.02713608
v -0.30207781 0.05004473 -0.02777838
v -0.30300675 0.04832871 -0.02773844
v -0.29819659 0.04287608 -0.02709579
v -0.29915760 0.04528125 -0.02717351
v -0.30553482 0.04868586 -0.02817201
v -0.30110065 0.04521949 -0.02734362
v -0.30844710 0.04324730 -0.02393841
v -0.30262105 0.04642327 -0.02756678
v -0.30479966 0.04505320 -0.02784430
v -0.30190144 0.04275866 -0.02741920
v -0.30346821 0.03930528 -0.02320742
v -0.30427204 0.03714104 -0.02278172
v -0.30174456 0.06061907 -0.01424300
v -0.29418127 0.05812557 -0.01338111
v -0.30917011 0.05764992 -0.01470243
v -0.29001907 0.05133565 -0.01251983
v -0.29565541 0.05624302 -0.01303934
v -0.29120545 0.04342718 -0.01206230
v -0.29233370 0.05082448 -0.01235198
v -0.29718522 0.03809996 -0.01222252
v -0.29328064 0.04451294 -0.01198625
v -0.29654882 0.05035968 -0.00858938
v -0.29709981 0.04668589 -0.00837790
v -0.29805318 0.04026158 -0.01211344
v -0.30516068 0.03784688 -0.01292562
v -0.30441789 0.04005964 -0.01267396
v -0.31139968 0.04278643 -0.01384245
v -0.30939684 0.04400177 -0.01340555
v -0.29987750 0.04421122 -0.00845396
v -0.30358199 0.04409344 -0.00878166
v -0.31066040 0.05024321 -0.01396584
v -0.31298314 0.05060740 -0.01454424
v -0.30761735 0.05586357 -0.01409279
v -0.30169145 0.05823310 -0.01372682
v -0.30544422 0.05329223 -0.00960528
v -0.29848222 0.05351348 -0.00898921
v -0.30199544 0.05467172 -0.00939046
v -0.30007402 0.05147035 -0.00917088
v -0.30191700 0.05207796 -0.00938105
v -0.29905991 0.04981585 -0.00896107
v -0.29934893 0.04788883 -0.00884985
v -0.30372635 0.05135436 -0.00949322
v -0.30721543 0.05002077 -0.00953316
v -0.30465529 0.04963823 -0.00945496
v -0.30080614 0.04659076 -0.00888919
v -0.30647997 0.04638798 -0.00920795
v -0.30274920 0.04652901 -0.00906073
v -0.30426959 0.04773255 -0.00928425
v -0.29853938 0.06556316 0.05466093
v -0.30435757 0.05751891 0.05293799
v -0.30159036 0.05806513 0.05742181
v -0.29966072 0.04973514 0.05722810
v -0.30130778 0.06501658 0.05017484
v -0.29193536 0.06872065 0.05023743
v -0.30242715 0.04918893 0.05274523
v -0.29470507 0.06817360 0.04574920
v -0.29642032 0.04392441 0.04968740
v -0.29365335 0.04447062 0.05417062
v -0.28637920 0.04473527 0.04967977
v -0.28763894 0.06551321 0.04173161
v -0.28486840 0.06606002 0.04622115
v -0.28064523 0.05882676 0.04449118
v -0.28914712 0.04418869 0.04519464
v -0.28124187 0.05040474 0.04585708
v -0.28401134 0.04985805 0.04136969
v -0.28341560 0.05827971 0.04000188
v -0.29023288 0.04642899 0.04516638
v -0.28613381 0.05095346 0.04211439
v -0.28902874 0.06344719 0.04240383
v -0.28565840 0.05767448 0.04102338
v -0.29139660 0.05643351 0.03954972
v -0.29167263 0.05252154 0.04018606
v -0.29466794 0.06557043 0.04560972
v -0.29335849 0.05979343 0.04035295
v -0.29993771 0.06305082 0.04914106
v -0.29664008 0.06102927 0.04222001
v -0.30237190 0.05706723 0.05134560
v -0.29970650 0.05956276 0.04427708
v -0.29632334 0.05830033 0.04257906
v -0.29460154 0.05765195 0.04160012
v -0.29357235 0.05588944 0.04117859
v -0.29371742 0.05383737 0.04151214
v -0.29793195 0.05753095 0.04365779
v -0.29496882 0.05245598 0.04244436
v -0.30112223 0.05608018 0.04556192
v -0.29867504 0.05570419 0.04433120
v -0.29674081 0.05239160 0.04353930
v -0.29820446 0.05367441 0.04428459
v -0.30022518 0.05221112 0.04547311
v -0.29743503 0.04976554 0.04405225
v -0.29405741 0.04988809 0.04196430
v -0.29603771 0.04621811 0.04875113
v -0.30083172 0.05041952 0.05119158
v -0.28919063 0.06924184 0.05474437
v -0.29579602 0.06608422 0.05916549
v -0.28212289 0.06658180 0.05072928
v -0.29884855 0.05858607 0.06192435
v -0.29404894 0.06419153 0.05874659
v -0.28877799 0.06671150 0.05521763
v -0.27790020 0.05934806 0.04899896
v -0.28313790 0.06458838 0.05201305
v -0.27849803 0.05092616 0.05036331
v -0.27976785 0.05881555 0.05063237
v -0.28363661 0.04525621 0.05418361
v -0.28024427 0.05209441 0.05172146
v -0.28434489 0.04756959 0.05477096
v -0.29091195 0.04499145 0.05867256
v -0.29015086 0.04735847 0.05835379
v -0.28363899 0.05190642 0.05895890
v -0.29691968 0.05025573 0.06172944
v -0.29648481 0.05820771 0.06094886
v -0.29494516 0.05155976 0.06079377
v -0.28980980 0.05422874 0.06246270
v -0.29070536 0.05809815 0.06255377
v -0.28701917 0.05178340 0.06104291
v -0.28798685 0.05565377 0.06095172
v -0.28475002 0.05443545 0.05911315
v -0.28652290 0.05437095 0.06020678
v -0.28845684 0.05768354 0.06099916
v -0.28349773 0.05581708 0.05818261
v -0.28125117 0.05454035 0.05718578
v -0.28771273 0.05951054 0.06032730
v -0.28097300 0.05845268 0.05655302
v -0.28928689 0.06158121 0.06127370
v -0.28610329 0.06028016 0.05925025
v -0.28621773 0.06304832 0.05922128
v -0.28293435 0.06181271 0.05735684
v -0.28438089 0.05963190 0.05827213
v -0.28335200 0.05786927 0.05785049
v -0.32952801 -0.01756178 0.04240967
v -0.33239422 -0.01336347 0.04698981
v -0.32822339 -0.01716481 0.04584063
v -0.32722453 -0.02283083 0.04609943
v -0.33369885 -0.01376037 0.04355861
v -0.33778528 -0.01320498 0.04900933
v -0.32852886 -0.02322768 0.04266978
v -0.33908961 -0.01360188 0.04557909
v -0.33116833 -0.02810656 0.04421724
v -0.32986490 -0.02770995 0.04764510
v -0.34317790 -0.01716070 0.04752553
v -0.34187404 -0.01676397 0.05095411
v -0.33621196 -0.02991574 0.04632796
v -0.33490900 -0.02951942 0.04975439
v -0.33999674 -0.02741240 0.05144037
v -0.33226768 -0.02683912 0.04421879
v -0.34129951 -0.02780871 0.04801441
v -0.33016090 -0.02294527 0.04298438
v -0.34405057 -0.02277128 0.04848732
v -0.34274743 -0.02237491 0.05191422
v -0.33629284 -0.02828305 0.04590286
v -0.34035317 -0.02660154 0.04724861
v -0.34185175 -0.01810359 0.04685915
v -0.34254847 -0.02258138 0.04762627
v -0.33978573 -0.02480780 0.04357422
v -0.33858893 -0.01526354 0.04530622
v -0.34065864 -0.01986180 0.04334558
v -0.33428691 -0.01538990 0.04369415
v -0.33876000 -0.01820885 0.04244042
v -0.33625619 -0.01828252 0.04150129
v -0.33095835 -0.01842372 0.04277719
v -0.33431892 -0.02004825 0.04096783
v -0.33385430 -0.02267997 0.04108943
v -0.33678565 -0.01999013 0.04203964
v -0.33508007 -0.02494620 0.04180921
v -0.33576945 -0.02091651 0.04175962
v -0.33742259 -0.02578657 0.04279066
v -0.33809916 -0.01995151 0.04253198
v -0.33552591 -0.02229689 0.04182328
v -0.33909528 -0.02081858 0.04300655
v -0.34106366 -0.02246802 0.04379333
v -0.33930794 -0.02218573 0.04324103
v -0.33863751 -0.02341311 0.04312600
v -0.33739785 -0.02392660 0.04271496
v -0.33616893 -0.02348571 0.04220046
v -0.33649425 -0.01283072 0.05244709
v -0.33110271 -0.01298885 0.05042852
v -0.34058360 -0.01638983 0.05439020
v -0.33581672 -0.01443975 0.05264200
v -0.34145776 -0.02200083 0.05534864
v -0.33908031 -0.01728009 0.05419327
v -0.33870737 -0.02703844 0.05487407
v -0.33977763 -0.02175801 0.05495859
v -0.33361945 -0.02914535 0.05318845
v -0.33758263 -0.02577816 0.05457998
v -0.33616100 -0.02101110 0.05676712
v -0.32857494 -0.02733587 0.05108047
v -0.33352212 -0.02745967 0.05323471
v -0.32593391 -0.02245651 0.04953660
v -0.32949654 -0.02601563 0.05155219
v -0.32693217 -0.01679044 0.04927910
v -0.32738898 -0.02212165 0.05031956
v -0.33151440 -0.01456611 0.05103088
v -0.32818596 -0.01759993 0.05011369
v -0.33135019 -0.01682453 0.05448426
v -0.32941292 -0.01859044 0.05395020
v -0.33017663 -0.02348910 0.05478514
v -0.32894937 -0.02122246 0.05406905
v -0.33252023 -0.02432983 0.05576337
v -0.33135966 -0.02205657 0.05492760
v -0.33488367 -0.02335106 0.05654622
v -0.33258877 -0.02249746 0.05544103
v -0.33071587 -0.02086757 0.05455161
v -0.33382855 -0.02198415 0.05585171
v -0.33449868 -0.02075659 0.05596746
v -0.33428566 -0.01938932 0.05573405
v -0.33575449 -0.01840459 0.05632282
v -0.33328895 -0.01852207 0.05526079
v -0.33385460 -0.01675116 0.05542136
v -0.33095912 -0.01948707 0.05448903
v -0.33197532 -0.01856069 0.05476905
v -0.34072487 -0.01708846 0.01817800
v -0.34332881 -0.02298217 0.01548625
v -0.34319923 -0.02231573 0.01918531
v -0.34167502 -0.02790760 0.02011896
v -0.34085456 -0.01775508 0.01447702
v -0.33540992 -0.01467137 0.01756812
v -0.34180460 -0.02857368 0.01642169
v -0.33553962 -0.01533835 0.01386620
v -0.33699517 -0.03191333 0.01684559
v -0.33686576 -0.03124748 0.02054204
v -0.33102135 -0.03077243 0.02025653
v -0.33959786 -0.01902829 0.01439787
v -0.34157250 -0.02319984 0.01520277
v -0.34035609 -0.02766232 0.01594878
v -0.33115093 -0.03143834 0.01655973
v -0.32687692 -0.02670483 0.01939596
v -0.33651791 -0.03032760 0.01628686
v -0.33816002 -0.02658926 0.01254357
v -0.32700650 -0.02737110 0.01569773
v -0.33886806 -0.02399205 0.01210798
v -0.32650093 -0.02161484 0.01466299
v -0.32637123 -0.02094816 0.01836313
v -0.33771906 -0.02156429 0.01163805
v -0.33697669 -0.02414321 0.01220835
v -0.33660529 -0.02550571 0.01243640
v -0.33637385 -0.02286963 0.01196219
v -0.33525018 -0.02044182 0.01135374
v -0.33592615 -0.02814047 0.01274098
v -0.33543346 -0.02631937 0.01253987
v -0.33400951 -0.02620368 0.01247014
v -0.33321146 -0.02791987 0.01260794
v -0.33185391 -0.02994858 0.01605869
v -0.33299951 -0.02521269 0.01225985
v -0.32854638 -0.02670257 0.01537121
v -0.33128623 -0.02603077 0.01220656
v -0.32814292 -0.02210860 0.01454605
v -0.33105157 -0.02335708 0.01172484
v -0.33287636 -0.02381002 0.01200760
v -0.33261697 -0.02114980 0.01138795
v -0.33507882 -0.02228080 0.01181317
v -0.33369760 -0.02265219 0.01183117
v -0.33083228 -0.01831608 0.01396919
v -0.33535622 -0.01709966 0.01391066
v -0.32987086 -0.01686262 0.01393963
v -0.32974128 -0.01619564 0.01764132
v -0.33528391 -0.01403157 0.02127493
v -0.34059886 -0.01644878 0.02188374
v -0.32961510 -0.01555602 0.02134789
v -0.34307323 -0.02167647 0.02288927
v -0.32624523 -0.02030866 0.02206827
v -0.34154914 -0.02726858 0.02382113
v -0.32675091 -0.02606569 0.02309919
v -0.33089546 -0.03013341 0.02395810
v -0.33673988 -0.03060858 0.02424325
v -0.34129940 -0.02180485 0.02311195
v -0.34008310 -0.02626769 0.02385617
v -0.33624504 -0.02893309 0.02419330
v -0.33158092 -0.02855407 0.02396561
v -0.33544336 -0.02567314 0.02673031
v -0.32827340 -0.02530776 0.02327968
v -0.33272855 -0.02545242 0.02659811
v -0.32786981 -0.02071331 0.02245642
v -0.33080314 -0.02356266 0.02620007
v -0.33252571 -0.02279185 0.02598501
v -0.33055917 -0.01692067 0.02188111
v -0.33353571 -0.02378313 0.02619411
v -0.33508311 -0.01570408 0.02182282
v -0.33213375 -0.01868044 0.02538849
v -0.33056847 -0.02088832 0.02572227
v -0.33240257 -0.02138905 0.02573408
v -0.33322368 -0.02023105 0.02555872
v -0.33476678 -0.01797234 0.02535475
v -0.33460490 -0.01985954 0.02554096
v -0.33590005 -0.02044849 0.02568913
v -0.33613155 -0.02308504 0.02616085
v -0.33495967 -0.02389889 0.02626360
v -0.33723567 -0.01909529 0.02563692
v -0.33650295 -0.02172236 0.02593399
v -0.33932475 -0.01763301 0.02230896
v -0.33838497 -0.02152382 0.02610291
v -0.33767710 -0.02412163 0.02653469
v -0.33246897 -0.01670920 -0.01213037
v -0.33666913 -0.01382063 -0.01267539
v -0.33229808 -0.01708488 -0.01538609
v -0.32737009 -0.01622419 -0.01191436
v -0.33649806 -0.01419638 -0.01593195
v -0.33800499 -0.00891005 -0.01329469
v -0.32719902 -0.01659994 -0.01517045
v -0.33783398 -0.00928609 -0.01655280
v -0.32358710 -0.01296847 -0.01538609
v -0.32375805 -0.01259254 -0.01212870
v -0.33568064 -0.00465147 -0.01695799
v -0.33585171 -0.00427525 -0.01369833
v -0.33121667 -0.00208484 -0.01369750
v -0.32315193 -0.00788967 -0.01593207
v -0.32332317 -0.00751357 -0.01267289
v -0.32626883 -0.00336372 -0.01329254
v -0.32609753 -0.00374006 -0.01655292
v -0.33104531 -0.00246106 -0.01695811
v -0.33456341 -0.00574474 -0.01700222
v -0.33086435 -0.00399672 -0.01700210
v -0.32691566 -0.00501739 -0.01667880
v -0.32456491 -0.00832908 -0.01618361
v -0.33053491 -0.00676595 -0.01939701
v -0.32823662 -0.00735991 -0.01920866
v -0.32491187 -0.01238226 -0.01574837
v -0.32686839 -0.00928740 -0.01891958
v -0.32779459 -0.01528041 -0.01557671
v -0.32707039 -0.01164656 -0.01866495
v -0.32847057 -0.00971519 -0.01883553
v -0.32918833 -0.00870405 -0.01898693
v -0.33039395 -0.00839244 -0.01908576
v -0.33268795 -0.00778328 -0.01939653
v -0.33152322 -0.00892608 -0.01908564
v -0.32857660 -0.01095264 -0.01870238
v -0.33204810 -0.01005535 -0.01898669
v -0.32874839 -0.01333325 -0.01856398
v -0.32945673 -0.01183741 -0.01864957
v -0.33172248 -0.01125179 -0.01883518
v -0.33069913 -0.01195567 -0.01870214
v -0.33368830 -0.00993602 -0.01920723
v -0.33306769 -0.01221679 -0.01891791
v -0.33111701 -0.01355849 -0.01866387
v -0.33628182 -0.00944351 -0.01667928
v -0.33521555 -0.01336228 -0.01618432
v -0.33186380 -0.01566737 -0.01574885
v -0.33139108 -0.00173245 -0.01043438
v -0.32644312 -0.00301145 -0.01002954
v -0.33602611 -0.00392299 -0.01043605
v -0.32349740 -0.00716137 -0.00941133
v -0.33817909 -0.00855796 -0.01003407
v -0.33493237 -0.00496672 -0.01003610
v -0.33684317 -0.01346867 -0.00941645
v -0.33665065 -0.00866561 -0.00971483
v -0.33558450 -0.01258449 -0.00922142
v -0.33264307 -0.01635729 -0.00887202
v -0.32754401 -0.01587223 -0.00865578
v -0.33223263 -0.01488982 -0.00878679
v -0.32393227 -0.01224052 -0.00886868
v -0.32816325 -0.01450269 -0.00861429
v -0.32528082 -0.01160436 -0.00878464
v -0.32940106 -0.01195721 -0.00624489
v -0.33176951 -0.01218258 -0.00634562
v -0.33372049 -0.01084076 -0.00659799
v -0.33133922 -0.01060592 -0.00661766
v -0.33434109 -0.00855957 -0.00688397
v -0.33236275 -0.00990199 -0.00675010
v -0.33009682 -0.01048766 -0.00656485
v -0.33268825 -0.00870542 -0.00690042
v -0.33216349 -0.00757597 -0.00699817
v -0.33334086 -0.00640647 -0.00706970
v -0.32911078 -0.00836508 -0.00674855
v -0.33103434 -0.00704222 -0.00699769
v -0.33123330 -0.00321852 -0.01003491
v -0.33118800 -0.00538884 -0.00706827
v -0.32982860 -0.00735395 -0.00689911
v -0.32888971 -0.00598292 -0.00688051
v -0.32728461 -0.00423919 -0.00971185
v -0.32752130 -0.00791071 -0.00659405
v -0.32493387 -0.00755100 -0.00921809
v -0.32772318 -0.01027022 -0.00634300
v -0.32921670 -0.00960271 -0.00661658
v -0.31649760 0.01606883 0.03701712
v -0.32216136 0.02128811 0.03427804
v -0.32080607 0.02179153 0.03784956
v -0.32745371 0.02341767 0.04012407
v -0.31785260 0.01556523 0.03344584
v -0.31654398 0.00892682 0.03801633
v -0.32880841 0.02291412 0.03655351
v -0.31789867 0.00842334 0.03444649
v -0.33468394 0.01968284 0.03920771
v -0.33332984 0.02018602 0.04277648
v -0.32854042 0.02073939 0.03646923
v -0.32323555 0.01944168 0.03465355
v -0.33703838 0.01310582 0.04099871
v -0.33568494 0.01360865 0.04456569
v -0.33341716 0.00676347 0.04465450
v -0.33322976 0.01816042 0.03858698
v -0.33477030 0.00626065 0.04108823
v -0.33510874 0.01291145 0.04001571
v -0.32913093 0.01690723 0.03380788
v -0.32894085 0.00235034 0.03943468
v -0.32758735 0.00285311 0.04300118
v -0.32092355 0.00370760 0.04037965
v -0.33185951 0.01540638 0.03504194
v -0.32227764 0.00320448 0.03681172
v -0.32332895 0.00500984 0.03667451
v -0.32864664 0.00432803 0.03876747
v -0.33329872 0.00744875 0.04008699
v -0.31983379 0.00917484 0.03478755
v -0.32609657 0.00775208 0.03392924
v -0.31979714 0.01487447 0.03398944
v -0.32406292 0.01017620 0.03282953
v -0.32404182 0.01349355 0.03236390
v -0.32604347 0.01615186 0.03275026
v -0.32710002 0.01423378 0.03356410
v -0.32871960 0.01463015 0.03411866
v -0.32605020 0.01283933 0.03336133
v -0.32606117 0.01109917 0.03360523
v -0.33015148 0.01384272 0.03476561
v -0.33072488 0.01224018 0.03520227
v -0.33295296 0.01235135 0.03587473
v -0.33189921 0.00917192 0.03591693
v -0.33017222 0.01057233 0.03522409
v -0.32919167 0.00735547 0.03514851
v -0.32875190 0.00961949 0.03482128
v -0.32712839 0.00982751 0.03418184
v -0.32612071 0.02389748 0.04370595
v -0.33199749 0.02066548 0.04635669
v -0.31947277 0.02227147 0.04143251
v -0.33435313 0.01408799 0.04814411
v -0.33035962 0.01921041 0.04622472
v -0.32566963 0.02178962 0.04410888
v -0.31516425 0.01654865 0.04059983
v -0.32036445 0.02049191 0.04229427
v -0.31521128 0.00940646 0.04159761
v -0.31692604 0.01592471 0.04162980
v -0.31959174 0.00418694 0.04395915
v -0.31696329 0.01022495 0.04242648
v -0.32045905 0.00605966 0.04431153
v -0.32625590 0.00333239 0.04657925
v -0.32101880 0.00960971 0.04744245
v -0.32577739 0.00537766 0.04640294
v -0.33208565 0.00724269 0.04823197
v -0.33223949 0.01396115 0.04765166
v -0.33042977 0.00849827 0.04772211
v -0.32682262 0.01102890 0.04942597
v -0.32411478 0.00921263 0.04865862
v -0.32787577 0.01420863 0.04938580
v -0.32214759 0.01164956 0.04743601
v -0.32678107 0.01726414 0.04855646
v -0.32377146 0.01144136 0.04807426
v -0.31898353 0.01203443 0.04634667
v -0.32108013 0.01292141 0.04686070
v -0.31896130 0.01535202 0.04588390
v -0.32519207 0.01239409 0.04847682
v -0.32574443 0.01406206 0.04845561
v -0.32517038 0.01566477 0.04802025
v -0.32373820 0.01645239 0.04737462
v -0.32405100 0.01876564 0.04732634
v -0.32106851 0.01466168 0.04661776
v -0.32096259 0.01801051 0.04627086
v -0.32211832 0.01605619 0.04682077
v -0.31732337 0.01406158 0.01175583
v -0.32248543 0.01830979 0.00746490
v -0.32225595 0.01900168 0.01113750
v -0.32922373 0.01969702 0.01142515
v -0.31755320 0.01336969 0.00808335
v -0.31673441 0.00718815 0.01299060
v -0.32945321 0.01900525 0.00775350
v -0.31696389 0.00649656 0.00931967
v -0.33519588 0.01513077 0.00881434
v -0.33496634 0.01582219 0.01248408
v -0.32890819 0.01694681 0.00784160
v -0.32334785 0.01639189 0.00761152
v -0.31941144 0.01244940 0.00810505
v -0.32501868 0.01283665 0.00523354
v -0.33349130 0.01385470 0.00868763
v -0.33702646 0.00849928 0.01015080
v -0.33679710 0.00919022 0.01381887
v -0.33385918 0.00290449 0.01480485
v -0.32825528 0.01315977 0.00536824
v -0.33408854 0.00221349 0.01113773
v -0.33495216 0.00856228 0.00975371
v -0.33092264 0.01136012 0.00586201
v -0.32775656 -0.00078510 0.01131333
v -0.32752727 -0.00009422 0.01498080
v -0.32076410 0.00159772 0.01426435
v -0.33260749 0.00354595 0.01054109
v -0.32099346 0.00090642 0.01059521
v -0.32755438 0.00115283 0.01068128
v -0.31894116 0.00696416 0.00909127
v -0.32215707 0.00250287 0.01010872
v -0.32272760 0.01054187 0.00552095
v -0.32245402 0.00734950 0.00609613
v -0.32432566 0.00475289 0.00668980
v -0.32462792 0.00797708 0.00624944
v -0.32477150 0.00965168 0.00594808
v -0.32597343 0.01085545 0.00579728
v -0.32767115 0.01102502 0.00586773
v -0.32907055 0.01008095 0.00612641
v -0.32951639 0.00846507 0.00645233
v -0.33177284 0.00827999 0.00648392
v -0.33040826 0.00536038 0.00694288
v -0.32880060 0.00693346 0.00669290
v -0.32746712 0.00396742 0.00702418
v -0.32725779 0.00620289 0.00673557
v -0.32560984 0.00661494 0.00656045
v -0.32901440 0.02036329 0.01510275
v -0.33475719 0.01648809 0.01615990
v -0.32204662 0.01966794 0.01481617
v -0.33658807 0.00985588 0.01749278
v -0.31711403 0.01472790 0.01543416
v -0.33364997 0.00356980 0.01847793
v -0.33448372 0.01001198 0.01759983
v -0.33302269 0.01530488 0.01653553
v -0.32731823 0.00057138 0.01865436
v -0.33213906 0.00499554 0.01838625
v -0.32055489 0.00226338 0.01793934
v -0.32708583 0.00260259 0.01852692
v -0.31652508 0.00785424 0.01666761
v -0.32168863 0.00395288 0.01795591
v -0.32663796 0.00653239 0.02090586
v -0.31847236 0.00841446 0.01694036
v -0.31894265 0.01390000 0.01595570
v -0.32349650 0.00731851 0.02057458
v -0.32287882 0.01784249 0.01546241
v -0.32189796 0.01310886 0.01941288
v -0.32162456 0.00991590 0.01998509
v -0.32843940 0.01839729 0.01569141
v -0.32418923 0.01540364 0.01912607
v -0.32381449 0.01049371 0.01986958
v -0.32395820 0.01216860 0.01956917
v -0.32516001 0.01337238 0.01941861
v -0.32685773 0.01354183 0.01948834
v -0.32742576 0.01572640 0.01925851
v -0.33009330 0.01392604 0.01974846
v -0.32825724 0.01259746 0.01974572
v -0.33094398 0.01084514 0.02036656
v -0.32870309 0.01098140 0.02007020
v -0.32957927 0.00792523 0.02082373
v -0.32798729 0.00944962 0.02031017
v -0.32644449 0.00871904 0.02035321
v -0.32479654 0.00913145 0.02017916
v -0.31368999 0.06243951 0.02996124
v -0.31905464 0.05439539 0.02712549
v -0.31722514 0.05494173 0.03206671
v -0.31529520 0.04661174 0.03225709
v -0.31552027 0.06189318 0.02501751
v -0.30634377 0.06559725 0.02692569
v -0.31712429 0.04606552 0.02731706
v -0.30817501 0.06505020 0.02197946
v -0.31063239 0.04080088 0.02550257
v -0.30880318 0.04134722 0.03044320
v -0.30078683 0.04161186 0.02747370
v -0.30045591 0.06238969 0.01943303
v -0.29862408 0.06293674 0.02438046
v -0.29414288 0.05570336 0.02351655
v -0.30261670 0.04106529 0.02253116
v -0.29499702 0.04728134 0.02473820
v -0.29682783 0.04673441 0.01979292
v -0.29597459 0.05515630 0.01856948
v -0.29905562 0.04782994 0.02010489
v -0.30367563 0.04330559 0.02228929
v -0.30195049 0.06032379 0.01981832
v -0.29837440 0.05455108 0.01912905
v -0.30370978 0.05330975 0.01655365
v -0.30410592 0.04939814 0.01712311
v -0.31007288 0.04309471 0.02466012
v -0.30679421 0.04676469 0.01839651
v -0.30778221 0.04933257 0.01868762
v -0.31051705 0.04664214 0.01977790
v -0.31525371 0.04729600 0.02610804
v -0.30637185 0.05071397 0.01802016
v -0.30973534 0.04926808 0.01941193
v -0.31353251 0.04908760 0.02062119
v -0.31679420 0.05394383 0.02595557
v -0.31131695 0.05055101 0.01985420
v -0.31397347 0.05992742 0.02427400
v -0.31178753 0.05258067 0.01980747
v -0.31442926 0.05295677 0.02053143
v -0.31278787 0.05643935 0.01955093
v -0.30811105 0.06244702 0.02185024
v -0.31092630 0.05440755 0.01929344
v -0.30937676 0.05790587 0.01813830
v -0.30579142 0.05667002 0.01695455
v -0.30913673 0.05517681 0.01855279
v -0.30725596 0.05452855 0.01793219
v -0.30616389 0.05276604 0.01772178
v -0.30454097 0.06611855 0.03188492
v -0.31188808 0.06296082 0.03491796
v -0.29682092 0.06345828 0.02934111
v -0.31542430 0.05546255 0.03702117
v -0.31009285 0.06106813 0.03485156
v -0.30422954 0.06358810 0.03243030
v -0.29233990 0.05622478 0.02847696
v -0.29806862 0.06146498 0.03039981
v -0.29319475 0.04780252 0.02969659
v -0.29449264 0.05569203 0.02971018
v -0.29898546 0.04213269 0.03242959
v -0.29517440 0.04897101 0.03068412
v -0.29979567 0.04444618 0.03286589
v -0.30700264 0.04186793 0.03539682
v -0.29992870 0.04878302 0.03711082
v -0.30619351 0.04423518 0.03523458
v -0.31349484 0.04713245 0.03721035
v -0.31291453 0.05508430 0.03653062
v -0.31137459 0.04843624 0.03668190
v -0.30666910 0.05110521 0.03933002
v -0.30365304 0.04865999 0.03848792
v -0.30756495 0.05497475 0.03924287
v -0.30104820 0.05131204 0.03704322
v -0.30592171 0.05845781 0.03826738
v -0.30300198 0.05124755 0.03776599
v -0.29723827 0.05141695 0.03584291
v -0.29963724 0.05269368 0.03637756
v -0.29684089 0.05532916 0.03527750
v -0.30458383 0.05253036 0.03820778
v -0.30505411 0.05456002 0.03816188
v -0.30419199 0.05638726 0.03764964
v -0.30240182 0.05715664 0.03691090
v -0.30250851 0.05992491 0.03685988
v -0.29942862 0.05474587 0.03608061
v -0.29892222 0.05868931 0.03567911
v -0.30052070 0.05650849 0.03629125
v -0.31483654 0.05785651 0.00274647
v -0.31903116 0.04956146 -0.00114297
v -0.31884865 0.05042191 0.00408066
v -0.31706981 0.04215522 0.00536502
v -0.31501899 0.05699570 -0.00247966
v -0.30691109 0.06098051 0.00198675
v -0.31725232 0.04129512 0.00014258
v -0.30709360 0.06011911 -0.00324213
v -0.31331519 0.05502172 -0.00258123
v -0.29896317 0.05747040 -0.00307356
v -0.29878048 0.05833192 0.00215686
v -0.29424910 0.05115028 0.00317718
v -0.30699043 0.05751450 -0.00318896
v -0.29443173 0.05028863 -0.00205277
v -0.30050180 0.05540080 -0.00305401
v -0.29561994 0.04193468 -0.00065743
v -0.29543732 0.04279573 0.00457049
v -0.29688553 0.04966934 -0.00223946
v -0.30702094 0.05274685 -0.00683199
v -0.30197183 0.03631695 0.00045944
v -0.30178932 0.03717764 0.00568462
v -0.29783372 0.04300232 -0.00112652
v -0.31051491 0.03606446 0.00077535
v -0.31033275 0.03692467 0.00599850
v -0.30290292 0.03851898 -0.00023591
v -0.30169139 0.04430003 -0.00563084
v -0.30972085 0.03831728 0.00001563
v -0.31509743 0.04249175 -0.00048958
v -0.31651709 0.04908867 -0.00151514
v -0.31173960 0.04400344 -0.00525593
v -0.30464182 0.04169090 -0.00511037
v -0.30861030 0.04157372 -0.00496232
v -0.31256602 0.04784317 -0.00585388
v -0.31070230 0.05129619 -0.00647615
v -0.30939643 0.04546423 -0.00537502
v -0.30983011 0.04747851 -0.00568842
v -0.30775491 0.04418965 -0.00522088
v -0.30567328 0.04425128 -0.00529813
v -0.30412547 0.04561992 -0.00557064
v -0.30885236 0.04928990 -0.00601446
v -0.30692116 0.05005081 -0.00620054
v -0.30494026 0.04940541 -0.00615953
v -0.30324409 0.05151625 -0.00675451
v -0.30383615 0.04765554 -0.00591086
v -0.30113933 0.04818041 -0.00628005
v -0.30675946 0.06181653 0.00722064
v -0.31468515 0.05869217 0.00797785
v -0.29862897 0.05916829 0.00739218
v -0.31869731 0.05125709 0.00930954
v -0.29409758 0.05198641 0.00841225
v -0.31691871 0.04299040 0.01059259
v -0.29528616 0.04363175 0.00980354
v -0.30163799 0.03801317 0.01091505
v -0.31018136 0.03775985 0.01122654
v -0.29747699 0.04481502 0.01004804
v -0.31474100 0.04430361 0.01067925
v -0.30936412 0.04012926 0.01118506
v -0.30254618 0.04033132 0.01093579
v -0.30797921 0.04477973 0.01480056
v -0.31616036 0.05090077 0.00965501
v -0.31110881 0.04720934 0.01450575
v -0.31295846 0.05683429 0.00859154
v -0.31193493 0.05104942 0.01391054
v -0.30663369 0.05932744 0.00798656
v -0.31007121 0.05450339 0.01329340
v -0.30014507 0.05721398 0.00812305
v -0.30823342 0.05243535 0.01337482
v -0.29652880 0.05148251 0.00893713
v -0.30261270 0.05472489 0.01302386
v -0.30638955 0.05595489 0.01294328
v -0.30050794 0.05138893 0.01349748
v -0.30630199 0.05319662 0.01319064
v -0.30105994 0.04750760 0.01414240
v -0.30321697 0.05080147 0.01348115
v -0.30432109 0.05255134 0.01323260
v -0.30350624 0.04876549 0.01381982
v -0.30921123 0.05062373 0.01369906
v -0.30877755 0.04860921 0.01401151
v -0.30713604 0.04733474 0.01416613
v -0.30505441 0.04739649 0.01409043
v -0.30401073 0.04489775 0.01465715
v -0.23623357 0.08375604 0.04499568
v -0.23537509 0.08897205 0.05588223
v -0.23015783 0.08579917 0.05250991
v -0.22707866 0.08187194 0.06103314
v -0.24145238 0.08692963 0.04836918
v -0.24246339 0.07669862 0.04200698
v -0.23229335 0.08504315 0.06440390
v -0.24768178 0.07987185 0.04538013
v -0.24191646 0.08492692 0.05053569
v -0.25114838 0.07110114 0.04831375
v -0.24593202 0.06792874 0.04494155
v -0.24501649 0.06155057 0.05242694
v -0.24688814 0.07929452 0.04815043
v -0.23706714 0.08655699 0.05653180
v -0.24627231 0.08401568 0.05654896
v -0.24965517 0.07229526 0.05049194
v -0.23460851 0.08342214 0.06333316
v -0.24892298 0.06720431 0.05646468
v -0.25023005 0.06472118 0.05579711
v -0.24014531 0.06054802 0.06096018
v -0.25077454 0.07666214 0.05652238
v -0.24535678 0.06371732 0.06432904
v -0.24916569 0.08073707 0.05516041
v -0.23880849 0.06855936 0.06991721
v -0.23359756 0.06539042 0.06654860
v -0.24503444 0.06640334 0.06327392
v -0.23364929 0.07698162 0.06994666
v -0.22843723 0.07381184 0.06657744
v -0.23980884 0.07026787 0.06773366
v -0.23569123 0.07698889 0.06775702
v -0.24808154 0.07323070 0.06395973
v -0.24503938 0.07547958 0.06655503
v -0.24201558 0.08313759 0.06399549
v -0.24264375 0.07939215 0.06656934
v -0.24550645 0.07705136 0.06381453
v -0.24424962 0.07910378 0.06382192
v -0.24710206 0.07587166 0.06245304
v -0.25034658 0.07369752 0.05999745
v -0.24828974 0.07611652 0.06037427
v -0.24851398 0.07767124 0.05855108
v -0.24766956 0.07980843 0.05783642
v -0.24391941 0.08106835 0.06247152
v -0.24467073 0.08202584 0.06039537
v -0.24615161 0.08152826 0.05856455
v -0.24344836 0.08496375 0.06003834
v -0.23723940 0.07349594 0.03866995
v -0.23100922 0.08055349 0.04165865
v -0.24070988 0.06472762 0.04160632
v -0.22493480 0.08259745 0.04917360
v -0.23076389 0.07811732 0.04336930
v -0.22185842 0.07867189 0.05769850
v -0.22591571 0.07974835 0.04936636
v -0.22321932 0.07061334 0.06324459
v -0.22345982 0.07661505 0.05616916
v -0.22838108 0.06219263 0.06321670
v -0.22454534 0.07018347 0.06059481
v -0.23492817 0.05734987 0.05762769
v -0.22866414 0.06346317 0.06057240
v -0.23979709 0.05835087 0.04909302
v -0.23388920 0.05959828 0.05611206
v -0.23777560 0.06039782 0.04930163
v -0.23850481 0.06548698 0.04332698
v -0.22532044 0.06343980 0.05388416
v -0.23573552 0.07248504 0.04098404
v -0.23104403 0.06461532 0.04384388
v -0.23062185 0.06165416 0.04732252
v -0.22836123 0.06118996 0.05128790
v -0.22775702 0.06406016 0.05002225
v -0.22894321 0.06430395 0.04794265
v -0.22616176 0.06524010 0.05138410
v -0.22490404 0.06729193 0.05139090
v -0.22292225 0.06735058 0.05389668
v -0.22228853 0.07109292 0.05131949
v -0.22916530 0.06585748 0.04611791
v -0.22457216 0.06925531 0.05003918
v -0.22371600 0.07291563 0.04735852
v -0.22532139 0.07021172 0.04796184
v -0.22831939 0.06799383 0.04540242
v -0.22680132 0.06971343 0.04613055
v -0.22653661 0.07196553 0.04386736
v -0.22943089 0.06868739 0.04247905
v -0.23779700 0.04838939 0.07199849
v -0.23718224 0.05212398 0.07979311
v -0.23344670 0.04985232 0.07737852
v -0.23124228 0.04704030 0.08348108
v -0.24153350 0.05066164 0.07441391
v -0.24225728 0.04333623 0.06985844
v -0.23497586 0.04931088 0.08589448
v -0.24599359 0.04560847 0.07227386
v -0.24186591 0.04922767 0.07596518
v -0.24847571 0.03932865 0.07437421
v -0.24474082 0.03705723 0.07195974
v -0.24408529 0.03249056 0.07731915
v -0.24542532 0.04519494 0.07425726
v -0.23839364 0.05039485 0.08025814
v -0.24498443 0.04857524 0.08027054
v -0.24740652 0.04018362 0.07593359
v -0.23663334 0.04815025 0.08512784
v -0.24688242 0.03653844 0.08021010
v -0.24781821 0.03476067 0.07973219
v -0.24059753 0.03177269 0.08342887
v -0.24820809 0.04331024 0.08025146
v -0.24432902 0.03404207 0.08584083
v -0.24705605 0.04622789 0.07927633
v -0.23964057 0.03750880 0.08984185
v -0.23590962 0.03523989 0.08743025
v -0.24409840 0.03596504 0.08508540
v -0.23594676 0.04353900 0.08986295
v -0.23221491 0.04126949 0.08745087
v -0.24035684 0.03873189 0.08827866
v -0.23740868 0.04354413 0.08829523
v -0.24627993 0.04085333 0.08557642
v -0.24410180 0.04246349 0.08743478
v -0.24193672 0.04794665 0.08560205
v -0.24238656 0.04526491 0.08744491
v -0.24443624 0.04358895 0.08547247
v -0.24353621 0.04505832 0.08547784
v -0.24557869 0.04274423 0.08449758
v -0.24790166 0.04118772 0.08273948
v -0.24642907 0.04291959 0.08300925
v -0.24658958 0.04403277 0.08170379
v -0.24598489 0.04556294 0.08119226
v -0.24329994 0.04646499 0.08451093
v -0.24383781 0.04715057 0.08302427
v -0.24489812 0.04679425 0.08171381
v -0.24296270 0.04925401 0.08276881
v -0.23851703 0.04104347 0.06746949
v -0.23405633 0.04609640 0.06960917
v -0.24100194 0.03476532 0.06957162
v -0.22970728 0.04755981 0.07498992
v -0.23388068 0.04435201 0.07083405
v -0.22750447 0.04474909 0.08109356
v -0.23040948 0.04551990 0.07512785
v -0.22847895 0.03897936 0.08506430
v -0.22865103 0.04327650 0.07999838
v -0.23217462 0.03295036 0.08504439
v -0.22942833 0.03867157 0.08316720
v -0.23686222 0.02948303 0.08104290
v -0.23237721 0.03386004 0.08315123
v -0.24034844 0.03019984 0.07493223
v -0.23611836 0.03109284 0.07995773
v -0.23890100 0.03166528 0.07508124
v -0.23942314 0.03530903 0.07080365
v -0.22998331 0.03384323 0.07836259
v -0.23744033 0.04031952 0.06912626
v -0.23408131 0.03468497 0.07117368
v -0.23377893 0.03256483 0.07366456
v -0.23216055 0.03223236 0.07650352
v -0.23172782 0.03428741 0.07559753
v -0.23257713 0.03446193 0.07410837
v -0.23058567 0.03513224 0.07657255
v -0.22968511 0.03660126 0.07657743
v -0.22826622 0.03664334 0.07837142
v -0.22781257 0.03932281 0.07652617
v -0.23273615 0.03557427 0.07280196
v -0.22944752 0.03800709 0.07560957
v -0.22883443 0.04062779 0.07369030
v -0.22998391 0.03869183 0.07412208
v -0.23213051 0.03710396 0.07228971
v -0.23104362 0.03833516 0.07281114
v -0.23085407 0.03994758 0.07119061
v -0.23292623 0.03760047 0.07019676
vt 0.61171502 0.47016597
vt 0.62532902 0.47671497
vt 0.59594798 0.46586502
vt 0.71766823 0.47926873
vt 0.73087692 0.42875505
vt 0.71582627 0.47690564
vt 0.71383172 0.47471476
vt 0.72893524 0.42787010
vt 0.72814017 0.42987382
vt 0.71267253 0.47242349
vt 0.71167433 0.46971977
vt 0.72876322 0.43245244
vt 0.73067260 0.43341541
vt 0.71052575 0.46571726
vt 0.72781813 0.43606430
vt 0.74243730 0.42880648
vt 0.72645646 0.48627645
vt 0.72930801 0.43749273
vt 0.72572333 0.43807799
vt 0.70992613 0.46254557
vt 0.74547213 0.43452382
vt 0.72760928 0.48689669
vt 0.74464691 0.42929995
vt 0.74556392 0.43853211
vt 0.74763352 0.43500155
vt 0.72859842 0.48723728
vt 0.74739534 0.42952681
vt 0.74918604 0.43443155
vt 0.72475451 0.49080914
vt 0.74815464 0.43908018
vt 0.75007099 0.43978095
vt 0.72384363 0.49537498
vt 0.74730825 0.44424832
vt 0.72577393 0.49956799
vt 0.74942994 0.44496810
vt 0.74532425 0.44393694
vt 0.74714744 0.45016038
vt 0.74887717 0.45115900
vt 0.73008263 0.50217956
vt 0.73484033 0.50274116
vt 0.74811399 0.45660180
vt 0.74499786 0.45010042
vt 0.72660136 0.44311577
vt 0.72389615 0.44284928
vt 0.71089864 0.45746994
vt 0.74376345 0.45654106
vt 0.72458690 0.45407212
vt 0.72212452 0.45401323
vt 0.74606001 0.45663190
vt 0.74544150 0.46180064
vt 0.73884279 0.50069231
vt 0.74763304 0.46211094
vt 0.72657126 0.45965725
vt 0.74339950 0.46721977
vt 0.74181563 0.49617118
vt 0.74567634 0.46815366
vt 0.74268776 0.46217674
vt 0.74269968 0.49260026
vt 0.74296433 0.47182530
vt 0.74077004 0.47116691
vt 0.73989642 0.48730648
vt 0.73745412 0.47882044
vt 0.74025363 0.46728534
vt 0.72771764 0.46421725
vt 0.73839569 0.47105175
vt 0.73640817 0.47644645
vt 0.72720754 0.46835715
vt 0.73510504 0.47558457
vt 0.72584450 0.46472430
vt 0.72588158 0.47144407
vt 0.72507310 0.46049422
vt 0.72625631 0.46831828
vt 0.72383869 0.45830274
vt 0.72326267 0.46077567
vt 0.72087383 0.45517945
vt 0.72257131 0.45825207
vt 0.72097087 0.46118408
vt 0.72393656 0.46501303
vt 0.72527623 0.46670306
vt 0.72217643 0.46669912
vt 0.72437537 0.46729720
vt 0.72559881 0.46836883
vt 0.72432733 0.47067887
vt 0.72394133 0.46955979
vt 0.72003216 0.47679132
vt 0.71436900 0.46370524
vt 0.71821785 0.47504210
vt 0.71226072 0.45819169
vt 0.71151263 0.46201652
vt 0.71218789 0.46494633
vt 0.71326911 0.46903986
vt 0.71621340 0.46973449
vt 0.71444291 0.47223502
vt 0.71653551 0.47427887
vt 0.72966486 0.48181814
vt 0.73123920 0.48300308
vt 0.73342425 0.48493850
vt 0.73055500 0.49221289
vt 0.73604417 0.49460620
vt 0.72852534 0.49838013
vt 0.73377550 0.50015551
vt 0.53936237 0.37653351
vt 0.50542432 0.36876661
vt 0.50497770 0.36666614
vt 0.54043990 0.37711012
vt 0.54056543 0.37578636
vt 0.50345933 0.36535013
vt 0.50283957 0.36466795
vt 0.53995645 0.37541813
vt 0.53832889 0.37463921
vt 0.50161356 0.36321092
vt 0.50589180 0.37121236
vt 0.53804612 0.37586999
vt 0.50740212 0.37400425
vt 0.53596032 0.37596488
vt 0.53572690 0.37462860
vt 0.53259677 0.37629640
vt 0.53225541 0.37769794
vt 0.50976497 0.37779897
vt 0.53672242 0.36872751
vt 0.51255757 0.37871730
vt 0.52904367 0.37767285
vt 0.54343540 0.36864358
vt 0.50286096 0.35698509
vt 0.52991819 0.37604451
vt 0.52858675 0.37575185
vt 0.51925051 0.37502849
vt 0.52197063 0.37617242
vt 0.53410983 0.36723769
vt 0.52275252 0.37422919
vt 0.53282094 0.36695749
vt 0.52136379 0.37368095
vt 0.52572596 0.36437213
vt 0.53830153 0.35843080
vt 0.54152262 0.35790622
vt 0.54675478 0.36210984
vt 0.50280780 0.34952146
vt 0.50157791 0.34827077
vt 0.54705942 0.35994267
vt 0.53705508 0.35816312
vt 0.54356158 0.35695195
vt 0.54748565 0.35853708
vt 0.50073194 0.34721994
vt 0.49915615 0.34633714
vt 0.54609042 0.35632890
vt 0.53878057 0.35650230
vt 0.54481792 0.35653913
vt 0.54124349 0.35601306
vt 0.54351669 0.35556090
vt 0.54480857 0.35530412
vt 0.54616225 0.35464448
vt 0.49999541 0.34527767
vt 0.54332852 0.35462856
vt 0.50297022 0.34626675
vt 0.54446596 0.35160852
vt 0.54128438 0.35473812
vt 0.50422168 0.34708440
vt 0.54335707 0.35063505
vt 0.54075968 0.34751964
vt 0.50784677 0.34855682
vt 0.53882289 0.35499161
vt 0.53681803 0.35514247
vt 0.51389557 0.34890437
vt 0.53453904 0.34477115
vt 0.53755248 0.35662442
vt 0.53105557 0.35257399
vt 0.52946520 0.35305583
vt 0.52869940 0.35451508
vt 0.52983445 0.35097182
vt 0.51770037 0.34768570
vt 0.53035069 0.34484279
vt 0.52871674 0.35205108
vt 0.52765077 0.35378027
vt 0.52450728 0.36373061
vt 0.52587652 0.35111701
vt 0.52748221 0.34998500
vt 0.52842539 0.34907794
vt 0.51900446 0.34687567
vt 0.52888948 0.34461618
vt 0.52711391 0.34747839
vt 0.52521664 0.34530270
vt 0.52217960 0.34572053
vt 0.52623063 0.34795314
vt 0.52546298 0.34682721
vt 0.52315080 0.34676403
vt 0.52454543 0.34765458
vt 0.52516144 0.34889138
vt 0.52137291 0.34767914
vt 0.52039272 0.34879386
vt 0.52060527 0.34681213
vt 0.51940560 0.34794533
vt 0.51840621 0.34906679
vt 0.51915312 0.35015917
vt 0.51412511 0.35038042
vt 0.52261776 0.36107719
vt 0.50748563 0.34998661
vt 0.51967037 0.37126374
vt 0.51843077 0.36771464
vt 0.51900870 0.37225080
vt 0.51731491 0.36869252
vt 0.51813024 0.36093050
vt 0.51677173 0.36546260
vt 0.51426184 0.36916667
vt 0.51600766 0.36664456
vt 0.51536310 0.36447126
vt 0.50922656 0.37144643
vt 0.50699550 0.36748826
vt 0.51268864 0.36580896
vt 0.50605798 0.36534959
vt 0.51468802 0.36561179
vt 0.51361179 0.36442602
vt 0.51463151 0.36445236
vt 0.51260102 0.36408758
vt 0.51366973 0.36368924
vt 0.51214540 0.36332810
vt 0.51504058 0.36030674
vt 0.51269579 0.36054373
vt 0.51434684 0.35219049
vt 0.50702560 0.35170698
vt 0.50659871 0.36109144
vt 0.50645637 0.36421955
vt 0.50460845 0.36462826
vt 0.50415832 0.36085153
vt 0.50349522 0.34842354
vt 0.50256658 0.34737754
vt 0.50146472 0.34628320
vt 0.59747744 0.37508905
vt 0.56069833 0.37504339
vt 0.55974603 0.37298453
vt 0.59872258 0.37543046
vt 0.59854156 0.37403750
vt 0.55787361 0.37198472
vt 0.55707514 0.37142730
vt 0.59782791 0.37380087
vt 0.59596890 0.37338001
vt 0.55547070 0.37021381
vt 0.59596604 0.37471408
vt 0.56175321 0.37745321
vt 0.59383982 0.37530076
vt 0.56396329 0.37997496
vt 0.59328622 0.37397903
vt 0.59292847 0.36766720
vt 0.55529648 0.36350846
vt 0.59982365 0.36600721
vt 0.59045285 0.37643063
vt 0.56728649 0.38332999
vt 0.59042978 0.37795436
vt 0.57037842 0.38362134
vt 0.58711547 0.37868130
vt 0.59533668 0.35539532
vt 0.55349225 0.35583282
vt 0.60171127 0.35849893
vt 0.55193222 0.35483277
vt 0.60151726 0.35619521
vt 0.58988821 0.36674488
vt 0.58763462 0.37679899
vt 0.58619458 0.37680960
vt 0.57947808 0.37879360
vt 0.57640809 0.37825275
vt 0.57982808 0.37660861
vt 0.57826906 0.37636948
vt 0.58849484 0.36675835
vt 0.59214163 0.35669064
vt 0.58058053 0.36575830
vt 0.59079492 0.35670704
vt 0.59094667 0.35500550
vt 0.58133292 0.35490787
vt 0.59218299 0.35459185
vt 0.58177972 0.35322517
vt 0.58984280 0.35365111
vt 0.57917476 0.36538309
vt 0.58008045 0.35439670
vt 0.58077323 0.35236573
vt 0.57660645 0.36309278
vt 0.58330506 0.35235608
vt 0.57762873 0.35206926
vt 0.58167154 0.35099185
vt 0.57595819 0.37427646
vt 0.58506417 0.34350210
vt 0.56476885 0.35259831
vt 0.57901728 0.35052687
vt 0.57977623 0.34937137
vt 0.56840241 0.35045123
vt 0.58076674 0.34455764
vt 0.57920843 0.34466672
vt 0.56955582 0.34931111
vt 0.59211624 0.34487522
vt 0.55845672 0.35365808
vt 0.57805049 0.34803116
vt 0.57558602 0.34623468
vt 0.57255572 0.34737694
vt 0.57725185 0.34872723
vt 0.57619721 0.34774739
vt 0.57380074 0.34822428
vt 0.57544601 0.34881473
vt 0.57637048 0.34994435
vt 0.57218385 0.34958357
vt 0.57143545 0.35096157
vt 0.57118994 0.34887046
vt 0.57021975 0.35031891
vt 0.56945306 0.35170835
vt 0.57047862 0.35265839
vt 0.56535119 0.35406488
vt 0.56600398 0.35587752
vt 0.57194966 0.36399353
vt 0.56862074 0.36407518
vt 0.57384926 0.37091112
vt 0.56992930 0.36828935
vt 0.57550794 0.37544829
vt 0.57161248 0.36898029
vt 0.57292914 0.37218005
vt 0.57110268 0.37037688
vt 0.56989551 0.37338406
vt 0.56950122 0.36962235
vt 0.56748789 0.37029415
vt 0.56524306 0.37691253
vt 0.56201708 0.37335843
vt 0.56055015 0.37137508
vt 0.55888790 0.37097180
vt 0.55753911 0.36718708
vt 0.56069571 0.37011766
vt 0.56010920 0.36686218
vt 0.56634688 0.36786604
vt 0.56699413 0.36854148
vt 0.56626111 0.36486882
vt 0.56811470 0.36865318
vt 0.56800163 0.36788070
vt 0.56917125 0.36844134
vt 0.55834925 0.35709548
vt 0.55841982 0.35521555
vt 0.55394310 0.35454076
vt 0.55437750 0.35299110
vt 0.59552187 0.34747547
vt 0.55274135 0.35368097
vt 0.60162675 0.35464740
vt 0.55081457 0.35394871
vt 0.55289668 0.35244214
vt 0.59689230 0.34821826
vt 0.55134988 0.35281193
vt 0.59935117 0.35094798
vt 0.54960054 0.35212064
vt 0.54898447 0.35340869
vt 0.59967202 0.35269994
vt 0.59187245 0.35302585
vt 0.59460533 0.35351068
vt 0.59434867 0.35218787
vt 0.59642863 0.35159576
vt 0.59721321 0.35393429
vt 0.59684092 0.35251206
vt 0.59811133 0.35194468
vt 0.59841061 0.35321462
vt 0.61825967 0.37592566
vt 0.65306824 0.37661904
vt 0.65424061 0.37696421
vt 0.61739463 0.37396014
vt 0.61564010 0.37298083
vt 0.65409392 0.37564260
vt 0.65342271 0.37540609
vt 0.61489445 0.37243921
vt 0.61339748 0.37126231
vt 0.65167063 0.37497491
vt 0.65164441 0.37623739
vt 0.61921537 0.37822497
vt 0.62126261 0.38065076
vt 0.64962161 0.37675506
vt 0.64912099 0.37549436
vt 0.64889401 0.36951423
vt 0.65544933 0.36806506
vt 0.61335099 0.36491299
vt 0.64639610 0.37776458
vt 0.62434864 0.38388491
vt 0.64634722 0.37920630
vt 0.64319766 0.37983573
vt 0.62726974 0.38421535
vt 0.65139013 0.35794222
vt 0.65736866 0.36099231
vt 0.61177909 0.35761654
vt 0.61032033 0.35664249
vt 0.65722561 0.35880852
vt 0.64603281 0.36858761
vt 0.64372230 0.37806344
vt 0.64235914 0.37804806
vt 0.63307124 0.37924087
vt 0.63596731 0.37980694
vt 0.64471388 0.36857569
vt 0.63633710 0.37774521
vt 0.63486588 0.37749130
vt 0.64834338 0.35911167
vt 0.63724107 0.36748928
vt 0.64706856 0.35910332
vt 0.64841962 0.35712600
vt 0.64724213 0.35749567
vt 0.63814503 0.35723329
vt 0.63859761 0.35564864
vt 0.63696879 0.35672730
vt 0.63591731 0.36710930
vt 0.63766033 0.35481733
vt 0.63352710 0.36489624
vt 0.63468933 0.35448122
vt 0.63271570 0.37546957
vt 0.64005655 0.35485303
vt 0.63226891 0.37657070
vt 0.64622128 0.35619426
vt 0.62988603 0.37343186
vt 0.63077939 0.37224722
vt 0.62699354 0.37451774
vt 0.62818915 0.37169302
vt 0.62869656 0.37038016
vt 0.62252790 0.37777507
vt 0.62476951 0.37155080
vt 0.61953765 0.37435412
vt 0.61818421 0.37245119
vt 0.61661822 0.37204015
vt 0.61540848 0.36843419
vt 0.61834413 0.37126374
vt 0.61784655 0.36817217
vt 0.62373245 0.36923253
vt 0.62433320 0.36988330
vt 0.62370431 0.36639434
vt 0.62539166 0.37000883
vt 0.61635351 0.35889739
vt 0.62529838 0.36927569
vt 0.62668681 0.37095058
vt 0.62639540 0.36982697
vt 0.62711549 0.36969650
vt 0.62595177 0.36568487
vt 0.62910372 0.36566645
vt 0.62361985 0.35788000
vt 0.62791175 0.35491240
vt 0.62303418 0.35615289
vt 0.62695813 0.35399508
vt 0.62884742 0.35332334
vt 0.61645359 0.35711938
vt 0.62598586 0.35278666
vt 0.63779217 0.34742737
vt 0.61222851 0.35640162
vt 0.64187825 0.34650433
vt 0.62250894 0.35475457
vt 0.64852816 0.34792858
vt 0.61651611 0.35564601
vt 0.65170556 0.35044974
vt 0.61266708 0.35494268
vt 0.61110634 0.35556662
vt 0.60927802 0.35578597
vt 0.65735674 0.35734546
vt 0.65298945 0.35117698
vt 0.61127531 0.35439694
vt 0.60980469 0.35471952
vt 0.65554106 0.35546780
vt 0.60755557 0.35524249
vt 0.60816151 0.35403430
vt 0.65526837 0.35380399
vt 0.62770820 0.35269368
vt 0.62709761 0.35172802
vt 0.63631547 0.34750307
vt 0.62865198 0.35133988
vt 0.62997103 0.34995055
vt 0.63285941 0.34892297
vt 0.63113433 0.35077447
vt 0.62958008 0.35203242
vt 0.63268113 0.35136235
vt 0.63353610 0.35244775
vt 0.63341093 0.35036552
vt 0.63439184 0.35131151
vt 0.63603097 0.35304594
vt 0.63515991 0.35066688
vt 0.63676965 0.35196578
vt 0.63853484 0.35353303
vt 0.64815348 0.35563839
vt 0.65051180 0.35488892
vt 0.65073139 0.35614550
vt 0.65249073 0.35436547
vt 0.65319204 0.35659265
vt 0.65286487 0.35523987
vt 0.65407741 0.35472542
vt 0.65433800 0.35593265
vt 0.70415086 0.35158140
vt 0.67525035 0.35791689
vt 0.70525575 0.35303390
vt 0.67421299 0.35786438
vt 0.67459655 0.35892737
vt 0.70689988 0.35349482
vt 0.67519796 0.35898960
vt 0.70762360 0.35379446
vt 0.67673147 0.35899818
vt 0.70909423 0.35446978
vt 0.67650247 0.35794967
vt 0.70290476 0.34987104
vt 0.67873526 0.35806286
vt 0.70073169 0.34827292
vt 0.67807120 0.35712045
vt 0.68010956 0.36295939
vt 0.71039277 0.35970712
vt 0.67498046 0.36545777
vt 0.68053627 0.35564607
vt 0.69753975 0.34621298
vt 0.68029046 0.35444510
vt 0.68276817 0.35329986
vt 0.69506043 0.34651971
vt 0.68034375 0.37301689
vt 0.67479819 0.37168312
vt 0.71313971 0.36542440
vt 0.71453851 0.36593974
vt 0.67534983 0.37345922
vt 0.68265778 0.36315715
vt 0.68268633 0.35486853
vt 0.68381572 0.35461068
vt 0.69125396 0.35178167
vt 0.68874830 0.35188866
vt 0.68375009 0.36290520
vt 0.68885195 0.35366571
vt 0.69011807 0.35358345
vt 0.69014060 0.36231977
vt 0.69130969 0.36237103
vt 0.68262929 0.37144584
vt 0.69142914 0.37097395
vt 0.68368435 0.37119973
vt 0.69250155 0.37115860
vt 0.69136965 0.37237322
vt 0.68385982 0.37256265
vt 0.68296027 0.37310177
vt 0.69032192 0.37332010
vt 0.69230920 0.37287408
vt 0.68496180 0.37343538
vt 0.69483083 0.37256217
vt 0.69184148 0.37410891
vt 0.70484137 0.36991882
vt 0.69047368 0.38058042
vt 0.69400710 0.37401438
vt 0.69361109 0.37505364
vt 0.70235902 0.37223506
vt 0.69366682 0.37900674
vt 0.68469596 0.38072336
vt 0.70961666 0.36799282
vt 0.69519901 0.37580740
vt 0.70165038 0.37333047
vt 0.69487208 0.37865114
vt 0.69962883 0.37536955
vt 0.69744617 0.37679184
vt 0.69570583 0.37512231
vt 0.69670409 0.37570929
vt 0.69850415 0.37491959
vt 0.69710922 0.37474072
vt 0.69618738 0.37401354
vt 0.69953865 0.37357152
vt 0.69988787 0.37235939
vt 0.70044309 0.37395966
vt 0.70095426 0.37265372
vt 0.70131582 0.37142944
vt 0.70034575 0.37086070
vt 0.70412999 0.36886764
vt 0.70330316 0.36755669
vt 0.69722635 0.36221111
vt 0.70937574 0.36676300
vt 0.69982725 0.36157024
vt 0.69372415 0.36372530
vt 0.69806945 0.35848630
vt 0.69229609 0.35482740
vt 0.69662732 0.35823512
vt 0.69453561 0.35710573
vt 0.69244671 0.35382885
vt 0.69503874 0.35594952
vt 0.69678611 0.35704970
vt 0.69721329 0.35447824
vt 0.69817471 0.35736501
vt 0.69963998 0.35648847
vt 0.70025688 0.35090029
vt 0.70340675 0.35313356
vt 0.70490277 0.35443741
vt 0.70627844 0.35446632
vt 0.70799375 0.35720587
vt 0.70603102 0.35790628
vt 0.70910543 0.36527383
vt 0.70500636 0.35545039
vt 0.70154357 0.36053795
vt 0.71300948 0.36651743
vt 0.71293658 0.36781013
vt 0.68157011 0.37927079
vt 0.71410245 0.36698473
vt 0.71419501 0.36798483
vt 0.68036491 0.37892461
vt 0.71534622 0.36742628
vt 0.67553186 0.37469417
vt 0.71556973 0.36644065
vt 0.71684009 0.36766636
vt 0.67796040 0.37720609
vt 0.71710086 0.36654782
vt 0.67740494 0.37588549
vt 0.70095694 0.35819829
vt 0.69965446 0.35847336
vt 0.70033139 0.35777974
vt 0.69943184 0.35788614
vt 0.69863862 0.35823560
vt 0.68347549 0.37427819
vt 0.68124473 0.37437081
vt 0.68167549 0.37536550
vt 0.68014413 0.37619090
vt 0.67912257 0.37448967
vt 0.67966157 0.37554264
vt 0.67876166 0.37620836
vt 0.67830664 0.37526256
vt 0.68736899 0.47652101
vt 0.53234899 0.49393099
vt 0.52433300 0.51079702
vt 0.69714898 0.47889197
vt 0.68812901 0.47502196
vt 0.53214699 0.49615204
vt 0.69671500 0.48087704
vt 0.69887102 0.47917604
vt 0.52485698 0.51308203
vt 0.53197497 0.49232000
vt 0.68612403 0.47747397
vt 0.53046000 0.51941800
vt 0.70371699 0.47913098
vt 0.53093100 0.52238703
vt 0.70353597 0.48075301
vt 0.69868201 0.48116398
vt 0.53125101 0.52370900
vt 0.70376498 0.48179001
vt 0.69659799 0.48177803
vt 0.69841498 0.48247898
vt 0.69906002 0.48539102
vt 0.53402603 0.52912700
vt 0.70515299 0.48666799
vt 0.69672197 0.48517799
vt 0.69946402 0.49693900
vt 0.53987402 0.54002202
vt 0.70609200 0.49780798
vt 0.68575698 0.48233604
vt 0.69672602 0.49690902
vt 0.69954300 0.51953298
vt 0.70553601 0.52034599
vt 0.55048299 0.56150901
vt 0.69588602 0.51911199
vt 0.68229198 0.49323797
vt 0.67892999 0.48084998
vt 0.53593898 0.48534799
vt 0.67957002 0.47662401
vt 0.70020098 0.52977097
vt 0.70616001 0.52985400
vt 0.55617201 0.56998599
vt 0.69559598 0.52947497
vt 0.70211101 0.53838497
vt 0.55942202 0.57693499
vt 0.70757598 0.53734100
vt 0.70948398 0.54297501
vt 0.55979002 0.58292502
vt 0.68381703 0.51609701
vt 0.70433599 0.54404801
vt 0.67982203 0.49544299
vt 0.70738900 0.55047899
vt 0.56131101 0.59101301
vt 0.71225297 0.55072403
vt 0.69706798 0.54602998
vt 0.70856398 0.55458403
vt 0.71264398 0.55545801
vt 0.56351000 0.59516299
vt 0.70125902 0.54982400
vt 0.70781201 0.55814898
vt 0.71146297 0.56071699
vt 0.56739598 0.59830397
vt 0.70559603 0.55339098
vt 0.70637900 0.56083500
vt 0.70941400 0.56349498
vt 0.57030201 0.59957898
vt 0.70345700 0.55195898
vt 0.70430303 0.56201500
vt 0.70671803 0.56520700
vt 0.57332998 0.59936303
vt 0.58078098 0.59991503
vt 0.69773299 0.56406802
vt 0.70302600 0.55874097
vt 0.70191598 0.56006998
vt 0.70430303 0.55635798
vt 0.69965100 0.55853802
vt 0.70035499 0.55714798
vt 0.70116699 0.55468702
vt 0.69692397 0.55733901
vt 0.69722998 0.55515498
vt 0.69809198 0.55264503
vt 0.69175899 0.55571502
vt 0.58495700 0.59568602
vt 0.69276899 0.56549603
vt 0.69283003 0.55307800
vt 0.69401801 0.54995501
vt 0.68902898 0.55141699
vt 0.68726498 0.55430102
vt 0.67998201 0.55396199
vt 0.67829901 0.57412702
vt 0.60052401 0.58759803
vt 0.68481100 0.55058998
vt 0.69003200 0.54750103
vt 0.69270199 0.54308301
vt 0.68469501 0.54602897
vt 0.68337101 0.52764601
vt 0.68394601 0.54220700
vt 0.67683101 0.55090898
vt 0.67602003 0.54666197
vt 0.66816598 0.55384201
vt 0.67555898 0.54254198
vt 0.66654098 0.54959798
vt 0.66622502 0.55864602
vt 0.62772202 0.59432799
vt 0.65745401 0.56855100
vt 0.66173399 0.55826002
vt 0.65694600 0.56397802
vt 0.65379900 0.56771600
vt 0.63456202 0.59013301
vt 0.65130299 0.57742602
vt 0.65360200 0.55925500
vt 0.64944100 0.57455701
vt 0.65895802 0.55367100
vt 0.64118898 0.58435202
vt 0.65633798 0.54922098
vt 0.64797503 0.55396098
vt 0.65028900 0.56549698
vt 0.64721602 0.56299299
vt 0.64759803 0.57142198
vt 0.64508897 0.56885803
vt 0.64337403 0.57689500
vt 0.64258200 0.57296801
vt 0.63700801 0.56393999
vt 0.64341801 0.58039200
vt 0.64073598 0.58076000
vt 0.64066899 0.57447600
vt 0.63812798 0.56968200
vt 0.64073497 0.57767302
vt 0.63791001 0.57487899
vt 0.63770902 0.58023101
vt 0.63785398 0.57783699
vt 0.63713801 0.58123201
vt 0.63449198 0.57943302
vt 0.63475198 0.57711798
vt 0.63346702 0.57396698
vt 0.62989902 0.57625598
vt 0.63323301 0.58084101
vt 0.62992901 0.57821703
vt 0.62914699 0.58284700
vt 0.62875599 0.57970399
vt 0.62737501 0.57770801
vt 0.62449098 0.57878500
vt 0.62487698 0.58563000
vt 0.62035102 0.58598500
vt 0.61787498 0.57778400
vt 0.62317997 0.57650501
vt 0.61253297 0.57693100
vt 0.61740899 0.57510698
vt 0.62739003 0.57560802
vt 0.61855602 0.57267201
vt 0.62943798 0.57323003
vt 0.62327897 0.57419997
vt 0.62643302 0.57297301
vt 0.62750602 0.57054502
vt 0.62395799 0.57168603
vt 0.62470001 0.56708801
vt 0.61988199 0.56978297
vt 0.63387603 0.55709499
vt 0.61952001 0.56196099
vt 0.61280698 0.57018203
vt 0.61268300 0.56543601
vt 0.63189101 0.55250299
vt 0.61259001 0.57371903
vt 0.60520703 0.57255697
vt 0.60497701 0.57650900
vt 0.60449398 0.56934798
vt 0.59838200 0.57329702
vt 0.59945101 0.57700503
vt 0.59487498 0.57800502
vt 0.58657002 0.58062297
vt 0.59245300 0.57467002
vt 0.59698403 0.57024598
vt 0.58167303 0.58386803
vt 0.58488798 0.57799298
vt 0.59039003 0.57161897
vt 0.57895500 0.58724898
vt 0.57955998 0.58175302
vt 0.57756197 0.58468097
vt 0.57645202 0.59001303
vt 0.57601899 0.58021200
vt 0.57477498 0.59291101
vt 0.57513797 0.58823001
vt 0.57378000 0.59636003
vt 0.57351798 0.59210998
vt 0.57188803 0.59591901
vt 0.57100600 0.59140599
vt 0.56904203 0.59522200
vt 0.56592500 0.59301102
vt 0.56816602 0.58926201
vt 0.56799698 0.58576798
vt 0.57318097 0.58731502
vt 0.56990999 0.58649999
vt 0.56832099 0.58033901
vt 0.57083797 0.58296800
vt 0.57458401 0.58336401
vt 0.57156402 0.57921100
vt 0.57748401 0.57831401
vt 0.57118702 0.57292998
vt 0.58238101 0.57462901
vt 0.57984799 0.56879401
vt 0.58908600 0.56542599
vt 0.57562500 0.56159699
vt 0.59421802 0.56430900
vt 0.58390999 0.55712098
vt 0.60228801 0.56390798
vt 0.59045100 0.55570900
vt 0.57817697 0.54213703
vt 0.61136502 0.55802202
vt 0.60138297 0.55548298
vt 0.58382797 0.53914899
vt 0.61623597 0.55763400
vt 0.61116999 0.55342501
vt 0.61531299 0.55359799
vt 0.61978602 0.55314302
vt 0.60401797 0.54997897
vt 0.61229801 0.55011600
vt 0.61625099 0.55044699
vt 0.62012601 0.55022901
vt 0.61799097 0.54390800
vt 0.63043600 0.54885101
vt 0.62964100 0.54642201
vt 0.64164800 0.54686099
vt 0.63755298 0.54345399
vt 0.64703798 0.54058403
vt 0.64116502 0.53560501
vt 0.63516700 0.54141903
vt 0.62985700 0.53658700
vt 0.63759798 0.53485203
vt 0.65030497 0.53255200
vt 0.64034200 0.52387798
vt 0.62879401 0.52642298
vt 0.63757002 0.52511102
vt 0.60959601 0.54079503
vt 0.61259502 0.54330099
vt 0.60587198 0.54693401
vt 0.59873497 0.53486002
vt 0.60540402 0.53022301
vt 0.62476701 0.51539099
vt 0.59705102 0.52621001
vt 0.60360998 0.52004302
vt 0.59439599 0.53454500
vt 0.58878303 0.53664201
vt 0.59332102 0.52511299
vt 0.58145499 0.52680999
vt 0.58704603 0.52572203
vt 0.59688401 0.51755601
vt 0.58748901 0.51511800
vt 0.58139902 0.51479500
vt 0.59417599 0.51584500
vt 0.60626101 0.51107198
vt 0.60199201 0.50678599
vt 0.59385097 0.50143701
vt 0.59866500 0.50511497
vt 0.60494500 0.50257403
vt 0.62294102 0.51161402
vt 0.61127901 0.50749302
vt 0.60392302 0.50058198
vt 0.63123900 0.51015300
vt 0.61067802 0.49998903
vt 0.61660600 0.50627798
vt 0.62614799 0.50376302
vt 0.63335401 0.50775403
vt 0.61793399 0.49882197
vt 0.62749600 0.50013602
vt 0.64676100 0.51858699
vt 0.63601297 0.49942398
vt 0.61823702 0.49591303
vt 0.61037701 0.49713504
vt 0.62677199 0.49373400
vt 0.61738098 0.49204999
vt 0.60201502 0.49706602
vt 0.60943699 0.49355000
vt 0.62454999 0.48734796
vt 0.61614799 0.48874998
vt 0.60898000 0.49016899
vt 0.62797999 0.48603100
vt 0.62165099 0.48254096
vt 0.61474800 0.48528200
vt 0.60095000 0.49298900
vt 0.60865599 0.48796701
vt 0.59493202 0.49385399
vt 0.60123700 0.49002701
vt 0.59544301 0.49018699
vt 0.58983803 0.49369401
vt 0.60828000 0.48689997
vt 0.59576303 0.48954499
vt 0.61435199 0.48437601
vt 0.60129798 0.48899698
vt 0.62102801 0.48158699
vt 0.61314601 0.48291600
vt 0.61929500 0.48025501
vt 0.62405700 0.47994900
vt 0.62476200 0.48101497
vt 0.62228101 0.47819799
vt 0.63088500 0.48459500
vt 0.62710500 0.47847301
vt 0.62770998 0.47953600
vt 0.60759598 0.47629601
vt 0.63477200 0.47351599
vt 0.58556002 0.46245098
vt 0.63619000 0.47526300
vt 0.58359498 0.46118700
vt 0.58299202 0.46048099
vt 0.63716799 0.47594601
vt 0.63905197 0.48102403
vt 0.64493603 0.47499704
vt 0.57536203 0.46204698
vt 0.64238900 0.49163800
vt 0.64609897 0.47982502
vt 0.55706799 0.46878898
vt 0.66000497 0.47411597
vt 0.64552999 0.48961300
vt 0.65992898 0.47903597
vt 0.55056500 0.47243798
vt 0.66557199 0.47460401
vt 0.64491802 0.49326098
vt 0.66613799 0.47924900
vt 0.66043299 0.48941696
vt 0.66808099 0.48970199
vt 0.64636701 0.49132699
vt 0.66043001 0.49129099
vt 0.67863399 0.49203002
vt 0.66813099 0.49151701
vt 0.67780501 0.49384600
vt 0.67746299 0.49815202
vt 0.67548698 0.49663901
vt 0.66856801 0.49586099
vt 0.68186897 0.51559901
vt 0.67959702 0.51459497
vt 0.67391902 0.51402199
vt 0.67470699 0.52833402
vt 0.66048098 0.49523300
vt 0.65208799 0.51726198
vt 0.65021700 0.49568903
vt 0.64921200 0.51774502
vt 0.64899099 0.49672198
vt 0.56717002 0.57373398
vt 0.56496000 0.56530303
vt 0.56841499 0.56406200
vt 0.55966598 0.55626702
vt 0.56969303 0.54978102
vt 0.56312698 0.55380899
vt 0.55902201 0.52715099
vt 0.55256599 0.53379101
vt 0.54871702 0.53521502
vt 0.54315102 0.52598602
vt 0.54721999 0.52484900
vt 0.55162799 0.52055299
vt 0.54464102 0.52078199
vt 0.53607702 0.52341598
vt 0.54087001 0.52267098
vt 0.53593099 0.52257401
vt 0.54037201 0.52182901
vt 0.54398799 0.51986098
vt 0.53916001 0.52054697
vt 0.53486002 0.52094102
vt 0.54881298 0.51643902
vt 0.54288399 0.51880401
vt 0.55520499 0.51560402
vt 0.54789800 0.51559102
vt 0.55093801 0.51071501
vt 0.54597199 0.51450300
vt 0.54868299 0.50906998
vt 0.53780502 0.51590902
vt 0.54218400 0.50814301
vt 0.53431100 0.51447398
vt 0.53928798 0.50499302
vt 0.54780698 0.50694698
vt 0.53007698 0.51208502
vt 0.53167099 0.50260598
vt 0.53494501 0.49620700
vt 0.54444200 0.50259900
vt 0.53557301 0.49499100
vt 0.54543102 0.50199002
vt 0.53602201 0.49408197
vt 0.54569900 0.50160998
vt 0.53796500 0.49102604
vt 0.54937202 0.50635600
vt 0.55013698 0.50601202
vt 0.55189198 0.51045799
vt 0.54743099 0.50085998
vt 0.55992401 0.50895899
vt 0.55599999 0.50496697
vt 0.55251199 0.50370801
vt 0.57030499 0.51513600
vt 0.56820399 0.50133801
vt 0.57858598 0.50873899
vt 0.58575302 0.50339198
vt 0.57419002 0.49711001
vt 0.58601999 0.49306703
vt 0.58107299 0.49365103
vt 0.59138399 0.48935497
vt 0.58646500 0.48802400
vt 0.58090103 0.48929799
vt 0.56547302 0.49736601
vt 0.57194501 0.49291098
vt 0.56421101 0.49659300
vt 0.56551999 0.49334300
vt 0.55528498 0.50332802
vt 0.55296898 0.50276101
vt 0.55464202 0.50168902
vt 0.54788101 0.50041002
vt 0.55292398 0.50179797
vt 0.56297600 0.49538004
vt 0.54860002 0.49984199
vt 0.56454903 0.49329698
vt 0.55373502 0.49730098
vt 0.55758101 0.49212098
vt 0.56313503 0.49326199
vt 0.55126798 0.49497801
vt 0.53976101 0.49017596
vt 0.53886801 0.49045801
vt 0.54429501 0.48881900
vt 0.53733098 0.48572302
vt 0.53895599 0.48659003
vt 0.55021298 0.47393501
vt 0.54978401 0.48092800
vt 0.55520999 0.48696303
vt 0.55115700 0.47671401
vt 0.56086802 0.48596400
vt 0.55381298 0.47593999
vt 0.56150699 0.48569798
vt 0.55419803 0.47532904
vt 0.56181097 0.48556900
vt 0.55748498 0.47317201
vt 0.56332397 0.48447400
vt 0.56926698 0.49061400
vt 0.55837601 0.47318602
vt 0.56356299 0.48421001
vt 0.56973302 0.49026000
vt 0.55829197 0.46917200
vt 0.56405401 0.48381299
vt 0.56030703 0.47082400
vt 0.57473397 0.46308100
vt 0.57248902 0.49135697
vt 0.57251102 0.48891997
vt 0.56924802 0.48107803
vt 0.57977700 0.48588800
vt 0.57314801 0.48444200
vt 0.57639003 0.48157001
vt 0.56469601 0.47347701
vt 0.57586902 0.47601497
vt 0.57257599 0.46833700
vt 0.57457101 0.46527398
vt 0.58159399 0.47624499
vt 0.57791799 0.46523702
vt 0.57879698 0.46498400
vt 0.58249301 0.47644299
vt 0.58307999 0.47613400
vt 0.58302200 0.46433199
vt 0.58369303 0.46441001
vt 0.58519798 0.47589701
vt 0.58570600 0.46560097
vt 0.58560401 0.47578704
vt 0.58204597 0.48575401
vt 0.59475100 0.47291398
vt 0.58130199 0.48552704
vt 0.58003002 0.48829400
vt 0.58621299 0.48461199
vt 0.58714700 0.48682499
vt 0.58675700 0.48425901
vt 0.59158701 0.48848301
vt 0.58853602 0.48465896
vt 0.58751899 0.48286498
vt 0.58660197 0.47555804
vt 0.59484899 0.47780299
vt 0.59173500 0.48675901
vt 0.59546298 0.48767197
vt 0.60232598 0.47938800
vt 0.60127699 0.48723799
vt 0.60756397 0.48556900
vt 0.76581967 0.48405868
vt 0.76699597 0.51337630
vt 0.76539284 0.51041490
vt 0.76811075 0.48370010
vt 0.76736277 0.48312551
vt 0.76557404 0.51167911
vt 0.76615292 0.48489136
vt 0.76958537 0.48660487
vt 0.76563358 0.50651389
vt 0.76778096 0.51518351
vt 0.76424152 0.48447019
vt 0.76732027 0.48825461
vt 0.77133334 0.48982555
vt 0.76517266 0.50081330
vt 0.76514333 0.50229019
vt 0.76872146 0.49165553
vt 0.76593065 0.49718982
vt 0.76473331 0.48880380
vt 0.76506323 0.49320131
vt 0.76411116 0.48540813
vt 0.76182687 0.48432594
vt 0.76200289 0.48312515
vt 0.76644278 0.51763117
vt 0.75782692 0.52526152
vt 0.75293100 0.47730595
vt 0.76192594 0.48678070
vt 0.75018501 0.47881299
vt 0.75141364 0.47601908
vt 0.75588691 0.52601284
vt 0.74917281 0.47749388
vt 0.75623345 0.52960002
vt 0.75570685 0.53310221
vt 0.74645639 0.47904044
vt 0.74596131 0.48083669
vt 0.74497402 0.48042411
vt 0.74445498 0.47928304
vt 0.75517851 0.53493899
vt 0.75364000 0.53641164
vt 0.74259436 0.48067939
vt 0.74358416 0.48148537
vt 0.74177355 0.48304516
vt 0.75151444 0.53648180
vt 0.74314356 0.48347992
vt 0.75024366 0.53557032
vt 0.74246973 0.48507863
vt 0.74500042 0.48415524
vt 0.74369782 0.48451596
vt 0.74568051 0.48600644
vt 0.74899525 0.53368384
vt 0.74436694 0.48711771
vt 0.74588406 0.49271941
vt 0.74437523 0.53148460
vt 0.76251304 0.48995191
vt 0.74784184 0.48656946
vt 0.74735045 0.49229658
vt 0.74755269 0.49778682
vt 0.74145675 0.52806348
vt 0.74651194 0.49794370
vt 0.74925262 0.49213856
vt 0.74769986 0.50324833
vt 0.74667859 0.50310105
vt 0.74025899 0.52334011
vt 0.76296663 0.49362779
vt 0.74966294 0.49777299
vt 0.76383841 0.49737763
vt 0.76322335 0.50131381
vt 0.74961716 0.50336170
vt 0.74848652 0.50854451
vt 0.74625129 0.50933593
vt 0.74464792 0.50855511
vt 0.74223745 0.51795727
vt 0.76308435 0.50533652
vt 0.74566168 0.51132303
vt 0.74396861 0.51155561
vt 0.74301565 0.51066417
vt 0.74249536 0.51446420
vt 0.76285696 0.50863797
vt 0.74397975 0.51258880
vt 0.74720705 0.51416165
vt 0.76274353 0.51111472
vt 0.75122857 0.51603520
vt 0.76285082 0.51235700
vt 0.75362206 0.51769877
vt 0.76489306 0.51479727
vt 0.75570869 0.52148908
vt 0.75221056 0.51909965
vt 0.75412261 0.52245325
vt 0.75013399 0.51731467
vt 0.74894285 0.51812732
vt 0.75244570 0.52337092
vt 0.74791539 0.51568872
vt 0.74714792 0.51617688
vt 0.74667025 0.51433867
vt 0.74652374 0.51510316
vt 0.74527788 0.51380044
vt 0.74507064 0.51460087
vt 0.74375278 0.51420039
vt 0.74584174 0.51539069
vt 0.74484211 0.51499778
vt 0.74377805 0.51499146
vt 0.74347502 0.51614612
vt 0.74332959 0.51837593
vt 0.74544299 0.52169997
vt 0.74860179 0.52502275
vt 0.74951768 0.52809083
vt 0.75460279 0.52929652
vt 0.74975318 0.53281862
vt 0.75462735 0.53310555
vt 0.75109613 0.53452092
vt 0.75419104 0.53503937
vt 0.75176769 0.53574556
vt 0.75316191 0.53579992
vt 0.75412500 0.37508899
vt 0.77727055 0.48213273
vt 0.77155441 0.48413783
vt 0.74675071 0.38031268
vt 0.77569723 0.48570949
vt 0.75075090 0.37858123
vt 0.77390748 0.48084778
vt 0.73735005 0.39790589
vt 0.75153601 0.47208852
vt 0.77874732 0.47833008
vt 0.75621605 0.37225848
vt 0.77546692 0.47726005
vt 0.75177580 0.46812743
vt 0.74798959 0.47045177
vt 0.73674882 0.39963222
vt 0.74942672 0.47127616
vt 0.77803683 0.47078115
vt 0.76147956 0.36899078
vt 0.78140068 0.47190797
vt 0.74944449 0.46763468
vt 0.78093660 0.46451217
vt 0.78377664 0.46459663
vt 0.76788890 0.36677682
vt 0.75287563 0.46103436
vt 0.78140426 0.46042007
vt 0.77143019 0.36760318
vt 0.78502154 0.46035826
vt 0.74659121 0.46966082
vt 0.73698956 0.40104461
vt 0.73426121 0.40052152
vt 0.74764270 0.46700364
vt 0.75058114 0.46073365
vt 0.74904168 0.46036005
vt 0.72901958 0.40310723
vt 0.75292820 0.45421195
vt 0.72586203 0.40806115
vt 0.75136435 0.45349050
vt 0.75500947 0.45494962
vt 0.75565106 0.44933927
vt 0.75407660 0.44771898
vt 0.72640121 0.41364080
vt 0.73059809 0.41990984
vt 0.75728941 0.44017750
vt 0.75764692 0.45030284
vt 0.78146696 0.45631814
vt 0.78537595 0.45581621
vt 0.77427959 0.36949241
vt 0.77913773 0.37494910
vt 0.78310287 0.44806421
vt 0.77875340 0.44853157
vt 0.77730382 0.43931615
vt 0.78343362 0.38503891
vt 0.76174527 0.44191265
vt 0.77379978 0.44057322
vt 0.78553808 0.39213914
vt 0.77276039 0.43352848
vt 0.75974429 0.44103527
vt 0.75991416 0.43738460
vt 0.73287314 0.42315078
vt 0.75737143 0.43638545
vt 0.76268846 0.43696743
vt 0.76023757 0.43433827
vt 0.75709337 0.43192112
vt 0.73596972 0.42591125
vt 0.76945746 0.43509936
vt 0.76241970 0.43251479
vt 0.76579380 0.42980647
vt 0.78798342 0.39837527
vt 0.76908338 0.42715174
vt 0.76110470 0.42864013
vt 0.76515377 0.42660797
vt 0.76733911 0.42509556
vt 0.78667760 0.40042549
vt 0.77059531 0.42344904
vt 0.76569486 0.41831708
vt 0.78221661 0.40401101
vt 0.77004743 0.41783148
vt 0.76946193 0.41476989
vt 0.77990657 0.40572512
vt 0.76235563 0.41801465
vt 0.75721031 0.41776371
vt 0.75280488 0.41752499
vt 0.76494610 0.41554046
vt 0.76210737 0.41516346
vt 0.76579905 0.40720820
vt 0.77036649 0.40537214
vt 0.75797284 0.41413212
vt 0.76236320 0.40809858
vt 0.76224750 0.40192473
vt 0.76491958 0.40005559
vt 0.75493067 0.40976000
vt 0.75966185 0.40312815
vt 0.75785804 0.39469963
vt 0.75560403 0.39610654
vt 0.75505781 0.41399103
vt 0.74723595 0.40305829
vt 0.75317311 0.41130662
vt 0.75072908 0.41317397
vt 0.74606210 0.40423596
vt 0.74146199 0.39952469
vt 0.75127411 0.38850725
vt 0.74000359 0.40068698
vt 0.74880576 0.38341469
vt 0.73992276 0.40236753
vt 0.75215256 0.38209504
vt 0.75388074 0.38630223
vt 0.75546372 0.37979257
vt 0.76067179 0.39313400
vt 0.75687861 0.38476521
vt 0.77568567 0.39739507
vt 0.76726806 0.38249934
vt 0.78063464 0.39279956
vt 0.77346027 0.37660229
vt 0.75937355 0.37564540
vt 0.76395923 0.37261224
vt 0.76951480 0.36907101
vt 0.73745233 0.40470850
vt 0.73197138 0.40618718
vt 0.74038541 0.40744269
vt 0.72949016 0.41022682
vt 0.73069000 0.41334081
vt 0.74447250 0.40592170
vt 0.74435580 0.41471434
vt 0.73406982 0.41832453
vt 0.74442255 0.41789186
vt 0.73646718 0.42048633
vt 0.51531971 0.42744112
vt 0.50938052 0.42655212
vt 0.51960438 0.37875718
vt 0.51332879 0.42622429
vt 0.51052177 0.42509258
vt 0.50923634 0.42374337
vt 0.51711547 0.37912285
vt 0.51096690 0.42297280
vt 0.51329619 0.42311501
vt 0.50846946 0.42006886
vt 0.51763994 0.38150203
vt 0.50718248 0.42112505
vt 0.51731002 0.38563311
vt 0.50478321 0.41749865
vt 0.51186812 0.42053521
vt 0.50612420 0.41640925
vt 0.51520991 0.38703525
vt 0.50316215 0.41541505
vt 0.50856209 0.41481769
vt 0.50434279 0.41396296
vt 0.50221103 0.41335040
vt 0.51402551 0.38768625
vt 0.50646031 0.41197991
vt 0.51373369 0.41097546
vt 0.50354910 0.41244334
vt 0.50417370 0.40891969
vt 0.50360000 0.40869850
vt 0.51247025 0.39288431
vt 0.50175774 0.40910840
vt 0.51229888 0.40166759
vt 0.51232743 0.40811014
vt 0.51126033 0.40468323
vt 0.51152688 0.40399754
vt 0.51393431 0.40613216
vt 0.51554763 0.40567797
vt 0.51473737 0.40716493
vt 0.51596069 0.40924472
vt 0.51664919 0.40634763
vt 0.51826578 0.40791315
vt 0.51727974 0.40563953
vt 0.51777190 0.41294473
vt 0.52693951 0.40090823
vt 0.51678002 0.41568410
vt 0.51855576 0.41663855
vt 0.51861811 0.41464460
vt 0.51974881 0.41402191
vt 0.51540124 0.42397600
vt 0.52021682 0.41528797
vt 0.51980633 0.41774344
vt 0.51685399 0.42470539
vt 0.52109832 0.41778255
vt 0.52169079 0.41481847
vt 0.51973420 0.41211975
vt 0.51934958 0.40744233
vt 0.53354466 0.42000234
vt 0.52893120 0.40602553
vt 0.52946269 0.40813243
vt 0.53583902 0.41514993
vt 0.53957581 0.40882254
vt 0.53118312 0.42780399
vt 0.53416687 0.37930518
vt 0.53027463 0.43241316
vt 0.53617311 0.42104900
vt 0.53422326 0.42833304
vt 0.53807098 0.37897497
vt 0.53211498 0.43336576
vt 0.53612268 0.42913508
vt 0.53957826 0.37876797
vt 0.53293031 0.43328530
vt 0.53950685 0.41547310
vt 0.54340684 0.43038034
vt 0.53777450 0.42162561
vt 0.54738188 0.43424523
vt 0.54074138 0.41605365
vt 0.54472232 0.40879583
vt 0.54726255 0.44143832
vt 0.54347515 0.40836459
vt 0.54058266 0.40641153
vt 0.54409444 0.40602595
vt 0.54551649 0.40561992
vt 0.54578823 0.44353878
vt 0.54176295 0.44624049
vt 0.54549497 0.39975715
vt 0.54158008 0.40014881
vt 0.54111195 0.39347440
vt 0.54504967 0.39324713
vt 0.53624737 0.44580519
vt 0.52679110 0.39317936
vt 0.53935444 0.38749158
vt 0.51600152 0.38790917
vt 0.52767801 0.38770038
vt 0.51832104 0.38607371
vt 0.52824062 0.38565105
vt 0.53816020 0.38522840
vt 0.54207522 0.38531983
vt 0.54287487 0.38745618
vt 0.53266901 0.44249737
vt 0.54433262 0.38763159
vt 0.54331392 0.38480490
vt 0.53157473 0.44017041
vt 0.53689838 0.43549418
vt 0.54236949 0.43609172
vt 0.52423394 0.34114718
vt 0.54530841 0.33761048
vt 0.51929891 0.34206367
vt 0.54441297 0.33282447
vt 0.54368526 0.33554262
vt 0.52200669 0.34322536
vt 0.52280003 0.33854949
vt 0.54598653 0.32490241
vt 0.51281703 0.33639050
vt 0.52387399 0.33836067
vt 0.52511871 0.34086841
vt 0.54502958 0.33825541
vt 0.51778764 0.33219087
vt 0.53073519 0.33773768
vt 0.54127187 0.34179509
vt 0.53224170 0.33956695
vt 0.53107405 0.33977675
vt 0.51810080 0.33065951
vt 0.51642996 0.33032989
vt 0.51074874 0.33489972
vt 0.54623246 0.32257462
vt 0.52243030 0.32497907
vt 0.51833087 0.32633543
vt 0.52876872 0.33343536
vt 0.53001517 0.33325803
vt 0.52484310 0.32484657
vt 0.53200263 0.33770216
vt 0.53768063 0.33805233
vt 0.52604759 0.32438636
vt 0.53631121 0.33647466
vt 0.53578478 0.33170503
vt 0.53473377 0.32218337
vt 0.53727496 0.33582258
vt 0.53686428 0.33120155
vt 0.54298109 0.33564627
vt 0.54333240 0.33307552
vt 0.54501140 0.32354045
vt 0.53850150 0.32080364
vt 0.54307520 0.31937998
vt 0.50552619 0.33523524
vt 0.54384357 0.31898677
vt 0.53604454 0.32197660
vt 0.54267645 0.31802219
vt 0.54345691 0.31751251
vt 0.50410169 0.33500457
vt 0.50261950 0.33352476
vt 0.54166466 0.31600118
vt 0.54186714 0.31823665
vt 0.54134232 0.31697649
vt 0.54035610 0.31594461
vt 0.50271547 0.33238858
vt 0.54020530 0.31700075
vt 0.53894800 0.31668913
vt 0.50333446 0.33138704
vt 0.53992158 0.31843418
vt 0.53950000 0.31752408
vt 0.50471449 0.33040667
vt 0.53768718 0.31827253
vt 0.53864402 0.31915122
vt 0.53548950 0.31948519
vt 0.50509965 0.32807702
vt 0.53569102 0.32055563
vt 0.50530869 0.32702434
vt 0.53419501 0.31981695
vt 0.53446567 0.32083923
vt 0.51130837 0.32261324
vt 0.52542055 0.32204544
vt 0.52566016 0.32307196
vt 0.52445853 0.32342446
vt 0.52411497 0.32240558
vt 0.51239347 0.32274330
vt 0.52177662 0.32237601
vt 0.51474470 0.32303739
vt 0.52131903 0.32360375
vt 0.51998109 0.32167959
vt 0.51716483 0.32226419
vt 0.51955402 0.32254350
vt 0.52013403 0.32368136
vt 0.51885396 0.32477343
vt 0.51885516 0.32283700
vt 0.51834065 0.32519770
vt 0.51844454 0.32373351
vt 0.51767898 0.32308245
vt 0.51773810 0.32372272
vt 0.51766497 0.32636321
vt 0.51775903 0.32524919
vt 0.51741314 0.32403517
vt 0.51713097 0.32329524
vt 0.51623136 0.32337809
vt 0.51739639 0.32482183
vt 0.51716864 0.32592142
vt 0.51472205 0.32391298
vt 0.51284778 0.32679862
vt 0.50864774 0.33008605
vt 0.50539845 0.33093029
vt 0.50538582 0.33444488
vt 0.50415581 0.33197451
vt 0.50393075 0.33428055
vt 0.50331020 0.33356810
vt 0.50327784 0.33253312
vt 0.56361955 0.32096541
vt 0.58497709 0.32150298
vt 0.56358796 0.32583320
vt 0.58999532 0.32154214
vt 0.58755863 0.31988692
vt 0.56481934 0.32330370
vt 0.58589041 0.32432532
vt 0.56053650 0.33330953
vt 0.59527808 0.32834351
vt 0.58480042 0.32430643
vt 0.56401599 0.32038534
vt 0.58405578 0.32160825
vt 0.58960062 0.33151996
vt 0.57794750 0.32361269
vt 0.56837755 0.31762594
vt 0.57800275 0.32154691
vt 0.57681686 0.32153070
vt 0.59057915 0.33360481
vt 0.55985224 0.33554745
vt 0.59702468 0.33020019
vt 0.58900189 0.33296347
vt 0.57905930 0.32820952
vt 0.58367181 0.33771527
vt 0.58795357 0.33716392
vt 0.57780206 0.32814652
vt 0.58127838 0.33738637
vt 0.57669675 0.32340658
vt 0.57119030 0.32198262
vt 0.58000869 0.33760893
vt 0.57184374 0.32857323
vt 0.56553018 0.32333595
vt 0.57223433 0.32379162
vt 0.57116431 0.32424843
vt 0.56469631 0.32579231
vt 0.57068837 0.32886207
vt 0.57106400 0.33811885
vt 0.56123447 0.33483171
vt 0.56710345 0.33875632
vt 0.56234354 0.33928359
vt 0.60221452 0.33086431
vt 0.56151456 0.33952343
vt 0.56973809 0.33807242
vt 0.56247652 0.34069216
vt 0.56161356 0.34104395
vt 0.60356885 0.33136177
vt 0.60474205 0.33309615
vt 0.56308514 0.34286833
vt 0.56331170 0.34063566
vt 0.56358719 0.34197235
vt 0.60443169 0.33419305
vt 0.56435883 0.34317273
vt 0.56470770 0.34216487
vt 0.56588250 0.34270990
vt 0.60363370 0.33505833
vt 0.56525892 0.34081185
vt 0.56549949 0.34178531
vt 0.60209262 0.33575809
vt 0.56742126 0.34139556
vt 0.56664926 0.34035110
vt 0.60127145 0.33797139
vt 0.56980896 0.34062338
vt 0.56981480 0.33953440
vt 0.57114267 0.34054398
vt 0.60086608 0.33896482
vt 0.57107145 0.33948910
vt 0.58013886 0.33897281
vt 0.58017880 0.34002590
vt 0.59413821 0.34215307
vt 0.58138526 0.33885539
vt 0.59309787 0.34181905
vt 0.58152872 0.33992076
vt 0.58450097 0.33927655
vt 0.59084612 0.34108305
vt 0.58381826 0.34039462
vt 0.58544821 0.34141970
vt 0.58832353 0.34138167
vt 0.58603162 0.34065294
vt 0.58567882 0.33942580
vt 0.58714294 0.33859748
vt 0.58677340 0.34049785
vt 0.58772755 0.33827871
vt 0.58734697 0.33969599
vt 0.58861238 0.33726323
vt 0.58830821 0.33833879
vt 0.58901554 0.33779120
vt 0.58797461 0.34048063
vt 0.58803827 0.33984107
vt 0.58841670 0.33959609
vt 0.58855289 0.34037614
vt 0.58945167 0.34046590
vt 0.58858281 0.33882713
vt 0.59103483 0.34022796
vt 0.59342337 0.33775222
vt 0.59817111 0.33532453
vt 0.60152096 0.33511400
vt 0.60220194 0.33166683
vt 0.60293931 0.33432555
vt 0.60359883 0.33210492
vt 0.60407239 0.33292222
vt 0.60390729 0.33394420
vt 0.57754892 0.38413042
vt 0.57346725 0.43399012
vt 0.57961285 0.43411016
vt 0.57743162 0.43313730
vt 0.57443345 0.43235827
vt 0.57507080 0.38482952
vt 0.57295096 0.43115813
vt 0.57460600 0.43014812
vt 0.57698905 0.42998552
vt 0.57168859 0.42752939
vt 0.57052130 0.42877102
vt 0.57591653 0.38717520
vt 0.57612586 0.39141184
vt 0.56760836 0.42540622
vt 0.57519966 0.42755514
vt 0.56882596 0.42412382
vt 0.57417893 0.39311171
vt 0.56568837 0.42350483
vt 0.57109082 0.42218721
vt 0.56669557 0.42187536
vt 0.57306248 0.39392853
vt 0.56445104 0.42153454
vt 0.56858367 0.41958368
vt 0.57583398 0.41760600
vt 0.56568974 0.42043751
vt 0.56585956 0.41677862
vt 0.56524813 0.41662967
vt 0.56343222 0.41728842
vt 0.57216853 0.39940953
vt 0.57402915 0.41488290
vt 0.57249463 0.41154510
vt 0.57267487 0.41081393
vt 0.57315159 0.40834737
vt 0.57539970 0.41266358
vt 0.57697743 0.41199005
vt 0.57635081 0.41360605
vt 0.57786649 0.41555589
vt 0.57818371 0.41252464
vt 0.58003080 0.41390073
vt 0.57873046 0.41172284
vt 0.58019227 0.41907299
vt 0.58791214 0.40564799
vt 0.57954633 0.42198414
vt 0.58147448 0.42271900
vt 0.58127511 0.42068690
vt 0.58234078 0.41990590
vt 0.57923913 0.43058229
vt 0.58298260 0.42112929
vt 0.58288938 0.42367578
vt 0.58420593 0.42354524
vt 0.58080971 0.43113112
vt 0.59576231 0.43238890
vt 0.59544724 0.43718690
vt 0.59240234 0.38276845
vt 0.59713161 0.42415893
vt 0.58441687 0.42045867
vt 0.59891772 0.43252540
vt 0.59632164 0.38191903
vt 0.59744078 0.43791139
vt 0.59993744 0.42487514
vt 0.60095137 0.43308926
vt 0.59825766 0.43772245
vt 0.59782422 0.38151032
vt 0.59882122 0.41893136
vt 0.60850900 0.43339372
vt 0.60163879 0.42524946
vt 0.60258669 0.41877627
vt 0.60391629 0.41920292
vt 0.61305285 0.43679309
vt 0.61387926 0.44411004
vt 0.60700101 0.41131175
vt 0.60257638 0.43944174
vt 0.59778875 0.44488954
vt 0.60241127 0.38714600
vt 0.60381764 0.38988090
vt 0.59920591 0.44710732
vt 0.60327387 0.44999337
vt 0.60528523 0.39548624
vt 0.60820842 0.43932760
vt 0.60892952 0.44970870
vt 0.60659462 0.40203547
vt 0.61265934 0.44643617
vt 0.60738885 0.40798348
vt 0.60567838 0.41103828
vt 0.60178071 0.41201675
vt 0.60599893 0.40858293
vt 0.60248512 0.40943682
vt 0.60267252 0.40294874
vt 0.59142476 0.41264844
vt 0.59060770 0.41057986
vt 0.60131818 0.39623570
vt 0.58674341 0.39782262
vt 0.58106887 0.41328013
vt 0.58207542 0.41797710
vt 0.57509750 0.39389449
vt 0.57721007 0.39172590
vt 0.58692187 0.39214450
vt 0.58722299 0.38999027
vt 0.59723598 0.38825464
vt 0.59874624 0.39039457
vt 0.60122174 0.38783175
vt 0.60231489 0.38989484
vt 0.62605631 0.43336368
vt 0.63205302 0.43368584
vt 0.63170427 0.38481498
vt 0.62995577 0.43266320
vt 0.62705409 0.43180263
vt 0.62926125 0.38541484
vt 0.62564653 0.43058127
vt 0.62729633 0.42965019
vt 0.62962860 0.42957103
vt 0.62453490 0.42699593
vt 0.63000888 0.38773358
vt 0.62335384 0.42816937
vt 0.63007194 0.39187729
vt 0.62062162 0.42478675
vt 0.62796241 0.42713815
vt 0.62185335 0.42357516
vt 0.61881036 0.42286611
vt 0.62811422 0.39347225
vt 0.62412941 0.42175972
vt 0.61984807 0.42130864
vt 0.61766785 0.42090094
vt 0.62699682 0.39423257
vt 0.62176818 0.41913390
vt 0.61891395 0.41987109
vt 0.61860967 0.41613829
vt 0.61681461 0.41672099
vt 0.62594122 0.39955461
vt 0.61920178 0.41630411
vt 0.62605536 0.41070718
vt 0.62585497 0.41141510
vt 0.62660307 0.40831459
vt 0.62724209 0.41472542
vt 0.62865424 0.41260409
vt 0.63021731 0.41199905
vt 0.62891358 0.41744459
vt 0.62955159 0.41355610
vt 0.63137734 0.41256130
vt 0.63096648 0.41551059
vt 0.63313502 0.41396654
vt 0.63193792 0.41179657
vt 0.63312024 0.41902232
vt 0.64110583 0.40617108
vt 0.63239247 0.42184335
vt 0.63425064 0.42262518
vt 0.63412374 0.42063427
vt 0.63519037 0.41990721
vt 0.63180578 0.43022859
vt 0.63577628 0.42112321
vt 0.63560033 0.42360657
vt 0.63332111 0.43081689
vt 0.63689023 0.42352295
vt 0.64625317 0.38398033
vt 0.64741188 0.43721813
vt 0.63719910 0.42051613
vt 0.64949089 0.42455328
vt 0.64787942 0.43254363
vt 0.65095603 0.43278217
vt 0.64933419 0.43799204
vt 0.65010846 0.38328159
vt 0.65220672 0.42534614
vt 0.65292287 0.43340051
vt 0.65158927 0.38293254
vt 0.65013826 0.43783462
vt 0.65131503 0.41950518
vt 0.66029233 0.43394977
vt 0.65385556 0.42576837
vt 0.65499699 0.41947931
vt 0.65628099 0.41994023
vt 0.66461575 0.43742061
vt 0.65429783 0.43965751
vt 0.64944130 0.44481725
vt 0.65588033 0.38858837
vt 0.65075123 0.44703001
vt 0.65716237 0.39130580
vt 0.65462697 0.44998383
vt 0.65840834 0.39682800
vt 0.65980089 0.43973380
vt 0.65946865 0.40326661
vt 0.66015893 0.44989443
vt 0.66004574 0.40910089
vt 0.66391009 0.44682336
vt 0.65955609 0.41233778
vt 0.66517872 0.44459259
vt 0.65827370 0.41202670
vt 0.65443534 0.41285217
vt 0.65866858 0.40963984
vt 0.65520912 0.41035652
vt 0.65560854 0.40402752
vt 0.64430231 0.41312361
vt 0.64357358 0.41107660
vt 0.63416934 0.41339517
vt 0.63499552 0.41801500
vt 0.65450990 0.39742750
vt 0.64022553 0.39849109
vt 0.65569449 0.39126933
vt 0.65219331 0.39163816
vt 0.65469599 0.38921833
vt 0.65078992 0.38949841
vt 0.64058918 0.39295268
vt 0.64095509 0.39085931
vt 0.62898505 0.39426720
vt 0.63112020 0.39222014
vt 0.61706781 0.33053696
vt 0.64257520 0.32201779
vt 0.63989037 0.32076871
vt 0.61788118 0.32782865
vt 0.63759011 0.32278883
vt 0.61631346 0.32570225
vt 0.63895172 0.32544160
vt 0.64891416 0.32791310
vt 0.61524689 0.33844697
vt 0.63786721 0.32559872
vt 0.63669294 0.32304192
vt 0.61661303 0.32506287
vt 0.64379382 0.33198094
vt 0.63095611 0.32601649
vt 0.62049508 0.32162130
vt 0.62949836 0.32413328
vt 0.63067764 0.32395792
vt 0.64510113 0.33389151
vt 0.61492926 0.34077787
vt 0.65094656 0.32947332
vt 0.64343280 0.33350974
vt 0.63280100 0.33039784
vt 0.63891155 0.33908445
vt 0.64307046 0.33784634
vt 0.63154358 0.33053815
vt 0.62968194 0.32601380
vt 0.63525999 0.33957004
vt 0.62531668 0.32711601
vt 0.62398905 0.32548964
vt 0.62570083 0.33192307
vt 0.62432891 0.32774192
vt 0.63648385 0.33914429
vt 0.61859167 0.32774585
vt 0.61816084 0.33031750
vt 0.62460125 0.33239615
vt 0.61618507 0.33984458
vt 0.62264138 0.34279120
vt 0.61800391 0.34408253
vt 0.61722010 0.34445429
vt 0.65620285 0.32929474
vt 0.61836320 0.34545863
vt 0.61756378 0.34594691
vt 0.65762669 0.32956964
vt 0.61918265 0.34526765
vt 0.61967158 0.34654939
vt 0.61931813 0.34751940
vt 0.65907079 0.33110100
vt 0.65893990 0.33223951
vt 0.62063098 0.34761584
vt 0.62081438 0.34655952
vt 0.62206793 0.34691071
vt 0.65828764 0.33322668
vt 0.62114292 0.34512830
vt 0.62153888 0.34605527
vt 0.62244803 0.34444672
vt 0.65687180 0.33416963
vt 0.62338251 0.34535837
vt 0.62562680 0.34420693
vt 0.65641421 0.33649814
vt 0.62545693 0.34312558
vt 0.65617222 0.33754921
vt 0.62693721 0.34391302
vt 0.62514484 0.34168756
vt 0.62669641 0.34287787
vt 0.62646788 0.34151959
vt 0.63560933 0.34090215
vt 0.63581884 0.34194058
vt 0.65001178 0.34179825
vt 0.63682705 0.34058452
vt 0.64892578 0.34163469
vt 0.63714123 0.34161842
vt 0.64657283 0.34126794
vt 0.63948917 0.34171915
vt 0.63998604 0.34049970
vt 0.64127165 0.34247303
vt 0.64411843 0.34197122
vt 0.64172685 0.34161818
vt 0.64117873 0.34045756
vt 0.64249766 0.33939946
vt 0.64243776 0.34134448
vt 0.64302617 0.33898884
vt 0.64287752 0.34045649
vt 0.64374024 0.33783853
vt 0.64361197 0.33895475
vt 0.64422548 0.33829743
vt 0.64362675 0.34113371
vt 0.64358681 0.34048879
vt 0.64392263 0.34018469
vt 0.64396328 0.33939505
vt 0.64418364 0.34093660
vt 0.64508981 0.34088057
vt 0.64662212 0.34038907
vt 0.64859235 0.33754730
vt 0.65291101 0.33437240
vt 0.65620047 0.33362293
vt 0.65631980 0.33009291
vt 0.65748036 0.33261174
vt 0.65837932 0.33207727
vt 0.65837824 0.33103657
vt 0.65777648 0.33030212
vt 0.67368007 0.42464435
vt 0.68095779 0.38425577
vt 0.67868859 0.42522860
vt 0.67459804 0.42338836
vt 0.67698455 0.42426169
vt 0.67348254 0.42229116
vt 0.67887914 0.38463038
vt 0.67491382 0.42159736
vt 0.67687249 0.42165321
vt 0.67273891 0.41922832
vt 0.67938405 0.38661265
vt 0.67168754 0.42014974
vt 0.66957527 0.41717184
vt 0.67921972 0.39008856
vt 0.67560381 0.41952711
vt 0.67067099 0.41622102
vt 0.67749554 0.39132249
vt 0.66815811 0.41546738
vt 0.67267352 0.41481900
vt 0.66910934 0.41421652
vt 0.66730368 0.41376066
vt 0.67651927 0.39190108
vt 0.67083240 0.41249478
vt 0.66840190 0.41296303
vt 0.66834253 0.40981889
vt 0.66680765 0.41021305
vt 0.67535567 0.39630574
vt 0.66883004 0.40998882
vt 0.67545116 0.40368146
vt 0.67466176 0.40624052
vt 0.67486680 0.40565777
vt 0.67690891 0.41145361
vt 0.67565072 0.40908730
vt 0.67694539 0.40738356
vt 0.67828685 0.40695846
vt 0.67764741 0.40822840
vt 0.67873067 0.40994048
vt 0.67959374 0.41532219
vt 0.68035150 0.41299623
vt 0.68062884 0.40876019
vt 0.67922956 0.40749043
vt 0.67973942 0.40687907
vt 0.68197584 0.41225046
vt 0.68152553 0.40833557
vt 0.68771708 0.40264523
vt 0.68203992 0.41384631
vt 0.68952799 0.40688550
vt 0.68110794 0.41439974
vt 0.68369132 0.41446191
vt 0.68246710 0.41489607
vt 0.68110996 0.41607475
vt 0.67866254 0.42231840
vt 0.68218958 0.41696793
vt 0.67990160 0.42289090
vt 0.68327487 0.41696549
vt 0.69201118 0.42510092
vt 0.69137436 0.42899376
vt 0.69319385 0.38431883
vt 0.69378042 0.41848934
vt 0.69457692 0.42546207
vt 0.69294477 0.42974299
vt 0.69646114 0.38393533
vt 0.69557369 0.41435456
vt 0.69619280 0.42608333
vt 0.69362682 0.42965329
vt 0.69772047 0.38372052
vt 0.69601476 0.41929603
vt 0.70233965 0.42692995
vt 0.69737440 0.41973638
vt 0.69866061 0.41452587
vt 0.70578086 0.43006515
vt 0.69971246 0.41497940
vt 0.69003141 0.40863919
vt 0.69853729 0.40894282
vt 0.70179719 0.40845221
vt 0.70587671 0.43610489
vt 0.70285553 0.40878010
vt 0.69931656 0.40689194
vt 0.70225310 0.40647268
vt 0.70343548 0.40609324
vt 0.70469666 0.43790781
vt 0.70139223 0.44028473
vt 0.70325774 0.40117371
vt 0.69998300 0.40160906
vt 0.69940823 0.39602053
vt 0.69675159 0.44006979
vt 0.70270663 0.39572251
vt 0.68738192 0.39616311
vt 0.69777030 0.39104760
vt 0.67818362 0.39203429
vt 0.68797702 0.39154094
vt 0.68008024 0.39043075
vt 0.68839330 0.38980579
vt 0.69670647 0.38918090
vt 0.69999444 0.38915086
vt 0.70101994 0.38868505
vt 0.69267678 0.43546832
vt 0.70072377 0.39092195
vt 0.69365853 0.43739128
vt 0.70195186 0.39102948
vt 0.69701701 0.43139887
vt 0.70162469 0.43175125
vt 0.66758400 0.33971143
vt 0.68739313 0.32847512
vt 0.66781855 0.33732820
vt 0.68495840 0.32787466
vt 0.68337607 0.32992816
vt 0.66616923 0.33581662
vt 0.68493980 0.33191097
vt 0.66735971 0.34658176
vt 0.69362170 0.33234125
vt 0.68406403 0.33221817
vt 0.66631407 0.33523649
vt 0.68267161 0.33028483
vt 0.69002938 0.33655620
vt 0.69142717 0.33793092
vt 0.66747558 0.34857047
vt 0.69556487 0.33330667
vt 0.68997848 0.33788550
vt 0.67838883 0.33369160
vt 0.67687053 0.33236408
vt 0.66897923 0.33174372
vt 0.68712962 0.34325504
vt 0.68063605 0.33703196
vt 0.67732966 0.33389699
vt 0.67961401 0.33735347
vt 0.67388171 0.33552432
vt 0.67251319 0.33438921
vt 0.67498422 0.33945656
vt 0.68417424 0.34425366
vt 0.68512195 0.34370041
vt 0.68564183 0.34484136
vt 0.66839552 0.33714372
vt 0.67316264 0.33620542
vt 0.66845655 0.33935106
vt 0.67414755 0.34002888
vt 0.66836727 0.34759027
vt 0.69990385 0.33230174
vt 0.66997844 0.35125238
vt 0.67421275 0.34898680
vt 0.67611343 0.34766161
vt 0.67056924 0.35081565
vt 0.67109209 0.35190064
vt 0.67050743 0.35243666
vt 0.70113188 0.33229804
vt 0.67174190 0.35160852
vt 0.67235720 0.35259402
vt 0.67222160 0.35345757
vt 0.70258146 0.33333540
vt 0.70265824 0.33430278
vt 0.67332822 0.35332388
vt 0.67330861 0.35241610
vt 0.67440760 0.35250378
vt 0.70227724 0.33522952
vt 0.67334837 0.35117322
vt 0.67382842 0.35187900
vt 0.67432183 0.35039413
vt 0.70125413 0.33624387
vt 0.67524701 0.35099948
vt 0.70125329 0.33825344
vt 0.67692453 0.34967685
vt 0.67660701 0.34880578
vt 0.70122355 0.33916634
vt 0.67796564 0.34921908
vt 0.67718548 0.34730661
vt 0.67759675 0.34839809
vt 0.68468159 0.34530371
vt 0.69679648 0.34370136
vt 0.68502498 0.34613246
vt 0.69586730 0.34374237
vt 0.68607134 0.34564936
vt 0.69385213 0.34382105
vt 0.68803906 0.34535027
vt 0.68825322 0.34425604
vt 0.68964320 0.34568644
vt 0.69192707 0.34480548
vt 0.68988222 0.34490186
vt 0.68923760 0.34402668
vt 0.69042838 0.34455860
vt 0.69016111 0.34293234
vt 0.69038415 0.34154832
vt 0.69064903 0.34374893
vt 0.69053346 0.34250510
vt 0.69093943 0.34143269
vt 0.69101477 0.34238130
vt 0.69141746 0.34173495
vt 0.69138199 0.34418952
vt 0.69124377 0.34366012
vt 0.69181275 0.34393513
vt 0.69147331 0.34335279
vt 0.69137841 0.34268987
vt 0.69255674 0.34374082
vt 0.69374996 0.34308267
vt 0.69492424 0.34039998
vt 0.69799578 0.33705783
vt 0.70060730 0.33589888
vt 0.70013124 0.33294594
vt 0.70150614 0.33485001
vt 0.70216602 0.33425939
vt 0.70199555 0.33339465
vt 0.70137572 0.33288240
vt 0.98820424 0.34251404
vt 0.95887947 0.33633959
vt 0.96212041 0.32454586
vt 0.93059444 0.32753301
vt 0.97815669 0.34947109
vt 0.99664533 0.37305689
vt 0.93566346 0.33867121
vt 0.98448563 0.37191904
vt 0.95719147 0.34268308
vt 0.91937387 0.35538423
vt 0.90834844 0.35007644
vt 0.90578520 0.38165760
vt 0.93834329 0.34458566
vt 0.91764295 0.37865925
vt 0.92413330 0.40750766
vt 0.92513025 0.35815930
vt 0.93127990 0.39759469
vt 0.95482027 0.41550720
vt 0.92373156 0.37704503
vt 0.93479896 0.39240575
vt 0.95389903 0.40332913
vt 0.95314860 0.39706218
vt 0.97490728 0.39318681
vt 0.98346591 0.40189397
vt 0.94273627 0.38106263
vt 0.93708170 0.37337315
vt 0.95201755 0.38330865
vt 0.94643211 0.37555361
vt 0.97020304 0.38883781
vt 0.96056485 0.37906647
vt 0.95129657 0.37672281
vt 0.97798538 0.37157464
vt 0.95577204 0.37449527
vt 0.97285044 0.35334420
vt 0.96438372 0.37033164
vt 0.96170270 0.36118901
vt 0.95775795 0.36991584
vt 0.95634961 0.36512101
vt 0.95377278 0.35590494
vt 0.95219040 0.36236227
vt 0.94429803 0.35694957
vt 0.94345760 0.37152874
vt 0.93770289 0.36384892
vt 0.94377541 0.36653638
vt 0.94722331 0.36291647
vt 0.95389903 0.40332913
vt 0.93127990 0.39759469
vt 0.97490728 0.39318681
vt 0.91764295 0.37865925
vt 0.93479896 0.39240575
vt 0.95314860 0.39706218
vt 0.98448563 0.37191904
vt 0.97020304 0.38883781
vt 0.97815669 0.34947109
vt 0.97798538 0.37157464
vt 0.95887947 0.33633959
vt 0.97285044 0.35334420
vt 0.95719147 0.34268308
vt 0.93566346 0.33867121
vt 0.91937387 0.35538423
vt 0.93834329 0.34458566
vt 0.92373156 0.37704503
vt 0.92513025 0.35815930
vt 0.93770289 0.36384892
vt 0.94429803 0.35694957
vt 0.93708170 0.37337315
vt 0.94273627 0.38106263
vt 0.94643211 0.37555361
vt 0.95201755 0.38330865
vt 0.94345760 0.37152874
vt 0.95129657 0.37672281
vt 0.96056485 0.37906647
vt 0.95577204 0.37449527
vt 0.96438372 0.37033164
vt 0.95775795 0.36991584
vt 0.96170270 0.36118901
vt 0.95634961 0.36512101
vt 0.95219040 0.36236227
vt 0.95377278 0.35590494
vt 0.94377541 0.36653638
vt 0.94722331 0.36291647
vt 0.98820424 0.34251404
vt 0.95887947 0.33633959
vt 0.96212041 0.32454586
vt 0.93059444 0.32753301
vt 0.97815669 0.34947109
vt 0.99664533 0.37305689
vt 0.93566346 0.33867121
vt 0.98448563 0.37191904
vt 0.95719147 0.34268308
vt 0.91937387 0.35538423
vt 0.90834844 0.35007644
vt 0.90578520 0.38165760
vt 0.93834329 0.34458566
vt 0.91764295 0.37865925
vt 0.92413330 0.40750766
vt 0.92513025 0.35815930
vt 0.93127990 0.39759469
vt 0.95482027 0.41550720
vt 0.92373156 0.37704503
vt 0.93479896 0.39240575
vt 0.93708170 0.37337315
vt 0.95389903 0.40332913
vt 0.95314860 0.39706218
vt 0.97490728 0.39318681
vt 0.98346591 0.40189397
vt 0.94273627 0.38106263
vt 0.97020304 0.38883781
vt 0.95201755 0.38330865
vt 0.97798538 0.37157464
vt 0.94643211 0.37555361
vt 0.96056485 0.37906647
vt 0.95129657 0.37672281
vt 0.94345760 0.37152874
vt 0.96438372 0.37033164
vt 0.95577204 0.37449527
vt 0.95775795 0.36991584
vt 0.97285044 0.35334420
vt 0.96170270 0.36118901
vt 0.95634961 0.36512101
vt 0.95219040 0.36236227
vt 0.95377278 0.35590494
vt 0.94429803 0.35694957
vt 0.94377541 0.36653638
vt 0.94722331 0.36291647
vt 0.93770289 0.36384892
vt 0.95389903 0.40332913
vt 0.93127990 0.39759469
vt 0.97490728 0.39318681
vt 0.91764295 0.37865925
vt 0.93479896 0.39240575
vt 0.95314860 0.39706218
vt 0.98448563 0.37191904
vt 0.97020304 0.38883781
vt 0.97815669 0.34947109
vt 0.97798538 0.37157464
vt 0.95887947 0.33633959
vt 0.97285044 0.35334420
vt 0.95719147 0.34268308
vt 0.93566346 0.33867121
vt 0.91937387 0.35538423
vt 0.93834329 0.34458566
vt 0.92373156 0.37704503
vt 0.92513025 0.35815930
vt 0.93770289 0.36384892
vt 0.94429803 0.35694957
vt 0.93708170 0.37337315
vt 0.94273627 0.38106263
vt 0.94643211 0.37555361
vt 0.95201755 0.38330865
vt 0.94345760 0.37152874
vt 0.95129657 0.37672281
vt 0.96056485 0.37906647
vt 0.95577204 0.37449527
vt 0.96438372 0.37033164
vt 0.95775795 0.36991584
vt 0.96170270 0.36118901
vt 0.95634961 0.36512101
vt 0.95219040 0.36236227
vt 0.95377278 0.35590494
vt 0.94377541 0.36653638
vt 0.94722331 0.36291647
vt 0.96212041 0.32454586
vt 0.97815669 0.34947109
vt 0.98820424 0.34251404
vt 0.99664533 0.37305689
vt 0.95887947 0.33633959
vt 0.93059444 0.32753301
vt 0.98448563 0.37191904
vt 0.93566346 0.33867121
vt 0.97490728 0.39318681
vt 0.98346591 0.40189397
vt 0.97285044 0.35334420
vt 0.97798538 0.37157464
vt 0.95389903 0.40332913
vt 0.95482027 0.41550720
vt 0.92413330 0.40750766
vt 0.97020304 0.38883781
vt 0.93127990 0.39759469
vt 0.95314860 0.39706218
vt 0.96438372 0.37033164
vt 0.91764295 0.37865925
vt 0.90578520 0.38165760
vt 0.90834844 0.35007644
vt 0.96170270 0.36118901
vt 0.91937387 0.35538423
vt 0.92513025 0.35815930
vt 0.93834329 0.34458566
vt 0.95719147 0.34268308
vt 0.95377278 0.35590494
vt 0.94429803 0.35694957
vt 0.92373156 0.37704503
vt 0.93770289 0.36384892
vt 0.93479896 0.39240575
vt 0.93708170 0.37337315
vt 0.94273627 0.38106263
vt 0.94345760 0.37152874
vt 0.94377541 0.36653638
vt 0.94722331 0.36291647
vt 0.95219040 0.36236227
vt 0.95634961 0.36512101
vt 0.95775795 0.36991584
vt 0.94643211 0.37555361
vt 0.95129657 0.37672281
vt 0.95577204 0.37449527
vt 0.95201755 0.38330865
vt 0.96056485 0.37906647
vt 0.98448563 0.37191904
vt 0.97490728 0.39318681
vt 0.97815669 0.34947109
vt 0.95389903 0.40332913
vt 0.95887947 0.33633959
vt 0.97798538 0.37157464
vt 0.97285044 0.35334420
vt 0.93566346 0.33867121
vt 0.95719147 0.34268308
vt 0.91937387 0.35538423
vt 0.93834329 0.34458566
vt 0.96170270 0.36118901
vt 0.95377278 0.35590494
vt 0.92513025 0.35815930
vt 0.91764295 0.37865925
vt 0.93127990 0.39759469
vt 0.92373156 0.37704503
vt 0.93770289 0.36384892
vt 0.93479896 0.39240575
vt 0.94429803 0.35694957
vt 0.95314860 0.39706218
vt 0.94722331 0.36291647
vt 0.95219040 0.36236227
vt 0.94377541 0.36653638
vt 0.95634961 0.36512101
vt 0.93708170 0.37337315
vt 0.94345760 0.37152874
vt 0.94273627 0.38106263
vt 0.95775795 0.36991584
vt 0.94643211 0.37555361
vt 0.95129657 0.37672281
vt 0.95201755 0.38330865
vt 0.96438372 0.37033164
vt 0.95577204 0.37449527
vt 0.96056485 0.37906647
vt 0.97020304 0.38883781
vt 0.91937387 0.35538423
vt 0.93059444 0.32753301
vt 0.90834844 0.35007644
vt 0.90578520 0.38165760
vt 0.93566346 0.33867121
vt 0.96212041 0.32454586
vt 0.91764295 0.37865925
vt 0.95887947 0.33633959
vt 0.93127990 0.39759469
vt 0.92413330 0.40750766
vt 0.95482027 0.41550720
vt 0.97815669 0.34947109
vt 0.98820424 0.34251404
vt 0.99664533 0.37305689
vt 0.97285044 0.35334420
vt 0.98448563 0.37191904
vt 0.97490728 0.39318681
vt 0.98346591 0.40189397
vt 0.97798538 0.37157464
vt 0.95719147 0.34268308
vt 0.96170270 0.36118901
vt 0.93834329 0.34458566
vt 0.95377278 0.35590494
vt 0.92513025 0.35815930
vt 0.94429803 0.35694957
vt 0.92373156 0.37704503
vt 0.93770289 0.36384892
vt 0.93708170 0.37337315
vt 0.93479896 0.39240575
vt 0.94377541 0.36653638
vt 0.94722331 0.36291647
vt 0.95219040 0.36236227
vt 0.94345760 0.37152874
vt 0.95634961 0.36512101
vt 0.95775795 0.36991584
vt 0.94273627 0.38106263
vt 0.94643211 0.37555361
vt 0.96438372 0.37033164
vt 0.95129657 0.37672281
vt 0.97020304 0.38883781
vt 0.95577204 0.37449527
vt 0.96056485 0.37906647
vt 0.95201755 0.38330865
vt 0.95314860 0.39706218
vt 0.95389903 0.40332913
vt 0.95887947 0.33633959
vt 0.93566346 0.33867121
vt 0.97815669 0.34947109
vt 0.91937387 0.35538423
vt 0.93834329 0.34458566
vt 0.91764295 0.37865925
vt 0.92513025 0.35815930
vt 0.93127990 0.39759469
vt 0.92373156 0.37704503
vt 0.93770289 0.36384892
vt 0.93708170 0.37337315
vt 0.93479896 0.39240575
vt 0.95389903 0.40332913
vt 0.95314860 0.39706218
vt 0.97490728 0.39318681
vt 0.97020304 0.38883781
vt 0.94273627 0.38106263
vt 0.95201755 0.38330865
vt 0.97798538 0.37157464
vt 0.98448563 0.37191904
vt 0.97285044 0.35334420
vt 0.95719147 0.34268308
vt 0.96170270 0.36118901
vt 0.94429803 0.35694957
vt 0.95377278 0.35590494
vt 0.94722331 0.36291647
vt 0.95219040 0.36236227
vt 0.94377541 0.36653638
vt 0.94345760 0.37152874
vt 0.95634961 0.36512101
vt 0.96438372 0.37033164
vt 0.95775795 0.36991584
vt 0.94643211 0.37555361
vt 0.96056485 0.37906647
vt 0.95129657 0.37672281
vt 0.95577204 0.37449527
vt 0.98820424 0.34251404
vt 0.98448563 0.37191904
vt 0.99664533 0.37305689
vt 0.98346591 0.40189397
vt 0.97815669 0.34947109
vt 0.96212041 0.32454586
vt 0.97490728 0.39318681
vt 0.95887947 0.33633959
vt 0.95389903 0.40332913
vt 0.95482027 0.41550720
vt 0.92413330 0.40750766
vt 0.93566346 0.33867121
vt 0.93059444 0.32753301
vt 0.90834844 0.35007644
vt 0.93127990 0.39759469
vt 0.90578520 0.38165760
vt 0.91764295 0.37865925
vt 0.91937387 0.35538423
vt 0.93479896 0.39240575
vt 0.92373156 0.37704503
vt 0.93834329 0.34458566
vt 0.92513025 0.35815930
vt 0.93770289 0.36384892
vt 0.93708170 0.37337315
vt 0.95719147 0.34268308
vt 0.94429803 0.35694957
vt 0.97285044 0.35334420
vt 0.95377278 0.35590494
vt 0.97798538 0.37157464
vt 0.96170270 0.36118901
vt 0.95219040 0.36236227
vt 0.94722331 0.36291647
vt 0.94377541 0.36653638
vt 0.94345760 0.37152874
vt 0.95634961 0.36512101
vt 0.94643211 0.37555361
vt 0.96438372 0.37033164
vt 0.95775795 0.36991584
vt 0.95129657 0.37672281
vt 0.95577204 0.37449527
vt 0.96056485 0.37906647
vt 0.95201755 0.38330865
vt 0.94273627 0.38106263
vt 0.95314860 0.39706218
vt 0.97020304 0.38883781
vt 0.95887947 0.33633959
vt 0.97815669 0.34947109
vt 0.93566346 0.33867121
vt 0.98448563 0.37191904
vt 0.97285044 0.35334420
vt 0.95719147 0.34268308
vt 0.91937387 0.35538423
vt 0.93834329 0.34458566
vt 0.91764295 0.37865925
vt 0.92513025 0.35815930
vt 0.93127990 0.39759469
vt 0.92373156 0.37704503
vt 0.93479896 0.39240575
vt 0.95389903 0.40332913
vt 0.95314860 0.39706218
vt 0.94273627 0.38106263
vt 0.97490728 0.39318681
vt 0.97798538 0.37157464
vt 0.97020304 0.38883781
vt 0.96056485 0.37906647
vt 0.96438372 0.37033164
vt 0.95201755 0.38330865
vt 0.95577204 0.37449527
vt 0.94643211 0.37555361
vt 0.95129657 0.37672281
vt 0.95775795 0.36991584
vt 0.94345760 0.37152874
vt 0.93708170 0.37337315
vt 0.95634961 0.36512101
vt 0.93770289 0.36384892
vt 0.96170270 0.36118901
vt 0.95219040 0.36236227
vt 0.95377278 0.35590494
vt 0.94429803 0.35694957
vt 0.94722331 0.36291647
vt 0.94377541 0.36653638
vt 0.91937387 0.35538423
vt 0.93059444 0.32753301
vt 0.90834844 0.35007644
vt 0.90578520 0.38165760
vt 0.93566346 0.33867121
vt 0.96212041 0.32454586
vt 0.91764295 0.37865925
vt 0.95887947 0.33633959
vt 0.93127990 0.39759469
vt 0.92413330 0.40750766
vt 0.97815669 0.34947109
vt 0.98820424 0.34251404
vt 0.95389903 0.40332913
vt 0.95482027 0.41550720
vt 0.98346591 0.40189397
vt 0.93479896 0.39240575
vt 0.97490728 0.39318681
vt 0.92373156 0.37704503
vt 0.98448563 0.37191904
vt 0.99664533 0.37305689
vt 0.95314860 0.39706218
vt 0.97020304 0.38883781
vt 0.97285044 0.35334420
vt 0.97798538 0.37157464
vt 0.96056485 0.37906647
vt 0.95719147 0.34268308
vt 0.96170270 0.36118901
vt 0.93834329 0.34458566
vt 0.95377278 0.35590494
vt 0.94429803 0.35694957
vt 0.92513025 0.35815930
vt 0.93770289 0.36384892
vt 0.93708170 0.37337315
vt 0.94722331 0.36291647
vt 0.94273627 0.38106263
vt 0.94377541 0.36653638
vt 0.95201755 0.38330865
vt 0.95219040 0.36236227
vt 0.94345760 0.37152874
vt 0.95634961 0.36512101
vt 0.96438372 0.37033164
vt 0.95775795 0.36991584
vt 0.95577204 0.37449527
vt 0.95129657 0.37672281
vt 0.94643211 0.37555361
vt 0.95887947 0.33633959
vt 0.93566346 0.33867121
vt 0.97815669 0.34947109
vt 0.95719147 0.34268308
vt 0.98448563 0.37191904
vt 0.97285044 0.35334420
vt 0.97490728 0.39318681
vt 0.97798538 0.37157464
vt 0.95389903 0.40332913
vt 0.97020304 0.38883781
vt 0.96438372 0.37033164
vt 0.93127990 0.39759469
vt 0.95314860 0.39706218
vt 0.91764295 0.37865925
vt 0.93479896 0.39240575
vt 0.91937387 0.35538423
vt 0.92373156 0.37704503
vt 0.93834329 0.34458566
vt 0.92513025 0.35815930
vt 0.94429803 0.35694957
vt 0.93770289 0.36384892
vt 0.94273627 0.38106263
vt 0.93708170 0.37337315
vt 0.95201755 0.38330865
vt 0.94643211 0.37555361
vt 0.96056485 0.37906647
vt 0.95129657 0.37672281
vt 0.94345760 0.37152874
vt 0.95577204 0.37449527
vt 0.95775795 0.36991584
vt 0.95634961 0.36512101
vt 0.96170270 0.36118901
vt 0.95219040 0.36236227
vt 0.95377278 0.35590494
vt 0.94377541 0.36653638
vt 0.94722331 0.36291647
vt 0.96212041 0.32454586
vt 0.97815669 0.34947109
vt 0.98820424 0.34251404
vt 0.99664533 0.37305689
vt 0.95887947 0.33633959
vt 0.93059444 0.32753301
vt 0.98448563 0.37191904
vt 0.93566346 0.33867121
vt 0.97490728 0.39318681
vt 0.98346591 0.40189397
vt 0.95482027 0.41550720
vt 0.95719147 0.34268308
vt 0.97285044 0.35334420
vt 0.97798538 0.37157464
vt 0.95389903 0.40332913
vt 0.92413330 0.40750766
vt 0.97020304 0.38883781
vt 0.96438372 0.37033164
vt 0.93127990 0.39759469
vt 0.96170270 0.36118901
vt 0.91764295 0.37865925
vt 0.90578520 0.38165760
vt 0.95377278 0.35590494
vt 0.95634961 0.36512101
vt 0.95775795 0.36991584
vt 0.95219040 0.36236227
vt 0.94429803 0.35694957
vt 0.96056485 0.37906647
vt 0.95577204 0.37449527
vt 0.95129657 0.37672281
vt 0.95201755 0.38330865
vt 0.95314860 0.39706218
vt 0.94643211 0.37555361
vt 0.93479896 0.39240575
vt 0.94273627 0.38106263
vt 0.92373156 0.37704503
vt 0.93708170 0.37337315
vt 0.94345760 0.37152874
vt 0.93770289 0.36384892
vt 0.94722331 0.36291647
vt 0.94377541 0.36653638
vt 0.92513025 0.35815930
vt 0.93834329 0.34458566
vt 0.91937387 0.35538423
vt 0.90834844 0.35007644
vt 0.93566346 0.33867121
vt 0.95887947 0.33633959
vt 0.91937387 0.35538423
vt 0.97815669 0.34947109
vt 0.91764295 0.37865925
vt 0.98448563 0.37191904
vt 0.93127990 0.39759469
vt 0.95389903 0.40332913
vt 0.97490728 0.39318681
vt 0.97285044 0.35334420
vt 0.97798538 0.37157464
vt 0.97020304 0.38883781
vt 0.95314860 0.39706218
vt 0.96056485 0.37906647
vt 0.93479896 0.39240575
vt 0.95201755 0.38330865
vt 0.92373156 0.37704503
vt 0.94273627 0.38106263
vt 0.94643211 0.37555361
vt 0.92513025 0.35815930
vt 0.95129657 0.37672281
vt 0.93834329 0.34458566
vt 0.93770289 0.36384892
vt 0.93708170 0.37337315
vt 0.94345760 0.37152874
vt 0.94377541 0.36653638
vt 0.94429803 0.35694957
vt 0.94722331 0.36291647
vt 0.95219040 0.36236227
vt 0.95775795 0.36991584
vt 0.95577204 0.37449527
vt 0.95377278 0.35590494
vt 0.95634961 0.36512101
vt 0.95719147 0.34268308
vt 0.96170270 0.36118901
vt 0.96438372 0.37033164
vt 0.98346591 0.40189397
vt 0.99664533 0.37305689
vt 0.97490728 0.39318681
vt 0.95482027 0.41550720
vt 0.98448563 0.37191904
vt 0.98820424 0.34251404
vt 0.95389903 0.40332913
vt 0.97815669 0.34947109
vt 0.93127990 0.39759469
vt 0.92413330 0.40750766
vt 0.95887947 0.33633959
vt 0.96212041 0.32454586
vt 0.93059444 0.32753301
vt 0.91764295 0.37865925
vt 0.90578520 0.38165760
vt 0.90834844 0.35007644
vt 0.91937387 0.35538423
vt 0.93566346 0.33867121
vt 0.95719147 0.34268308
vt 0.93834329 0.34458566
vt 0.92513025 0.35815930
vt 0.92373156 0.37704503
vt 0.94429803 0.35694957
vt 0.93770289 0.36384892
vt 0.93479896 0.39240575
vt 0.93708170 0.37337315
vt 0.95314860 0.39706218
vt 0.94273627 0.38106263
vt 0.94345760 0.37152874
vt 0.94377541 0.36653638
vt 0.94722331 0.36291647
vt 0.95377278 0.35590494
vt 0.95219040 0.36236227
vt 0.94643211 0.37555361
vt 0.95634961 0.36512101
vt 0.95201755 0.38330865
vt 0.95129657 0.37672281
vt 0.95775795 0.36991584
vt 0.95577204 0.37449527
vt 0.96170270 0.36118901
vt 0.96438372 0.37033164
vt 0.96056485 0.37906647
vt 0.97285044 0.35334420
vt 0.97798538 0.37157464
vt 0.97020304 0.38883781
vt 0.93566346 0.33867121
vt 0.91937387 0.35538423
vt 0.95887947 0.33633959
vt 0.91764295 0.37865925
vt 0.97815669 0.34947109
vt 0.95719147 0.34268308
vt 0.98448563 0.37191904
vt 0.97285044 0.35334420
vt 0.97798538 0.37157464
vt 0.97490728 0.39318681
vt 0.95389903 0.40332913
vt 0.97020304 0.38883781
vt 0.93127990 0.39759469
vt 0.95314860 0.39706218
vt 0.93479896 0.39240575
vt 0.95201755 0.38330865
vt 0.96056485 0.37906647
vt 0.96438372 0.37033164
vt 0.95577204 0.37449527
vt 0.96170270 0.36118901
vt 0.95775795 0.36991584
vt 0.95129657 0.37672281
vt 0.95634961 0.36512101
vt 0.95219040 0.36236227
vt 0.95377278 0.35590494
vt 0.94345760 0.37152874
vt 0.94722331 0.36291647
vt 0.93834329 0.34458566
vt 0.94429803 0.35694957
vt 0.94377541 0.36653638
vt 0.93770289 0.36384892
vt 0.92513025 0.35815930
vt 0.93708170 0.37337315
vt 0.92373156 0.37704503
vt 0.94273627 0.38106263
vt 0.94643211 0.37555361
vt 0.90834844 0.35007644
vt 0.93566346 0.33867121
vt 0.93059444 0.32753301
vt 0.96212041 0.32454586
vt 0.91937387 0.35538423
vt 0.90578520 0.38165760
vt 0.95887947 0.33633959
vt 0.91764295 0.37865925
vt 0.97815669 0.34947109
vt 0.98820424 0.34251404
vt 0.95719147 0.34268308
vt 0.93834329 0.34458566
vt 0.98448563 0.37191904
vt 0.99664533 0.37305689
vt 0.98346591 0.40189397
vt 0.97285044 0.35334420
vt 0.97490728 0.39318681
vt 0.97798538 0.37157464
vt 0.95377278 0.35590494
vt 0.95389903 0.40332913
vt 0.95482027 0.41550720
vt 0.92413330 0.40750766
vt 0.96170270 0.36118901
vt 0.93127990 0.39759469
vt 0.93479896 0.39240575
vt 0.95314860 0.39706218
vt 0.97020304 0.38883781
vt 0.92373156 0.37704503
vt 0.94273627 0.38106263
vt 0.92513025 0.35815930
vt 0.93708170 0.37337315
vt 0.93770289 0.36384892
vt 0.94429803 0.35694957
vt 0.94722331 0.36291647
vt 0.95219040 0.36236227
vt 0.94377541 0.36653638
vt 0.94345760 0.37152874
vt 0.95634961 0.36512101
vt 0.95775795 0.36991584
vt 0.96438372 0.37033164
vt 0.96056485 0.37906647
vt 0.95577204 0.37449527
vt 0.95201755 0.38330865
vt 0.95129657 0.37672281
vt 0.94643211 0.37555361
vt 0.95887947 0.33633959
vt 0.97815669 0.34947109
vt 0.93566346 0.33867121
vt 0.98448563 0.37191904
vt 0.97285044 0.35334420
vt 0.95719147 0.34268308
vt 0.91937387 0.35538423
vt 0.93834329 0.34458566
vt 0.91764295 0.37865925
vt 0.92513025 0.35815930
vt 0.93127990 0.39759469
vt 0.92373156 0.37704503
vt 0.93479896 0.39240575
vt 0.95389903 0.40332913
vt 0.94273627 0.38106263
vt 0.95314860 0.39706218
vt 0.97490728 0.39318681
vt 0.97798538 0.37157464
vt 0.97020304 0.38883781
vt 0.96056485 0.37906647
vt 0.95201755 0.38330865
vt 0.96438372 0.37033164
vt 0.94643211 0.37555361
vt 0.96170270 0.36118901
vt 0.95129657 0.37672281
vt 0.93708170 0.37337315
vt 0.94345760 0.37152874
vt 0.93770289 0.36384892
vt 0.95577204 0.37449527
vt 0.95775795 0.36991584
vt 0.95634961 0.36512101
vt 0.95219040 0.36236227
vt 0.95377278 0.35590494
vt 0.94377541 0.36653638
vt 0.94429803 0.35694957
vt 0.94722331 0.36291647
vt 0.90834844 0.35007644
vt 0.93566346 0.33867121
vt 0.93059444 0.32753301
vt 0.96212041 0.32454586
vt 0.91937387 0.35538423
vt 0.90578520 0.38165760
vt 0.95887947 0.33633959
vt 0.91764295 0.37865925
vt 0.97815669 0.34947109
vt 0.98820424 0.34251404
vt 0.95719147 0.34268308
vt 0.93834329 0.34458566
vt 0.92513025 0.35815930
vt 0.94429803 0.35694957
vt 0.97285044 0.35334420
vt 0.98448563 0.37191904
vt 0.99664533 0.37305689
vt 0.98346591 0.40189397
vt 0.95377278 0.35590494
vt 0.97490728 0.39318681
vt 0.97798538 0.37157464
vt 0.96170270 0.36118901
vt 0.95389903 0.40332913
vt 0.95482027 0.41550720
vt 0.92413330 0.40750766
vt 0.97020304 0.38883781
vt 0.93127990 0.39759469
vt 0.95314860 0.39706218
vt 0.92373156 0.37704503
vt 0.93479896 0.39240575
vt 0.93770289 0.36384892
vt 0.93708170 0.37337315
vt 0.94273627 0.38106263
vt 0.94345760 0.37152874
vt 0.94377541 0.36653638
vt 0.94722331 0.36291647
vt 0.95219040 0.36236227
vt 0.95634961 0.36512101
vt 0.95775795 0.36991584
vt 0.96438372 0.37033164
vt 0.96056485 0.37906647
vt 0.95577204 0.37449527
vt 0.95201755 0.38330865
vt 0.95129657 0.37672281
vt 0.94643211 0.37555361
vt 0.95887947 0.33633959
vt 0.97815669 0.34947109
vt 0.93566346 0.33867121
vt 0.98448563 0.37191904
vt 0.91937387 0.35538423
vt 0.97490728 0.39318681
vt 0.97798538 0.37157464
vt 0.97285044 0.35334420
vt 0.95389903 0.40332913
vt 0.97020304 0.38883781
vt 0.93127990 0.39759469
vt 0.95314860 0.39706218
vt 0.91764295 0.37865925
vt 0.93479896 0.39240575
vt 0.95201755 0.38330865
vt 0.92373156 0.37704503
vt 0.92513025 0.35815930
vt 0.94273627 0.38106263
vt 0.93834329 0.34458566
vt 0.93770289 0.36384892
vt 0.93708170 0.37337315
vt 0.95719147 0.34268308
vt 0.94429803 0.35694957
vt 0.94345760 0.37152874
vt 0.94377541 0.36653638
vt 0.94722331 0.36291647
vt 0.95219040 0.36236227
vt 0.95377278 0.35590494
vt 0.96170270 0.36118901
vt 0.95634961 0.36512101
vt 0.96438372 0.37033164
vt 0.95775795 0.36991584
vt 0.96056485 0.37906647
vt 0.95577204 0.37449527
vt 0.95129657 0.37672281
vt 0.94643211 0.37555361
vt 0.98820424 0.34251404
vt 0.98448563 0.37191904
vt 0.99664533 0.37305689
vt 0.98346591 0.40189397
vt 0.97815669 0.34947109
vt 0.96212041 0.32454586
vt 0.97490728 0.39318681
vt 0.95887947 0.33633959
vt 0.95389903 0.40332913
vt 0.95482027 0.41550720
vt 0.92413330 0.40750766
vt 0.93566346 0.33867121
vt 0.93059444 0.32753301
vt 0.90834844 0.35007644
vt 0.93127990 0.39759469
vt 0.90578520 0.38165760
vt 0.91764295 0.37865925
vt 0.91937387 0.35538423
vt 0.92373156 0.37704503
vt 0.93479896 0.39240575
vt 0.93834329 0.34458566
vt 0.92513025 0.35815930
vt 0.93770289 0.36384892
vt 0.93708170 0.37337315
vt 0.95314860 0.39706218
vt 0.94273627 0.38106263
vt 0.94643211 0.37555361
vt 0.95201755 0.38330865
vt 0.97020304 0.38883781
vt 0.94345760 0.37152874
vt 0.95129657 0.37672281
vt 0.96056485 0.37906647
vt 0.97798538 0.37157464
vt 0.95577204 0.37449527
vt 0.97285044 0.35334420
vt 0.95775795 0.36991584
vt 0.96438372 0.37033164
vt 0.96170270 0.36118901
vt 0.95719147 0.34268308
vt 0.95634961 0.36512101
vt 0.95377278 0.35590494
vt 0.94429803 0.35694957
vt 0.95219040 0.36236227
vt 0.94722331 0.36291647
vt 0.94377541 0.36653638
vt 0.95887947 0.33633959
vt 0.97815669 0.34947109
vt 0.93566346 0.33867121
vt 0.98448563 0.37191904
vt 0.97285044 0.35334420
vt 0.95719147 0.34268308
vt 0.91937387 0.35538423
vt 0.93834329 0.34458566
vt 0.91764295 0.37865925
vt 0.92513025 0.35815930
vt 0.93127990 0.39759469
vt 0.92373156 0.37704503
vt 0.93479896 0.39240575
vt 0.95389903 0.40332913
vt 0.94273627 0.38106263
vt 0.95314860 0.39706218
vt 0.97490728 0.39318681
vt 0.97798538 0.37157464
vt 0.97020304 0.38883781
vt 0.96056485 0.37906647
vt 0.95201755 0.38330865
vt 0.96438372 0.37033164
vt 0.94643211 0.37555361
vt 0.96170270 0.36118901
vt 0.95129657 0.37672281
vt 0.93708170 0.37337315
vt 0.94345760 0.37152874
vt 0.93770289 0.36384892
vt 0.95577204 0.37449527
vt 0.95775795 0.36991584
vt 0.95634961 0.36512101
vt 0.95219040 0.36236227
vt 0.95377278 0.35590494
vt 0.94377541 0.36653638
vt 0.94429803 0.35694957
vt 0.94722331 0.36291647
vt 0.98820424 0.34251404
vt 0.98448563 0.37191904
vt 0.99664533 0.37305689
vt 0.98346591 0.40189397
vt 0.97815669 0.34947109
vt 0.96212041 0.32454586
vt 0.97490728 0.39318681
vt 0.95887947 0.33633959
vt 0.97285044 0.35334420
vt 0.93566346 0.33867121
vt 0.93059444 0.32753301
vt 0.90834844 0.35007644
vt 0.95719147 0.34268308
vt 0.91937387 0.35538423
vt 0.93834329 0.34458566
vt 0.91764295 0.37865925
vt 0.90578520 0.38165760
vt 0.92513025 0.35815930
vt 0.95377278 0.35590494
vt 0.93127990 0.39759469
vt 0.92413330 0.40750766
vt 0.92373156 0.37704503
vt 0.95389903 0.40332913
vt 0.95482027 0.41550720
vt 0.93479896 0.39240575
vt 0.93708170 0.37337315
vt 0.95314860 0.39706218
vt 0.97020304 0.38883781
vt 0.97798538 0.37157464
vt 0.96056485 0.37906647
vt 0.94273627 0.38106263
vt 0.95201755 0.38330865
vt 0.96438372 0.37033164
vt 0.96170270 0.36118901
vt 0.95577204 0.37449527
vt 0.95775795 0.36991584
vt 0.95129657 0.37672281
vt 0.94643211 0.37555361
vt 0.94345760 0.37152874
vt 0.95634961 0.36512101
vt 0.95219040 0.36236227
vt 0.94722331 0.36291647
vt 0.94429803 0.35694957
vt 0.94377541 0.36653638
vt 0.93770289 0.36384892
vt 0.95887947 0.33633959
vt 0.97815669 0.34947109
vt 0.93566346 0.33867121
vt 0.98448563 0.37191904
vt 0.91937387 0.35538423
vt 0.97490728 0.39318681
vt 0.91764295 0.37865925
vt 0.93127990 0.39759469
vt 0.95389903 0.40332913
vt 0.92373156 0.37704503
vt 0.97020304 0.38883781
vt 0.95314860 0.39706218
vt 0.93479896 0.39240575
vt 0.95201755 0.38330865
vt 0.97798538 0.37157464
vt 0.96056485 0.37906647
vt 0.97285044 0.35334420
vt 0.96438372 0.37033164
vt 0.95719147 0.34268308
vt 0.96170270 0.36118901
vt 0.93834329 0.34458566
vt 0.95634961 0.36512101
vt 0.92513025 0.35815930
vt 0.94429803 0.35694957
vt 0.95377278 0.35590494
vt 0.93770289 0.36384892
vt 0.95219040 0.36236227
vt 0.93708170 0.37337315
vt 0.94377541 0.36653638
vt 0.94722331 0.36291647
vt 0.94345760 0.37152874
vt 0.95775795 0.36991584
vt 0.95577204 0.37449527
vt 0.95129657 0.37672281
vt 0.94643211 0.37555361
vt 0.94273627 0.38106263
vt 0.93059444 0.32753301
vt 0.95887947 0.33633959
vt 0.96212041 0.32454586
vt 0.98820424 0.34251404
vt 0.93566346 0.33867121
vt 0.90834844 0.35007644
vt 0.97815669 0.34947109
vt 0.91937387 0.35538423
vt 0.93834329 0.34458566
vt 0.91764295 0.37865925
vt 0.90578520 0.38165760
vt 0.92413330 0.40750766
vt 0.92513025 0.35815930
vt 0.95719147 0.34268308
vt 0.94429803 0.35694957
vt 0.92373156 0.37704503
vt 0.97285044 0.35334420
vt 0.93479896 0.39240575
vt 0.93127990 0.39759469
vt 0.95482027 0.41550720
vt 0.93708170 0.37337315
vt 0.95389903 0.40332913
vt 0.93770289 0.36384892
vt 0.97490728 0.39318681
vt 0.98346591 0.40189397
vt 0.95314860 0.39706218
vt 0.98448563 0.37191904
vt 0.99664533 0.37305689
vt 0.97020304 0.38883781
vt 0.97798538 0.37157464
vt 0.95201755 0.38330865
vt 0.96056485 0.37906647
vt 0.96170270 0.36118901
vt 0.96438372 0.37033164
vt 0.95577204 0.37449527
vt 0.95775795 0.36991584
vt 0.95129657 0.37672281
vt 0.94273627 0.38106263
vt 0.94643211 0.37555361
vt 0.94345760 0.37152874
vt 0.94377541 0.36653638
vt 0.95634961 0.36512101
vt 0.95219040 0.36236227
vt 0.94722331 0.36291647
vt 0.95377278 0.35590494
vt 0.91937387 0.35538423
vt 0.93566346 0.33867121
vt 0.91764295 0.37865925
vt 0.95887947 0.33633959
vt 0.93834329 0.34458566
vt 0.97815669 0.34947109
vt 0.95719147 0.34268308
vt 0.98448563 0.37191904
vt 0.97285044 0.35334420
vt 0.97490728 0.39318681
vt 0.97798538 0.37157464
vt 0.95389903 0.40332913
vt 0.97020304 0.38883781
vt 0.93127990 0.39759469
vt 0.95314860 0.39706218
vt 0.93479896 0.39240575
vt 0.92373156 0.37704503
vt 0.96056485 0.37906647
vt 0.92513025 0.35815930
vt 0.93708170 0.37337315
vt 0.94273627 0.38106263
vt 0.95201755 0.38330865
vt 0.95129657 0.37672281
vt 0.94643211 0.37555361
vt 0.95577204 0.37449527
vt 0.95775795 0.36991584
vt 0.96438372 0.37033164
vt 0.96170270 0.36118901
vt 0.94345760 0.37152874
vt 0.95634961 0.36512101
vt 0.95377278 0.35590494
vt 0.95219040 0.36236227
vt 0.94377541 0.36653638
vt 0.94722331 0.36291647
vt 0.94429803 0.35694957
vt 0.93770289 0.36384892
vt 0.93059444 0.32753301
vt 0.95887947 0.33633959
vt 0.96212041 0.32454586
vt 0.98820424 0.34251404
vt 0.93566346 0.33867121
vt 0.90834844 0.35007644
vt 0.97815669 0.34947109
vt 0.91937387 0.35538423
vt 0.93834329 0.34458566
vt 0.91764295 0.37865925
vt 0.90578520 0.38165760
vt 0.92413330 0.40750766
vt 0.92513025 0.35815930
vt 0.95719147 0.34268308
vt 0.94429803 0.35694957
vt 0.92373156 0.37704503
vt 0.97285044 0.35334420
vt 0.93479896 0.39240575
vt 0.93127990 0.39759469
vt 0.95482027 0.41550720
vt 0.93708170 0.37337315
vt 0.95389903 0.40332913
vt 0.93770289 0.36384892
vt 0.97490728 0.39318681
vt 0.98346591 0.40189397
vt 0.95314860 0.39706218
vt 0.98448563 0.37191904
vt 0.99664533 0.37305689
vt 0.97020304 0.38883781
vt 0.97798538 0.37157464
vt 0.95201755 0.38330865
vt 0.96056485 0.37906647
vt 0.96170270 0.36118901
vt 0.96438372 0.37033164
vt 0.95577204 0.37449527
vt 0.95775795 0.36991584
vt 0.95129657 0.37672281
vt 0.94273627 0.38106263
vt 0.94643211 0.37555361
vt 0.94345760 0.37152874
vt 0.94377541 0.36653638
vt 0.95634961 0.36512101
vt 0.95219040 0.36236227
vt 0.94722331 0.36291647
vt 0.95377278 0.35590494
vt 0.91937387 0.35538423
vt 0.93566346 0.33867121
vt 0.91764295 0.37865925
vt 0.95887947 0.33633959
vt 0.93834329 0.34458566
vt 0.97815669 0.34947109
vt 0.95719147 0.34268308
vt 0.98448563 0.37191904
vt 0.97285044 0.35334420
vt 0.97490728 0.39318681
vt 0.97798538 0.37157464
vt 0.95389903 0.40332913
vt 0.97020304 0.38883781
vt 0.93127990 0.39759469
vt 0.95314860 0.39706218
vt 0.93479896 0.39240575
vt 0.92373156 0.37704503
vt 0.96056485 0.37906647
vt 0.92513025 0.35815930
vt 0.93708170 0.37337315
vt 0.94273627 0.38106263
vt 0.95201755 0.38330865
vt 0.95129657 0.37672281
vt 0.94643211 0.37555361
vt 0.95577204 0.37449527
vt 0.95775795 0.36991584
vt 0.96438372 0.37033164
vt 0.96170270 0.36118901
vt 0.94345760 0.37152874
vt 0.95634961 0.36512101
vt 0.95377278 0.35590494
vt 0.95219040 0.36236227
vt 0.94377541 0.36653638
vt 0.94722331 0.36291647
vt 0.94429803 0.35694957
vt 0.93770289 0.36384892
f 1/1 2/2 3/3
f 18/18 19/19 43/43
f 43/43 24/24 18/18
f 43/43 42/42 36/36
f 24/24 43/43 36/36
f 37/37 35/35 33/33
f 24/24 36/36 33/33
f 31/31 33/33 35/35
f 33/33 30/30 24/24
f 33/33 31/31 30/30
f 28/28 30/30 31/31
f 25/25 24/24 30/30
f 30/30 28/28 25/25
f 27/27 25/25 28/28
f 25/25 27/27 23/23
f 24/24 25/25 21/21
f 23/23 21/21 25/25
f 57/57 54/54 50/50
f 50/50 46/46 57/57
f 52/52 54/54 56/56
f 54/54 52/52 50/50
f 13/13 24/24 21/21
f 24/24 13/13 18/18
f 21/21 23/23 16/16
f 16/16 13/13 21/21
f 37/37 49/49 41/41
f 37/37 46/46 49/49
f 47/47 44/44 48/48
f 43/43 47/47 46/46
f 44/44 47/47 43/43
f 43/43 46/46 42/42
f 46/46 37/37 42/42
f 43/43 19/19 44/44
f 67/67 64/64 69/69
f 65/65 67/67 68/68
f 66/66 65/65 68/68
f 65/65 64/64 67/67
f 33/33 42/42 37/37
f 42/42 33/33 36/36
f 37/37 41/41 38/38
f 35/35 37/37 38/38
f 64/64 57/57 53/53
f 57/57 64/64 63/63
f 63/63 60/60 54/54
f 54/54 57/57 63/63
f 60/60 61/61 59/59
f 59/59 54/54 60/60
f 54/54 59/59 56/56
f 46/46 53/53 57/57
f 77/77 76/76 75/75
f 76/76 77/77 74/74
f 73/73 75/75 76/76
f 74/74 73/73 76/76
f 46/46 47/47 53/53
f 41/41 50/50 52/52
f 46/46 50/50 49/49
f 50/50 41/41 49/49
f 73/73 47/47 48/48
f 47/47 73/73 53/53
f 53/53 73/73 71/71
f 67/67 69/69 72/72
f 72/72 70/70 67/67
f 69/69 53/53 71/71
f 67/67 70/70 68/68
f 53/53 69/69 64/64
f 77/77 86/86 80/80
f 83/83 85/85 70/70
f 81/81 80/80 84/84
f 83/83 82/82 84/84
f 65/65 66/66 60/60
f 61/61 60/60 66/66
f 64/64 65/65 63/63
f 60/60 63/63 65/65
f 82/82 72/72 79/79
f 80/80 81/81 78/78
f 78/78 81/81 79/79
f 78/78 77/77 80/80
f 72/72 69/69 79/79
f 79/79 69/69 78/78
f 77/77 78/78 74/74
f 69/69 74/74 78/78
f 92/92 86/86 91/91
f 91/91 11/11 10/10
f 91/91 14/14 11/11
f 86/86 90/90 91/91
f 48/48 45/45 75/75
f 75/75 73/73 48/48
f 73/73 74/74 71/71
f 74/74 69/69 71/71
f 45/45 20/20 89/89
f 89/89 86/86 88/88
f 45/45 89/89 88/88
f 75/75 45/45 88/88
f 86/86 75/75 88/88
f 84/84 87/87 83/83
f 85/85 83/83 87/87
f 75/75 86/86 77/77
f 95/95 4/4 17/17
f 70/70 95/95 68/68
f 95/95 70/70 85/85
f 4/4 95/95 85/85
f 81/81 84/84 82/82
f 70/70 72/72 83/83
f 82/82 83/83 72/72
f 82/82 79/79 81/81
f 84/84 92/92 94/94
f 92/92 93/93 94/94
f 7/7 94/94 93/93
f 93/93 10/10 7/7
f 93/93 92/92 91/91
f 93/93 91/91 10/10
f 92/92 84/84 80/80
f 80/80 86/86 92/92
f 51/51 55/55 99/99
f 58/58 99/99 55/55
f 99/99 58/58 61/61
f 61/61 98/98 99/99
f 91/91 90/90 14/14
f 89/89 14/14 90/90
f 86/86 89/89 90/90
f 14/14 89/89 20/20
f 97/97 22/22 26/26
f 66/66 97/97 62/62
f 22/22 97/97 96/96
f 66/66 96/96 97/97
f 96/96 17/17 22/22
f 66/66 95/95 96/96
f 17/17 96/96 95/95
f 95/95 66/66 68/68
f 87/87 4/4 85/85
f 87/87 6/6 4/4
f 6/6 87/87 94/94
f 87/87 84/84 94/94
f 34/34 39/39 101/101
f 51/51 101/101 40/40
f 34/34 101/101 100/100
f 99/99 100/100 101/101
f 101/101 51/51 99/99
f 32/32 34/34 100/100
f 100/100 99/99 98/98
f 98/98 32/32 100/100
f 32/32 98/98 29/29
f 98/98 61/61 97/97
f 98/98 26/26 29/29
f 26/26 98/98 97/97
f 101/101 39/39 40/40
f 18/18 15/15 19/19
f 13/13 15/15 18/18
f 13/13 16/16 5/5
f 15/15 13/13 12/12
f 13/13 5/5 12/12
f 5/5 9/9 12/12
f 5/5 8/8 9/9
f 138/138 224/224 225/225
f 157/157 225/225 224/224
f 225/225 143/143 138/138
f 225/225 157/157 154/154
f 144/144 143/143 152/152
f 221/221 222/222 209/209
f 220/220 222/222 221/221
f 222/222 104/104 209/209
f 104/104 222/222 107/107
f 223/223 111/111 108/108
f 111/111 223/223 124/124
f 124/124 223/223 137/137
f 223/223 219/219 137/137
f 137/137 219/219 196/196
f 137/137 196/196 224/224
f 224/224 138/138 137/137
f 224/224 196/196 157/157
f 215/215 213/213 214/214
f 216/216 214/214 205/205
f 216/216 205/205 201/201
f 193/193 216/216 201/201
f 154/154 226/226 225/225
f 143/143 225/225 226/226
f 154/154 152/152 226/226
f 143/143 226/226 152/152
f 130/130 133/133 132/132
f 134/134 131/131 129/129
f 135/135 129/129 120/120
f 123/123 135/135 120/120
f 129/129 135/135 134/134
f 135/135 123/123 136/136
f 139/139 135/135 136/136
f 131/131 134/134 140/140
f 102/102 105/105 106/106
f 102/102 106/106 109/109
f 110/110 102/102 109/109
f 134/134 135/135 146/146
f 141/141 145/145 147/147
f 141/141 148/148 135/135
f 135/135 148/148 146/146
f 115/115 117/117 118/118
f 110/110 120/120 116/116
f 120/120 117/117 116/116
f 117/117 122/122 118/118
f 120/120 110/110 123/123
f 117/117 125/125 122/122
f 120/120 125/125 117/117
f 126/126 122/122 125/125
f 131/131 130/130 126/126
f 131/131 125/125 129/129
f 132/132 128/128 130/130
f 130/130 131/131 133/133
f 102/102 110/110 113/113
f 110/110 115/115 113/113
f 115/115 110/110 116/116
f 117/117 115/115 116/116
f 149/149 141/141 147/147
f 148/148 141/141 149/149
f 145/145 150/150 147/147
f 149/149 147/147 150/150
f 150/150 145/145 151/151
f 149/149 150/150 153/153
f 151/151 153/153 150/150
f 153/153 148/148 149/149
f 128/128 122/122 126/126
f 125/125 120/120 129/129
f 128/128 126/126 130/130
f 125/125 131/131 126/126
f 159/159 156/156 158/158
f 148/148 156/156 161/161
f 156/156 159/159 161/161
f 146/146 148/148 161/161
f 161/161 159/159 162/162
f 162/162 146/146 161/161
f 164/164 162/162 159/159
f 146/146 162/162 165/165
f 165/165 134/134 146/146
f 140/140 134/134 165/165
f 162/162 164/164 166/166
f 166/166 165/165 162/162
f 140/140 133/133 131/131
f 139/139 141/141 135/135
f 141/141 139/139 142/142
f 145/145 141/141 142/142
f 164/164 169/169 166/166
f 169/169 164/164 171/171
f 166/166 172/172 167/167
f 172/172 166/166 169/169
f 173/173 168/168 167/167
f 167/167 172/172 173/173
f 174/174 133/133 168/168
f 173/173 174/174 168/168
f 174/174 132/132 133/133
f 175/175 173/173 172/172
f 175/175 174/174 173/173
f 172/172 169/169 176/176
f 155/155 153/153 151/151
f 155/155 156/156 153/153
f 148/148 153/153 156/156
f 156/156 155/155 158/158
f 177/177 179/179 180/180
f 180/180 176/176 177/177
f 180/180 179/179 181/181
f 176/176 180/180 183/183
f 176/176 183/183 175/175
f 180/180 181/181 184/184
f 183/183 180/180 184/184
f 185/185 184/184 181/181
f 186/186 183/183 184/184
f 184/184 185/185 186/186
f 183/183 186/186 187/187
f 185/185 187/187 186/186
f 167/167 140/140 165/165
f 165/165 166/166 167/167
f 140/140 167/167 168/168
f 133/133 140/140 168/168
f 189/189 187/187 188/188
f 188/188 182/182 190/190
f 178/178 190/190 182/182
f 188/188 190/190 191/191
f 190/190 178/178 191/191
f 188/188 191/191 189/189
f 170/170 191/191 178/178
f 192/192 189/189 191/191
f 191/191 170/170 192/192
f 189/189 192/192 193/193
f 175/175 189/189 193/193
f 170/170 194/194 192/192
f 175/175 172/172 176/176
f 169/169 171/171 177/177
f 176/176 169/169 177/177
f 179/179 177/177 171/171
f 174/174 175/175 195/195
f 195/195 132/132 174/174
f 194/194 160/160 196/196
f 196/196 160/160 157/157
f 132/132 195/195 197/197
f 197/197 127/127 132/132
f 197/197 195/195 198/198
f 127/127 197/197 199/199
f 198/198 199/199 197/197
f 200/200 127/127 199/199
f 199/199 198/198 200/200
f 195/195 201/201 198/198
f 183/183 187/187 175/175
f 188/188 187/187 185/185
f 185/185 182/182 188/188
f 187/187 189/189 175/175
f 200/200 202/202 204/204
f 203/203 200/200 204/204
f 201/201 205/205 202/202
f 206/206 127/127 203/203
f 127/127 206/206 121/121
f 121/121 114/114 119/119
f 114/114 121/121 206/206
f 206/206 112/112 114/114
f 207/207 112/112 206/206
f 112/112 207/207 103/103
f 207/207 104/104 103/103
f 208/208 206/206 203/203
f 194/194 193/193 192/192
f 194/194 170/170 163/163
f 160/160 194/194 163/163
f 193/193 195/195 175/175
f 210/210 204/204 202/202
f 210/210 208/208 204/204
f 205/205 210/210 202/202
f 210/210 211/211 208/208
f 212/212 210/210 205/205
f 210/210 212/212 211/211
f 208/208 211/211 213/213
f 213/213 209/209 208/208
f 214/214 211/211 212/212
f 213/213 211/211 214/214
f 205/205 214/214 212/212
f 215/215 209/209 213/213
f 195/195 193/193 201/201
f 202/202 200/200 198/198
f 201/201 202/202 198/198
f 127/127 200/200 203/203
f 217/217 214/214 216/216
f 214/214 217/217 215/215
f 218/218 216/216 193/193
f 218/218 217/217 216/216
f 193/193 194/194 218/218
f 194/194 219/219 218/218
f 217/217 218/218 219/219
f 219/219 194/194 196/196
f 220/220 215/215 217/217
f 219/219 220/220 217/217
f 215/215 220/220 221/221
f 209/209 215/215 221/221
f 206/206 208/208 207/207
f 208/208 203/203 204/204
f 207/207 209/209 104/104
f 207/207 208/208 209/209
f 222/222 108/108 107/107
f 223/223 222/222 220/220
f 222/222 223/223 108/108
f 219/219 223/223 220/220
f 235/235 239/239 237/237
f 235/235 241/241 239/239
f 235/235 242/242 241/241
f 245/245 249/249 247/247
f 244/244 250/250 242/242
f 250/250 244/244 252/252
f 254/254 250/250 252/252
f 271/271 276/276 274/274
f 273/273 275/275 277/277
f 261/261 274/274 278/278
f 278/278 259/259 261/261
f 279/279 277/277 275/275
f 261/261 258/258 260/260
f 257/257 255/255 262/262
f 262/262 260/260 257/257
f 263/263 262/262 255/255
f 281/281 289/289 292/292
f 292/292 276/276 281/281
f 289/289 290/290 293/293
f 292/292 289/289 293/293
f 294/294 293/293 290/290
f 270/270 269/269 266/266
f 264/264 267/267 271/271
f 271/271 261/261 264/264
f 272/272 267/267 269/269
f 272/272 271/271 267/267
f 269/269 273/273 272/272
f 274/274 261/261 271/271
f 275/275 273/273 269/269
f 269/269 270/270 275/275
f 276/276 271/271 272/272
f 273/273 276/276 272/272
f 300/300 297/297 299/299
f 299/299 286/286 300/300
f 297/297 300/300 298/298
f 283/283 300/300 286/286
f 301/301 298/298 300/300
f 270/270 279/279 275/275
f 273/273 277/277 281/281
f 276/276 273/273 281/281
f 279/279 282/282 277/277
f 281/281 277/277 282/282
f 282/282 279/279 284/284
f 285/285 282/282 284/284
f 279/279 270/270 287/287
f 282/282 285/285 289/289
f 289/289 281/281 282/282
f 290/290 289/289 285/285
f 302/302 306/306 305/305
f 274/274 305/305 307/307
f 278/278 274/274 307/307
f 306/306 308/308 305/305
f 307/307 309/309 278/278
f 295/295 292/292 293/293
f 293/293 294/294 295/295
f 292/292 295/295 296/296
f 294/294 296/296 295/295
f 276/276 292/292 296/296
f 297/297 296/296 294/294
f 296/296 298/298 276/276
f 298/298 296/296 297/297
f 294/294 299/299 297/297
f 299/299 294/294 291/291
f 286/286 299/299 291/291
f 315/315 313/313 312/312
f 314/314 315/315 312/312
f 316/316 259/259 313/313
f 315/315 316/316 313/313
f 259/259 316/316 248/248
f 300/300 283/283 301/301
f 276/276 298/298 302/302
f 298/298 301/301 302/302
f 283/283 303/303 301/301
f 303/303 283/283 280/280
f 280/280 288/288 303/303
f 304/304 302/302 301/301
f 301/301 303/303 304/304
f 302/302 305/305 276/276
f 305/305 274/274 276/276
f 304/304 306/306 302/302
f 319/319 233/233 232/232
f 233/233 243/243 236/236
f 243/243 233/233 320/320
f 319/319 320/320 233/233
f 243/243 320/320 251/251
f 259/259 278/278 309/309
f 305/305 310/310 307/307
f 305/305 308/308 310/310
f 309/309 307/307 311/311
f 311/311 259/259 309/309
f 312/312 307/307 310/310
f 312/312 311/311 307/307
f 259/259 311/311 313/313
f 313/313 311/311 312/312
f 314/314 312/312 310/310
f 314/314 310/310 308/308
f 326/326 327/327 324/324
f 327/327 325/325 323/323
f 314/314 328/328 326/326
f 327/327 326/326 328/328
f 328/328 314/314 308/308
f 248/248 316/316 246/246
f 246/246 316/316 240/240
f 316/316 238/238 240/240
f 316/316 317/317 238/238
f 316/316 315/315 317/317
f 238/238 317/317 228/228
f 317/317 229/229 228/228
f 317/317 318/318 229/229
f 317/317 315/315 318/318
f 319/319 229/229 318/318
f 229/229 319/319 232/232
f 303/303 288/288 330/330
f 251/251 330/330 331/331
f 288/288 331/331 330/330
f 331/331 253/253 251/251
f 331/331 288/288 332/332
f 321/321 319/319 318/318
f 320/320 319/319 322/322
f 322/322 319/319 321/321
f 318/318 323/323 321/321
f 323/323 322/322 321/321
f 323/323 318/318 324/324
f 324/324 318/318 315/315
f 322/322 323/323 325/325
f 315/315 326/326 324/324
f 314/314 326/326 315/315
f 323/323 324/324 327/327
f 308/308 327/327 328/328
f 306/306 327/327 308/308
f 325/325 327/327 306/306
f 304/304 325/325 306/306
f 325/325 304/304 329/329
f 329/329 322/322 325/325
f 329/329 320/320 322/322
f 303/303 329/329 304/304
f 320/320 329/329 251/251
f 329/329 303/303 330/330
f 251/251 329/329 330/330
f 270/270 268/268 344/344
f 344/344 287/287 270/270
f 268/268 345/345 344/344
f 345/345 346/346 344/344
f 268/268 250/250 345/345
f 345/345 348/348 349/349
f 340/340 347/347 350/350
f 349/349 350/350 347/347
f 346/346 287/287 344/344
f 287/287 346/346 333/333
f 346/346 338/338 333/333
f 338/338 346/346 347/347
f 345/345 347/347 346/346
f 338/338 347/347 340/340
f 348/348 345/345 250/250
f 253/253 331/331 334/334
f 332/332 334/334 331/331
f 334/334 336/336 253/253
f 334/334 332/332 337/337
f 337/337 339/339 334/334
f 336/336 334/334 339/339
f 337/337 341/341 339/339
f 341/341 336/336 339/339
f 341/341 342/342 336/336
f 254/254 348/348 250/250
f 348/348 254/254 335/335
f 351/351 349/349 348/348
f 348/348 335/335 351/351
f 343/343 350/350 351/351
f 255/255 245/245 242/242
f 250/250 255/255 242/242
f 245/245 256/256 249/249
f 245/245 255/255 256/256
f 257/257 249/249 256/256
f 255/255 257/257 256/256
f 257/257 258/258 249/249
f 258/258 257/257 260/260
f 350/350 343/343 340/340
f 349/349 351/351 350/350
f 351/351 335/335 343/343
f 347/347 345/345 349/349
f 227/227 230/230 231/231
f 234/234 227/227 231/231
f 235/235 227/227 234/234
f 227/227 235/235 237/237
f 255/255 250/250 263/263
f 260/260 262/262 264/264
f 260/260 264/264 261/261
f 262/262 263/263 265/265
f 265/265 264/264 262/262
f 265/265 263/263 266/266
f 264/264 265/265 267/267
f 268/268 266/266 263/263
f 250/250 268/268 263/263
f 269/269 265/265 266/266
f 265/265 269/269 267/267
f 268/268 270/270 266/266
f 242/242 235/235 244/244
f 245/245 239/239 241/241
f 242/242 245/245 241/241
f 239/239 245/245 247/247
f 390/390 388/388 392/392
f 375/375 391/391 388/388
f 390/390 389/389 385/385
f 385/385 388/388 390/390
f 387/387 386/386 389/389
f 386/386 385/385 389/389
f 380/380 375/375 388/388
f 388/388 385/385 380/380
f 387/387 384/384 386/386
f 385/385 386/386 382/382
f 384/384 382/382 386/386
f 404/404 402/402 400/400
f 391/391 403/403 392/392
f 401/401 392/392 403/403
f 383/383 400/400 402/402
f 392/392 401/401 394/394
f 401/401 397/397 394/394
f 400/400 383/383 387/387
f 387/387 398/398 400/400
f 397/397 399/399 395/395
f 396/396 399/399 398/398
f 399/399 396/396 395/395
f 398/398 387/387 396/396
f 395/395 394/394 397/397
f 396/396 387/387 389/389
f 389/389 395/395 396/396
f 395/395 393/393 394/394
f 409/409 411/411 363/363
f 410/410 409/409 406/406
f 410/410 406/406 407/407
f 409/409 363/363 364/364
f 364/364 374/374 409/409
f 374/374 364/364 371/371
f 383/383 409/409 374/374
f 409/409 383/383 406/406
f 407/407 405/405 408/408
f 398/398 408/408 405/405
f 406/406 404/404 407/407
f 407/407 404/404 405/405
f 383/383 404/404 406/406
f 400/400 398/398 405/405
f 404/404 400/400 405/405
f 404/404 383/383 402/402
f 412/412 417/417 415/415
f 416/416 413/413 415/415
f 414/414 413/413 416/416
f 415/415 413/413 412/412
f 369/369 414/414 377/377
f 413/413 414/414 359/359
f 369/369 359/359 414/414
f 359/359 369/369 360/360
f 413/413 359/359 356/356
f 355/355 413/413 356/356
f 413/413 355/355 412/412
f 411/411 410/410 412/412
f 411/411 412/412 355/355
f 411/411 355/355 352/352
f 363/363 411/411 352/352
f 409/409 410/410 411/411
f 422/422 420/420 424/424
f 423/423 424/424 420/420
f 408/408 423/423 407/407
f 410/410 407/407 423/423
f 423/423 420/420 410/410
f 420/420 422/422 418/418
f 422/422 419/419 417/417
f 417/417 418/418 422/422
f 414/414 421/421 377/377
f 421/421 416/416 419/419
f 421/421 414/414 416/416
f 410/410 420/420 418/418
f 416/416 417/417 419/419
f 418/418 412/412 410/410
f 417/417 412/412 418/418
f 417/417 416/416 415/415
f 428/428 429/429 431/431
f 430/430 421/421 428/428
f 429/429 427/427 399/399
f 426/426 429/429 428/428
f 429/429 426/426 427/427
f 419/419 428/428 421/421
f 428/428 419/419 426/426
f 427/427 398/398 399/399
f 408/408 398/398 427/427
f 426/426 425/425 427/427
f 427/427 425/425 408/408
f 419/419 422/422 426/426
f 426/426 422/422 425/425
f 423/423 408/408 425/425
f 425/425 422/422 424/424
f 424/424 423/423 425/425
f 443/443 444/444 378/378
f 442/442 443/443 436/436
f 378/378 436/436 443/443
f 436/436 440/440 442/442
f 440/440 436/436 433/433
f 430/430 440/440 433/433
f 438/438 440/440 430/430
f 436/436 378/378 377/377
f 430/430 434/434 438/438
f 377/377 433/433 436/436
f 434/434 430/430 431/431
f 377/377 421/421 433/433
f 421/421 430/430 433/433
f 432/432 431/431 429/429
f 399/399 432/432 429/429
f 431/431 430/430 428/428
f 460/460 461/461 459/459
f 460/460 453/453 432/432
f 459/459 456/456 460/460
f 453/453 460/460 456/456
f 456/456 459/459 457/457
f 454/454 456/456 457/457
f 456/456 454/454 453/453
f 434/434 453/453 454/454
f 431/431 432/432 453/453
f 453/453 434/434 431/431
f 450/450 448/448 451/451
f 447/447 451/451 448/448
f 448/448 450/450 444/444
f 447/447 448/448 443/443
f 444/444 443/443 448/448
f 443/443 442/442 447/447
f 466/466 467/467 435/435
f 455/455 466/466 435/435
f 458/458 466/466 455/455
f 465/465 466/466 464/464
f 466/466 458/458 463/463
f 464/464 466/466 463/463
f 399/399 397/397 465/465
f 462/462 465/465 464/464
f 465/465 462/462 399/399
f 461/461 464/464 463/463
f 464/464 461/461 462/462
f 459/459 463/463 458/458
f 463/463 459/459 461/461
f 462/462 432/432 399/399
f 461/461 460/460 462/462
f 432/432 462/462 460/460
f 391/391 375/375 471/471
f 471/471 470/470 469/469
f 391/391 471/471 469/469
f 439/439 470/470 441/441
f 470/470 439/439 469/469
f 403/403 391/391 469/469
f 469/469 439/439 403/403
f 437/437 403/403 439/439
f 401/401 403/403 437/437
f 437/437 468/468 401/401
f 397/397 401/401 468/468
f 437/437 467/467 468/468
f 397/397 468/468 465/465
f 465/465 468/468 467/467
f 467/467 437/437 435/435
f 466/466 465/465 467/467
f 449/449 475/475 476/476
f 473/473 445/445 476/476
f 474/474 476/476 475/475
f 476/476 474/474 473/473
f 475/475 449/449 452/452
f 474/474 475/475 472/472
f 452/452 472/472 475/475
f 471/471 473/473 474/474
f 472/472 471/471 474/474
f 473/473 379/379 445/445
f 379/379 473/473 375/375
f 473/473 471/471 375/375
f 446/446 472/472 452/452
f 441/441 472/472 446/446
f 471/471 472/472 470/470
f 472/472 441/441 470/470
f 370/370 381/381 373/373
f 375/375 380/380 367/367
f 380/380 370/370 367/367
f 379/379 375/375 376/376
f 375/375 368/368 376/376
f 368/368 375/375 367/367
f 373/373 372/372 370/370
f 365/365 370/370 372/372
f 367/367 370/370 366/366
f 370/370 365/365 366/366
f 367/367 361/361 368/368
f 395/395 389/389 393/393
f 393/393 390/390 394/394
f 394/394 390/390 392/392
f 389/389 390/390 393/393
f 391/391 392/392 388/388
f 353/353 357/357 358/358
f 353/353 354/354 357/357
f 381/381 385/385 382/382
f 385/385 381/381 380/380
f 382/382 384/384 373/373
f 382/382 373/373 381/381
f 370/370 380/380 381/381
f 476/476 445/445 449/449
f 361/361 367/367 366/366
f 361/361 366/366 365/365
f 361/361 365/365 362/362
f 353/353 361/361 362/362
f 361/361 353/353 358/358
f 532/532 535/535 530/530
f 535/535 529/529 530/530
f 535/535 532/532 537/537
f 539/539 535/535 537/537
f 529/529 535/535 540/540
f 510/510 516/516 513/513
f 510/510 515/515 517/517
f 516/516 510/510 517/517
f 518/518 513/513 516/516
f 513/513 518/518 514/514
f 516/516 517/517 519/519
f 518/518 516/516 519/519
f 598/598 595/595 500/500
f 504/504 598/598 500/500
f 598/598 504/504 583/583
f 597/597 595/595 599/599
f 586/586 597/597 600/600
f 599/599 600/600 597/597
f 600/600 588/588 586/586
f 521/521 595/595 594/594
f 513/513 507/507 510/510
f 511/511 514/514 512/512
f 514/514 511/511 513/513
f 515/515 510/510 505/505
f 505/505 500/500 515/515
f 478/478 480/480 481/481
f 478/478 481/481 483/483
f 485/485 478/478 483/483
f 517/517 515/515 520/520
f 519/519 517/517 520/520
f 515/515 521/521 520/520
f 515/515 500/500 521/521
f 546/546 544/544 545/545
f 544/544 546/546 525/525
f 545/545 538/538 547/547
f 547/547 546/546 545/545
f 536/536 547/547 538/538
f 518/518 523/523 525/525
f 525/525 514/514 518/518
f 523/523 522/522 526/526
f 528/528 522/522 524/524
f 528/528 526/526 522/522
f 523/523 526/526 529/529
f 525/525 523/523 529/529
f 528/528 530/530 526/526
f 529/529 526/526 530/530
f 530/530 528/528 532/532
f 528/528 524/524 533/533
f 549/549 551/551 552/552
f 550/550 553/553 525/525
f 551/551 534/534 554/554
f 550/550 555/555 553/553
f 555/555 550/550 552/552
f 540/540 525/525 529/529
f 535/535 539/539 541/541
f 540/540 535/535 541/541
f 542/542 541/541 539/539
f 543/543 540/540 541/541
f 541/541 542/542 543/543
f 544/544 540/540 543/543
f 525/525 540/540 544/544
f 545/545 543/543 542/542
f 543/543 545/545 544/544
f 538/538 545/545 542/542
f 562/562 561/561 558/558
f 562/562 558/558 560/560
f 562/562 508/508 561/561
f 563/563 560/560 559/559
f 560/560 563/563 562/562
f 547/547 536/536 548/548
f 546/546 547/547 548/548
f 531/531 548/548 536/536
f 549/549 546/546 548/548
f 548/548 531/531 549/549
f 546/546 549/549 550/550
f 525/525 546/546 550/550
f 531/531 551/551 549/549
f 551/551 531/531 527/527
f 527/527 534/534 551/551
f 552/552 550/550 549/549
f 567/567 488/488 490/490
f 567/567 568/568 488/488
f 567/567 566/566 568/568
f 488/488 568/568 477/477
f 568/568 479/479 477/477
f 556/556 525/525 553/553
f 514/514 525/525 556/556
f 555/555 557/557 553/553
f 558/558 514/514 556/556
f 514/514 558/558 512/512
f 559/559 556/556 553/553
f 553/553 557/557 559/559
f 558/558 508/508 512/512
f 556/556 559/559 560/560
f 558/558 556/556 560/560
f 508/508 558/558 561/561
f 573/573 571/571 572/572
f 572/572 570/570 574/574
f 574/574 570/570 569/569
f 572/572 552/552 573/573
f 551/551 573/573 552/552
f 508/508 562/562 564/564
f 564/564 562/562 563/563
f 559/559 565/565 563/563
f 565/565 559/559 557/557
f 566/566 564/564 563/563
f 565/565 566/566 563/563
f 567/567 508/508 564/564
f 566/566 567/567 564/564
f 567/567 499/499 508/508
f 499/499 567/567 496/496
f 496/496 567/567 490/490
f 579/579 577/577 580/580
f 582/582 503/503 579/579
f 582/582 579/579 580/580
f 503/503 582/582 584/584
f 580/580 585/585 582/582
f 568/568 569/569 479/479
f 568/568 566/566 569/569
f 570/570 479/479 569/569
f 479/479 570/570 482/482
f 570/570 484/484 482/482
f 484/484 493/493 486/486
f 484/484 571/571 493/493
f 570/570 571/571 484/484
f 493/493 571/571 502/502
f 571/571 570/570 572/572
f 571/571 573/573 502/502
f 552/552 575/575 555/555
f 502/502 554/554 576/576
f 534/534 576/576 554/554
f 576/576 503/503 502/502
f 576/576 534/534 577/577
f 577/577 579/579 576/576
f 503/503 576/576 579/579
f 520/520 522/522 519/519
f 518/518 519/519 523/523
f 522/522 523/523 519/519
f 521/521 524/524 520/520
f 522/522 520/520 524/524
f 505/505 495/495 492/492
f 500/500 505/505 492/492
f 495/495 506/506 498/498
f 495/495 505/505 506/506
f 507/507 498/498 506/506
f 507/507 509/509 498/498
f 510/510 506/506 505/505
f 506/506 510/510 507/507
f 509/509 507/507 511/511
f 512/512 509/509 511/511
f 507/507 513/513 511/511
f 575/575 574/574 589/589
f 569/569 589/589 574/574
f 588/588 600/600 601/601
f 601/601 583/583 588/588
f 521/521 500/500 595/595
f 597/597 578/578 596/596
f 595/595 597/597 596/596
f 578/578 597/597 581/581
f 581/581 597/597 586/586
f 524/524 521/521 594/594
f 594/594 533/533 524/524
f 595/595 598/598 599/599
f 601/601 599/599 598/598
f 598/598 583/583 601/601
f 573/573 551/551 554/554
f 502/502 573/573 554/554
f 552/552 572/572 575/575
f 575/575 572/572 574/574
f 582/582 587/587 584/584
f 587/587 582/582 585/585
f 590/590 575/575 589/589
f 575/575 590/590 555/555
f 589/589 569/569 591/591
f 589/589 591/591 590/590
f 591/591 569/569 566/566
f 555/555 590/590 557/557
f 566/566 592/592 591/591
f 590/590 591/591 592/592
f 565/565 592/592 566/566
f 557/557 590/590 593/593
f 593/593 565/565 557/557
f 592/592 593/593 590/590
f 565/565 593/593 592/592
f 478/478 485/485 487/487
f 489/489 487/487 485/485
f 487/487 489/489 491/491
f 485/485 492/492 489/489
f 492/492 485/485 494/494
f 495/495 491/491 489/489
f 492/492 495/495 489/489
f 599/599 601/601 600/600
f 596/596 533/533 594/594
f 595/595 596/596 594/594
f 533/533 596/596 578/578
f 491/491 495/495 497/497
f 498/498 497/497 495/495
f 494/494 500/500 492/492
f 500/500 494/494 501/501
f 504/504 500/500 501/501
f 994/994 982/982 985/985
f 999/999 1000/1000 1002/1002
f 1008/1008 1017/1017 1007/1007
f 1017/1017 1009/1009 1007/1007
f 1012/1012 1017/1017 1016/1016
f 1017/1017 1012/1012 1009/1009
f 1016/1016 1014/1014 1012/1012
f 913/913 637/637 1015/1015
f 1014/1014 1015/1015 1013/1013
f 1013/1013 1015/1015 637/637
f 1012/1012 1014/1014 1010/1010
f 995/995 997/997 994/994
f 996/996 982/982 994/994
f 988/988 993/993 995/995
f 994/994 988/988 995/995
f 1002/1002 1001/1001 999/999
f 988/988 994/994 985/985
f 990/990 992/992 993/993
f 1009/1009 1010/1010 1004/1004
f 1004/1004 1010/1010 1001/1001
f 1007/1007 1009/1009 1006/1006
f 1004/1004 1006/1006 1009/1009
f 1007/1007 1003/1003 1008/1008
f 1003/1003 1005/1005 1008/1008
f 1000/1000 1007/1007 1006/1006
f 1007/1007 1000/1000 1003/1003
f 1006/1006 1004/1004 1002/1002
f 987/987 883/883 989/989
f 986/986 988/988 985/985
f 1022/1022 1021/1021 1023/1023
f 1027/1027 1030/1030 1024/1024
f 1029/1029 1028/1028 1026/1026
f 1026/1026 995/995 1029/1029
f 1028/1028 1027/1027 1025/1025
f 1026/1026 1028/1028 1025/1025
f 1025/1025 1027/1027 1024/1024
f 1013/1013 1011/1011 1014/1014
f 1010/1010 1014/1014 1011/1011
f 637/637 976/976 1013/1013
f 1013/1013 976/976 1011/1011
f 1010/1010 1009/1009 1012/1012
f 976/976 1001/1001 1011/1011
f 1001/1001 1010/1010 1011/1011
f 651/651 666/666 662/662
f 997/997 1023/1023 1021/1021
f 1022/1022 913/913 1015/1015
f 1020/1020 1021/1021 1022/1022
f 1022/1022 1015/1015 1020/1020
f 997/997 1021/1021 1005/1005
f 1005/1005 1021/1021 1008/1008
f 1020/1020 1019/1019 1021/1021
f 1008/1008 1021/1021 1019/1019
f 1000/1000 1006/1006 1002/1002
f 996/996 997/997 1005/1005
f 1005/1005 1003/1003 996/996
f 1001/1001 1002/1002 1004/1004
f 1003/1003 1000/1000 996/996
f 942/942 984/984 958/958
f 990/990 986/986 987/987
f 975/975 976/976 974/974
f 976/976 611/611 974/974
f 975/975 972/972 973/973
f 972/972 975/975 974/974
f 603/603 974/974 611/611
f 974/974 603/603 972/972
f 967/967 973/973 971/971
f 847/847 986/986 984/984
f 985/985 982/982 981/981
f 981/981 984/984 985/985
f 984/984 843/843 847/847
f 806/806 843/843 984/984
f 806/806 984/984 942/942
f 987/987 989/989 990/990
f 958/958 984/984 981/981
f 978/978 982/982 983/983
f 968/968 966/966 969/969
f 968/968 607/607 604/604
f 610/610 968/968 604/604
f 968/968 610/610 613/613
f 968/968 613/613 955/955
f 966/966 968/968 965/965
f 968/968 955/955 965/965
f 956/956 979/979 960/960
f 977/977 979/979 978/978
f 979/979 977/977 960/960
f 978/978 973/973 977/977
f 978/978 983/983 980/980
f 851/851 987/987 846/846
f 846/846 987/987 847/847
f 987/987 986/986 847/847
f 986/986 985/985 984/984
f 1001/1001 976/976 980/980
f 980/980 999/999 1001/1001
f 998/998 1000/1000 999/999
f 998/998 996/996 1000/1000
f 999/999 980/980 983/983
f 983/983 998/998 999/999
f 998/998 983/983 982/982
f 982/982 996/996 998/998
f 994/994 997/997 996/996
f 1024/1024 1030/1030 909/909
f 982/982 979/979 981/981
f 982/982 978/978 979/979
f 981/981 979/979 958/958
f 976/976 975/975 980/980
f 980/980 975/975 978/978
f 979/979 956/956 958/958
f 993/993 988/988 990/990
f 989/989 991/991 992/992
f 992/992 990/990 989/989
f 991/991 882/882 885/885
f 883/883 882/882 991/991
f 991/991 989/989 883/883
f 986/986 990/990 988/988
f 906/906 1046/1046 1049/1049
f 1055/1055 3/3 1052/1052
f 1054/1054 1048/1048 1047/1047
f 1062/1062 1061/1061 1066/1066
f 1065/1065 1063/1063 1062/1062
f 1064/1064 1065/1065 1055/1055
f 1065/1065 1064/1064 1063/1063
f 1064/1064 1055/1055 1052/1052
f 1052/1052 1053/1053 1064/1064
f 1053/1053 1063/1063 1064/1064
f 1060/1060 1062/1062 1063/1063
f 1063/1063 1053/1053 1060/1060
f 902/902 1049/1049 901/901
f 902/902 906/906 1049/1049
f 1048/1048 1049/1049 1046/1046
f 1055/1055 1/1 3/3
f 1048/1048 1045/1045 1047/1047
f 1045/1045 1048/1048 1046/1046
f 1037/1037 1047/1047 1044/1044
f 1058/1058 992/992 1059/1059
f 1058/1058 1053/1053 1051/1051
f 1058/1058 993/993 992/992
f 1051/1051 1054/1054 1058/1058
f 993/993 1058/1058 1054/1054
f 993/993 1054/1054 1057/1057
f 1057/1057 1034/1034 993/993
f 1037/1037 1034/1034 1057/1057
f 1057/1057 1054/1054 1056/1056
f 1043/1043 1042/1042 1041/1041
f 991/991 1059/1059 992/992
f 1067/1067 1068/1068 1065/1065
f 1055/1055 1065/1065 1068/1068
f 885/885 887/887 1067/1067
f 1067/1067 1061/1061 885/885
f 1067/1067 1065/1065 1066/1066
f 1067/1067 1066/1066 1061/1061
f 1065/1065 1062/1062 1066/1066
f 1061/1061 1062/1062 1059/1059
f 1062/1062 1060/1060 1059/1059
f 991/991 885/885 1061/1061
f 1059/1059 991/991 1061/1061
f 1059/1059 1060/1060 1058/1058
f 1060/1060 1053/1053 1058/1058
f 1032/1032 1042/1042 1043/1043
f 884/884 889/889 1070/1070
f 889/889 897/897 1070/1070
f 1070/1070 887/887 884/884
f 1068/1068 1070/1070 897/897
f 1070/1070 1068/1068 1069/1069
f 887/887 1070/1070 1069/1069
f 1068/1068 1067/1067 1069/1069
f 1067/1067 887/887 1069/1069
f 897/897 1055/1055 1068/1068
f 1037/1037 1057/1057 1056/1056
f 1047/1047 1037/1037 1056/1056
f 1054/1054 1047/1047 1056/1056
f 1055/1055 897/897 1/1
f 1034/1034 1037/1037 1035/1035
f 1044/1044 1041/1041 1039/1039
f 1033/1033 1032/1032 1043/1043
f 997/997 995/995 1026/1026
f 1025/1025 997/997 1026/1026
f 1025/1025 1024/1024 1022/1022
f 997/997 1025/1025 1023/1023
f 1025/1025 1022/1022 1023/1023
f 909/909 913/913 1024/1024
f 913/913 1022/1022 1024/1024
f 1039/1039 1035/1035 1037/1037
f 1039/1039 1036/1036 1038/1038
f 1035/1035 1039/1039 1038/1038
f 1035/1035 1038/1038 1036/1036
f 1041/1041 1044/1044 1043/1043
f 1036/1036 1032/1032 1031/1031
f 1035/1035 1036/1036 1031/1031
f 1034/1034 1035/1035 1029/1029
f 1035/1035 1031/1031 1029/1029
f 1018/1018 1019/1019 1020/1020
f 1018/1018 1020/1020 1015/1015
f 1017/1017 1019/1019 1018/1018
f 1017/1017 1008/1008 1019/1019
f 1015/1015 1014/1014 1018/1018
f 1018/1018 1016/1016 1017/1017
f 1014/1014 1016/1016 1018/1018
f 1029/1029 1031/1031 1028/1028
f 1031/1031 1027/1027 1028/1028
f 901/901 1049/1049 1050/1050
f 1040/1040 1041/1041 1042/1042
f 1042/1042 1032/1032 1040/1040
f 1041/1041 1040/1040 1036/1036
f 1036/1036 1039/1039 1041/1041
f 1032/1032 1036/1036 1040/1040
f 1054/1054 1051/1051 1048/1048
f 1053/1053 1052/1052 1050/1050
f 1053/1053 1050/1050 1051/1051
f 3/3 899/899 1052/1052
f 899/899 1050/1050 1052/1052
f 1051/1051 1050/1050 1049/1049
f 1049/1049 1048/1048 1051/1051
f 901/901 1050/1050 899/899
f 973/973 978/978 975/975
f 993/993 1034/1034 995/995
f 1034/1034 1029/1029 995/995
f 906/906 909/909 1033/1033
f 1032/1032 1033/1033 1030/1030
f 1030/1030 1033/1033 909/909
f 1027/1027 1031/1031 1032/1032
f 1032/1032 1030/1030 1027/1027
f 1047/1047 1045/1045 1044/1044
f 1046/1046 906/906 1033/1033
f 1033/1033 1045/1045 1046/1046
f 1043/1043 1044/1044 1045/1045
f 1043/1043 1045/1045 1033/1033
f 1039/1039 1037/1037 1044/1044
f 885/885 881/881 887/887
f 892/892 895/895 891/891
f 638/638 916/916 636/636
f 916/916 638/638 914/914
f 914/914 912/912 916/916
f 864/864 915/915 907/907
f 911/911 907/907 915/915
f 912/912 914/914 910/910
f 911/911 912/912 908/908
f 910/910 908/908 912/912
f 904/904 911/911 908/908
f 889/889 884/884 886/886
f 888/888 877/877 876/876
f 877/877 888/888 886/886
f 881/881 884/884 887/887
f 895/895 893/893 891/891
f 884/884 877/877 886/886
f 881/881 885/885 882/882
f 903/903 894/894 904/904
f 894/894 903/903 896/896
f 903/903 895/895 896/896
f 895/895 903/903 900/900
f 898/898 895/895 900/900
f 3/3 2/2 898/898
f 895/895 898/898 2/2
f 897/897 889/889 1/1
f 893/893 895/895 2/2
f 881/881 882/882 878/878
f 880/880 878/878 882/882
f 924/924 650/650 923/923
f 930/930 928/928 929/929
f 928/928 930/930 695/695
f 926/926 929/929 925/925
f 924/924 929/929 928/928
f 925/925 929/929 924/924
f 927/927 928/928 695/695
f 911/911 904/904 907/907
f 908/908 910/910 905/905
f 905/905 904/904 908/908
f 864/864 907/907 865/865
f 865/865 907/907 894/894
f 904/904 894/894 907/907
f 904/904 905/905 903/903
f 878/878 879/879 881/881
f 921/921 922/922 923/923
f 650/650 921/921 923/923
f 918/918 920/920 922/922
f 921/921 918/918 922/922
f 921/921 650/650 635/635
f 635/635 636/636 921/921
f 636/636 918/918 921/921
f 917/917 919/919 920/920
f 1/1 893/893 2/2
f 1/1 889/889 890/890
f 1/1 890/890 893/893
f 892/892 896/896 895/895
f 892/892 894/894 896/896
f 622/622 619/619 621/621
f 612/612 608/608 602/602
f 642/642 631/631 634/634
f 631/631 642/642 639/639
f 640/640 632/632 639/639
f 631/631 639/639 632/632
f 636/636 612/612 638/638
f 636/636 635/635 629/629
f 612/612 636/636 629/629
f 635/635 634/634 630/630
f 630/630 629/629 635/635
f 646/646 643/643 649/649
f 634/634 635/635 648/648
f 624/624 626/626 628/628
f 619/619 622/622 624/624
f 608/608 609/609 605/605
f 617/617 620/620 621/621
f 621/621 619/619 617/617
f 608/608 612/612 620/620
f 620/620 617/617 608/608
f 616/616 617/617 619/619
f 609/609 608/608 617/617
f 609/609 617/617 616/616
f 614/614 609/609 616/616
f 602/602 605/605 606/606
f 620/620 629/629 625/625
f 643/643 646/646 645/645
f 648/648 642/642 634/634
f 634/634 626/626 630/630
f 879/879 877/877 884/884
f 851/851 870/870 880/880
f 878/878 880/880 870/870
f 879/879 878/878 874/874
f 874/874 877/877 879/879
f 875/875 865/865 894/894
f 894/894 892/892 875/875
f 893/893 890/890 891/891
f 876/876 875/875 892/892
f 891/891 876/876 892/892
f 890/890 888/888 891/891
f 876/876 891/891 888/888
f 886/886 890/890 889/889
f 890/890 886/886 888/888
f 700/700 695/695 930/930
f 884/884 881/881 879/879
f 882/882 883/883 880/880
f 883/883 851/851 880/880
f 870/870 874/874 878/878
f 876/876 877/877 873/873
f 877/877 874/874 873/873
f 876/876 872/872 875/875
f 873/873 872/872 876/876
f 865/865 875/875 868/868
f 868/868 875/875 872/872
f 626/626 634/634 631/631
f 621/621 625/625 622/622
f 605/605 602/602 608/608
f 943/943 939/939 941/941
f 964/964 962/962 967/967
f 966/966 965/965 963/963
f 963/963 964/964 966/966
f 963/963 965/965 955/955
f 957/957 964/964 963/963
f 964/964 957/957 962/962
f 954/954 963/963 955/955
f 954/954 957/957 963/963
f 946/946 944/944 943/943
f 623/623 627/627 945/945
f 945/945 627/627 944/944
f 939/939 943/943 944/944
f 939/939 944/944 627/627
f 941/941 942/942 943/943
f 967/967 966/966 964/964
f 947/947 942/942 958/958
f 958/958 956/956 947/947
f 954/954 953/953 957/957
f 956/956 948/948 947/947
f 956/956 953/953 948/948
f 951/951 954/954 955/955
f 955/955 613/613 951/951
f 953/953 954/954 952/952
f 954/954 951/951 952/952
f 949/949 945/945 950/950
f 945/945 948/948 950/950
f 623/623 949/949 618/618
f 945/945 949/949 623/623
f 972/972 603/603 607/607
f 977/977 962/962 960/960
f 962/962 977/977 967/967
f 973/973 967/967 977/977
f 637/637 611/611 976/976
f 962/962 961/961 960/960
f 957/957 961/961 962/962
f 959/959 960/960 961/961
f 961/961 957/957 959/959
f 960/960 959/959 956/956
f 957/957 953/953 959/959
f 953/953 956/956 959/959
f 970/970 973/973 972/972
f 973/973 970/970 971/971
f 947/947 948/948 946/946
f 972/972 607/607 970/970
f 966/966 967/967 971/971
f 966/966 971/971 970/970
f 969/969 970/970 607/607
f 970/970 969/969 966/966
f 607/607 968/968 969/969
f 953/953 952/952 950/950
f 953/953 950/950 948/948
f 949/949 952/952 951/951
f 952/952 949/949 950/950
f 613/613 615/615 951/951
f 951/951 615/615 618/618
f 951/951 618/618 949/949
f 915/915 864/864 934/934
f 922/922 931/931 926/926
f 828/828 930/930 929/929
f 927/927 924/924 928/928
f 648/648 927/927 695/695
f 648/648 650/650 927/927
f 927/927 650/650 924/924
f 925/925 922/922 926/926
f 924/924 923/923 925/925
f 923/923 922/922 925/925
f 915/915 934/934 935/935
f 919/919 935/935 933/933
f 932/932 935/935 934/934
f 932/932 933/933 935/935
f 931/931 929/929 926/926
f 828/828 934/934 864/864
f 828/828 932/932 934/934
f 920/920 919/919 933/933
f 931/931 933/933 932/932
f 920/920 918/918 917/917
f 915/915 919/919 911/911
f 917/917 911/911 919/919
f 916/916 917/917 918/918
f 918/918 636/636 916/916
f 917/917 916/916 912/912
f 912/912 911/911 917/917
f 930/930 828/828 714/714
f 714/714 700/700 930/930
f 939/939 938/938 941/941
f 948/948 945/945 946/946
f 947/947 943/943 942/942
f 943/943 947/947 946/946
f 945/945 944/944 946/946
f 633/633 937/937 939/939
f 797/797 801/801 938/938
f 937/937 797/797 938/938
f 937/937 633/633 641/641
f 797/797 937/937 936/936
f 937/937 641/641 936/936
f 792/792 797/797 936/936
f 942/942 941/941 940/940
f 806/806 942/942 940/940
f 851/851 883/883 987/987
f 938/938 940/940 941/941
f 803/803 806/806 940/940
f 801/801 803/803 940/940
f 940/940 938/938 801/801
f 627/627 633/633 939/939
f 938/938 939/939 937/937
f 936/936 641/641 644/644
f 644/644 792/792 936/936
f 935/935 919/919 915/915
f 920/920 933/933 931/931
f 932/932 929/929 931/931
f 828/828 929/929 932/932
f 931/931 922/922 920/920
f 748/748 745/745 740/740
f 736/736 737/737 739/739
f 738/738 708/708 713/713
f 734/734 726/726 753/753
f 753/753 752/752 750/750
f 750/750 734/734 753/753
f 751/751 748/748 752/752
f 750/750 752/752 748/748
f 749/749 745/745 751/751
f 745/745 748/748 751/751
f 735/735 734/734 750/750
f 750/750 748/748 735/735
f 745/745 749/749 747/747
f 740/740 735/735 748/748
f 739/739 738/738 736/736
f 747/747 746/746 744/744
f 745/745 747/747 744/744
f 746/746 690/690 743/743
f 746/746 743/743 744/744
f 756/756 760/760 759/759
f 760/760 756/756 758/758
f 756/756 759/759 749/749
f 755/755 757/757 758/758
f 755/755 758/758 756/756
f 757/757 717/717 715/715
f 757/757 722/722 717/717
f 757/757 755/755 722/722
f 745/745 744/744 741/741
f 679/679 676/676 677/677
f 678/678 676/676 679/679
f 677/677 658/658 680/680
f 680/680 679/679 677/677
f 654/654 680/680 658/658
f 681/681 671/671 678/678
f 660/660 656/656 659/659
f 651/651 662/662 655/655
f 660/660 659/659 663/663
f 663/663 664/664 660/660
f 625/625 621/621 620/620
f 650/650 648/648 635/635
f 754/754 755/755 756/756
f 741/741 740/740 745/745
f 744/744 743/743 742/742
f 744/744 742/742 741/741
f 703/703 743/743 690/690
f 703/703 742/742 743/743
f 742/742 703/703 708/708
f 741/741 742/742 738/738
f 708/708 738/738 742/742
f 741/741 739/739 740/740
f 741/741 738/738 739/739
f 735/735 740/740 737/737
f 740/740 739/739 737/737
f 783/783 781/781 785/785
f 775/775 670/670 682/682
f 682/682 772/772 775/775
f 774/774 773/773 770/770
f 770/770 771/771 774/774
f 773/773 772/772 769/769
f 769/769 770/770 773/773
f 690/690 772/772 682/682
f 690/690 769/769 772/772
f 771/771 770/770 766/766
f 765/765 771/771 766/766
f 770/770 769/769 768/768
f 768/768 766/766 770/770
f 690/690 768/768 769/769
f 772/772 773/773 776/776
f 784/784 783/783 785/785
f 665/665 784/784 661/661
f 784/784 665/665 669/669
f 782/782 783/783 784/784
f 669/669 782/782 784/784
f 781/781 783/783 778/778
f 783/783 782/782 780/780
f 780/780 778/778 783/783
f 670/670 782/782 669/669
f 670/670 780/780 782/782
f 775/775 781/781 778/778
f 777/777 781/781 775/775
f 764/764 763/763 766/766
f 749/749 754/754 756/756
f 753/753 722/722 755/755
f 755/755 754/754 753/753
f 722/722 753/753 726/726
f 754/754 749/749 751/751
f 754/754 752/752 753/753
f 751/751 752/752 754/754
f 766/766 768/768 767/767
f 690/690 767/767 768/768
f 767/767 764/764 766/766
f 690/690 764/764 767/767
f 766/766 763/763 765/765
f 671/671 675/675 678/678
f 765/765 759/759 760/760
f 759/759 765/765 763/763
f 764/764 690/690 746/746
f 762/762 763/763 764/764
f 762/762 764/764 746/746
f 759/759 763/763 762/762
f 747/747 762/762 746/746
f 749/749 762/762 747/747
f 749/749 759/759 762/762
f 761/761 758/758 757/757
f 776/776 777/777 772/772
f 777/777 775/775 772/772
f 706/706 716/716 707/707
f 720/720 725/725 727/727
f 724/724 720/720 727/727
f 728/728 725/725 726/726
f 728/728 727/727 725/725
f 727/727 729/729 724/724
f 727/727 728/728 730/730
f 710/710 705/705 712/712
f 711/711 713/713 709/709
f 701/701 714/714 712/712
f 700/700 714/714 701/701
f 712/712 715/715 710/710
f 715/715 712/712 714/714
f 716/716 706/706 710/710
f 719/719 722/722 726/726
f 710/710 717/717 716/716
f 717/717 710/710 715/715
f 718/718 707/707 716/716
f 717/717 718/718 716/716
f 707/707 718/718 711/711
f 717/717 719/719 718/718
f 720/720 711/711 718/718
f 721/721 718/718 719/719
f 698/698 696/696 700/700
f 695/695 700/700 696/696
f 698/698 701/701 699/699
f 701/701 698/698 700/700
f 736/736 713/713 731/731
f 729/729 727/727 730/730
f 731/731 724/724 729/729
f 731/731 713/713 724/724
f 730/730 732/732 729/729
f 729/729 732/732 731/731
f 728/728 733/733 730/730
f 732/732 730/730 733/733
f 733/733 728/728 734/734
f 726/726 734/734 728/728
f 733/733 735/735 732/732
f 734/734 735/735 733/733
f 736/736 731/731 732/732
f 702/702 688/688 699/699
f 735/735 737/737 732/732
f 737/737 736/736 732/732
f 713/713 736/736 738/738
f 718/718 721/721 720/720
f 722/722 719/719 717/717
f 711/711 720/720 723/723
f 713/713 711/711 723/723
f 720/720 724/724 723/723
f 724/724 713/713 723/723
f 721/721 725/725 720/720
f 726/726 721/721 719/719
f 726/726 725/725 721/721
f 691/691 687/687 686/686
f 698/698 699/699 697/697
f 681/681 678/678 679/679
f 681/681 683/683 671/671
f 684/684 679/679 680/680
f 681/681 679/679 684/684
f 680/680 654/654 685/685
f 684/684 680/680 685/685
f 681/681 684/684 686/686
f 685/685 686/686 684/684
f 687/687 683/683 681/681
f 687/687 681/681 686/686
f 688/688 683/683 687/687
f 689/689 683/683 688/688
f 699/699 688/688 697/697
f 688/688 687/687 691/691
f 686/686 685/685 692/692
f 692/692 691/691 686/686
f 672/672 675/675 673/673
f 673/673 675/675 671/671
f 674/674 676/676 672/672
f 675/675 672/672 676/676
f 662/662 677/677 674/674
f 676/676 674/674 677/677
f 677/677 662/662 666/666
f 658/658 677/677 666/666
f 676/676 678/678 675/675
f 693/693 692/692 685/685
f 689/689 688/688 702/702
f 689/689 702/702 704/704
f 702/702 699/699 705/705
f 701/701 705/705 699/699
f 702/702 706/706 704/704
f 706/706 702/702 705/705
f 704/704 706/706 707/707
f 707/707 709/709 704/704
f 705/705 710/710 706/706
f 709/709 707/707 711/711
f 701/701 712/712 705/705
f 685/685 654/654 693/693
f 640/640 643/643 645/645
f 643/643 693/693 654/654
f 642/642 693/693 643/643
f 691/691 692/692 694/694
f 695/695 693/693 642/642
f 642/642 648/648 695/695
f 696/696 692/692 693/693
f 692/692 696/696 694/694
f 693/693 695/695 696/696
f 694/694 697/697 691/691
f 688/688 691/691 697/697
f 696/696 698/698 694/694
f 697/697 694/694 698/698
f 846/846 842/842 848/848
f 852/852 853/853 856/856
f 854/854 855/855 849/849
f 853/853 849/849 855/855
f 854/854 839/839 837/837
f 839/839 854/854 849/849
f 853/853 852/852 850/850
f 853/853 850/850 849/849
f 851/851 848/848 852/852
f 852/852 848/848 850/850
f 848/848 851/851 846/846
f 850/850 845/845 849/849
f 845/845 850/850 848/848
f 845/845 839/839 849/849
f 837/837 857/857 854/854
f 848/848 842/842 845/845
f 829/829 828/828 864/864
f 864/864 861/861 829/829
f 863/863 862/862 860/860
f 860/860 861/861 863/863
f 859/859 862/862 858/858
f 860/860 862/862 859/859
f 829/829 861/861 831/831
f 861/861 860/860 857/857
f 857/857 831/831 861/861
f 854/854 860/860 859/859
f 857/857 860/860 854/854
f 839/839 845/845 838/838
f 835/835 814/814 834/834
f 835/835 834/834 832/832
f 814/814 815/815 834/834
f 834/834 833/833 832/832
f 833/833 834/834 815/815
f 833/833 815/815 818/818
f 832/832 833/833 818/818
f 830/830 832/832 826/826
f 826/826 832/832 818/818
f 847/847 844/844 846/846
f 844/844 847/847 843/843
f 842/842 846/846 844/844
f 858/858 855/855 859/859
f 845/845 842/842 838/838
f 809/809 843/843 806/806
f 840/840 842/842 844/844
f 843/843 841/841 844/844
f 841/841 840/840 844/844
f 841/841 843/843 809/809
f 842/842 840/840 838/838
f 809/809 808/808 841/841
f 841/841 808/808 814/814
f 814/814 840/840 841/841
f 838/838 840/840 835/835
f 814/814 835/835 840/840
f 651/651 658/658 666/666
f 649/649 654/654 658/658
f 656/656 655/655 659/659
f 629/629 620/620 612/612
f 626/626 625/625 630/630
f 629/629 630/630 625/625
f 631/631 628/628 626/626
f 874/874 871/871 873/873
f 874/874 870/870 871/871
f 872/872 873/873 869/869
f 873/873 871/871 869/869
f 628/628 631/631 632/632
f 625/625 626/626 622/622
f 626/626 624/624 622/622
f 649/649 658/658 651/651
f 664/664 663/663 667/667
f 667/667 668/668 664/664
f 671/671 668/668 667/667
f 672/672 667/667 663/663
f 672/672 663/663 659/659
f 667/667 673/673 671/671
f 667/667 672/672 673/673
f 659/659 655/655 674/674
f 674/674 672/672 659/659
f 655/655 662/662 674/674
f 643/643 640/640 639/639
f 643/643 639/639 642/642
f 865/865 868/868 863/863
f 855/855 854/854 859/859
f 858/858 856/856 853/853
f 855/855 858/858 853/853
f 831/831 857/857 837/837
f 869/869 868/868 872/872
f 870/870 867/867 871/871
f 869/869 871/871 867/867
f 870/870 851/851 852/852
f 870/870 852/852 856/856
f 867/867 870/870 856/856
f 866/866 868/868 869/869
f 867/867 866/866 869/869
f 779/779 777/777 776/776
f 868/868 866/866 863/863
f 856/856 858/858 867/867
f 867/867 862/862 866/866
f 862/862 867/867 858/858
f 862/862 863/863 866/866
f 861/861 864/864 865/865
f 865/865 863/863 861/861
f 649/649 651/651 646/646
f 653/653 646/646 651/651
f 643/643 654/654 649/649
f 653/653 651/651 655/655
f 656/656 653/653 655/655
f 771/771 765/765 804/804
f 795/795 794/794 779/779
f 794/794 795/795 793/793
f 794/794 777/777 779/779
f 794/794 781/781 777/777
f 793/793 790/790 794/794
f 794/794 790/790 781/781
f 792/792 789/789 793/793
f 791/791 790/790 793/793
f 793/793 789/789 791/791
f 760/760 804/804 765/765
f 804/804 805/805 802/802
f 805/805 803/803 800/800
f 800/800 802/802 805/805
f 793/793 795/795 792/792
f 802/802 771/771 804/804
f 803/803 799/799 800/800
f 799/799 803/803 801/801
f 800/800 771/771 802/802
f 801/801 797/797 799/799
f 774/774 771/771 800/800
f 799/799 774/774 800/800
f 799/799 797/797 796/796
f 774/774 799/799 798/798
f 796/796 798/798 799/799
f 773/773 774/774 798/798
f 815/815 811/811 812/812
f 787/787 785/785 788/788
f 778/778 780/780 670/670
f 778/778 670/670 775/775
f 792/792 644/644 647/647
f 647/647 789/789 792/792
f 788/788 790/790 791/791
f 789/789 788/788 791/791
f 790/790 785/785 781/781
f 832/832 830/830 836/836
f 785/785 790/790 788/788
f 789/789 647/647 652/652
f 789/789 787/787 788/788
f 652/652 787/787 789/789
f 836/836 835/835 832/832
f 787/787 652/652 657/657
f 785/785 787/787 786/786
f 787/787 657/657 786/786
f 657/657 661/661 786/786
f 785/785 786/786 784/784
f 661/661 784/784 786/786
f 796/796 773/773 798/798
f 795/795 796/796 797/797
f 797/797 792/792 795/795
f 773/773 796/796 776/776
f 779/779 776/776 796/796
f 796/796 795/795 779/779
f 818/818 820/820 826/826
f 817/817 816/816 813/813
f 812/812 816/816 815/815
f 816/816 812/812 813/813
f 815/815 814/814 811/811
f 830/830 827/827 831/831
f 831/831 827/827 829/829
f 827/827 830/830 826/826
f 828/828 829/829 824/824
f 827/827 824/824 829/829
f 823/823 714/714 828/828
f 824/824 823/823 828/828
f 827/827 826/826 825/825
f 825/825 824/824 827/827
f 813/813 812/812 810/810
f 825/825 826/826 820/820
f 824/824 825/825 822/822
f 820/820 822/822 825/825
f 824/824 821/821 823/823
f 821/821 824/824 822/822
f 808/808 811/811 814/814
f 823/823 715/715 714/714
f 838/838 836/836 839/839
f 836/836 837/837 839/839
f 835/835 836/836 838/838
f 837/837 830/830 831/831
f 837/837 836/836 830/830
f 818/818 816/816 817/817
f 761/761 813/813 810/810
f 811/811 807/807 812/812
f 812/812 807/807 810/810
f 811/811 808/808 807/807
f 758/758 761/761 810/810
f 818/818 815/815 816/816
f 760/760 758/758 810/810
f 807/807 760/760 810/810
f 808/808 809/809 805/805
f 806/806 805/805 809/809
f 804/804 807/807 808/808
f 805/805 804/804 808/808
f 807/807 804/804 760/760
f 813/813 761/761 819/819
f 820/820 818/818 817/817
f 817/817 819/819 820/820
f 813/813 819/819 817/817
f 821/821 819/819 761/761
f 757/757 821/821 761/761
f 821/821 757/757 715/715
f 819/819 822/822 820/820
f 819/819 821/821 822/822
f 715/715 823/823 821/821
f 805/805 806/806 803/803
f 1148/1148 1143/1143 1144/1144
f 1144/1144 1146/1146 1148/1148
f 1164/1164 1162/1162 1161/1161
f 1164/1164 1161/1161 1163/1163
f 1148/1148 1146/1146 1167/1167
f 1163/1163 1149/1149 1165/1165
f 1165/1165 1149/1149 1148/1148
f 1166/1166 1164/1164 1163/1163
f 1166/1166 1163/1163 1165/1165
f 1167/1167 1165/1165 1148/1148
f 1165/1165 1167/1167 1166/1166
f 1147/1147 1073/1073 1079/1079
f 1143/1143 1147/1147 1142/1142
f 1142/1142 1147/1147 1079/1079
f 1099/1099 1155/1155 1157/1157
f 1139/1139 1144/1144 1143/1143
f 1144/1144 1140/1140 1145/1145
f 1156/1156 1158/1158 1159/1159
f 1159/1159 1157/1157 1156/1156
f 1156/1156 1151/1151 1158/1158
f 1156/1156 1157/1157 1155/1155
f 1162/1162 1158/1158 1161/1161
f 1141/1141 1171/1171 1146/1146
f 1158/1158 1162/1162 1159/1159
f 1151/1151 1149/1149 1161/1161
f 1151/1151 1161/1161 1158/1158
f 1157/1157 1159/1159 1160/1160
f 1160/1160 1099/1099 1157/1157
f 1172/1172 1173/1173 1159/1159
f 1141/1141 1132/1132 1172/1172
f 1162/1162 1172/1172 1159/1159
f 1171/1171 1141/1141 1172/1172
f 1172/1172 1162/1162 1171/1171
f 1154/1154 1076/1076 1152/1152
f 1168/1168 1171/1171 1162/1162
f 1171/1171 1168/1168 1169/1169
f 1171/1171 1169/1169 1170/1170
f 1154/1154 1153/1153 1155/1155
f 1155/1155 1093/1093 1154/1154
f 1154/1154 1093/1093 1080/1080
f 1154/1154 1080/1080 1072/1072
f 1076/1076 1154/1154 1072/1072
f 1153/1153 1154/1154 1152/1152
f 1139/1139 1131/1131 1140/1140
f 1124/1124 1125/1125 1129/1129
f 1126/1126 1121/1121 1128/1128
f 1126/1126 1125/1125 1121/1121
f 1118/1118 1125/1125 1124/1124
f 1140/1140 1144/1144 1139/1139
f 1142/1142 1138/1138 1143/1143
f 1143/1143 1138/1138 1139/1139
f 1142/1142 1079/1079 1085/1085
f 1142/1142 1085/1085 1136/1136
f 1136/1136 1138/1138 1142/1142
f 1126/1126 1129/1129 1125/1125
f 1130/1130 1139/1139 1138/1138
f 1089/1089 1135/1135 1087/1087
f 1131/1131 1139/1139 1130/1130
f 1115/1115 1118/1118 1117/1117
f 1113/1113 1117/1117 1116/1116
f 1113/1113 1115/1115 1117/1117
f 1116/1116 1096/1096 1104/1104
f 1113/1113 1116/1116 1104/1104
f 1115/1115 1113/1113 1111/1111
f 1110/1110 1113/1113 1104/1104
f 1150/1150 1151/1151 1153/1153
f 1155/1155 1153/1153 1156/1156
f 1099/1099 1094/1094 1155/1155
f 1093/1093 1155/1155 1094/1094
f 1138/1138 1136/1136 1137/1137
f 1130/1130 1138/1138 1137/1137
f 1137/1137 1136/1136 1134/1134
f 1134/1134 1130/1130 1137/1137
f 1134/1134 1136/1136 1135/1135
f 1084/1084 1135/1135 1136/1136
f 1135/1135 1084/1084 1087/1087
f 1151/1151 1156/1156 1153/1153
f 1153/1153 1152/1152 1150/1150
f 1152/1152 1076/1076 1150/1150
f 1147/1147 1151/1151 1150/1150
f 1151/1151 1147/1147 1149/1149
f 1073/1073 1150/1150 1076/1076
f 1073/1073 1147/1147 1150/1150
f 1148/1148 1149/1149 1143/1143
f 1147/1147 1143/1143 1149/1149
f 1128/1128 1130/1130 1126/1126
f 1123/1123 1124/1124 1129/1129
f 1118/1118 1121/1121 1125/1125
f 1077/1077 1082/1082 1078/1078
f 1082/1082 1083/1083 1078/1078
f 1118/1118 1116/1116 1117/1117
f 1115/1115 1120/1120 1118/1118
f 1121/1121 1118/1118 1120/1120
f 1096/1096 1116/1116 1123/1123
f 1123/1123 1088/1088 1096/1096
f 1123/1123 1089/1089 1088/1088
f 1116/1116 1118/1118 1124/1124
f 1124/1124 1123/1123 1116/1116
f 1081/1081 1077/1077 1071/1071
f 1096/1096 1088/1088 1090/1090
f 1090/1090 1091/1091 1096/1096
f 1097/1097 1091/1091 1095/1095
f 1095/1095 1098/1098 1097/1097
f 1098/1098 1100/1100 1097/1097
f 1178/1178 1179/1179 1180/1180
f 1107/1107 1178/1178 1180/1180
f 1179/1179 1119/1119 1114/1114
f 1178/1178 1177/1177 1179/1179
f 1161/1161 1149/1149 1163/1163
f 1091/1091 1104/1104 1096/1096
f 1082/1082 1086/1086 1083/1083
f 1088/1088 1086/1086 1082/1082
f 1088/1088 1082/1082 1077/1077
f 1086/1086 1088/1088 1089/1089
f 1077/1077 1081/1081 1090/1090
f 1090/1090 1088/1088 1077/1077
f 1081/1081 1091/1091 1090/1090
f 1081/1081 1092/1092 1091/1091
f 1095/1095 1091/1091 1092/1092
f 1104/1104 1097/1097 1103/1103
f 1119/1119 1179/1179 1177/1177
f 1103/1103 1105/1105 1104/1104
f 1105/1105 1103/1103 1106/1106
f 1105/1105 1106/1106 1109/1109
f 1110/1110 1105/1105 1109/1109
f 1105/1105 1110/1110 1104/1104
f 1111/1111 1110/1110 1109/1109
f 1110/1110 1111/1111 1113/1113
f 1071/1071 1074/1074 1075/1075
f 1074/1074 1071/1071 1077/1077
f 1078/1078 1074/1074 1077/1077
f 1162/1162 1164/1164 1168/1168
f 1178/1178 1107/1107 1102/1102
f 1179/1179 1182/1182 1180/1180
f 1114/1114 1112/1112 1181/1181
f 1114/1114 1181/1181 1179/1179
f 1180/1180 1108/1108 1107/1107
f 1171/1171 1170/1170 1146/1146
f 1169/1169 1167/1167 1170/1170
f 1167/1167 1146/1146 1170/1170
f 1168/1168 1166/1166 1169/1169
f 1167/1167 1169/1169 1166/1166
f 1179/1179 1181/1181 1182/1182
f 1168/1168 1164/1164 1166/1166
f 1177/1177 1178/1178 1176/1176
f 1178/1178 1101/1101 1176/1176
f 1119/1119 1177/1177 1122/1122
f 1177/1177 1176/1176 1175/1175
f 1175/1175 1122/1122 1177/1177
f 1099/1099 1176/1176 1101/1101
f 1160/1160 1176/1176 1099/1099
f 1160/1160 1175/1175 1176/1176
f 1175/1175 1127/1127 1122/1122
f 1175/1175 1160/1160 1174/1174
f 1101/1101 1178/1178 1102/1102
f 1103/1103 1097/1097 1100/1100
f 1104/1104 1091/1091 1097/1097
f 1130/1130 1128/1128 1131/1131
f 1123/1123 1129/1129 1133/1133
f 1123/1123 1133/1133 1089/1089
f 1129/1129 1126/1126 1134/1134
f 1133/1133 1129/1129 1134/1134
f 1130/1130 1134/1134 1126/1126
f 1135/1135 1089/1089 1133/1133
f 1180/1180 1182/1182 1108/1108
f 1127/1127 1175/1175 1174/1174
f 1174/1174 1132/1132 1127/1127
f 1173/1173 1174/1174 1160/1160
f 1132/1132 1174/1174 1173/1173
f 1159/1159 1173/1173 1160/1160
f 1173/1173 1172/1172 1132/1132
f 1133/1133 1134/1134 1135/1135
f 1182/1182 1112/1112 1108/1108
f 1112/1112 1182/1182 1181/1181
f 1263/1263 1269/1269 1264/1264
f 1283/1283 1190/1190 1282/1282
f 1292/1292 1272/1272 1268/1268
f 1292/1292 1268/1268 1261/1261
f 1292/1292 1261/1261 1258/1258
f 1255/1255 1292/1292 1258/1258
f 1293/1293 1291/1291 1290/1290
f 1290/1290 1292/1292 1293/1293
f 1291/1291 1293/1293 1289/1289
f 1292/1292 1255/1255 1294/1294
f 1294/1294 1293/1293 1292/1292
f 1283/1283 1282/1282 1276/1276
f 1275/1275 1283/1283 1276/1276
f 1282/1282 1284/1284 1281/1281
f 1264/1264 1269/1269 1277/1277
f 1190/1190 1284/1284 1282/1282
f 1284/1284 1190/1190 1197/1197
f 1284/1284 1197/1197 1211/1211
f 1289/1289 1293/1293 1296/1296
f 1289/1289 1296/1296 1188/1188
f 1188/1188 1296/1296 1183/1183
f 1183/1183 1296/1296 1193/1193
f 1297/1297 1296/1296 1293/1293
f 1296/1296 1297/1297 1193/1193
f 1293/1293 1295/1295 1297/1297
f 1297/1297 1200/1200 1193/1193
f 1281/1281 1284/1284 1286/1286
f 1278/1278 1282/1282 1281/1281
f 1265/1265 1262/1262 1257/1257
f 1257/1257 1260/1260 1265/1265
f 1262/1262 1266/1266 1263/1263
f 1262/1262 1265/1265 1266/1266
f 1260/1260 1267/1267 1265/1265
f 1265/1265 1267/1267 1266/1266
f 1267/1267 1260/1260 1268/1268
f 1285/1285 1190/1190 1283/1283
f 1186/1186 1190/1190 1285/1285
f 1211/1211 1286/1286 1284/1284
f 1297/1297 1295/1295 1298/1298
f 1287/1287 1186/1186 1285/1285
f 1186/1186 1287/1287 1188/1188
f 1285/1285 1283/1283 1288/1288
f 1285/1285 1288/1288 1287/1287
f 1283/1283 1275/1275 1288/1288
f 1274/1274 1273/1273 1270/1270
f 1271/1271 1275/1275 1274/1274
f 1272/1272 1275/1275 1271/1271
f 1276/1276 1273/1273 1274/1274
f 1276/1276 1274/1274 1275/1275
f 1269/1269 1273/1273 1277/1277
f 1301/1301 1286/1286 1299/1299
f 1306/1306 1241/1241 1308/1308
f 1307/1307 1246/1246 1264/1264
f 1305/1305 1306/1306 1307/1307
f 1264/1264 1305/1305 1307/1307
f 1241/1241 1306/1306 1224/1224
f 1246/1246 1307/1307 1308/1308
f 1246/1246 1308/1308 1241/1241
f 1223/1223 1302/1302 1218/1218
f 1302/1302 1216/1216 1218/1218
f 1302/1302 1301/1301 1300/1300
f 1216/1216 1302/1302 1300/1300
f 1300/1300 1301/1301 1299/1299
f 1308/1308 1307/1307 1306/1306
f 1300/1300 1212/1212 1216/1216
f 1299/1299 1212/1212 1300/1300
f 1299/1299 1286/1286 1211/1211
f 1305/1305 1303/1303 1306/1306
f 1303/1303 1224/1224 1306/1306
f 1305/1305 1264/1264 1280/1280
f 1303/1303 1305/1305 1301/1301
f 1280/1280 1304/1304 1305/1305
f 1301/1301 1305/1305 1304/1304
f 1280/1280 1281/1281 1304/1304
f 1303/1303 1301/1301 1302/1302
f 1293/1293 1294/1294 1295/1295
f 1287/1287 1289/1289 1188/1188
f 1290/1290 1288/1288 1275/1275
f 1275/1275 1272/1272 1290/1290
f 1288/1288 1291/1291 1287/1287
f 1288/1288 1290/1290 1291/1291
f 1287/1287 1291/1291 1289/1289
f 1292/1292 1290/1290 1272/1272
f 1294/1294 1255/1255 1250/1250
f 1237/1237 1294/1294 1250/1250
f 1294/1294 1237/1237 1234/1234
f 1294/1294 1234/1234 1295/1295
f 1276/1276 1282/1282 1278/1278
f 1295/1295 1234/1234 1230/1230
f 1230/1230 1229/1229 1295/1295
f 1298/1298 1200/1200 1297/1297
f 1229/1229 1298/1298 1295/1295
f 1200/1200 1298/1298 1205/1205
f 1298/1298 1229/1229 1208/1208
f 1298/1298 1208/1208 1205/1205
f 1281/1281 1286/1286 1304/1304
f 1304/1304 1286/1286 1301/1301
f 1224/1224 1303/1303 1223/1223
f 1212/1212 1299/1299 1211/1211
f 1202/1202 1210/1210 1196/1196
f 1195/1195 1198/1198 1191/1191
f 1227/1227 1231/1231 1232/1232
f 1232/1232 1226/1226 1227/1227
f 1233/1233 1232/1232 1231/1231
f 1232/1232 1235/1235 1226/1226
f 1226/1226 1235/1235 1221/1221
f 1232/1232 1233/1233 1236/1236
f 1235/1235 1232/1232 1236/1236
f 1238/1238 1236/1236 1233/1233
f 1239/1239 1221/1221 1235/1235
f 1204/1204 1207/1207 1203/1203
f 1207/1207 1204/1204 1209/1209
f 1191/1191 1194/1194 1195/1195
f 1210/1210 1202/1202 1213/1213
f 1202/1202 1214/1214 1213/1213
f 1202/1202 1206/1206 1214/1214
f 1213/1213 1214/1214 1215/1215
f 1243/1243 1244/1244 1240/1240
f 1242/1242 1244/1244 1245/1245
f 1243/1243 1236/1236 1247/1247
f 1236/1236 1238/1238 1247/1247
f 1243/1243 1248/1248 1244/1244
f 1247/1247 1248/1248 1243/1243
f 1248/1248 1245/1245 1244/1244
f 1215/1215 1217/1217 1219/1219
f 1199/1199 1194/1194 1192/1192
f 1199/1199 1195/1195 1194/1194
f 1201/1201 1199/1199 1192/1192
f 1198/1198 1195/1195 1202/1202
f 1203/1203 1199/1199 1201/1201
f 1201/1201 1204/1204 1203/1203
f 1195/1195 1199/1199 1206/1206
f 1203/1203 1206/1206 1199/1199
f 1206/1206 1202/1202 1195/1195
f 1217/1217 1215/1215 1214/1214
f 1217/1217 1214/1214 1206/1206
f 1238/1238 1249/1249 1247/1247
f 1206/1206 1203/1203 1220/1220
f 1206/1206 1220/1220 1217/1217
f 1220/1220 1203/1203 1207/1207
f 1221/1221 1219/1219 1217/1217
f 1220/1220 1221/1221 1217/1217
f 1219/1219 1221/1221 1222/1222
f 1185/1185 1184/1184 1189/1189
f 1189/1189 1191/1191 1185/1185
f 1192/1192 1189/1189 1184/1184
f 1194/1194 1191/1191 1189/1189
f 1189/1189 1192/1192 1194/1194
f 1249/1249 1252/1252 1248/1248
f 1263/1263 1266/1266 1269/1269
f 1223/1223 1303/1303 1302/1302
f 1270/1270 1266/1266 1267/1267
f 1270/1270 1269/1269 1266/1266
f 1267/1267 1268/1268 1271/1271
f 1271/1271 1270/1270 1267/1267
f 1268/1268 1272/1272 1271/1271
f 1269/1269 1270/1270 1273/1273
f 1270/1270 1271/1271 1274/1274
f 1249/1249 1238/1238 1251/1251
f 1245/1245 1248/1248 1252/1252
f 1244/1244 1242/1242 1240/1240
f 1251/1251 1253/1253 1249/1249
f 1249/1249 1253/1253 1252/1252
f 1253/1253 1251/1251 1254/1254
f 1256/1256 1254/1254 1251/1251
f 1276/1276 1278/1278 1273/1273
f 1277/1277 1273/1273 1279/1279
f 1273/1273 1278/1278 1279/1279
f 1280/1280 1277/1277 1279/1279
f 1277/1277 1280/1280 1264/1264
f 1281/1281 1279/1279 1278/1278
f 1279/1279 1281/1281 1280/1280
f 1260/1260 1257/1257 1259/1259
f 1248/1248 1247/1247 1249/1249
f 1221/1221 1225/1225 1222/1222
f 1207/1207 1226/1226 1220/1220
f 1220/1220 1226/1226 1221/1221
f 1209/1209 1227/1227 1207/1207
f 1226/1226 1207/1207 1227/1227
f 1227/1227 1209/1209 1228/1228
f 1231/1231 1227/1227 1228/1228
f 1257/1257 1254/1254 1256/1256
f 1257/1257 1253/1253 1254/1254
f 1257/1257 1256/1256 1259/1259
f 1184/1184 1185/1185 1187/1187
f 1262/1262 1252/1252 1253/1253
f 1262/1262 1253/1253 1257/1257
f 1263/1263 1245/1245 1252/1252
f 1252/1252 1262/1262 1263/1263
f 1245/1245 1263/1263 1264/1264
f 1225/1225 1221/1221 1239/1239
f 1225/1225 1239/1239 1240/1240
f 1240/1240 1239/1239 1235/1235
f 1242/1242 1225/1225 1240/1240
f 1236/1236 1243/1243 1235/1235
f 1240/1240 1235/1235 1243/1243
f 1372/1372 1370/1370 1374/1374
f 1372/1372 1374/1374 1375/1375
f 1375/1375 1371/1371 1372/1372
f 1375/1375 1374/1374 1377/1377
f 1366/1366 1371/1371 1378/1378
f 1367/1367 1366/1366 1378/1378
f 1371/1371 1375/1375 1380/1380
f 1378/1378 1371/1371 1380/1380
f 1378/1378 1380/1380 1382/1382
f 1382/1382 1383/1383 1378/1378
f 1371/1371 1368/1368 1372/1372
f 1370/1370 1372/1372 1368/1368
f 1368/1368 1371/1371 1363/1363
f 1371/1371 1366/1366 1363/1363
f 1368/1368 1309/1309 1370/1370
f 1336/1336 1350/1350 1396/1396
f 1396/1396 1392/1392 1393/1393
f 1392/1392 1396/1396 1350/1350
f 1393/1393 1391/1391 1394/1394
f 1391/1391 1393/1393 1392/1392
f 1364/1364 1362/1362 1365/1365
f 1312/1312 1355/1355 1317/1317
f 1355/1355 1352/1352 1317/1317
f 1349/1349 1353/1353 1354/1354
f 1309/1309 1368/1368 1358/1358
f 1363/1363 1358/1358 1368/1368
f 1365/1365 1366/1366 1367/1367
f 1367/1367 1364/1364 1365/1365
f 1360/1360 1363/1363 1366/1366
f 1360/1360 1366/1366 1365/1365
f 1367/1367 1378/1378 1385/1385
f 1360/1360 1365/1365 1362/1362
f 1350/1350 1348/1348 1364/1364
f 1362/1362 1364/1364 1348/1348
f 1358/1358 1363/1363 1359/1359
f 1363/1363 1360/1360 1359/1359
f 1362/1362 1348/1348 1347/1347
f 1360/1360 1362/1362 1361/1361
f 1361/1361 1362/1362 1347/1347
f 1347/1347 1349/1349 1361/1361
f 1407/1407 1404/1404 1406/1406
f 1325/1325 1398/1398 1321/1321
f 1325/1325 1330/1330 1398/1398
f 1398/1398 1330/1330 1336/1336
f 1398/1398 1336/1336 1396/1396
f 1397/1397 1396/1396 1393/1393
f 1394/1394 1397/1397 1393/1393
f 1373/1373 1407/1407 1376/1376
f 1339/1339 1332/1332 1345/1345
f 1407/1407 1373/1373 1403/1403
f 1404/1404 1407/1407 1403/1403
f 1399/1399 1398/1398 1396/1396
f 1406/1406 1404/1404 1394/1394
f 1397/1397 1394/1394 1404/1404
f 1403/1403 1397/1397 1404/1404
f 1373/1373 1402/1402 1403/1403
f 1402/1402 1397/1397 1403/1403
f 1369/1369 1402/1402 1373/1373
f 1399/1399 1397/1397 1402/1402
f 1369/1369 1401/1401 1402/1402
f 1402/1402 1401/1401 1399/1399
f 1385/1385 1378/1378 1383/1383
f 1386/1386 1391/1391 1392/1392
f 1392/1392 1364/1364 1386/1386
f 1391/1391 1386/1386 1387/1387
f 1387/1387 1388/1388 1391/1391
f 1383/1383 1388/1388 1387/1387
f 1386/1386 1385/1385 1387/1387
f 1387/1387 1385/1385 1383/1383
f 1364/1364 1367/1367 1386/1386
f 1367/1367 1385/1385 1386/1386
f 1364/1364 1392/1392 1350/1350
f 1401/1401 1369/1369 1311/1311
f 1400/1400 1399/1399 1401/1401
f 1311/1311 1400/1400 1401/1401
f 1319/1319 1400/1400 1311/1311
f 1311/1311 1315/1315 1319/1319
f 1400/1400 1319/1319 1321/1321
f 1398/1398 1399/1399 1400/1400
f 1398/1398 1400/1400 1321/1321
f 1396/1396 1397/1397 1399/1399
f 1324/1324 1328/1328 1326/1326
f 1335/1335 1329/1329 1333/1333
f 1328/1328 1334/1334 1333/1333
f 1334/1334 1328/1328 1331/1331
f 1328/1328 1333/1333 1329/1329
f 1332/1332 1331/1331 1327/1327
f 1323/1323 1332/1332 1327/1327
f 1331/1331 1328/1328 1324/1324
f 1327/1327 1331/1331 1324/1324
f 1326/1326 1328/1328 1329/1329
f 1333/1333 1334/1334 1335/1335
f 1318/1318 1327/1327 1324/1324
f 1327/1327 1318/1318 1323/1323
f 1322/1322 1324/1324 1326/1326
f 1318/1318 1324/1324 1322/1322
f 1316/1316 1323/1323 1318/1318
f 1344/1344 1339/1339 1345/1345
f 1344/1344 1343/1343 1342/1342
f 1342/1342 1339/1339 1344/1344
f 1341/1341 1343/1343 1338/1338
f 1317/1317 1316/1316 1313/1313
f 1410/1410 1375/1375 1409/1409
f 1409/1409 1405/1405 1395/1395
f 1409/1409 1375/1375 1377/1377
f 1405/1405 1409/1409 1408/1408
f 1377/1377 1408/1408 1409/1409
f 1317/1317 1323/1323 1316/1316
f 1322/1322 1320/1320 1318/1318
f 1314/1314 1318/1318 1320/1320
f 1318/1318 1314/1314 1316/1316
f 1356/1356 1354/1354 1353/1353
f 1313/1313 1316/1316 1314/1314
f 1310/1310 1313/1313 1314/1314
f 1389/1389 1384/1384 1410/1410
f 1410/1410 1384/1384 1381/1381
f 1390/1390 1389/1389 1410/1410
f 1381/1381 1379/1379 1410/1410
f 1410/1410 1395/1395 1390/1390
f 1375/1375 1410/1410 1379/1379
f 1395/1395 1410/1410 1409/1409
f 1359/1359 1360/1360 1356/1356
f 1349/1349 1347/1347 1345/1345
f 1338/1338 1343/1343 1348/1348
f 1346/1346 1347/1347 1348/1348
f 1346/1346 1348/1348 1343/1343
f 1344/1344 1347/1347 1346/1346
f 1347/1347 1344/1344 1345/1345
f 1343/1343 1344/1344 1346/1346
f 1354/1354 1360/1360 1361/1361
f 1349/1349 1354/1354 1361/1361
f 1339/1339 1342/1342 1340/1340
f 1356/1356 1360/1360 1354/1354
f 1359/1359 1355/1355 1358/1358
f 1359/1359 1356/1356 1357/1357
f 1355/1355 1359/1359 1357/1357
f 1358/1358 1312/1312 1309/1309
f 1312/1312 1358/1358 1355/1355
f 1356/1356 1352/1352 1357/1357
f 1352/1352 1355/1355 1357/1357
f 1353/1353 1352/1352 1356/1356
f 1348/1348 1350/1350 1338/1338
f 1342/1342 1341/1341 1340/1340
f 1335/1335 1341/1341 1338/1338
f 1343/1343 1341/1341 1342/1342
f 1335/1335 1340/1340 1341/1341
f 1334/1334 1339/1339 1340/1340
f 1340/1340 1335/1335 1334/1334
f 1331/1331 1332/1332 1339/1339
f 1339/1339 1334/1334 1331/1331
f 1335/1335 1338/1338 1337/1337
f 1329/1329 1335/1335 1337/1337
f 1351/1351 1353/1353 1349/1349
f 1350/1350 1336/1336 1338/1338
f 1349/1349 1332/1332 1351/1351
f 1332/1332 1323/1323 1351/1351
f 1351/1351 1323/1323 1352/1352
f 1317/1317 1352/1352 1323/1323
f 1332/1332 1349/1349 1345/1345
f 1352/1352 1353/1353 1351/1351
f 1462/1462 1465/1465 1458/1458
f 1462/1462 1460/1460 1463/1463
f 1465/1465 1448/1448 1458/1458
f 1463/1463 1466/1466 1462/1462
f 1443/1443 1438/1438 1445/1445
f 1438/1438 1422/1422 1445/1445
f 1415/1415 1422/1422 1412/1412
f 1422/1422 1415/1415 1445/1445
f 1446/1446 1443/1443 1445/1445
f 1415/1415 1446/1446 1445/1445
f 1446/1446 1444/1444 1443/1443
f 1446/1446 1415/1415 1414/1414
f 1418/1418 1446/1446 1414/1414
f 1446/1446 1418/1418 1447/1447
f 1447/1447 1418/1418 1431/1431
f 1449/1449 1447/1447 1431/1431
f 1447/1447 1448/1448 1446/1446
f 1446/1446 1448/1448 1444/1444
f 1451/1451 1453/1453 1449/1449
f 1475/1475 1452/1452 1472/1472
f 1472/1472 1474/1474 1475/1475
f 1452/1452 1475/1475 1442/1442
f 1474/1474 1472/1472 1470/1470
f 1477/1477 1475/1475 1474/1474
f 1475/1475 1439/1439 1442/1442
f 1475/1475 1477/1477 1478/1478
f 1452/1452 1444/1444 1448/1448
f 1442/1442 1444/1444 1452/1452
f 1459/1459 1462/1462 1458/1458
f 1453/1453 1451/1451 1454/1454
f 1457/1457 1453/1453 1454/1454
f 1458/1458 1449/1449 1453/1453
f 1448/1448 1449/1449 1458/1458
f 1453/1453 1457/1457 1459/1459
f 1459/1459 1458/1458 1453/1453
f 1460/1460 1459/1459 1457/1457
f 1459/1459 1460/1460 1462/1462
f 1428/1428 1433/1433 1429/1429
f 1419/1419 1417/1417 1423/1423
f 1424/1424 1421/1421 1427/1427
f 1421/1421 1424/1424 1420/1420
f 1417/1417 1428/1428 1423/1423
f 1428/1428 1417/1417 1420/1420
f 1429/1429 1419/1419 1423/1423
f 1423/1423 1428/1428 1429/1429
f 1419/1419 1429/1429 1430/1430
f 1420/1420 1432/1432 1428/1428
f 1420/1420 1411/1411 1421/1421
f 1428/1428 1432/1432 1433/1433
f 1420/1420 1424/1424 1434/1434
f 1432/1432 1420/1420 1434/1434
f 1424/1424 1435/1435 1434/1434
f 1411/1411 1413/1413 1416/1416
f 1413/1413 1411/1411 1417/1417
f 1417/1417 1419/1419 1413/1413
f 1448/1448 1472/1472 1452/1452
f 1441/1441 1437/1437 1440/1440
f 1449/1449 1431/1431 1451/1451
f 1432/1432 1434/1434 1436/1436
f 1435/1435 1424/1424 1437/1437
f 1437/1437 1424/1424 1426/1426
f 1426/1426 1438/1438 1437/1437
f 1436/1436 1434/1434 1439/1439
f 1435/1435 1439/1439 1434/1434
f 1440/1440 1437/1437 1438/1438
f 1437/1437 1441/1441 1435/1435
f 1448/1448 1447/1447 1449/1449
f 1435/1435 1442/1442 1439/1439
f 1442/1442 1435/1435 1441/1441
f 1443/1443 1441/1441 1440/1440
f 1443/1443 1440/1440 1438/1438
f 1444/1444 1442/1442 1441/1441
f 1441/1441 1443/1443 1444/1444
f 1422/1422 1438/1438 1425/1425
f 1417/1417 1411/1411 1420/1420
f 1499/1499 1500/1500 1497/1497
f 1506/1506 1455/1455 1450/1450
f 1467/1467 1507/1507 1505/1505
f 1506/1506 1505/1505 1507/1507
f 1507/1507 1467/1467 1464/1464
f 1455/1455 1506/1506 1508/1508
f 1497/1497 1493/1493 1498/1498
f 1498/1498 1486/1486 1499/1499
f 1499/1499 1497/1497 1498/1498
f 1483/1483 1499/1499 1486/1486
f 1496/1496 1497/1497 1500/1500
f 1430/1430 1506/1506 1450/1450
f 1501/1501 1496/1496 1500/1500
f 1500/1500 1499/1499 1501/1501
f 1496/1496 1501/1501 1495/1495
f 1429/1429 1495/1495 1501/1501
f 1499/1499 1483/1483 1502/1502
f 1502/1502 1501/1501 1499/1499
f 1481/1481 1502/1502 1483/1483
f 1503/1503 1501/1501 1502/1502
f 1481/1481 1503/1503 1502/1502
f 1503/1503 1481/1481 1476/1476
f 1506/1506 1507/1507 1508/1508
f 1509/1509 1455/1455 1508/1508
f 1507/1507 1509/1509 1508/1508
f 1455/1455 1509/1509 1456/1456
f 1509/1509 1461/1461 1456/1456
f 1507/1507 1464/1464 1510/1510
f 1507/1507 1510/1510 1509/1509
f 1464/1464 1461/1461 1510/1510
f 1461/1461 1509/1509 1510/1510
f 1472/1472 1469/1469 1470/1470
f 1504/1504 1429/1429 1503/1503
f 1476/1476 1504/1504 1503/1503
f 1504/1504 1476/1476 1473/1473
f 1429/1429 1504/1504 1430/1430
f 1471/1471 1504/1504 1473/1473
f 1504/1504 1471/1471 1505/1505
f 1430/1430 1504/1504 1505/1505
f 1505/1505 1471/1471 1467/1467
f 1506/1506 1430/1430 1505/1505
f 1432/1432 1488/1488 1489/1489
f 1439/1439 1479/1479 1436/1436
f 1482/1482 1479/1479 1480/1480
f 1479/1479 1432/1432 1436/1436
f 1479/1479 1482/1482 1484/1484
f 1479/1479 1484/1484 1432/1432
f 1484/1484 1482/1482 1485/1485
f 1484/1484 1485/1485 1487/1487
f 1488/1488 1432/1432 1484/1484
f 1488/1488 1484/1484 1487/1487
f 1490/1490 1489/1489 1488/1488
f 1433/1433 1432/1432 1489/1489
f 1490/1490 1488/1488 1487/1487
f 1462/1462 1466/1466 1465/1465
f 1468/1468 1466/1466 1463/1463
f 1469/1469 1465/1465 1466/1466
f 1466/1466 1468/1468 1469/1469
f 1465/1465 1469/1469 1448/1448
f 1470/1470 1469/1469 1468/1468
f 1472/1472 1448/1448 1469/1469
f 1479/1479 1439/1439 1478/1478
f 1501/1501 1503/1503 1429/1429
f 1486/1486 1490/1490 1487/1487
f 1489/1489 1491/1491 1433/1433
f 1492/1492 1489/1489 1490/1490
f 1489/1489 1492/1492 1491/1491
f 1493/1493 1492/1492 1490/1490
f 1490/1490 1486/1486 1493/1493
f 1494/1494 1491/1491 1492/1492
f 1480/1480 1479/1479 1477/1477
f 1492/1492 1493/1493 1494/1494
f 1495/1495 1429/1429 1433/1433
f 1479/1479 1478/1478 1477/1477
f 1439/1439 1475/1475 1478/1478
f 1486/1486 1498/1498 1493/1493
f 1497/1497 1496/1496 1494/1494
f 1493/1493 1497/1497 1494/1494
f 1496/1496 1495/1495 1491/1491
f 1491/1491 1494/1494 1496/1496
f 1491/1491 1495/1495 1433/1433
f 1588/1588 1582/1582 1587/1587
f 1591/1591 1593/1593 1534/1534
f 1589/1589 1592/1592 1591/1591
f 1592/1592 1589/1589 1590/1590
f 1589/1589 1591/1591 1534/1534
f 1586/1586 1590/1590 1587/1587
f 1590/1590 1589/1589 1588/1588
f 1590/1590 1588/1588 1587/1587
f 1534/1534 1533/1533 1589/1589
f 1533/1533 1588/1588 1589/1589
f 1601/1601 1600/1600 1595/1595
f 1588/1588 1533/1533 1582/1582
f 1582/1582 1585/1585 1587/1587
f 1599/1599 1586/1586 1600/1600
f 1600/1600 1598/1598 1599/1599
f 1583/1583 1600/1600 1586/1586
f 1594/1594 1598/1598 1601/1601
f 1600/1600 1601/1601 1598/1598
f 1595/1595 1594/1594 1601/1601
f 1576/1576 1573/1573 1577/1577
f 1598/1598 1596/1596 1599/1599
f 1579/1579 1582/1582 1533/1533
f 1581/1581 1582/1582 1579/1579
f 1533/1533 1536/1536 1579/1579
f 1579/1579 1577/1577 1581/1581
f 1539/1539 1579/1579 1536/1536
f 1579/1579 1576/1576 1577/1577
f 1582/1582 1581/1581 1584/1584
f 1579/1579 1539/1539 1576/1576
f 1593/1593 1528/1528 1534/1534
f 1539/1539 1575/1575 1576/1576
f 1573/1573 1576/1576 1575/1575
f 1575/1575 1539/1539 1546/1546
f 1552/1552 1575/1575 1546/1546
f 1575/1575 1572/1572 1573/1573
f 1575/1575 1552/1552 1572/1572
f 1528/1528 1593/1593 1595/1595
f 1592/1592 1594/1594 1591/1591
f 1593/1593 1591/1591 1594/1594
f 1555/1555 1609/1609 1556/1556
f 1603/1603 1595/1595 1602/1602
f 1583/1583 1603/1603 1602/1602
f 1602/1602 1595/1595 1600/1600
f 1600/1600 1583/1583 1602/1602
f 1560/1560 1556/1556 1610/1610
f 1564/1564 1560/1560 1610/1610
f 1609/1609 1610/1610 1556/1556
f 1607/1607 1610/1610 1609/1609
f 1607/1607 1564/1564 1610/1610
f 1603/1603 1583/1583 1580/1580
f 1607/1607 1609/1609 1608/1608
f 1609/1609 1555/1555 1608/1608
f 1606/1606 1607/1607 1608/1608
f 1555/1555 1606/1606 1608/1608
f 1607/1607 1567/1567 1564/1564
f 1606/1606 1605/1605 1607/1607
f 1567/1567 1607/1607 1605/1605
f 1606/1606 1555/1555 1550/1550
f 1530/1530 1606/1606 1550/1550
f 1530/1530 1604/1604 1605/1605
f 1596/1596 1598/1598 1597/1597
f 1598/1598 1594/1594 1597/1597
f 1592/1592 1596/1596 1597/1597
f 1597/1597 1594/1594 1592/1592
f 1590/1590 1586/1586 1596/1596
f 1596/1596 1592/1592 1590/1590
f 1594/1594 1595/1595 1593/1593
f 1605/1605 1606/1606 1530/1530
f 1605/1605 1570/1570 1567/1567
f 1596/1596 1586/1586 1599/1599
f 1604/1604 1570/1570 1605/1605
f 1570/1570 1604/1604 1574/1574
f 1528/1528 1604/1604 1530/1530
f 1604/1604 1578/1578 1574/1574
f 1578/1578 1604/1604 1603/1603
f 1604/1604 1528/1528 1603/1603
f 1603/1603 1580/1580 1578/1578
f 1595/1595 1603/1603 1528/1528
f 1544/1544 1518/1518 1547/1547
f 1537/1537 1524/1524 1527/1527
f 1535/1535 1524/1524 1537/1537
f 1533/1533 1532/1532 1536/1536
f 1524/1524 1535/1535 1532/1532
f 1531/1531 1533/1533 1534/1534
f 1531/1531 1534/1534 1528/1528
f 1533/1533 1520/1520 1532/1532
f 1520/1520 1533/1533 1531/1531
f 1520/1520 1524/1524 1532/1532
f 1527/1527 1538/1538 1537/1537
f 1535/1535 1546/1546 1539/1539
f 1545/1545 1546/1546 1540/1540
f 1546/1546 1535/1535 1540/1540
f 1544/1544 1545/1545 1543/1543
f 1540/1540 1543/1543 1545/1545
f 1518/1518 1544/1544 1513/1513
f 1544/1544 1516/1516 1513/1513
f 1544/1544 1543/1543 1541/1541
f 1516/1516 1544/1544 1541/1541
f 1519/1519 1528/1528 1530/1530
f 1520/1520 1523/1523 1517/1517
f 1519/1519 1517/1517 1523/1523
f 1520/1520 1512/1512 1522/1522
f 1517/1517 1512/1512 1520/1520
f 1517/1517 1519/1519 1514/1514
f 1517/1517 1514/1514 1512/1512
f 1512/1512 1514/1514 1515/1515
f 1523/1523 1531/1531 1528/1528
f 1523/1523 1520/1520 1531/1531
f 1559/1559 1561/1561 1562/1562
f 1528/1528 1519/1519 1523/1523
f 1522/1522 1524/1524 1520/1520
f 1524/1524 1522/1522 1526/1526
f 1511/1511 1541/1541 1521/1521
f 1538/1538 1521/1521 1541/1541
f 1537/1537 1540/1540 1535/1535
f 1521/1521 1538/1538 1525/1525
f 1535/1535 1539/1539 1532/1532
f 1536/1536 1532/1532 1539/1539
f 1565/1565 1569/1569 1548/1548
f 1547/1547 1548/1548 1544/1544
f 1544/1544 1548/1548 1545/1545
f 1547/1547 1518/1518 1529/1529
f 1573/1573 1572/1572 1571/1571
f 1582/1582 1584/1584 1585/1585
f 1548/1548 1572/1572 1552/1552
f 1569/1569 1571/1571 1572/1572
f 1569/1569 1572/1572 1548/1548
f 1571/1571 1569/1569 1568/1568
f 1543/1543 1540/1540 1542/1542
f 1566/1566 1568/1568 1569/1569
f 1569/1569 1565/1565 1566/1566
f 1568/1568 1566/1566 1563/1563
f 1562/1562 1566/1566 1565/1565
f 1563/1563 1566/1566 1562/1562
f 1565/1565 1548/1548 1558/1558
f 1562/1562 1565/1565 1558/1558
f 1563/1563 1562/1562 1561/1561
f 1559/1559 1562/1562 1558/1558
f 1548/1548 1547/1547 1549/1549
f 1549/1549 1547/1547 1529/1529
f 1543/1543 1538/1538 1541/1541
f 1543/1543 1542/1542 1538/1538
f 1540/1540 1537/1537 1542/1542
f 1537/1537 1538/1538 1542/1542
f 1541/1541 1511/1511 1516/1516
f 1561/1561 1559/1559 1557/1557
f 1559/1559 1558/1558 1553/1553
f 1553/1553 1557/1557 1559/1559
f 1558/1558 1549/1549 1553/1553
f 1557/1557 1553/1553 1554/1554
f 1553/1553 1551/1551 1554/1554
f 1551/1551 1553/1553 1549/1549
f 1545/1545 1548/1548 1552/1552
f 1546/1546 1545/1545 1552/1552
f 1549/1549 1529/1529 1551/1551
f 1548/1548 1549/1549 1558/1558
f 1694/1694 1677/1677 1681/1681
f 1695/1695 1677/1677 1694/1694
f 1695/1695 1674/1674 1677/1677
f 1681/1681 1696/1696 1694/1694
f 1681/1681 1693/1693 1696/1696
f 1696/1696 1693/1693 1691/1691
f 1697/1697 1694/1694 1696/1696
f 1694/1694 1697/1697 1695/1695
f 1698/1698 1696/1696 1691/1691
f 1696/1696 1698/1698 1697/1697
f 1692/1692 1680/1680 1689/1689
f 1689/1689 1680/1680 1679/1679
f 1690/1690 1692/1692 1689/1689
f 1656/1656 1666/1666 1704/1704
f 1704/1704 1703/1703 1649/1649
f 1666/1666 1703/1703 1704/1704
f 1703/1703 1650/1650 1649/1649
f 1666/1666 1699/1699 1703/1703
f 1660/1660 1657/1657 1661/1661
f 1700/1700 1703/1703 1699/1699
f 1682/1682 1671/1671 1672/1672
f 1657/1657 1613/1613 1661/1661
f 1679/1679 1675/1675 1689/1689
f 1689/1689 1687/1687 1690/1690
f 1671/1671 1689/1689 1675/1675
f 1687/1687 1689/1689 1682/1682
f 1689/1689 1671/1671 1682/1682
f 1682/1682 1686/1686 1687/1687
f 1686/1686 1682/1682 1683/1683
f 1672/1672 1683/1683 1682/1682
f 1699/1699 1674/1674 1695/1695
f 1677/1677 1678/1678 1681/1681
f 1677/1677 1676/1676 1678/1678
f 1674/1674 1670/1670 1677/1677
f 1676/1676 1677/1677 1670/1670
f 1670/1670 1671/1671 1676/1676
f 1674/1674 1666/1666 1665/1665
f 1665/1665 1670/1670 1674/1674
f 1700/1700 1695/1695 1697/1697
f 1666/1666 1674/1674 1699/1699
f 1710/1710 1688/1688 1712/1712
f 1627/1627 1631/1631 1705/1705
f 1705/1705 1631/1631 1639/1639
f 1705/1705 1639/1639 1702/1702
f 1704/1704 1651/1651 1656/1656
f 1649/1649 1651/1651 1704/1704
f 1685/1685 1684/1684 1712/1712
f 1685/1685 1712/1712 1688/1688
f 1712/1712 1684/1684 1711/1711
f 1711/1711 1710/1710 1712/1712
f 1705/1705 1623/1623 1627/1627
f 1684/1684 1673/1673 1711/1711
f 1673/1673 1668/1668 1711/1711
f 1709/1709 1710/1710 1711/1711
f 1668/1668 1709/1709 1711/1711
f 1688/1688 1710/1710 1701/1701
f 1710/1710 1702/1702 1701/1701
f 1707/1707 1710/1710 1709/1709
f 1664/1664 1709/1709 1668/1668
f 1702/1702 1710/1710 1707/1707
f 1664/1664 1708/1708 1709/1709
f 1639/1639 1652/1652 1702/1702
f 1652/1652 1650/1650 1700/1700
f 1702/1702 1698/1698 1701/1701
f 1698/1698 1702/1702 1652/1652
f 1701/1701 1691/1691 1688/1688
f 1691/1691 1701/1701 1698/1698
f 1697/1697 1652/1652 1700/1700
f 1652/1652 1697/1697 1698/1698
f 1695/1695 1700/1700 1699/1699
f 1703/1703 1700/1700 1650/1650
f 1708/1708 1664/1664 1611/1611
f 1706/1706 1707/1707 1708/1708
f 1611/1611 1706/1706 1708/1708
f 1622/1622 1706/1706 1611/1611
f 1611/1611 1616/1616 1622/1622
f 1707/1707 1706/1706 1705/1705
f 1707/1707 1705/1705 1702/1702
f 1706/1706 1622/1622 1623/1623
f 1705/1705 1706/1706 1623/1623
f 1637/1637 1632/1632 1635/1635
f 1638/1638 1642/1642 1643/1643
f 1642/1642 1637/1637 1641/1641
f 1642/1642 1638/1638 1637/1637
f 1636/1636 1640/1640 1641/1641
f 1641/1641 1637/1637 1636/1636
f 1633/1633 1634/1634 1640/1640
f 1633/1633 1640/1640 1636/1636
f 1632/1632 1637/1637 1638/1638
f 1635/1635 1636/1636 1637/1637
f 1644/1644 1642/1642 1641/1641
f 1630/1630 1636/1636 1635/1635
f 1636/1636 1630/1630 1633/1633
f 1635/1635 1632/1632 1630/1630
f 1634/1634 1633/1633 1629/1629
f 1652/1652 1639/1639 1643/1643
f 1650/1650 1652/1652 1643/1643
f 1634/1634 1651/1651 1647/1647
f 1651/1651 1649/1649 1647/1647
f 1643/1643 1645/1645 1650/1650
f 1624/1624 1626/1626 1628/1628
f 1709/1709 1708/1708 1707/1707
f 1612/1612 1615/1615 1617/1617
f 1625/1625 1634/1634 1629/1629
f 1633/1633 1630/1630 1626/1626
f 1629/1629 1633/1633 1626/1626
f 1628/1628 1630/1630 1632/1632
f 1626/1626 1630/1630 1628/1628
f 1620/1620 1629/1629 1626/1626
f 1629/1629 1620/1620 1625/1625
f 1648/1648 1649/1649 1650/1650
f 1620/1620 1626/1626 1624/1624
f 1618/1618 1625/1625 1620/1620
f 1619/1619 1625/1625 1618/1618
f 1620/1620 1624/1624 1621/1621
f 1617/1617 1620/1620 1621/1621
f 1620/1620 1617/1617 1618/1618
f 1618/1618 1615/1615 1619/1619
f 1615/1615 1618/1618 1617/1617
f 1640/1640 1644/1644 1641/1641
f 1670/1670 1662/1662 1667/1667
f 1654/1654 1655/1655 1653/1653
f 1653/1653 1655/1655 1651/1651
f 1619/1619 1654/1654 1625/1625
f 1625/1625 1654/1654 1653/1653
f 1634/1634 1625/1625 1653/1653
f 1651/1651 1634/1634 1653/1653
f 1671/1671 1669/1669 1672/1672
f 1671/1671 1670/1670 1667/1667
f 1667/1667 1669/1669 1671/1671
f 1651/1651 1655/1655 1656/1656
f 1662/1662 1670/1670 1665/1665
f 1667/1667 1663/1663 1669/1669
f 1663/1663 1667/1667 1662/1662
f 1658/1658 1666/1666 1656/1656
f 1665/1665 1666/1666 1660/1660
f 1658/1658 1660/1660 1666/1666
f 1665/1665 1661/1661 1662/1662
f 1661/1661 1665/1665 1660/1660
f 1662/1662 1613/1613 1663/1663
f 1645/1645 1642/1642 1644/1644
f 1648/1648 1650/1650 1645/1645
f 1646/1646 1649/1649 1648/1648
f 1649/1649 1646/1646 1647/1647
f 1645/1645 1646/1646 1648/1648
f 1640/1640 1634/1634 1647/1647
f 1646/1646 1640/1640 1647/1647
f 1646/1646 1645/1645 1644/1644
f 1644/1644 1640/1640 1646/1646
f 1642/1642 1645/1645 1643/1643
f 1613/1613 1662/1662 1661/1661
f 1660/1660 1658/1658 1659/1659
f 1657/1657 1660/1660 1659/1659
f 1658/1658 1654/1654 1659/1659
f 1654/1654 1657/1657 1659/1659
f 1658/1658 1656/1656 1655/1655
f 1654/1654 1658/1658 1655/1655
f 1613/1613 1657/1657 1614/1614
f 1614/1614 1657/1657 1619/1619
f 1657/1657 1654/1654 1619/1619
f 1713/1713 1717/1717 1719/1719
f 1717/1717 1720/1720 1719/1719
f 1720/1720 1717/1717 1721/1721
f 1722/1722 1719/1719 1720/1720
f 1719/1719 1722/1722 1724/1724
f 1722/1722 1726/1726 1724/1724
f 1721/1721 1727/1727 1720/1720
f 1720/1720 1727/1727 1722/1722
f 1728/1728 1726/1726 1722/1722
f 1728/1728 1729/1729 1726/1726
f 1731/1731 1722/1722 1727/1727
f 1722/1722 1731/1731 1728/1728
f 1743/1743 1746/1746 1752/1752
f 1753/1753 1751/1751 1750/1750
f 1747/1747 1753/1753 1750/1750
f 1752/1752 1754/1754 1743/1743
f 1754/1754 1739/1739 1743/1743
f 1753/1753 1747/1747 1755/1755
f 1747/1747 1727/1727 1755/1755
f 1727/1727 1756/1756 1755/1755
f 1721/1721 1756/1756 1727/1727
f 1755/1755 1757/1757 1753/1753
f 1756/1756 1757/1757 1755/1755
f 1753/1753 1757/1757 1758/1758
f 1759/1759 1756/1756 1721/1721
f 1716/1716 1759/1759 1721/1721
f 1760/1760 1757/1757 1756/1756
f 1760/1760 1758/1758 1757/1757
f 1756/1756 1759/1759 1761/1761
f 1760/1760 1756/1756 1761/1761
f 1716/1716 1762/1762 1759/1759
f 1762/1762 1716/1716 1714/1714
f 1759/1759 1763/1763 1761/1761
f 1763/1763 1760/1760 1761/1761
f 1763/1763 1759/1759 1762/1762
f 1714/1714 1765/1765 1762/1762
f 1760/1760 1763/1763 1766/1766
f 1760/1760 1766/1766 1758/1758
f 1762/1762 1767/1767 1763/1763
f 1767/1767 1766/1766 1763/1763
f 1768/1768 1762/1762 1765/1765
f 1767/1767 1762/1762 1768/1768
f 1765/1765 1769/1769 1768/1768
f 1769/1769 1765/1765 1770/1770
f 1768/1768 1772/1772 1767/1767
f 1772/1772 1768/1768 1769/1769
f 1769/1769 1770/1770 1773/1773
f 1773/1773 1772/1772 1769/1769
f 1773/1773 1770/1770 1775/1775
f 1772/1772 1776/1776 1767/1767
f 1766/1766 1767/1767 1776/1776
f 1772/1772 1773/1773 1778/1778
f 1778/1778 1779/1779 1772/1772
f 1776/1776 1772/1772 1779/1779
f 1779/1779 1778/1778 1780/1780
f 1782/1782 1773/1773 1775/1775
f 1775/1775 1783/1783 1782/1782
f 1785/1785 1782/1782 1783/1783
f 1782/1782 1785/1785 1787/1787
f 1782/1782 1789/1789 1773/1773
f 1787/1787 1789/1789 1782/1782
f 1773/1773 1789/1789 1777/1777
f 1789/1789 1787/1787 1791/1791
f 1781/1781 1777/1777 1789/1789
f 1791/1791 1793/1793 1789/1789
f 1789/1789 1795/1795 1781/1781
f 1793/1793 1795/1795 1789/1789
f 1780/1780 1796/1796 1779/1779
f 1796/1796 1780/1780 1794/1794
f 1797/1797 1779/1779 1796/1796
f 1779/1779 1797/1797 1776/1776
f 1794/1794 1798/1798 1796/1796
f 1794/1794 1792/1792 1798/1798
f 1798/1798 1792/1792 1790/1790
f 1799/1799 1796/1796 1798/1798
f 1796/1796 1799/1799 1797/1797
f 1800/1800 1798/1798 1790/1790
f 1798/1798 1800/1800 1799/1799
f 1801/1801 1776/1776 1797/1797
f 1766/1766 1776/1776 1801/1801
f 1802/1802 1797/1797 1799/1799
f 1797/1797 1802/1802 1801/1801
f 1800/1800 1802/1802 1799/1799
f 1766/1766 1801/1801 1803/1803
f 1802/1802 1803/1803 1801/1801
f 1766/1766 1803/1803 1804/1804
f 1758/1758 1766/1766 1804/1804
f 1804/1804 1753/1753 1758/1758
f 1751/1751 1753/1753 1804/1804
f 1804/1804 1803/1803 1751/1751
f 1803/1803 1752/1752 1751/1751
f 1803/1803 1802/1802 1752/1752
f 1754/1754 1752/1752 1802/1802
f 1802/1802 1800/1800 1754/1754
f 1805/1805 1754/1754 1800/1800
f 1790/1790 1805/1805 1800/1800
f 1805/1805 1790/1790 1788/1788
f 1754/1754 1805/1805 1806/1806
f 1739/1739 1754/1754 1806/1806
f 1807/1807 1805/1805 1788/1788
f 1786/1786 1807/1807 1788/1788
f 1808/1808 1805/1805 1807/1807
f 1808/1808 1806/1806 1805/1805
f 1786/1786 1809/1809 1807/1807
f 1809/1809 1808/1808 1807/1807
f 1809/1809 1786/1786 1784/1784
f 1784/1784 1774/1774 1809/1809
f 1809/1809 1774/1774 1771/1771
f 1771/1771 1810/1810 1809/1809
f 1810/1810 1808/1808 1809/1809
f 1764/1764 1810/1810 1771/1771
f 1811/1811 1808/1808 1810/1810
f 1806/1806 1808/1808 1811/1811
f 1764/1764 1812/1812 1810/1810
f 1810/1810 1812/1812 1811/1811
f 1812/1812 1764/1764 1715/1715
f 1811/1811 1813/1813 1806/1806
f 1813/1813 1739/1739 1806/1806
f 1813/1813 1734/1734 1739/1739
f 1730/1730 1734/1734 1813/1813
f 1725/1725 1730/1730 1813/1813
f 1814/1814 1811/1811 1812/1812
f 1811/1811 1814/1814 1813/1813
f 1813/1813 1814/1814 1725/1725
f 1715/1715 1814/1814 1812/1812
f 1814/1814 1723/1723 1725/1725
f 1814/1814 1715/1715 1723/1723
f 1715/1715 1718/1718 1723/1723
f 1745/1745 1741/1741 1742/1742
f 1744/1744 1745/1745 1742/1742
f 1741/1741 1746/1746 1743/1743
f 1746/1746 1741/1741 1745/1745
f 1747/1747 1744/1744 1735/1735
f 1747/1747 1735/1735 1731/1731
f 1727/1727 1747/1747 1731/1731
f 1745/1745 1744/1744 1748/1748
f 1746/1746 1745/1745 1749/1749
f 1745/1745 1748/1748 1749/1749
f 1748/1748 1744/1744 1750/1750
f 1744/1744 1747/1747 1750/1750
f 1751/1751 1749/1749 1748/1748
f 1751/1751 1748/1748 1750/1750
f 1749/1749 1752/1752 1746/1746
f 1749/1749 1751/1751 1752/1752
f 1732/1732 1729/1729 1728/1728
f 1729/1729 1732/1732 1733/1733
f 1731/1731 1735/1735 1728/1728
f 1732/1732 1728/1728 1735/1735
f 1736/1736 1733/1733 1732/1732
f 1735/1735 1736/1736 1732/1732
f 1737/1737 1733/1733 1736/1736
f 1733/1733 1737/1737 1738/1738
f 1736/1736 1735/1735 1740/1740
f 1736/1736 1740/1740 1737/1737
f 1741/1741 1738/1738 1737/1737
f 1742/1742 1737/1737 1740/1740
f 1741/1741 1737/1737 1742/1742
f 1735/1735 1742/1742 1740/1740
f 1738/1738 1741/1741 1743/1743
f 1742/1742 1735/1735 1744/1744
f 1845/1845 1842/1842 1843/1843
f 1841/1841 1839/1839 1844/1844
f 1844/1844 1840/1840 1842/1842
f 1840/1840 1844/1844 1839/1839
f 1842/1842 1830/1830 1843/1843
f 1830/1830 1842/1842 1840/1840
f 1839/1839 1841/1841 1836/1836
f 1840/1840 1828/1828 1830/1830
f 1839/1839 1828/1828 1840/1840
f 1828/1828 1839/1839 1836/1836
f 1838/1838 1835/1835 1837/1837
f 1835/1835 1838/1838 1832/1832
f 1837/1837 1824/1824 1836/1836
f 1824/1824 1837/1837 1835/1835
f 1824/1824 1828/1828 1836/1836
f 1827/1827 1835/1835 1832/1832
f 1850/1850 1823/1823 1833/1833
f 1848/1848 1823/1823 1850/1850
f 1844/1844 1845/1845 1849/1849
f 1848/1848 1849/1849 1845/1845
f 1823/1823 1848/1848 1815/1815
f 1848/1848 1818/1818 1815/1815
f 1848/1848 1845/1845 1847/1847
f 1818/1818 1848/1848 1847/1847
f 1847/1847 1826/1826 1818/1818
f 1818/1818 1826/1826 1820/1820
f 1847/1847 1829/1829 1826/1826
f 1847/1847 1843/1843 1829/1829
f 1845/1845 1843/1843 1847/1847
f 1837/1837 1836/1836 1846/1846
f 1846/1846 1836/1836 1841/1841
f 1845/1845 1844/1844 1842/1842
f 1865/1865 1864/1864 1863/1863
f 1859/1859 1864/1864 1858/1858
f 1859/1859 1863/1863 1864/1864
f 1863/1863 1859/1859 1860/1860
f 1859/1859 1856/1856 1860/1860
f 1859/1859 1858/1858 1855/1855
f 1856/1856 1859/1859 1855/1855
f 1851/1851 1852/1852 1858/1858
f 1858/1858 1852/1852 1855/1855
f 1855/1855 1853/1853 1856/1856
f 1853/1853 1855/1855 1852/1852
f 1852/1852 1833/1833 1853/1853
f 1851/1851 1850/1850 1852/1852
f 1852/1852 1850/1850 1833/1833
f 1848/1848 1851/1851 1849/1849
f 1850/1850 1851/1851 1848/1848
f 1879/1879 1849/1849 1877/1877
f 1878/1878 1874/1874 1876/1876
f 1849/1849 1851/1851 1877/1877
f 1851/1851 1874/1874 1877/1877
f 1872/1872 1876/1876 1874/1874
f 1869/1869 1874/1874 1851/1851
f 1869/1869 1872/1872 1874/1874
f 1872/1872 1869/1869 1871/1871
f 1865/1865 1871/1871 1869/1869
f 1867/1867 1869/1869 1851/1851
f 1869/1869 1867/1867 1868/1868
f 1865/1865 1869/1869 1868/1868
f 1864/1864 1868/1868 1867/1867
f 1864/1864 1865/1865 1868/1868
f 1867/1867 1851/1851 1858/1858
f 1864/1864 1867/1867 1858/1858
f 1883/1883 1888/1888 1837/1837
f 1883/1883 1887/1887 1888/1888
f 1837/1837 1846/1846 1883/1883
f 1887/1887 1883/1883 1885/1885
f 1883/1883 1881/1881 1885/1885
f 1841/1841 1883/1883 1846/1846
f 1883/1883 1880/1880 1881/1881
f 1883/1883 1841/1841 1880/1880
f 1880/1880 1876/1876 1881/1881
f 1841/1841 1879/1879 1880/1880
f 1880/1880 1879/1879 1878/1878
f 1876/1876 1880/1880 1878/1878
f 1879/1879 1841/1841 1844/1844
f 1849/1849 1879/1879 1844/1844
f 1874/1874 1878/1878 1879/1879
f 1879/1879 1877/1877 1874/1874
f 1896/1896 1898/1898 1895/1895
f 1897/1897 1895/1895 1898/1898
f 1897/1897 1832/1832 1838/1838
f 1895/1895 1897/1897 1838/1838
f 1893/1893 1896/1896 1895/1895
f 1896/1896 1893/1893 1894/1894
f 1893/1893 1895/1895 1838/1838
f 1890/1890 1894/1894 1891/1891
f 1894/1894 1893/1893 1892/1892
f 1894/1894 1892/1892 1891/1891
f 1838/1838 1837/1837 1893/1893
f 1837/1837 1892/1892 1893/1893
f 1892/1892 1888/1888 1891/1891
f 1892/1892 1837/1837 1888/1888
f 1888/1888 1889/1889 1891/1891
f 1889/1889 1888/1888 1887/1887
f 1903/1903 1905/1905 1899/1899
f 1905/1905 1903/1903 1902/1902
f 1905/1905 1902/1902 1904/1904
f 1905/1905 1904/1904 1890/1890
f 1902/1902 1900/1900 1904/1904
f 1900/1900 1890/1890 1904/1904
f 1898/1898 1902/1902 1903/1903
f 1899/1899 1898/1898 1903/1903
f 1900/1900 1902/1902 1901/1901
f 1902/1902 1898/1898 1901/1901
f 1896/1896 1900/1900 1901/1901
f 1901/1901 1898/1898 1896/1896
f 1894/1894 1890/1890 1900/1900
f 1900/1900 1896/1896 1894/1894
f 1898/1898 1899/1899 1897/1897
f 1832/1832 1897/1897 1899/1899
f 1909/1909 1873/1873 1870/1870
f 1834/1834 1908/1908 1909/1909
f 1908/1908 1873/1873 1909/1909
f 1873/1873 1908/1908 1875/1875
f 1832/1832 1908/1908 1834/1834
f 1908/1908 1882/1882 1875/1875
f 1882/1882 1908/1908 1907/1907
f 1907/1907 1908/1908 1832/1832
f 1907/1907 1884/1884 1882/1882
f 1907/1907 1886/1886 1884/1884
f 1832/1832 1906/1906 1907/1907
f 1886/1886 1907/1907 1906/1906
f 1906/1906 1832/1832 1899/1899
f 1905/1905 1886/1886 1906/1906
f 1906/1906 1899/1899 1905/1905
f 1886/1886 1905/1905 1890/1890
f 1910/1910 1913/1913 1914/1914
f 1913/1913 1857/1857 1914/1914
f 1857/1857 1910/1910 1914/1914
f 1857/1857 1913/1913 1861/1861
f 1913/1913 1910/1910 1911/1911
f 1913/1913 1912/1912 1861/1861
f 1911/1911 1912/1912 1913/1913
f 1862/1862 1861/1861 1912/1912
f 1866/1866 1862/1862 1912/1912
f 1911/1911 1866/1866 1912/1912
f 1910/1910 1857/1857 1854/1854
f 1911/1911 1870/1870 1866/1866
f 1910/1910 1909/1909 1911/1911
f 1870/1870 1911/1911 1909/1909
f 1834/1834 1910/1910 1854/1854
f 1909/1909 1910/1910 1834/1834
f 1827/1827 1824/1824 1835/1835
f 1822/1822 1832/1832 1834/1834
f 1832/1832 1822/1822 1827/1827
f 1825/1825 1828/1828 1824/1824
f 1828/1828 1825/1825 1831/1831
f 1824/1824 1827/1827 1821/1821
f 1822/1822 1821/1821 1827/1827
f 1825/1825 1824/1824 1819/1819
f 1821/1821 1819/1819 1824/1824
f 1821/1821 1822/1822 1816/1816
f 1816/1816 1819/1819 1821/1821
f 1816/1816 1817/1817 1819/1819
f 1995/1995 1990/1990 2016/2016
f 1985/1985 1982/1982 2016/2016
f 1996/1996 1995/1995 2016/2016
f 2016/2016 1990/1990 1985/1985
f 1978/1978 2016/2016 1982/1982
f 2015/2015 1996/1996 2016/2016
f 2015/2015 2016/2016 1978/1978
f 1996/1996 2015/2015 2000/2000
f 2015/2015 1978/1978 1979/1979
f 2015/2015 2013/2013 2000/2000
f 2013/2013 2015/2015 2011/2011
f 1979/1979 2011/2011 2015/2015
f 2014/2014 2012/2012 2001/2001
f 2014/2014 2010/2010 2012/2012
f 2003/2003 2001/2001 2012/2012
f 2012/2012 2010/2010 2009/2009
f 1948/1948 1945/1945 1944/1944
f 1947/1947 1937/1937 1946/1946
f 1944/1944 1937/1937 1947/1947
f 1929/1929 1946/1946 1933/1933
f 1937/1937 1933/1933 1946/1946
f 1945/1945 1939/1939 1944/1944
f 1943/1943 1939/1939 1945/1945
f 1937/1937 1944/1944 1942/1942
f 1942/1942 1944/1944 1939/1939
f 1943/1943 1940/1940 1939/1939
f 1938/1938 1942/1942 1939/1939
f 1938/1938 1937/1937 1942/1942
f 1935/1935 1939/1939 1940/1940
f 1939/1939 1935/1935 1938/1938
f 1937/1937 1938/1938 1934/1934
f 1938/1938 1935/1935 1934/1934
f 1955/1955 1956/1956 1949/1949
f 1954/1954 1955/1955 1950/1950
f 1949/1949 1950/1950 1955/1955
f 1953/1953 1954/1954 1951/1951
f 1954/1954 1950/1950 1951/1951
f 1953/1953 1946/1946 1952/1952
f 1946/1946 1953/1953 1951/1951
f 1923/1923 1952/1952 1929/1929
f 1946/1946 1929/1929 1952/1952
f 1950/1950 1947/1947 1951/1951
f 1947/1947 1946/1946 1951/1951
f 1950/1950 1949/1949 1948/1948
f 1948/1948 1947/1947 1950/1950
f 1945/1945 1949/1949 1943/1943
f 1949/1949 1945/1945 1948/1948
f 1947/1947 1948/1948 1944/1944
f 1965/1965 1962/1962 1952/1952
f 1964/1964 1963/1963 1960/1960
f 1962/1962 1964/1964 1960/1960
f 1963/1963 1958/1958 1957/1957
f 1960/1960 1963/1963 1957/1957
f 1952/1952 1962/1962 1953/1953
f 1953/1953 1962/1962 1960/1960
f 1959/1959 1956/1956 1961/1961
f 1958/1958 1961/1961 1956/1956
f 1953/1953 1960/1960 1957/1957
f 1956/1956 1959/1959 1943/1943
f 1957/1957 1958/1958 1954/1954
f 1958/1958 1956/1956 1954/1954
f 1954/1954 1953/1953 1957/1957
f 1943/1943 1949/1949 1956/1956
f 1955/1955 1954/1954 1956/1956
f 1969/1969 1970/1970 1973/1973
f 1970/1970 1917/1917 1971/1971
f 1970/1970 1969/1969 1968/1968
f 1917/1917 1970/1970 1968/1968
f 1964/1964 1969/1969 1963/1963
f 1967/1967 1968/1968 1969/1969
f 1969/1969 1964/1964 1967/1967
f 1968/1968 1919/1919 1917/1917
f 1968/1968 1967/1967 1966/1966
f 1919/1919 1968/1968 1966/1966
f 1965/1965 1966/1966 1967/1967
f 1964/1964 1965/1965 1967/1967
f 1919/1919 1966/1966 1923/1923
f 1966/1966 1965/1965 1923/1923
f 1952/1952 1923/1923 1965/1965
f 1964/1964 1962/1962 1965/1965
f 1963/1963 1987/1987 1958/1958
f 1963/1963 1977/1977 1987/1987
f 1984/1984 1983/1983 1986/1986
f 1977/1977 1981/1981 1984/1984
f 1983/1983 1984/1984 1981/1981
f 1974/1974 1983/1983 1981/1981
f 1983/1983 1974/1974 1978/1978
f 1973/1973 1981/1981 1977/1977
f 1973/1973 1974/1974 1981/1981
f 1978/1978 1975/1975 1979/1979
f 1974/1974 1975/1975 1978/1978
f 1963/1963 1973/1973 1977/1977
f 1974/1974 1971/1971 1975/1975
f 1974/1974 1973/1973 1970/1970
f 1971/1971 1974/1974 1970/1970
f 1973/1973 1963/1963 1969/1969
f 1998/1998 1993/1993 1997/1997
f 1998/1998 1992/1992 1993/1993
f 1993/1993 1994/1994 1997/1997
f 1993/1993 1991/1991 1994/1994
f 1992/1992 1989/1989 1993/1993
f 1991/1991 1993/1993 1989/1989
f 1959/1959 1961/1961 1992/1992
f 1989/1989 1992/1992 1988/1988
f 1961/1961 1988/1988 1992/1992
f 1989/1989 1986/1986 1991/1991
f 1988/1988 1984/1984 1989/1989
f 1986/1986 1989/1989 1984/1984
f 1988/1988 1977/1977 1984/1984
f 1988/1988 1961/1961 1987/1987
f 1987/1987 1977/1977 1988/1988
f 1961/1961 1958/1958 1987/1987
f 2004/2004 2006/2006 1928/1928
f 2002/2002 2003/2003 2005/2005
f 2005/2005 2004/2004 2002/2002
f 2004/2004 1928/1928 1931/1931
f 1931/1931 1936/1936 2004/2004
f 2004/2004 1936/1936 1941/1941
f 1941/1941 2002/2002 2004/2004
f 2003/2003 2002/2002 1999/1999
f 2001/2001 2003/2003 1999/1999
f 1943/1943 2002/2002 1941/1941
f 2002/2002 1943/1943 1959/1959
f 1959/1959 1999/1999 2002/2002
f 1999/1999 1997/1997 2001/2001
f 1999/1999 1959/1959 1998/1998
f 1997/1997 1999/1999 1998/1998
f 1998/1998 1959/1959 1992/1992
f 2009/2009 2003/2003 2012/2012
f 2010/2010 1980/1980 2009/2009
f 2009/2009 1980/1980 1976/1976
f 2008/2008 2003/2003 2009/2009
f 1976/1976 2008/2008 2009/2009
f 1972/1972 2008/2008 1976/1976
f 2008/2008 2005/2005 2003/2003
f 1972/1972 2007/2007 2008/2008
f 2008/2008 2007/2007 2005/2005
f 2007/2007 1972/1972 1916/1916
f 2006/2006 2005/2005 2007/2007
f 1916/1916 2006/2006 2007/2007
f 1925/1925 2006/2006 1916/1916
f 1916/1916 1921/1921 1925/1925
f 2006/2006 1925/1925 1928/1928
f 2005/2005 2006/2006 2004/2004
f 1937/1937 1934/1934 1930/1930
f 1933/1933 1937/1937 1930/1930
f 1934/1934 1935/1935 1932/1932
f 1934/1934 1932/1932 1930/1930
f 1924/1924 1933/1933 1930/1930
f 1933/1933 1924/1924 1929/1929
f 1930/1930 1932/1932 1927/1927
f 1927/1927 1924/1924 1930/1930
f 1923/1923 1929/1929 1922/1922
f 1922/1922 1929/1929 1924/1924
f 1924/1924 1927/1927 1926/1926
f 1920/1920 1924/1924 1926/1926
f 1924/1924 1920/1920 1922/1922
f 1918/1918 1923/1923 1922/1922
f 1922/1922 1920/1920 1918/1918
f 1915/1915 1918/1918 1920/1920
f 2102/2102 2099/2099 2096/2096
f 2093/2093 2090/2090 2101/2101
f 2101/2101 2096/2096 2093/2093
f 2099/2099 2100/2100 2098/2098
f 2030/2030 2098/2098 2100/2100
f 2096/2096 2099/2099 2097/2097
f 2097/2097 2099/2099 2098/2098
f 2098/2098 2030/2030 2095/2095
f 2097/2097 2098/2098 2095/2095
f 2094/2094 2096/2096 2097/2097
f 2094/2094 2097/2097 2095/2095
f 2096/2096 2094/2094 2093/2093
f 2089/2089 2088/2088 2087/2087
f 2046/2046 2087/2087 2088/2088
f 2087/2087 2046/2046 2085/2085
f 2046/2046 2083/2083 2085/2085
f 2046/2046 2081/2081 2083/2083
f 2046/2046 2044/2044 2081/2081
f 2081/2081 2078/2078 2083/2083
f 2044/2044 2079/2079 2081/2081
f 2080/2080 2081/2081 2079/2079
f 2078/2078 2081/2081 2080/2080
f 2076/2076 2080/2080 2079/2079
f 2080/2080 2076/2076 2078/2078
f 2079/2079 2044/2044 2043/2043
f 2079/2079 2043/2043 2055/2055
f 2079/2079 2055/2055 2076/2076
f 2075/2075 2078/2078 2076/2076
f 2054/2054 2076/2076 2055/2055
f 2071/2071 2075/2075 2076/2076
f 2071/2071 2076/2076 2054/2054
f 2075/2075 2071/2071 2073/2073
f 2067/2067 2073/2073 2071/2071
f 2069/2069 2071/2071 2054/2054
f 2071/2071 2069/2069 2070/2070
f 2070/2070 2067/2067 2071/2071
f 2066/2066 2070/2070 2069/2069
f 2066/2066 2067/2067 2070/2070
f 2069/2069 2054/2054 2060/2060
f 2066/2066 2069/2069 2060/2060
f 2067/2067 2066/2066 2065/2065
f 2061/2061 2066/2066 2060/2060
f 2061/2061 2065/2065 2066/2066
f 2065/2065 2061/2061 2062/2062
f 2061/2061 2058/2058 2062/2062
f 2061/2061 2060/2060 2057/2057
f 2058/2058 2061/2061 2057/2057
f 2054/2054 2056/2056 2060/2060
f 2060/2060 2056/2056 2057/2057
f 2057/2057 2053/2053 2058/2058
f 2053/2053 2057/2057 2056/2056
f 2054/2054 2051/2051 2056/2056
f 2051/2051 2053/2053 2056/2056
f 2050/2050 2054/2054 2055/2055
f 2055/2055 2043/2043 2050/2050
f 2051/2051 2054/2054 2049/2049
f 2049/2049 2054/2054 2050/2050
f 2053/2053 2051/2051 2031/2031
f 2051/2051 2024/2024 2031/2031
f 2049/2049 2024/2024 2051/2051
f 2049/2049 2050/2050 2048/2048
f 2043/2043 2048/2048 2050/2050
f 2024/2024 2049/2049 2017/2017
f 2049/2049 2019/2019 2017/2017
f 2049/2049 2048/2048 2047/2047
f 2019/2019 2049/2049 2047/2047
f 2048/2048 2043/2043 2041/2041
f 2048/2048 2041/2041 2042/2042
f 2048/2048 2042/2042 2047/2047
f 2047/2047 2022/2022 2019/2019
f 2022/2022 2047/2047 2027/2027
f 2042/2042 2027/2027 2047/2047
f 2027/2027 2042/2042 2036/2036
f 2037/2037 2045/2045 2046/2046
f 2044/2044 2046/2046 2045/2045
f 2037/2037 2038/2038 2045/2045
f 2045/2045 2038/2038 2044/2044
f 2044/2044 2040/2040 2043/2043
f 2040/2040 2044/2044 2038/2038
f 2043/2043 2039/2039 2041/2041
f 2039/2039 2043/2043 2040/2040
f 2041/2041 2035/2035 2042/2042
f 2035/2035 2041/2041 2039/2039
f 2040/2040 2034/2034 2039/2039
f 2034/2034 2040/2040 2038/2038
f 2039/2039 2034/2034 2035/2035
f 2037/2037 2026/2026 2038/2038
f 2026/2026 2034/2034 2038/2038
f 2026/2026 2037/2037 2033/2033
f 2034/2034 2028/2028 2035/2035
f 2028/2028 2034/2034 2026/2026
f 2029/2029 2033/2033 2030/2030
f 2029/2029 2026/2026 2033/2033
f 2025/2025 2030/2030 2032/2032
f 2030/2030 2025/2025 2029/2029
f 2026/2026 2029/2029 2023/2023
f 2025/2025 2023/2023 2029/2029
f 2028/2028 2026/2026 2021/2021
f 2023/2023 2021/2021 2026/2026
f 2023/2023 2025/2025 2018/2018
f 2018/2018 2021/2021 2023/2023
f 2084/2084 2107/2107 2086/2086
f 2107/2107 2030/2030 2100/2100
f 2106/2106 2086/2086 2107/2107
f 2107/2107 2100/2100 2106/2106
f 2086/2086 2106/2106 2090/2090
f 2105/2105 2106/2106 2100/2100
f 2106/2106 2103/2103 2090/2090
f 2106/2106 2105/2105 2104/2104
f 2106/2106 2104/2104 2103/2103
f 2100/2100 2099/2099 2105/2105
f 2099/2099 2104/2104 2105/2105
f 2102/2102 2103/2103 2104/2104
f 2104/2104 2099/2099 2102/2102
f 2102/2102 2101/2101 2103/2103
f 2101/2101 2090/2090 2103/2103
f 2096/2096 2101/2101 2102/2102
f 2018/2018 2020/2020 2021/2021
f 2112/2112 2072/2072 2068/2068
f 2111/2111 2110/2110 2112/2112
f 2072/2072 2112/2112 2110/2110
f 2032/2032 2111/2111 2052/2052
f 2110/2110 2111/2111 2032/2032
f 2110/2110 2074/2074 2072/2072
f 2032/2032 2109/2109 2110/2110
f 2109/2109 2074/2074 2110/2110
f 2074/2074 2109/2109 2077/2077
f 2030/2030 2109/2109 2032/2032
f 2108/2108 2077/2077 2109/2109
f 2108/2108 2109/2109 2030/2030
f 2077/2077 2108/2108 2082/2082
f 2108/2108 2084/2084 2082/2082
f 2030/2030 2107/2107 2108/2108
f 2084/2084 2108/2108 2107/2107
f 2111/2111 2114/2114 2115/2115
f 2114/2114 2059/2059 2115/2115
f 2059/2059 2111/2111 2115/2115
f 2059/2059 2114/2114 2063/2063
f 2114/2114 2111/2111 2112/2112
f 2114/2114 2113/2113 2063/2063
f 2112/2112 2113/2113 2114/2114
f 2064/2064 2063/2063 2113/2113
f 2068/2068 2064/2064 2113/2113
f 2112/2112 2068/2068 2113/2113
f 2111/2111 2059/2059 2052/2052
f 2033/2033 2095/2095 2030/2030
f 2033/2033 2037/2037 2095/2095
f 2095/2095 2037/2037 2094/2094
f 2093/2093 2094/2094 2092/2092
f 2037/2037 2092/2092 2094/2094
f 2091/2091 2090/2090 2093/2093
f 2093/2093 2092/2092 2091/2091
f 2092/2092 2088/2088 2091/2091
f 2092/2092 2037/2037 2088/2088
f 2088/2088 2089/2089 2091/2091
f 2046/2046 2088/2088 2037/2037
f 2161/2161 2163/2163 2166/2166
f 2161/2161 2130/2130 2133/2133
f 2174/2174 2175/2175 2176/2176
f 2173/2173 2174/2174 2176/2176
f 2179/2179 2181/2181 2185/2185
f 2167/2167 2116/2116 2169/2169
f 2179/2179 2196/2196 2180/2180
f 2195/2195 2193/2193 2196/2196
f 2180/2180 2173/2173 2176/2176
f 2176/2176 2179/2179 2180/2180
f 2195/2195 2179/2179 2185/2185
f 2193/2193 2180/2180 2196/2196
f 2166/2166 2187/2187 2184/2184
f 2186/2186 2185/2185 2183/2183
f 2165/2165 2181/2181 2177/2177
f 2185/2185 2193/2193 2195/2195
f 2188/2188 2189/2189 2190/2190
f 2190/2190 2186/2186 2188/2188
f 2118/2118 2174/2174 2171/2171
f 2189/2189 2188/2188 2187/2187
f 2170/2170 2191/2191 2189/2189
f 2190/2190 2185/2185 2186/2186
f 2173/2173 2169/2169 2171/2171
f 2169/2169 2173/2173 2172/2172
f 2179/2179 2176/2176 2178/2178
f 2192/2192 2190/2190 2189/2189
f 2192/2192 2189/2189 2191/2191
f 2176/2176 2175/2175 2178/2178
f 2175/2175 2177/2177 2178/2178
f 2170/2170 2187/2187 2168/2168
f 2187/2187 2186/2186 2184/2184
f 2168/2168 2187/2187 2166/2166
f 2191/2191 2194/2194 2193/2193
f 2191/2191 2173/2173 2194/2194
f 2190/2190 2193/2193 2185/2185
f 2191/2191 2193/2193 2192/2192
f 2193/2193 2190/2190 2192/2192
f 2187/2187 2170/2170 2189/2189
f 2181/2181 2183/2183 2185/2185
f 2116/2116 2118/2118 2169/2169
f 2139/2139 2167/2167 2163/2163
f 2167/2167 2139/2139 2121/2121
f 2177/2177 2179/2179 2178/2178
f 2165/2165 2161/2161 2166/2166
f 2191/2191 2170/2170 2172/2172
f 2173/2173 2191/2191 2172/2172
f 2126/2126 2164/2164 2175/2175
f 2116/2116 2167/2167 2121/2121
f 2124/2124 2122/2122 2117/2117
f 2120/2120 2124/2124 2117/2117
f 2117/2117 2122/2122 2119/2119
f 2120/2120 2121/2121 2123/2123
f 2172/2172 2167/2167 2169/2169
f 2118/2118 2171/2171 2169/2169
f 2180/2180 2193/2193 2194/2194
f 2167/2167 2172/2172 2170/2170
f 2173/2173 2180/2180 2194/2194
f 2186/2186 2187/2187 2188/2188
f 2186/2186 2182/2182 2184/2184
f 2130/2130 2127/2127 2129/2129
f 2125/2125 2128/2128 2131/2131
f 2168/2168 2167/2167 2170/2170
f 2125/2125 2129/2129 2127/2127
f 2182/2182 2166/2166 2184/2184
f 2125/2125 2134/2134 2129/2129
f 2133/2133 2130/2130 2132/2132
f 2135/2135 2129/2129 2134/2134
f 2131/2131 2134/2134 2125/2125
f 2132/2132 2136/2136 2133/2133
f 2137/2137 2132/2132 2135/2135
f 2116/2116 2117/2117 2118/2118
f 2132/2132 2129/2129 2135/2135
f 2118/2118 2117/2117 2119/2119
f 2117/2117 2116/2116 2120/2120
f 2121/2121 2120/2120 2116/2116
f 2138/2138 2121/2121 2139/2139
f 2121/2121 2138/2138 2123/2123
f 2129/2129 2132/2132 2130/2130
f 2196/2196 2179/2179 2195/2195
f 2183/2183 2182/2182 2186/2186
f 2140/2140 2134/2134 2141/2141
f 2140/2140 2137/2137 2135/2135
f 2134/2134 2140/2140 2135/2135
f 2141/2141 2143/2143 2140/2140
f 2143/2143 2142/2142 2140/2140
f 2138/2138 2137/2137 2144/2144
f 2125/2125 2119/2119 2122/2122
f 2131/2131 2141/2141 2134/2134
f 2119/2119 2125/2125 2126/2126
f 2128/2128 2125/2125 2122/2122
f 2142/2142 2143/2143 2146/2146
f 2127/2127 2126/2126 2125/2125
f 2122/2122 2124/2124 2128/2128
f 2146/2146 2148/2148 2145/2145
f 2149/2149 2123/2123 2147/2147
f 2137/2137 2140/2140 2142/2142
f 2120/2120 2123/2123 2149/2149
f 2157/2157 2158/2158 2159/2159
f 2149/2149 2124/2124 2120/2120
f 2156/2156 2155/2155 2160/2160
f 2150/2150 2149/2149 2147/2147
f 2150/2150 2144/2144 2145/2145
f 2150/2150 2145/2145 2148/2148
f 2147/2147 2144/2144 2150/2150
f 2136/2136 2132/2132 2137/2137
f 2138/2138 2133/2133 2136/2136
f 2152/2152 2148/2148 2146/2146
f 2150/2150 2153/2153 2151/2151
f 2153/2153 2150/2150 2152/2152
f 2137/2137 2138/2138 2136/2136
f 2133/2133 2138/2138 2139/2139
f 2151/2151 2155/2155 2154/2154
f 2152/2152 2155/2155 2153/2153
f 2124/2124 2154/2154 2156/2156
f 2124/2124 2151/2151 2154/2154
f 2155/2155 2151/2151 2153/2153
f 2156/2156 2154/2154 2155/2155
f 2156/2156 2128/2128 2124/2124
f 2156/2156 2131/2131 2128/2128
f 2144/2144 2123/2123 2138/2138
f 2145/2145 2137/2137 2142/2142
f 2137/2137 2145/2145 2144/2144
f 2143/2143 2141/2141 2157/2157
f 2131/2131 2158/2158 2141/2141
f 2158/2158 2157/2157 2141/2141
f 2131/2131 2156/2156 2158/2158
f 2155/2155 2157/2157 2159/2159
f 2142/2142 2146/2146 2145/2145
f 2123/2123 2144/2144 2147/2147
f 2160/2160 2158/2158 2156/2156
f 2155/2155 2159/2159 2160/2160
f 2159/2159 2158/2158 2160/2160
f 2151/2151 2124/2124 2149/2149
f 2149/2149 2150/2150 2151/2151
f 2150/2150 2148/2148 2152/2152
f 2177/2177 2175/2175 2164/2164
f 2164/2164 2165/2165 2177/2177
f 2130/2130 2161/2161 2162/2162
f 2162/2162 2127/2127 2130/2130
f 2161/2161 2139/2139 2163/2163
f 2127/2127 2162/2162 2164/2164
f 2164/2164 2126/2126 2127/2127
f 2161/2161 2165/2165 2162/2162
f 2165/2165 2164/2164 2162/2162
f 2179/2179 2177/2177 2181/2181
f 2181/2181 2165/2165 2182/2182
f 2166/2166 2182/2182 2165/2165
f 2181/2181 2182/2182 2183/2183
f 2157/2157 2152/2152 2146/2146
f 2155/2155 2152/2152 2157/2157
f 2157/2157 2146/2146 2143/2143
f 2161/2161 2133/2133 2139/2139
f 2163/2163 2168/2168 2166/2166
f 2163/2163 2167/2167 2168/2168
f 2171/2171 2174/2174 2173/2173
f 2174/2174 2118/2118 2119/2119
f 2126/2126 2174/2174 2119/2119
f 2174/2174 2126/2126 2175/2175
f 2206/2206 2209/2209 2212/2212
f 2208/2208 2210/2210 2211/2211
f 2206/2206 2210/2210 2208/2208
f 2208/2208 2207/2207 2206/2206
f 2200/2200 2206/2206 2207/2207
f 2206/2206 2200/2200 2203/2203
f 2201/2201 2205/2205 2198/2198
f 2205/2205 2203/2203 2198/2198
f 2201/2201 2202/2202 2204/2204
f 2198/2198 2203/2203 2200/2200
f 2202/2202 2201/2201 2197/2197
f 2198/2198 2197/2197 2201/2201
f 2225/2225 2223/2223 2230/2230
f 2230/2230 2223/2223 2227/2227
f 2229/2229 2228/2228 2226/2226
f 2209/2209 2206/2206 2203/2203
f 2203/2203 2205/2205 2209/2209
f 2224/2224 2226/2226 2228/2228
f 2219/2219 2227/2227 2223/2223
f 2227/2227 2219/2219 2224/2224
f 2217/2217 2226/2226 2222/2222
f 2226/2226 2224/2224 2222/2222
f 2204/2204 2223/2223 2225/2225
f 2219/2219 2222/2222 2224/2224
f 2223/2223 2204/2204 2220/2220
f 2220/2220 2219/2219 2223/2223
f 2216/2216 2217/2217 2222/2222
f 2222/2222 2219/2219 2216/2216
f 2236/2236 2232/2232 2229/2229
f 2236/2236 2234/2234 2235/2235
f 2232/2232 2236/2236 2235/2235
f 2219/2219 2220/2220 2218/2218
f 2220/2220 2214/2214 2218/2218
f 2234/2234 2205/2205 2233/2233
f 2233/2233 2230/2230 2234/2234
f 2233/2233 2205/2205 2201/2201
f 2201/2201 2204/2204 2233/2233
f 2233/2233 2204/2204 2225/2225
f 2230/2230 2233/2233 2225/2225
f 2229/2229 2232/2232 2228/2228
f 2230/2230 2231/2231 2232/2232
f 2232/2232 2231/2231 2228/2228
f 2230/2230 2227/2227 2231/2231
f 2228/2228 2231/2231 2227/2227
f 2212/2212 2241/2241 2217/2217
f 2209/2209 2241/2241 2212/2212
f 2226/2226 2217/2217 2229/2229
f 2224/2224 2228/2228 2227/2227
f 2239/2239 2241/2241 2240/2240
f 2240/2240 2241/2241 2238/2238
f 2241/2241 2209/2209 2238/2238
f 2236/2236 2239/2239 2240/2240
f 2238/2238 2236/2236 2240/2240
f 2236/2236 2229/2229 2239/2239
f 2205/2205 2238/2238 2209/2209
f 2238/2238 2237/2237 2236/2236
f 2205/2205 2237/2237 2238/2238
f 2234/2234 2236/2236 2237/2237
f 2205/2205 2234/2234 2237/2237
f 2242/2242 2244/2244 2247/2247
f 2246/2246 2245/2245 2243/2243
f 2242/2242 2246/2246 2243/2243
f 2245/2245 2207/2207 2208/2208
f 2208/2208 2243/2243 2245/2245
f 2242/2242 2221/2221 2244/2244
f 2243/2243 2208/2208 2211/2211
f 2257/2257 2256/2256 2259/2259
f 2245/2245 2246/2246 2258/2258
f 2273/2273 2271/2271 2270/2270
f 2254/2254 2272/2272 2253/2253
f 2255/2255 2256/2256 2257/2257
f 2207/2207 2245/2245 2256/2256
f 2255/2255 2207/2207 2256/2256
f 2207/2207 2255/2255 2200/2200
f 2255/2255 2199/2199 2200/2200
f 2230/2230 2235/2235 2234/2234
f 2235/2235 2230/2230 2232/2232
f 2241/2241 2229/2229 2217/2217
f 2229/2229 2241/2241 2239/2239
f 2252/2252 2255/2255 2254/2254
f 2199/2199 2255/2255 2252/2252
f 2250/2250 2254/2254 2253/2253
f 2254/2254 2250/2250 2252/2252
f 2248/2248 2253/2253 2251/2251
f 2253/2253 2248/2248 2250/2250
f 2199/2199 2252/2252 2250/2250
f 2267/2267 2266/2266 2264/2264
f 2267/2267 2263/2263 2265/2265
f 2262/2262 2264/2264 2266/2266
f 2263/2263 2247/2247 2265/2265
f 2262/2262 2263/2263 2264/2264
f 2247/2247 2263/2263 2246/2246
f 2262/2262 2246/2246 2263/2263
f 2260/2260 2258/2258 2262/2262
f 2246/2246 2262/2262 2258/2258
f 2257/2257 2260/2260 2261/2261
f 2261/2261 2254/2254 2257/2257
f 2258/2258 2260/2260 2259/2259
f 2260/2260 2257/2257 2259/2259
f 2256/2256 2258/2258 2259/2259
f 2274/2274 2271/2271 2273/2273
f 2273/2273 2270/2270 2272/2272
f 2272/2272 2251/2251 2253/2253
f 2251/2251 2272/2272 2270/2270
f 2271/2271 2266/2266 2267/2267
f 2269/2269 2270/2270 2271/2271
f 2271/2271 2267/2267 2269/2269
f 2270/2270 2269/2269 2268/2268
f 2268/2268 2251/2251 2270/2270
f 2267/2267 2268/2268 2269/2269
f 2251/2251 2268/2268 2249/2249
f 2249/2249 2268/2268 2247/2247
f 2268/2268 2267/2267 2265/2265
f 2247/2247 2268/2268 2265/2265
f 2277/2277 2260/2260 2276/2276
f 2260/2260 2277/2277 2261/2261
f 2276/2276 2274/2274 2277/2277
f 2274/2274 2261/2261 2277/2277
f 2276/2276 2260/2260 2266/2266
f 2266/2266 2274/2274 2276/2276
f 2261/2261 2274/2274 2275/2275
f 2254/2254 2261/2261 2275/2275
f 2272/2272 2275/2275 2274/2274
f 2272/2272 2254/2254 2275/2275
f 2271/2271 2274/2274 2266/2266
f 2272/2272 2274/2274 2273/2273
f 2199/2199 2198/2198 2200/2200
f 2197/2197 2198/2198 2199/2199
f 2202/2202 2220/2220 2204/2204
f 2220/2220 2202/2202 2221/2221
f 2214/2214 2220/2220 2221/2221
f 2218/2218 2213/2213 2219/2219
f 2219/2219 2213/2213 2216/2216
f 2213/2213 2218/2218 2214/2214
f 2217/2217 2216/2216 2215/2215
f 2212/2212 2217/2217 2215/2215
f 2213/2213 2210/2210 2216/2216
f 2216/2216 2210/2210 2215/2215
f 2212/2212 2215/2215 2206/2206
f 2206/2206 2215/2215 2210/2210
f 2214/2214 2211/2211 2213/2213
f 2210/2210 2213/2213 2211/2211
f 2249/2249 2248/2248 2251/2251
f 2197/2197 2199/2199 2250/2250
f 2264/2264 2263/2263 2267/2267
f 2260/2260 2262/2262 2266/2266
f 2244/2244 2249/2249 2247/2247
f 2197/2197 2248/2248 2202/2202
f 2248/2248 2221/2221 2202/2202
f 2221/2221 2248/2248 2244/2244
f 2246/2246 2242/2242 2247/2247
f 2211/2211 2242/2242 2243/2243
f 2242/2242 2214/2214 2221/2221
f 2258/2258 2256/2256 2245/2245
f 2254/2254 2255/2255 2257/2257
f 2248/2248 2197/2197 2250/2250
f 2244/2244 2248/2248 2249/2249
f 2242/2242 2211/2211 2214/2214
f 2323/2323 2287/2287 2324/2324
f 2291/2291 2324/2324 2287/2287
f 2280/2280 2323/2323 2325/2325
f 2324/2324 2291/2291 2326/2326
f 2327/2327 2280/2280 2325/2325
f 2280/2280 2327/2327 2278/2278
f 2328/2328 2325/2325 2323/2323
f 2324/2324 2328/2328 2323/2323
f 2329/2329 2327/2327 2325/2325
f 2325/2325 2328/2328 2329/2329
f 2330/2330 2278/2278 2327/2327
f 2312/2312 2316/2316 2315/2315
f 2305/2305 2316/2316 2300/2300
f 2327/2327 2329/2329 2331/2331
f 2331/2331 2330/2330 2327/2327
f 2299/2299 2330/2330 2332/2332
f 2298/2298 2299/2299 2332/2332
f 2330/2330 2331/2331 2333/2333
f 2333/2333 2332/2332 2330/2330
f 2334/2334 2331/2331 2329/2329
f 2329/2329 2328/2328 2334/2334
f 2335/2335 2333/2333 2331/2331
f 2331/2331 2334/2334 2335/2335
f 2332/2332 2333/2333 2336/2336
f 2332/2332 2337/2337 2298/2298
f 2336/2336 2337/2337 2332/2332
f 2338/2338 2298/2298 2337/2337
f 2295/2295 2322/2322 2321/2321
f 2293/2293 2296/2296 2322/2322
f 2291/2291 2338/2338 2326/2326
f 2337/2337 2336/2336 2339/2339
f 2339/2339 2338/2338 2337/2337
f 2333/2333 2340/2340 2336/2336
f 2338/2338 2339/2339 2341/2341
f 2340/2340 2333/2333 2342/2342
f 2333/2333 2335/2335 2342/2342
f 2343/2343 2338/2338 2341/2341
f 2326/2326 2338/2338 2343/2343
f 2335/2335 2344/2344 2342/2342
f 2344/2344 2340/2340 2342/2342
f 2344/2344 2335/2335 2345/2345
f 2334/2334 2345/2345 2335/2335
f 2340/2340 2344/2344 2346/2346
f 2278/2278 2330/2330 2283/2283
f 2299/2299 2283/2283 2330/2330
f 2340/2340 2348/2348 2336/2336
f 2348/2348 2339/2339 2336/2336
f 2344/2344 2349/2349 2346/2346
f 2349/2349 2344/2344 2345/2345
f 2346/2346 2349/2349 2348/2348
f 2347/2347 2349/2349 2345/2345
f 2350/2350 2339/2339 2348/2348
f 2350/2350 2348/2348 2349/2349
f 2339/2339 2350/2350 2341/2341
f 2350/2350 2343/2343 2341/2341
f 2349/2349 2347/2347 2351/2351
f 2334/2334 2351/2351 2347/2347
f 2350/2350 2349/2349 2352/2352
f 2351/2351 2352/2352 2349/2349
f 2298/2298 2338/2338 2292/2292
f 2338/2338 2291/2291 2292/2292
f 2343/2343 2350/2350 2354/2354
f 2350/2350 2353/2353 2354/2354
f 2351/2351 2334/2334 2355/2355
f 2334/2334 2328/2328 2355/2355
f 2351/2351 2356/2356 2353/2353
f 2356/2356 2354/2354 2353/2353
f 2357/2357 2351/2351 2355/2355
f 2351/2351 2357/2357 2356/2356
f 2328/2328 2357/2357 2355/2355
f 2354/2354 2356/2356 2357/2357
f 2357/2357 2328/2328 2358/2358
f 2358/2358 2354/2354 2357/2357
f 2354/2354 2358/2358 2343/2343
f 2328/2328 2324/2324 2358/2358
f 2345/2345 2334/2334 2347/2347
f 2346/2346 2348/2348 2340/2340
f 2353/2353 2350/2350 2352/2352
f 2352/2352 2351/2351 2353/2353
f 2318/2318 2317/2317 2312/2312
f 2312/2312 2311/2311 2318/2318
f 2317/2317 2318/2318 2319/2319
f 2319/2319 2318/2318 2311/2311
f 2320/2320 2296/2296 2317/2317
f 2317/2317 2319/2319 2320/2320
f 2319/2319 2311/2311 2321/2321
f 2321/2321 2320/2320 2319/2319
f 2311/2311 2295/2295 2321/2321
f 2296/2296 2320/2320 2322/2322
f 2320/2320 2321/2321 2322/2322
f 2309/2309 2307/2307 2294/2294
f 2294/2294 2295/2295 2309/2309
f 2322/2322 2295/2295 2293/2293
f 2287/2287 2323/2323 2281/2281
f 2323/2323 2280/2280 2281/2281
f 2295/2295 2311/2311 2309/2309
f 2308/2308 2310/2310 2312/2312
f 2311/2311 2312/2312 2310/2310
f 2313/2313 2306/2306 2308/2308
f 2312/2312 2313/2313 2308/2308
f 2313/2313 2314/2314 2306/2306
f 2312/2312 2314/2314 2313/2313
f 2305/2305 2306/2306 2314/2314
f 2305/2305 2314/2314 2315/2315
f 2314/2314 2312/2312 2315/2315
f 2316/2316 2305/2305 2315/2315
f 2301/2301 2285/2285 2283/2283
f 2301/2301 2297/2297 2302/2302
f 2317/2317 2300/2300 2316/2316
f 2316/2316 2312/2312 2317/2317
f 2300/2300 2317/2317 2296/2296
f 2343/2343 2358/2358 2326/2326
f 2358/2358 2324/2324 2326/2326
f 2282/2282 2285/2285 2304/2304
f 2288/2288 2282/2282 2304/2304
f 2288/2288 2304/2304 2305/2305
f 2303/2303 2305/2305 2304/2304
f 2305/2305 2300/2300 2288/2288
f 2306/2306 2303/2303 2302/2302
f 2305/2305 2303/2303 2306/2306
f 2302/2302 2297/2297 2307/2307
f 2297/2297 2294/2294 2307/2307
f 2302/2302 2308/2308 2306/2306
f 2307/2307 2308/2308 2302/2302
f 2286/2286 2290/2290 2287/2287
f 2291/2291 2287/2287 2290/2290
f 2308/2308 2307/2307 2310/2310
f 2307/2307 2309/2309 2311/2311
f 2310/2310 2307/2307 2311/2311
f 2292/2292 2290/2290 2294/2294
f 2290/2290 2293/2293 2295/2295
f 2295/2295 2294/2294 2290/2290
f 2289/2289 2296/2296 2293/2293
f 2297/2297 2292/2292 2294/2294
f 2297/2297 2298/2298 2292/2292
f 2297/2297 2299/2299 2298/2298
f 2289/2289 2300/2300 2296/2296
f 2300/2300 2289/2289 2288/2288
f 2299/2299 2297/2297 2301/2301
f 2301/2301 2283/2283 2299/2299
f 2303/2303 2285/2285 2301/2301
f 2302/2302 2303/2303 2301/2301
f 2303/2303 2304/2304 2285/2285
f 2279/2279 2281/2281 2280/2280
f 2279/2279 2278/2278 2282/2282
f 2283/2283 2282/2282 2278/2278
f 2281/2281 2279/2279 2284/2284
f 2282/2282 2283/2283 2285/2285
f 2286/2286 2281/2281 2284/2284
f 2281/2281 2286/2286 2287/2287
f 2288/2288 2284/2284 2279/2279
f 2282/2282 2288/2288 2279/2279
f 2289/2289 2286/2286 2284/2284
f 2284/2284 2288/2288 2289/2289
f 2290/2290 2292/2292 2291/2291
f 2286/2286 2289/2289 2293/2293
f 2293/2293 2290/2290 2286/2286
f 2278/2278 2279/2279 2280/2280
f 2368/2368 2369/2369 2367/2367
f 2370/2370 2364/2364 2366/2366
f 2364/2364 2370/2370 2371/2371
f 2370/2370 2372/2372 2371/2371
f 2381/2381 2389/2389 2390/2390
f 2388/2388 2390/2390 2389/2389
f 2370/2370 2366/2366 2373/2373
f 2388/2388 2386/2386 2391/2391
f 2373/2373 2374/2374 2370/2370
f 2375/2375 2372/2372 2374/2374
f 2372/2372 2375/2375 2376/2376
f 2374/2374 2373/2373 2377/2377
f 2367/2367 2362/2362 2368/2368
f 2382/2382 2384/2384 2386/2386
f 2385/2385 2382/2382 2386/2386
f 2384/2384 2367/2367 2387/2387
f 2387/2387 2386/2386 2384/2384
f 2392/2392 2391/2391 2393/2393
f 2394/2394 2391/2391 2386/2386
f 2386/2386 2387/2387 2394/2394
f 2395/2395 2393/2393 2391/2391
f 2378/2378 2379/2379 2373/2373
f 2378/2378 2363/2363 2380/2380
f 2363/2363 2359/2359 2380/2380
f 2379/2379 2378/2378 2381/2381
f 2396/2396 2398/2398 2377/2377
f 2375/2375 2377/2377 2398/2398
f 2359/2359 2365/2365 2382/2382
f 2393/2393 2397/2397 2399/2399
f 2383/2383 2380/2380 2382/2382
f 2365/2365 2384/2384 2382/2382
f 2365/2365 2367/2367 2384/2384
f 2383/2383 2382/2382 2385/2385
f 2400/2400 2397/2397 2401/2401
f 2401/2401 2395/2395 2394/2394
f 2402/2402 2400/2400 2401/2401
f 2394/2394 2402/2402 2401/2401
f 2388/2388 2383/2383 2385/2385
f 2386/2386 2388/2388 2385/2385
f 2381/2381 2383/2383 2389/2389
f 2389/2389 2383/2383 2388/2388
f 2402/2402 2367/2367 2403/2403
f 2398/2398 2403/2403 2375/2375
f 2379/2379 2381/2381 2390/2390
f 2376/2376 2375/2375 2403/2403
f 2391/2391 2390/2390 2388/2388
f 2379/2379 2390/2390 2392/2392
f 2391/2391 2392/2392 2390/2390
f 2393/2393 2379/2379 2392/2392
f 2405/2405 2361/2361 2360/2360
f 2404/2404 2371/2371 2406/2406
f 2361/2361 2405/2405 2407/2407
f 2405/2405 2404/2404 2408/2408
f 2391/2391 2394/2394 2395/2395
f 2379/2379 2393/2393 2396/2396
f 2377/2377 2379/2379 2396/2396
f 2393/2393 2395/2395 2397/2397
f 2407/2407 2408/2408 2410/2410
f 2410/2410 2409/2409 2407/2407
f 2399/2399 2396/2396 2393/2393
f 2411/2411 2369/2369 2368/2368
f 2396/2396 2399/2399 2400/2400
f 2397/2397 2400/2400 2399/2399
f 2398/2398 2396/2396 2400/2400
f 2395/2395 2401/2401 2397/2397
f 2414/2414 2410/2410 2413/2413
f 2411/2411 2412/2412 2415/2415
f 2414/2414 2415/2415 2412/2412
f 2369/2369 2411/2411 2416/2416
f 2402/2402 2398/2398 2400/2400
f 2402/2402 2394/2394 2387/2387
f 2367/2367 2402/2402 2387/2387
f 2403/2403 2398/2398 2402/2402
f 2417/2417 2419/2419 2416/2416
f 2416/2416 2419/2419 2418/2418
f 2403/2403 2367/2367 2369/2369
f 2415/2415 2414/2414 2420/2420
f 2369/2369 2376/2376 2403/2403
f 2360/2360 2364/2364 2404/2404
f 2371/2371 2404/2404 2364/2364
f 2360/2360 2404/2404 2405/2405
f 2423/2423 2418/2418 2422/2422
f 2376/2376 2423/2423 2372/2372
f 2423/2423 2371/2371 2372/2372
f 2371/2371 2423/2423 2406/2406
f 2408/2408 2407/2407 2405/2405
f 2409/2409 2361/2361 2407/2407
f 2361/2361 2409/2409 2362/2362
f 2409/2409 2368/2368 2362/2362
f 2408/2408 2404/2404 2425/2425
f 2424/2424 2422/2422 2426/2426
f 2368/2368 2409/2409 2411/2411
f 2408/2408 2425/2425 2427/2427
f 2409/2409 2410/2410 2412/2412
f 2412/2412 2411/2411 2409/2409
f 2408/2408 2413/2413 2410/2410
f 2410/2410 2414/2414 2412/2412
f 2427/2427 2428/2428 2430/2430
f 2427/2427 2430/2430 2429/2429
f 2426/2426 2430/2430 2428/2428
f 2431/2431 2413/2413 2429/2429
f 2417/2417 2411/2411 2415/2415
f 2416/2416 2411/2411 2417/2417
f 2418/2418 2369/2369 2416/2416
f 2369/2369 2418/2418 2376/2376
f 2430/2430 2426/2426 2433/2433
f 2433/2433 2432/2432 2430/2430
f 2420/2420 2417/2417 2415/2415
f 2426/2426 2422/2422 2434/2434
f 2421/2421 2419/2419 2417/2417
f 2417/2417 2420/2420 2421/2421
f 2422/2422 2418/2418 2419/2419
f 2423/2423 2376/2376 2418/2418
f 2414/2414 2436/2436 2420/2420
f 2422/2422 2437/2437 2434/2434
f 2437/2437 2435/2435 2434/2434
f 2437/2437 2422/2422 2419/2419
f 2406/2406 2423/2423 2424/2424
f 2424/2424 2423/2423 2422/2422
f 2424/2424 2425/2425 2406/2406
f 2406/2406 2425/2425 2404/2404
f 2421/2421 2439/2439 2437/2437
f 2435/2435 2437/2437 2439/2439
f 2426/2426 2425/2425 2424/2424
f 2435/2435 2439/2439 2438/2438
f 2413/2413 2408/2408 2427/2427
f 2425/2425 2426/2426 2428/2428
f 2427/2427 2425/2425 2428/2428
f 2429/2429 2413/2413 2427/2427
f 2419/2419 2421/2421 2437/2437
f 2438/2438 2420/2420 2436/2436
f 2420/2420 2438/2438 2421/2421
f 2436/2436 2435/2435 2438/2438
f 2439/2439 2421/2421 2438/2438
f 2430/2430 2431/2431 2429/2429
f 2413/2413 2431/2431 2414/2414
f 2431/2431 2430/2430 2432/2432
f 2414/2414 2431/2431 2432/2432
f 2434/2434 2433/2433 2426/2426
f 2432/2432 2433/2433 2435/2435
f 2433/2433 2434/2434 2435/2435
f 2436/2436 2414/2414 2432/2432
f 2435/2435 2436/2436 2432/2432
f 2377/2377 2375/2375 2374/2374
f 2366/2366 2378/2378 2373/2373
f 2366/2366 2363/2363 2378/2378
f 2377/2377 2373/2373 2379/2379
f 2362/2362 2367/2367 2365/2365
f 2364/2364 2363/2363 2366/2366
f 2359/2359 2362/2362 2365/2365
f 2363/2363 2364/2364 2360/2360
f 2360/2360 2359/2359 2363/2363
f 2359/2359 2361/2361 2362/2362
f 2359/2359 2360/2360 2361/2361
f 2381/2381 2380/2380 2383/2383
f 2380/2380 2359/2359 2382/2382
f 2380/2380 2381/2381 2378/2378
f 2372/2372 2370/2370 2374/2374
f 2520/2520 2514/2514 2519/2519
f 2513/2513 2505/2505 2510/2510
f 2494/2494 2512/2512 2496/2496
f 2500/2500 2496/2496 2512/2512
f 2508/2508 2512/2512 2511/2511
f 2505/2505 2513/2513 2515/2515
f 2514/2514 2511/2511 2512/2512
f 2494/2494 2514/2514 2512/2512
f 2518/2518 2516/2516 2519/2519
f 2494/2494 2518/2518 2514/2514
f 2518/2518 2494/2494 2492/2492
f 2490/2490 2518/2518 2492/2492
f 2518/2518 2517/2517 2516/2516
f 2490/2490 2517/2517 2518/2518
f 2515/2515 2516/2516 2517/2517
f 2490/2490 2515/2515 2517/2517
f 2516/2516 2510/2510 2511/2511
f 2455/2455 2454/2454 2456/2456
f 2454/2454 2455/2455 2450/2450
f 2450/2450 2448/2448 2454/2454
f 2448/2448 2449/2449 2443/2443
f 2448/2448 2443/2443 2446/2446
f 2444/2444 2445/2445 2447/2447
f 2443/2443 2441/2441 2446/2446
f 2444/2444 2440/2440 2445/2445
f 2441/2441 2440/2440 2444/2444
f 2441/2441 2443/2443 2442/2442
f 2440/2440 2441/2441 2442/2442
f 2464/2464 2444/2444 2447/2447
f 2464/2464 2451/2451 2460/2460
f 2462/2462 2459/2459 2463/2463
f 2457/2457 2459/2459 2461/2461
f 2451/2451 2457/2457 2460/2460
f 2456/2456 2458/2458 2459/2459
f 2459/2459 2457/2457 2456/2456
f 2458/2458 2456/2456 2454/2454
f 2448/2448 2458/2458 2454/2454
f 2453/2453 2456/2456 2457/2457
f 2451/2451 2453/2453 2457/2457
f 2472/2472 2470/2470 2471/2471
f 2456/2456 2453/2453 2455/2455
f 2470/2470 2465/2465 2471/2471
f 2462/2462 2471/2471 2465/2465
f 2453/2453 2451/2451 2452/2452
f 2451/2451 2445/2445 2452/2452
f 2445/2445 2451/2451 2447/2447
f 2448/2448 2450/2450 2449/2449
f 2464/2464 2469/2469 2466/2466
f 2468/2468 2446/2446 2441/2441
f 2441/2441 2466/2466 2468/2468
f 2464/2464 2465/2465 2467/2467
f 2466/2466 2441/2441 2444/2444
f 2444/2444 2464/2464 2466/2466
f 2465/2465 2464/2464 2460/2460
f 2460/2460 2462/2462 2465/2465
f 2478/2478 2480/2480 2479/2479
f 2447/2447 2451/2451 2464/2464
f 2477/2477 2478/2478 2479/2479
f 2479/2479 2476/2476 2477/2477
f 2458/2458 2463/2463 2459/2459
f 2462/2462 2460/2460 2461/2461
f 2459/2459 2462/2462 2461/2461
f 2460/2460 2457/2457 2461/2461
f 2470/2470 2477/2477 2474/2474
f 2468/2468 2469/2469 2476/2476
f 2474/2474 2476/2476 2469/2469
f 2463/2463 2475/2475 2473/2473
f 2469/2469 2470/2470 2474/2474
f 2462/2462 2463/2463 2473/2473
f 2473/2473 2470/2470 2472/2472
f 2472/2472 2462/2462 2473/2473
f 2440/2440 2485/2485 2445/2445
f 2471/2471 2462/2462 2472/2472
f 2468/2468 2480/2480 2484/2484
f 2446/2446 2484/2484 2483/2483
f 2469/2469 2467/2467 2470/2470
f 2465/2465 2470/2470 2467/2467
f 2469/2469 2468/2468 2466/2466
f 2469/2469 2464/2464 2467/2467
f 2483/2483 2482/2482 2458/2458
f 2482/2482 2483/2483 2481/2481
f 2463/2463 2458/2458 2482/2482
f 2481/2481 2475/2475 2482/2482
f 2463/2463 2482/2482 2475/2475
f 2480/2480 2478/2478 2481/2481
f 2475/2475 2481/2481 2478/2478
f 2480/2480 2468/2468 2476/2476
f 2455/2455 2493/2493 2450/2450
f 2476/2476 2479/2479 2480/2480
f 2492/2492 2491/2491 2487/2487
f 2487/2487 2490/2490 2492/2492
f 2478/2478 2473/2473 2475/2475
f 2477/2477 2473/2473 2478/2478
f 2477/2477 2476/2476 2474/2474
f 2477/2477 2470/2470 2473/2473
f 2490/2490 2487/2487 2485/2485
f 2486/2486 2488/2488 2489/2489
f 2489/2489 2485/2485 2486/2486
f 2486/2486 2442/2442 2488/2488
f 2485/2485 2487/2487 2452/2452
f 2442/2442 2486/2486 2440/2440
f 2485/2485 2440/2440 2486/2486
f 2445/2445 2485/2485 2452/2452
f 2501/2501 2442/2442 2443/2443
f 2446/2446 2468/2468 2484/2484
f 2499/2499 2501/2501 2498/2498
f 2501/2501 2449/2449 2498/2498
f 2484/2484 2480/2480 2483/2483
f 2448/2448 2446/2446 2483/2483
f 2458/2458 2448/2448 2483/2483
f 2483/2483 2480/2480 2481/2481
f 2495/2495 2498/2498 2449/2449
f 2497/2497 2493/2493 2496/2496
f 2495/2495 2493/2493 2497/2497
f 2494/2494 2496/2496 2491/2491
f 2491/2491 2496/2496 2493/2493
f 2450/2450 2495/2495 2449/2449
f 2493/2493 2495/2495 2450/2450
f 2491/2491 2492/2492 2494/2494
f 2509/2509 2506/2506 2508/2508
f 2491/2491 2493/2493 2455/2455
f 2506/2506 2509/2509 2504/2504
f 2508/2508 2506/2506 2500/2500
f 2455/2455 2453/2453 2491/2491
f 2452/2452 2491/2491 2453/2453
f 2491/2491 2452/2452 2487/2487
f 2485/2485 2489/2489 2490/2490
f 2505/2505 2489/2489 2502/2502
f 2504/2504 2502/2502 2503/2503
f 2499/2499 2504/2504 2503/2503
f 2502/2502 2501/2501 2503/2503
f 2512/2512 2508/2508 2500/2500
f 2511/2511 2510/2510 2509/2509
f 2511/2511 2509/2509 2508/2508
f 2505/2505 2507/2507 2510/2510
f 2510/2510 2507/2507 2509/2509
f 2509/2509 2507/2507 2504/2504
f 2511/2511 2514/2514 2520/2520
f 2520/2520 2516/2516 2511/2511
f 2505/2505 2504/2504 2507/2507
f 2499/2499 2500/2500 2506/2506
f 2504/2504 2499/2499 2506/2506
f 2502/2502 2504/2504 2505/2505
f 2501/2501 2499/2499 2503/2503
f 2489/2489 2488/2488 2502/2502
f 2488/2488 2501/2501 2502/2502
f 2442/2442 2501/2501 2488/2488
f 2516/2516 2515/2515 2513/2513
f 2449/2449 2501/2501 2443/2443
f 2515/2515 2490/2490 2489/2489
f 2489/2489 2505/2505 2515/2515
f 2500/2500 2499/2499 2497/2497
f 2496/2496 2500/2500 2497/2497
f 2498/2498 2495/2495 2499/2499
f 2499/2499 2495/2495 2497/2497
f 2516/2516 2520/2520 2519/2519
f 2519/2519 2514/2514 2518/2518
f 2510/2510 2516/2516 2513/2513
f 2569/2569 2597/2597 2599/2599
f 2521/2521 2522/2522 2523/2523
f 2596/2596 2593/2593 2598/2598
f 2521/2521 2523/2523 2524/2524
f 2532/2532 2539/2539 2540/2540
f 2576/2576 2596/2596 2597/2597
f 2593/2593 2596/2596 2595/2595
f 2596/2596 2576/2576 2595/2595
f 2598/2598 2600/2600 2601/2601
f 2582/2582 2587/2587 2580/2580
f 2584/2584 2585/2585 2586/2586
f 2586/2586 2582/2582 2584/2584
f 2593/2593 2595/2595 2592/2592
f 2576/2576 2594/2594 2595/2595
f 2595/2595 2594/2594 2592/2592
f 2576/2576 2591/2591 2594/2594
f 2592/2592 2594/2594 2591/2591
f 2586/2586 2593/2593 2588/2588
f 2593/2593 2592/2592 2590/2590
f 2590/2590 2588/2588 2593/2593
f 2578/2578 2577/2577 2580/2580
f 2577/2577 2579/2579 2580/2580
f 2523/2523 2579/2579 2524/2524
f 2569/2569 2585/2585 2583/2583
f 2585/2585 2584/2584 2583/2583
f 2592/2592 2591/2591 2589/2589
f 2576/2576 2575/2575 2591/2591
f 2590/2590 2589/2589 2587/2587
f 2588/2588 2590/2590 2587/2587
f 2578/2578 2587/2587 2589/2589
f 2582/2582 2586/2586 2588/2588
f 2587/2587 2582/2582 2588/2588
f 2587/2587 2578/2578 2580/2580
f 2591/2591 2575/2575 2578/2578
f 2578/2578 2589/2589 2591/2591
f 2572/2572 2534/2534 2574/2574
f 2572/2572 2573/2573 2570/2570
f 2571/2571 2570/2570 2573/2573
f 2534/2534 2572/2572 2535/2535
f 2572/2572 2540/2540 2535/2535
f 2540/2540 2572/2572 2570/2570
f 2584/2584 2582/2582 2581/2581
f 2598/2598 2597/2597 2596/2596
f 2567/2567 2569/2569 2583/2583
f 2597/2597 2569/2569 2571/2571
f 2571/2571 2576/2576 2597/2597
f 2580/2580 2579/2579 2582/2582
f 2523/2523 2567/2567 2581/2581
f 2579/2579 2523/2523 2581/2581
f 2583/2583 2581/2581 2567/2567
f 2582/2582 2579/2579 2581/2581
f 2522/2522 2526/2526 2566/2566
f 2553/2553 2555/2555 2565/2565
f 2553/2553 2565/2565 2559/2559
f 2564/2564 2565/2565 2555/2555
f 2564/2564 2559/2559 2565/2565
f 2564/2564 2555/2555 2557/2557
f 2530/2530 2524/2524 2579/2579
f 2579/2579 2577/2577 2530/2530
f 2574/2574 2577/2577 2578/2578
f 2578/2578 2575/2575 2574/2574
f 2577/2577 2534/2534 2530/2530
f 2577/2577 2574/2574 2534/2534
f 2589/2589 2590/2590 2592/2592
f 2576/2576 2571/2571 2573/2573
f 2575/2575 2572/2572 2574/2574
f 2573/2573 2572/2572 2575/2575
f 2560/2560 2561/2561 2547/2547
f 2559/2559 2560/2560 2558/2558
f 2547/2547 2558/2558 2560/2560
f 2552/2552 2553/2553 2559/2559
f 2559/2559 2558/2558 2556/2556
f 2559/2559 2556/2556 2552/2552
f 2566/2566 2571/2571 2569/2569
f 2568/2568 2570/2570 2571/2571
f 2571/2571 2566/2566 2568/2568
f 2568/2568 2540/2540 2570/2570
f 2569/2569 2567/2567 2566/2566
f 2540/2540 2568/2568 2532/2532
f 2581/2581 2583/2583 2584/2584
f 2567/2567 2523/2523 2522/2522
f 2566/2566 2567/2567 2522/2522
f 2532/2532 2566/2566 2526/2526
f 2536/2536 2553/2553 2538/2538
f 2552/2552 2538/2538 2553/2553
f 2548/2548 2552/2552 2550/2550
f 2538/2538 2552/2552 2551/2551
f 2552/2552 2548/2548 2551/2551
f 2551/2551 2527/2527 2538/2538
f 2562/2562 2559/2559 2564/2564
f 2545/2545 2564/2564 2557/2557
f 2562/2562 2564/2564 2563/2563
f 2564/2564 2545/2545 2563/2563
f 2563/2563 2561/2561 2562/2562
f 2561/2561 2563/2563 2545/2545
f 2575/2575 2576/2576 2573/2573
f 2560/2560 2562/2562 2561/2561
f 2545/2545 2544/2544 2561/2561
f 2544/2544 2547/2547 2561/2561
f 2546/2546 2531/2531 2528/2528
f 2531/2531 2546/2546 2543/2543
f 2544/2544 2545/2545 2542/2542
f 2542/2542 2545/2545 2541/2541
f 2539/2539 2543/2543 2544/2544
f 2544/2544 2542/2542 2539/2539
f 2558/2558 2547/2547 2549/2549
f 2550/2550 2558/2558 2549/2549
f 2556/2556 2558/2558 2554/2554
f 2558/2558 2550/2550 2554/2554
f 2541/2541 2545/2545 2557/2557
f 2555/2555 2541/2541 2557/2557
f 2566/2566 2532/2532 2568/2568
f 2541/2541 2555/2555 2536/2536
f 2543/2543 2539/2539 2531/2531
f 2541/2541 2537/2537 2542/2542
f 2537/2537 2539/2539 2542/2542
f 2536/2536 2533/2533 2541/2541
f 2521/2521 2527/2527 2551/2551
f 2551/2551 2548/2548 2521/2521
f 2546/2546 2550/2550 2549/2549
f 2550/2550 2546/2546 2548/2548
f 2547/2547 2543/2543 2549/2549
f 2543/2543 2546/2546 2549/2549
f 2560/2560 2559/2559 2562/2562
f 2548/2548 2546/2546 2525/2525
f 2533/2533 2537/2537 2541/2541
f 2539/2539 2532/2532 2531/2531
f 2554/2554 2552/2552 2556/2556
f 2539/2539 2535/2535 2540/2540
f 2553/2553 2536/2536 2555/2555
f 2552/2552 2554/2554 2550/2550
f 2535/2535 2537/2537 2533/2533
f 2536/2536 2527/2527 2529/2529
f 2533/2533 2536/2536 2529/2529
f 2534/2534 2535/2535 2533/2533
f 2533/2533 2530/2530 2534/2534
f 2530/2530 2533/2533 2529/2529
f 2601/2601 2586/2586 2585/2585
f 2585/2585 2598/2598 2601/2601
f 2593/2593 2586/2586 2600/2600
f 2598/2598 2593/2593 2600/2600
f 2585/2585 2599/2599 2598/2598
f 2585/2585 2569/2569 2599/2599
f 2597/2597 2598/2598 2599/2599
f 2586/2586 2601/2601 2600/2600
f 2531/2531 2532/2532 2526/2526
f 2531/2531 2526/2526 2528/2528
f 2529/2529 2524/2524 2530/2530
f 2524/2524 2529/2529 2527/2527
f 2526/2526 2525/2525 2528/2528
f 2521/2521 2524/2524 2527/2527
f 2548/2548 2525/2525 2521/2521
f 2535/2535 2539/2539 2537/2537
f 2527/2527 2536/2536 2538/2538
f 2525/2525 2526/2526 2522/2522
f 2522/2522 2521/2521 2525/2525
f 2547/2547 2544/2544 2543/2543
f 2528/2528 2525/2525 2546/2546
f 2602/2602 2603/2603 2604/2604
f 2603/2603 2605/2605 2604/2604
f 2608/2608 2614/2614 2615/2615
f 2612/2612 2610/2610 2616/2616
f 2616/2616 2617/2617 2612/2612
f 2610/2610 2615/2615 2618/2618
f 2637/2637 2635/2635 2636/2636
f 2622/2622 2620/2620 2637/2637
f 2619/2619 2618/2618 2615/2615
f 2638/2638 2637/2637 2636/2636
f 2619/2619 2614/2614 2621/2621
f 2671/2671 2676/2676 2667/2667
f 2676/2676 2671/2671 2675/2675
f 2676/2676 2677/2677 2667/2667
f 2660/2660 2667/2667 2677/2677
f 2676/2676 2660/2660 2677/2677
f 2678/2678 2675/2675 2673/2673
f 2668/2668 2678/2678 2673/2673
f 2676/2676 2675/2675 2679/2679
f 2678/2678 2668/2668 2680/2680
f 2647/2647 2680/2680 2668/2668
f 2680/2680 2656/2656 2678/2678
f 2678/2678 2656/2656 2681/2681
f 2649/2649 2668/2668 2666/2666
f 2668/2668 2649/2649 2647/2647
f 2669/2669 2663/2663 2666/2666
f 2668/2668 2669/2669 2666/2666
f 2664/2664 2663/2663 2670/2670
f 2663/2663 2669/2669 2670/2670
f 2670/2670 2671/2671 2664/2664
f 2664/2664 2671/2671 2665/2665
f 2675/2675 2681/2681 2679/2679
f 2656/2656 2682/2682 2681/2681
f 2682/2682 2679/2679 2681/2681
f 2679/2679 2682/2682 2676/2676
f 2660/2660 2676/2676 2682/2682
f 2682/2682 2656/2656 2657/2657
f 2657/2657 2660/2660 2682/2682
f 2673/2673 2675/2675 2674/2674
f 2669/2669 2671/2671 2670/2670
f 2671/2671 2667/2667 2665/2665
f 2671/2671 2669/2669 2672/2672
f 2674/2674 2671/2671 2672/2672
f 2671/2671 2674/2674 2675/2675
f 2658/2658 2654/2654 2659/2659
f 2654/2654 2653/2653 2659/2659
f 2660/2660 2657/2657 2658/2658
f 2660/2660 2658/2658 2659/2659
f 2659/2659 2653/2653 2661/2661
f 2651/2651 2661/2661 2653/2653
f 2660/2660 2659/2659 2662/2662
f 2659/2659 2661/2661 2662/2662
f 2663/2663 2661/2661 2651/2651
f 2651/2651 2649/2649 2663/2663
f 2662/2662 2661/2661 2664/2664
f 2680/2680 2647/2647 2648/2648
f 2648/2648 2656/2656 2680/2680
f 2663/2663 2649/2649 2666/2666
f 2681/2681 2675/2675 2678/2678
f 2667/2667 2660/2660 2662/2662
f 2617/2617 2623/2623 2651/2651
f 2604/2604 2652/2652 2650/2650
f 2652/2652 2604/2604 2605/2605
f 2611/2611 2652/2652 2605/2605
f 2651/2651 2653/2653 2617/2617
f 2617/2617 2653/2653 2612/2612
f 2654/2654 2611/2611 2612/2612
f 2653/2653 2654/2654 2612/2612
f 2652/2652 2611/2611 2655/2655
f 2654/2654 2655/2655 2611/2611
f 2650/2650 2652/2652 2656/2656
f 2673/2673 2672/2672 2669/2669
f 2669/2669 2668/2668 2673/2673
f 2656/2656 2652/2652 2657/2657
f 2672/2672 2673/2673 2674/2674
f 2658/2658 2657/2657 2655/2655
f 2609/2609 2644/2644 2613/2613
f 2622/2622 2643/2643 2645/2645
f 2644/2644 2645/2645 2643/2643
f 2645/2645 2644/2644 2609/2609
f 2645/2645 2623/2623 2622/2622
f 2609/2609 2607/2607 2645/2645
f 2623/2623 2645/2645 2646/2646
f 2645/2645 2607/2607 2646/2646
f 2602/2602 2647/2647 2607/2607
f 2607/2607 2647/2647 2646/2646
f 2647/2647 2602/2602 2648/2648
f 2663/2663 2664/2664 2661/2661
f 2662/2662 2664/2664 2665/2665
f 2648/2648 2604/2604 2650/2650
f 2662/2662 2665/2665 2667/2667
f 2646/2646 2651/2651 2623/2623
f 2638/2638 2634/2634 2639/2639
f 2626/2626 2639/2639 2631/2631
f 2639/2639 2626/2626 2627/2627
f 2640/2640 2637/2637 2638/2638
f 2640/2640 2638/2638 2639/2639
f 2641/2641 2639/2639 2627/2627
f 2627/2627 2628/2628 2641/2641
f 2639/2639 2641/2641 2642/2642
f 2628/2628 2642/2642 2641/2641
f 2640/2640 2639/2639 2642/2642
f 2628/2628 2640/2640 2642/2642
f 2656/2656 2648/2648 2650/2650
f 2655/2655 2657/2657 2652/2652
f 2644/2644 2640/2640 2628/2628
f 2655/2655 2654/2654 2658/2658
f 2613/2613 2644/2644 2628/2628
f 2632/2632 2618/2618 2629/2629
f 2629/2629 2631/2631 2632/2632
f 2618/2618 2632/2632 2633/2633
f 2616/2616 2618/2618 2633/2633
f 2634/2634 2632/2632 2631/2631
f 2635/2635 2616/2616 2633/2633
f 2620/2620 2616/2616 2635/2635
f 2636/2636 2633/2633 2632/2632
f 2633/2633 2636/2636 2635/2635
f 2632/2632 2634/2634 2636/2636
f 2620/2620 2635/2635 2637/2637
f 2604/2604 2648/2648 2602/2602
f 2646/2646 2647/2647 2649/2649
f 2638/2638 2636/2636 2634/2634
f 2651/2651 2646/2646 2649/2649
f 2631/2631 2639/2639 2634/2634
f 2622/2622 2617/2617 2620/2620
f 2617/2617 2622/2622 2623/2623
f 2614/2614 2624/2624 2621/2621
f 2614/2614 2613/2613 2624/2624
f 2619/2619 2621/2621 2625/2625
f 2624/2624 2625/2625 2621/2621
f 2619/2619 2625/2625 2626/2626
f 2603/2603 2602/2602 2606/2606
f 2607/2607 2606/2606 2602/2602
f 2606/2606 2607/2607 2609/2609
f 2629/2629 2619/2619 2626/2626
f 2618/2618 2619/2619 2629/2629
f 2605/2605 2603/2603 2608/2608
f 2631/2631 2629/2629 2630/2630
f 2605/2605 2608/2608 2610/2610
f 2625/2625 2624/2624 2627/2627
f 2627/2627 2626/2626 2625/2625
f 2624/2624 2613/2613 2628/2628
f 2628/2628 2627/2627 2624/2624
f 2637/2637 2640/2640 2643/2643
f 2643/2643 2622/2622 2637/2637
f 2629/2629 2626/2626 2630/2630
f 2640/2640 2644/2644 2643/2643
f 2626/2626 2631/2631 2630/2630
f 2611/2611 2605/2605 2610/2610
f 2610/2610 2612/2612 2611/2611
f 2613/2613 2603/2603 2606/2606
f 2606/2606 2609/2609 2613/2613
f 2614/2614 2608/2608 2603/2603
f 2603/2603 2613/2613 2614/2614
f 2615/2615 2610/2610 2608/2608
f 2618/2618 2616/2616 2610/2610
f 2614/2614 2619/2619 2615/2615
f 2617/2617 2616/2616 2620/2620
f 2760/2760 2759/2759 2758/2758
f 2760/2760 2757/2757 2753/2753
f 2731/2731 2759/2759 2761/2761
f 2691/2691 2692/2692 2686/2686
f 2687/2687 2688/2688 2690/2690
f 2761/2761 2760/2760 2762/2762
f 2686/2686 2685/2685 2689/2689
f 2760/2760 2753/2753 2762/2762
f 2745/2745 2750/2750 2747/2747
f 2754/2754 2753/2753 2757/2757
f 2758/2758 2755/2755 2756/2756
f 2756/2756 2757/2757 2758/2758
f 2729/2729 2755/2755 2759/2759
f 2755/2755 2758/2758 2759/2759
f 2759/2759 2731/2731 2729/2729
f 2757/2757 2760/2760 2758/2758
f 2743/2743 2742/2742 2762/2762
f 2687/2687 2725/2725 2726/2726
f 2710/2710 2711/2711 2708/2708
f 2726/2726 2685/2685 2687/2687
f 2706/2706 2711/2711 2712/2712
f 2693/2693 2688/2688 2694/2694
f 2695/2695 2693/2693 2694/2694
f 2696/2696 2692/2692 2691/2691
f 2696/2696 2697/2697 2692/2692
f 2696/2696 2698/2698 2697/2697
f 2699/2699 2695/2695 2698/2698
f 2698/2698 2696/2696 2699/2699
f 2693/2693 2695/2695 2700/2700
f 2699/2699 2700/2700 2695/2695
f 2693/2693 2700/2700 2701/2701
f 2701/2701 2690/2690 2693/2693
f 2716/2716 2718/2718 2719/2719
f 2762/2762 2753/2753 2763/2763
f 2743/2743 2762/2762 2763/2763
f 2753/2753 2749/2749 2763/2763
f 2743/2743 2763/2763 2749/2749
f 2694/2694 2732/2732 2730/2730
f 2719/2719 2720/2720 2711/2711
f 2684/2684 2732/2732 2688/2688
f 2719/2719 2718/2718 2721/2721
f 2696/2696 2691/2691 2704/2704
f 2703/2703 2705/2705 2702/2702
f 2701/2701 2702/2702 2705/2705
f 2704/2704 2706/2706 2703/2703
f 2705/2705 2703/2703 2706/2706
f 2691/2691 2707/2707 2704/2704
f 2691/2691 2689/2689 2707/2707
f 2706/2706 2704/2704 2708/2708
f 2707/2707 2689/2689 2709/2709
f 2704/2704 2707/2707 2710/2710
f 2708/2708 2704/2704 2710/2710
f 2725/2725 2687/2687 2690/2690
f 2737/2737 2738/2738 2739/2739
f 2725/2725 2723/2723 2726/2726
f 2697/2697 2740/2740 2692/2692
f 2723/2723 2727/2727 2726/2726
f 2705/2705 2712/2712 2713/2713
f 2711/2711 2713/2713 2712/2712
f 2714/2714 2705/2705 2713/2713
f 2714/2714 2701/2701 2705/2705
f 2713/2713 2711/2711 2715/2715
f 2714/2714 2713/2713 2715/2715
f 2711/2711 2710/2710 2716/2716
f 2717/2717 2714/2714 2715/2715
f 2718/2718 2716/2716 2710/2710
f 2710/2710 2709/2709 2718/2718
f 2719/2719 2711/2711 2716/2716
f 2729/2729 2731/2731 2697/2697
f 2748/2748 2744/2744 2746/2746
f 2732/2732 2694/2694 2688/2688
f 2746/2746 2743/2743 2749/2749
f 2733/2733 2728/2728 2730/2730
f 2720/2720 2719/2719 2721/2721
f 2720/2720 2722/2722 2717/2717
f 2714/2714 2717/2717 2722/2722
f 2721/2721 2723/2723 2720/2720
f 2722/2722 2720/2720 2723/2723
f 2721/2721 2718/2718 2724/2724
f 2723/2723 2721/2721 2724/2724
f 2725/2725 2714/2714 2722/2722
f 2723/2723 2725/2725 2722/2722
f 2725/2725 2701/2701 2714/2714
f 2690/2690 2701/2701 2725/2725
f 2739/2739 2736/2736 2737/2737
f 2728/2728 2733/2733 2755/2755
f 2738/2738 2692/2692 2740/2740
f 2752/2752 2754/2754 2756/2756
f 2740/2740 2697/2697 2731/2731
f 2685/2685 2726/2726 2727/2727
f 2727/2727 2723/2723 2724/2724
f 2718/2718 2727/2727 2724/2724
f 2727/2727 2718/2718 2709/2709
f 2727/2727 2689/2689 2685/2685
f 2689/2689 2727/2727 2709/2709
f 2698/2698 2695/2695 2728/2728
f 2694/2694 2728/2728 2695/2695
f 2698/2698 2728/2728 2729/2729
f 2698/2698 2729/2729 2697/2697
f 2728/2728 2694/2694 2730/2730
f 2735/2735 2745/2745 2747/2747
f 2683/2683 2734/2734 2684/2684
f 2735/2735 2730/2730 2732/2732
f 2730/2730 2735/2735 2733/2733
f 2736/2736 2732/2732 2734/2734
f 2732/2732 2736/2736 2735/2735
f 2734/2734 2683/2683 2737/2737
f 2737/2737 2736/2736 2734/2734
f 2683/2683 2738/2738 2737/2737
f 2738/2738 2683/2683 2686/2686
f 2692/2692 2738/2738 2686/2686
f 2752/2752 2755/2755 2733/2733
f 2736/2736 2744/2744 2745/2745
f 2745/2745 2735/2735 2736/2736
f 2743/2743 2746/2746 2744/2744
f 2760/2760 2761/2761 2759/2759
f 2761/2761 2742/2742 2731/2731
f 2744/2744 2748/2748 2745/2745
f 2761/2761 2762/2762 2742/2742
f 2748/2748 2746/2746 2749/2749
f 2732/2732 2684/2684 2734/2734
f 2739/2739 2738/2738 2741/2741
f 2741/2741 2740/2740 2742/2742
f 2731/2731 2742/2742 2740/2740
f 2743/2743 2739/2739 2741/2741
f 2741/2741 2742/2742 2743/2743
f 2744/2744 2736/2736 2739/2739
f 2739/2739 2743/2743 2744/2744
f 2748/2748 2749/2749 2753/2753
f 2754/2754 2752/2752 2751/2751
f 2753/2753 2754/2754 2751/2751
f 2755/2755 2729/2729 2728/2728
f 2755/2755 2752/2752 2756/2756
f 2738/2738 2740/2740 2741/2741
f 2750/2750 2745/2745 2748/2748
f 2751/2751 2747/2747 2750/2750
f 2748/2748 2751/2751 2750/2750
f 2752/2752 2735/2735 2747/2747
f 2747/2747 2751/2751 2752/2752
f 2733/2733 2735/2735 2752/2752
f 2748/2748 2753/2753 2751/2751
f 2757/2757 2756/2756 2754/2754
f 2711/2711 2720/2720 2715/2715
f 2696/2696 2703/2703 2699/2699
f 2715/2715 2720/2720 2717/2717
f 2703/2703 2696/2696 2704/2704
f 2683/2683 2684/2684 2685/2685
f 2685/2685 2686/2686 2683/2683
f 2684/2684 2687/2687 2685/2685
f 2688/2688 2687/2687 2684/2684
f 2709/2709 2710/2710 2707/2707
f 2706/2706 2708/2708 2711/2711
f 2691/2691 2686/2686 2689/2689
f 2705/2705 2706/2706 2712/2712
f 2688/2688 2693/2693 2690/2690
f 2699/2699 2702/2702 2700/2700
f 2700/2700 2702/2702 2701/2701
f 2702/2702 2699/2699 2703/2703
f 2765/2765 2768/2768 2775/2775
f 2794/2794 2788/2788 2792/2792
f 2770/2770 2765/2765 2774/2774
f 2793/2793 2775/2775 2768/2768
f 2768/2768 2791/2791 2793/2793
f 2768/2768 2769/2769 2771/2771
f 2767/2767 2765/2765 2770/2770
f 2769/2769 2768/2768 2764/2764
f 2774/2774 2772/2772 2770/2770
f 2772/2772 2773/2773 2767/2767
f 2772/2772 2767/2767 2770/2770
f 2825/2825 2824/2824 2827/2827
f 2813/2813 2812/2812 2826/2826
f 2812/2812 2825/2825 2826/2826
f 2777/2777 2825/2825 2812/2812
f 2825/2825 2777/2777 2778/2778
f 2784/2784 2825/2825 2778/2778
f 2824/2824 2825/2825 2822/2822
f 2842/2842 2840/2840 2835/2835
f 2814/2814 2832/2832 2841/2841
f 2832/2832 2840/2840 2841/2841
f 2840/2840 2838/2838 2835/2835
f 2840/2840 2832/2832 2839/2839
f 2838/2838 2840/2840 2839/2839
f 2830/2830 2839/2839 2832/2832
f 2829/2829 2831/2831 2833/2833
f 2832/2832 2814/2814 2813/2813
f 2825/2825 2784/2784 2822/2822
f 2838/2838 2837/2837 2833/2833
f 2818/2818 2836/2836 2834/2834
f 2835/2835 2833/2833 2831/2831
f 2831/2831 2834/2834 2835/2835
f 2818/2818 2834/2834 2820/2820
f 2823/2823 2820/2820 2834/2834
f 2834/2834 2831/2831 2823/2823
f 2829/2829 2833/2833 2828/2828
f 2819/2819 2784/2784 2785/2785
f 2817/2817 2819/2819 2785/2785
f 2815/2815 2816/2816 2818/2818
f 2785/2785 2769/2769 2817/2817
f 2815/2815 2817/2817 2769/2769
f 2816/2816 2815/2815 2811/2811
f 2811/2811 2814/2814 2816/2816
f 2843/2843 2840/2840 2844/2844
f 2840/2840 2842/2842 2844/2844
f 2826/2826 2828/2828 2830/2830
f 2818/2818 2843/2843 2836/2836
f 2843/2843 2818/2818 2816/2816
f 2843/2843 2814/2814 2841/2841
f 2835/2835 2836/2836 2842/2842
f 2769/2769 2764/2764 2815/2815
f 2813/2813 2830/2830 2832/2832
f 2831/2831 2829/2829 2823/2823
f 2823/2823 2829/2829 2821/2821
f 2814/2814 2843/2843 2816/2816
f 2843/2843 2841/2841 2840/2840
f 2828/2828 2826/2826 2827/2827
f 2824/2824 2828/2828 2827/2827
f 2826/2826 2825/2825 2827/2827
f 2777/2777 2810/2810 2773/2773
f 2809/2809 2773/2773 2810/2810
f 2766/2766 2767/2767 2809/2809
f 2773/2773 2809/2809 2767/2767
f 2794/2794 2808/2808 2800/2800
f 2794/2794 2792/2792 2808/2808
f 2807/2807 2800/2800 2808/2808
f 2839/2839 2830/2830 2838/2838
f 2828/2828 2838/2838 2830/2830
f 2835/2835 2838/2838 2833/2833
f 2844/2844 2836/2836 2843/2843
f 2836/2836 2844/2844 2842/2842
f 2808/2808 2806/2806 2807/2807
f 2824/2824 2819/2819 2821/2821
f 2838/2838 2828/2828 2837/2837
f 2820/2820 2823/2823 2821/2821
f 2833/2833 2837/2837 2828/2828
f 2836/2836 2835/2835 2834/2834
f 2819/2819 2817/2817 2821/2821
f 2818/2818 2820/2820 2815/2815
f 2815/2815 2820/2820 2817/2817
f 2790/2790 2804/2804 2789/2789
f 2781/2781 2804/2804 2790/2790
f 2804/2804 2803/2803 2802/2802
f 2804/2804 2781/2781 2803/2803
f 2781/2781 2786/2786 2803/2803
f 2801/2801 2802/2802 2803/2803
f 2801/2801 2803/2803 2786/2786
f 2802/2802 2798/2798 2800/2800
f 2766/2766 2815/2815 2764/2764
f 2830/2830 2813/2813 2826/2826
f 2809/2809 2813/2813 2814/2814
f 2824/2824 2829/2829 2828/2828
f 2829/2829 2824/2824 2821/2821
f 2813/2813 2809/2809 2810/2810
f 2810/2810 2777/2777 2812/2812
f 2809/2809 2811/2811 2766/2766
f 2798/2798 2796/2796 2797/2797
f 2796/2796 2798/2798 2782/2782
f 2795/2795 2797/2797 2796/2796
f 2774/2774 2796/2796 2782/2782
f 2796/2796 2774/2774 2775/2775
f 2775/2775 2795/2795 2796/2796
f 2795/2795 2791/2791 2794/2794
f 2795/2795 2775/2775 2793/2793
f 2806/2806 2808/2808 2792/2792
f 2822/2822 2819/2819 2824/2824
f 2804/2804 2807/2807 2806/2806
f 2819/2819 2822/2822 2784/2784
f 2821/2821 2817/2817 2820/2820
f 2792/2792 2789/2789 2806/2806
f 2789/2789 2804/2804 2806/2806
f 2804/2804 2802/2802 2805/2805
f 2789/2789 2780/2780 2790/2790
f 2780/2780 2781/2781 2790/2790
f 2788/2788 2783/2783 2789/2789
f 2783/2783 2780/2780 2789/2789
f 2788/2788 2771/2771 2787/2787
f 2783/2783 2788/2788 2787/2787
f 2769/2769 2787/2787 2771/2771
f 2787/2787 2769/2769 2785/2785
f 2798/2798 2802/2802 2801/2801
f 2815/2815 2766/2766 2811/2811
f 2801/2801 2782/2782 2798/2798
f 2814/2814 2811/2811 2809/2809
f 2810/2810 2812/2812 2813/2813
f 2799/2799 2795/2795 2800/2800
f 2799/2799 2798/2798 2797/2797
f 2797/2797 2795/2795 2799/2799
f 2776/2776 2779/2779 2781/2781
f 2778/2778 2776/2776 2780/2780
f 2779/2779 2776/2776 2772/2772
f 2772/2772 2774/2774 2779/2779
f 2776/2776 2778/2778 2777/2777
f 2773/2773 2776/2776 2777/2777
f 2776/2776 2773/2773 2772/2772
f 2774/2774 2765/2765 2775/2775
f 2791/2791 2795/2795 2793/2793
f 2802/2802 2800/2800 2807/2807
f 2788/2788 2794/2794 2791/2791
f 2802/2802 2807/2807 2805/2805
f 2807/2807 2804/2804 2805/2805
f 2789/2789 2792/2792 2788/2788
f 2791/2791 2768/2768 2771/2771
f 2771/2771 2788/2788 2791/2791
f 2765/2765 2764/2764 2768/2768
f 2765/2765 2767/2767 2766/2766
f 2764/2764 2765/2765 2766/2766
f 2785/2785 2783/2783 2787/2787
f 2782/2782 2801/2801 2786/2786
f 2786/2786 2779/2779 2782/2782
f 2795/2795 2794/2794 2800/2800
f 2800/2800 2798/2798 2799/2799
f 2778/2778 2780/2780 2783/2783
f 2779/2779 2774/2774 2782/2782
f 2781/2781 2780/2780 2776/2776
f 2781/2781 2779/2779 2786/2786
f 2783/2783 2785/2785 2784/2784
f 2784/2784 2778/2778 2783/2783
f 2920/2920 2897/2897 2896/2896
f 2921/2921 2916/2916 2919/2919
f 2919/2919 2920/2920 2921/2921
f 2916/2916 2921/2921 2913/2913
f 2896/2896 2922/2922 2920/2920
f 2922/2922 2921/2921 2920/2920
f 2855/2855 2853/2853 2851/2851
f 2851/2851 2846/2846 2855/2855
f 2860/2860 2862/2862 2861/2861
f 2859/2859 2855/2855 2863/2863
f 2922/2922 2896/2896 2899/2899
f 2899/2899 2904/2904 2922/2922
f 2921/2921 2922/2922 2923/2923
f 2904/2904 2923/2923 2922/2922
f 2921/2921 2923/2923 2924/2924
f 2904/2904 2925/2925 2924/2924
f 2920/2920 2919/2919 2918/2918
f 2873/2873 2875/2875 2857/2857
f 2875/2875 2858/2858 2857/2857
f 2855/2855 2858/2858 2863/2863
f 2862/2862 2860/2860 2864/2864
f 2858/2858 2881/2881 2863/2863
f 2882/2882 2863/2863 2881/2881
f 2866/2866 2859/2859 2863/2863
f 2865/2865 2859/2859 2866/2866
f 2857/2857 2856/2856 2849/2849
f 2849/2849 2852/2852 2857/2857
f 2858/2858 2855/2855 2856/2856
f 2858/2858 2856/2856 2857/2857
f 2853/2853 2855/2855 2859/2859
f 2860/2860 2854/2854 2853/2853
f 2859/2859 2860/2860 2853/2853
f 2854/2854 2860/2860 2861/2861
f 2868/2868 2895/2895 2862/2862
f 2863/2863 2882/2882 2866/2866
f 2864/2864 2867/2867 2862/2862
f 2868/2868 2862/2862 2867/2867
f 2867/2867 2869/2869 2868/2868
f 2864/2864 2865/2865 2870/2870
f 2870/2870 2867/2867 2864/2864
f 2869/2869 2867/2867 2871/2871
f 2871/2871 2850/2850 2869/2869
f 2850/2850 2871/2871 2852/2852
f 2867/2867 2870/2870 2872/2872
f 2852/2852 2871/2871 2873/2873
f 2857/2857 2852/2852 2873/2873
f 2867/2867 2874/2874 2871/2871
f 2877/2877 2872/2872 2887/2887
f 2886/2886 2878/2878 2888/2888
f 2902/2902 2845/2845 2894/2894
f 2901/2901 2900/2900 2903/2903
f 2887/2887 2886/2886 2888/2888
f 2874/2874 2876/2876 2873/2873
f 2875/2875 2873/2873 2876/2876
f 2876/2876 2874/2874 2877/2877
f 2872/2872 2877/2877 2874/2874
f 2875/2875 2876/2876 2878/2878
f 2877/2877 2878/2878 2876/2876
f 2879/2879 2858/2858 2875/2875
f 2879/2879 2875/2875 2878/2878
f 2879/2879 2880/2880 2858/2858
f 2878/2878 2880/2880 2879/2879
f 2881/2881 2858/2858 2880/2880
f 2880/2880 2878/2878 2881/2881
f 2895/2895 2861/2861 2862/2862
f 2892/2892 2911/2911 2908/2908
f 2911/2911 2892/2892 2890/2890
f 2896/2896 2891/2891 2893/2893
f 2881/2881 2883/2883 2882/2882
f 2883/2883 2866/2866 2882/2882
f 2883/2883 2881/2881 2878/2878
f 2866/2866 2883/2883 2884/2884
f 2865/2865 2866/2866 2884/2884
f 2885/2885 2865/2865 2884/2884
f 2885/2885 2884/2884 2883/2883
f 2865/2865 2885/2885 2870/2870
f 2885/2885 2872/2872 2870/2870
f 2885/2885 2883/2883 2886/2886
f 2883/2883 2878/2878 2886/2886
f 2872/2872 2885/2885 2887/2887
f 2886/2886 2887/2887 2885/2885
f 2918/2918 2911/2911 2897/2897
f 2919/2919 2916/2916 2917/2917
f 2902/2902 2903/2903 2900/2900
f 2878/2878 2877/2877 2889/2889
f 2887/2887 2889/2889 2877/2877
f 2888/2888 2878/2878 2889/2889
f 2889/2889 2887/2887 2888/2888
f 2854/2854 2890/2890 2848/2848
f 2847/2847 2848/2848 2890/2890
f 2890/2890 2854/2854 2891/2891
f 2861/2861 2891/2891 2854/2854
f 2847/2847 2890/2890 2892/2892
f 2891/2891 2861/2861 2893/2893
f 2894/2894 2847/2847 2892/2892
f 2847/2847 2894/2894 2845/2845
f 2861/2861 2895/2895 2893/2893
f 2913/2913 2921/2921 2924/2924
f 2890/2890 2897/2897 2911/2911
f 2909/2909 2908/2908 2912/2912
f 2893/2893 2895/2895 2896/2896
f 2897/2897 2890/2890 2891/2891
f 2891/2891 2896/2896 2897/2897
f 2895/2895 2868/2868 2898/2898
f 2896/2896 2895/2895 2899/2899
f 2899/2899 2895/2895 2898/2898
f 2900/2900 2898/2898 2868/2868
f 2900/2900 2868/2868 2869/2869
f 2901/2901 2899/2899 2898/2898
f 2898/2898 2900/2900 2901/2901
f 2902/2902 2900/2900 2869/2869
f 2869/2869 2850/2850 2902/2902
f 2845/2845 2902/2902 2850/2850
f 2918/2918 2919/2919 2917/2917
f 2897/2897 2920/2920 2918/2918
f 2901/2901 2903/2903 2904/2904
f 2904/2904 2899/2899 2901/2901
f 2905/2905 2902/2902 2894/2894
f 2903/2903 2902/2902 2905/2905
f 2906/2906 2905/2905 2894/2894
f 2892/2892 2906/2906 2894/2894
f 2903/2903 2905/2905 2907/2907
f 2904/2904 2903/2903 2907/2907
f 2906/2906 2892/2892 2908/2908
f 2909/2909 2905/2905 2906/2906
f 2908/2908 2909/2909 2906/2906
f 2907/2907 2905/2905 2910/2910
f 2905/2905 2909/2909 2910/2910
f 2923/2923 2904/2904 2924/2924
f 2909/2909 2913/2913 2910/2910
f 2907/2907 2910/2910 2913/2913
f 2912/2912 2914/2914 2909/2909
f 2913/2913 2909/2909 2914/2914
f 2914/2914 2912/2912 2915/2915
f 2915/2915 2913/2913 2914/2914
f 2912/2912 2916/2916 2915/2915
f 2913/2913 2915/2915 2916/2916
f 2912/2912 2911/2911 2917/2917
f 2912/2912 2917/2917 2916/2916
f 2911/2911 2918/2918 2917/2917
f 2913/2913 2924/2924 2925/2925
f 2911/2911 2912/2912 2908/2908
f 2907/2907 2913/2913 2925/2925
f 2925/2925 2904/2904 2907/2907
f 2845/2845 2846/2846 2847/2847
f 2846/2846 2848/2848 2847/2847
f 2846/2846 2845/2845 2849/2849
f 2850/2850 2849/2849 2845/2845
f 2848/2848 2846/2846 2851/2851
f 2849/2849 2850/2850 2852/2852
f 2853/2853 2848/2848 2851/2851
f 2848/2848 2853/2853 2854/2854
f 2874/2874 2873/2873 2871/2871
f 2874/2874 2867/2867 2872/2872
f 2856/2856 2846/2846 2849/2849
f 2856/2856 2855/2855 2846/2846
f 2860/2860 2859/2859 2865/2865
f 2865/2865 2864/2864 2860/2860
f 2958/2958 2957/2957 2954/2954
f 2944/2944 2948/2948 2947/2947
f 2964/2964 2963/2963 2960/2960
f 2964/2964 2930/2930 2933/2933
f 2948/2948 2944/2944 2949/2949
f 2945/2945 2934/2934 2950/2950
f 2949/2949 2945/2945 2951/2951
f 2950/2950 2951/2951 2945/2945
f 2949/2949 2951/2951 2952/2952
f 2951/2951 2950/2950 2953/2953
f 2953/2953 2952/2952 2951/2951
f 2932/2932 2954/2954 2950/2950
f 2956/2956 2955/2955 2952/2952
f 2968/2968 2961/2961 2965/2965
f 2967/2967 2968/2968 2966/2966
f 2961/2961 2968/2968 2955/2955
f 2948/2948 2969/2969 2967/2967
f 2950/2950 2957/2957 2953/2953
f 2961/2961 2956/2956 2959/2959
f 2957/2957 2961/2961 2959/2959
f 2961/2961 2955/2955 2956/2956
f 2957/2957 2958/2958 2962/2962
f 2957/2957 2962/2962 2961/2961
f 2948/2948 2946/2946 2947/2947
f 2945/2945 2949/2949 2944/2944
f 2940/2940 2941/2941 2936/2936
f 2941/2941 2940/2940 2942/2942
f 2939/2939 2942/2942 2943/2943
f 2937/2937 2939/2939 2943/2943
f 2972/2972 2974/2974 2975/2975
f 2976/2976 2973/2973 2971/2971
f 2971/2971 2975/2975 2976/2976
f 2977/2977 2938/2938 2973/2973
f 2938/2938 2977/2977 2939/2939
f 2941/2941 2939/2939 2977/2977
f 2933/2933 2937/2937 2964/2964
f 2964/2964 2937/2937 2946/2946
f 2934/2934 2932/2932 2950/2950
f 2961/2961 2962/2962 2965/2965
f 2963/2963 2964/2964 2966/2966
f 2966/2966 2965/2965 2963/2963
f 2967/2967 2964/2964 2946/2946
f 2964/2964 2967/2967 2966/2966
f 2946/2946 2948/2948 2967/2967
f 2965/2965 2966/2966 2968/2968
f 2983/2983 2979/2979 2982/2982
f 2981/2981 2984/2984 2935/2935
f 2982/2982 2985/2985 2983/2983
f 2984/2984 2981/2981 2986/2986
f 2986/2986 2981/2981 2983/2983
f 2987/2987 2935/2935 2984/2984
f 2955/2955 2968/2968 2970/2970
f 2969/2969 2948/2948 2970/2970
f 2958/2958 2932/2932 2927/2927
f 2926/2926 2971/2971 2931/2931
f 2938/2938 2931/2931 2971/2971
f 2971/2971 2926/2926 2972/2972
f 2928/2928 2972/2972 2926/2926
f 2971/2971 2973/2973 2938/2938
f 2972/2972 2928/2928 2974/2974
f 2975/2975 2971/2971 2972/2972
f 2991/2991 2986/2986 2983/2983
f 2990/2990 2986/2986 2991/2991
f 2985/2985 2991/2991 2983/2983
f 2992/2992 2975/2975 2988/2988
f 2988/2988 2990/2990 2992/2992
f 2993/2993 2991/2991 2985/2985
f 2973/2973 2976/2976 2978/2978
f 2978/2978 2977/2977 2973/2973
f 2965/2965 2962/2962 2963/2963
f 2941/2941 2979/2979 2936/2936
f 2977/2977 2978/2978 2980/2980
f 2979/2979 2981/2981 2936/2936
f 2981/2981 2935/2935 2936/2936
f 2977/2977 2982/2982 2979/2979
f 2980/2980 2982/2982 2977/2977
f 2981/2981 2979/2979 2983/2983
f 2998/2998 2997/2997 2996/2996
f 2990/2990 2995/2995 2999/2999
f 3000/3000 2990/2990 2999/2999
f 3000/3000 2999/2999 2995/2995
f 2997/2997 3000/3000 2995/2995
f 2990/2990 3000/3000 2992/2992
f 2986/2986 2987/2987 2984/2984
f 2935/2935 2987/2987 2929/2929
f 2970/2970 2968/2968 2969/2969
f 2928/2928 2987/2987 2974/2974
f 2974/2974 2987/2987 2988/2988
f 2975/2975 2974/2974 2988/2988
f 2987/2987 2986/2986 2989/2989
f 2988/2988 2987/2987 2989/2989
f 2986/2986 2990/2990 2989/2989
f 2990/2990 2988/2988 2989/2989
f 3005/3005 3003/3003 3002/3002
f 2976/2976 3005/3005 2978/2978
f 3005/3005 2980/2980 2978/2978
f 2980/2980 3005/3005 2998/2998
f 3002/3002 3004/3004 3006/3006
f 3005/3005 3002/3002 3006/3006
f 2975/2975 2992/2992 2994/2994
f 2994/2994 2976/2976 2975/2975
f 2977/2977 2979/2979 2941/2941
f 2991/2991 2995/2995 2990/2990
f 2996/2996 2993/2993 2985/2985
f 2985/2985 2982/2982 2996/2996
f 2980/2980 2996/2996 2982/2982
f 2993/2993 2996/2996 2997/2997
f 2997/2997 2995/2995 2993/2993
f 2980/2980 2998/2998 2996/2996
f 3001/3001 2992/2992 3000/3000
f 2992/2992 3001/3001 2994/2994
f 2987/2987 2928/2928 2929/2929
f 3002/3002 2994/2994 3001/3001
f 3002/3002 3000/3000 2997/2997
f 2994/2994 3002/3002 3003/3003
f 2976/2976 2994/2994 3003/3003
f 3004/3004 3002/3002 2997/2997
f 2997/2997 2998/2998 3004/3004
f 3005/3005 2976/2976 3003/3003
f 2998/2998 3006/3006 3004/3004
f 3006/3006 2998/2998 3005/3005
f 2991/2991 2993/2993 2995/2995
f 2954/2954 2957/2957 2950/2950
f 2936/2936 2934/2934 2940/2940
f 2937/2937 2931/2931 2938/2938
f 2939/2939 2937/2937 2938/2938
f 3000/3000 3002/3002 3001/3001
f 2926/2926 2927/2927 2928/2928
f 2927/2927 2929/2929 2928/2928
f 2927/2927 2926/2926 2930/2930
f 2931/2931 2930/2930 2926/2926
f 2929/2929 2927/2927 2932/2932
f 2930/2930 2931/2931 2933/2933
f 2929/2929 2932/2932 2934/2934
f 2935/2935 2929/2929 2934/2934
f 2934/2934 2936/2936 2935/2935
f 2931/2931 2937/2937 2933/2933
f 2957/2957 2956/2956 2953/2953
f 2949/2949 2952/2952 2955/2955
f 2948/2948 2949/2949 2955/2955
f 2944/2944 2943/2943 2942/2942
f 2968/2968 2967/2967 2969/2969
f 2970/2970 2948/2948 2955/2955
f 2942/2942 2940/2940 2944/2944
f 2958/2958 2960/2960 2963/2963
f 2958/2958 2963/2963 2962/2962
f 2932/2932 2958/2958 2954/2954
f 2952/2952 2953/2953 2956/2956
f 2937/2937 2943/2943 2946/2946
f 2944/2944 2940/2940 2945/2945
f 2934/2934 2945/2945 2940/2940
f 2960/2960 2927/2927 2930/2930
f 2943/2943 2944/2944 2947/2947
f 2946/2946 2943/2943 2947/2947
f 2930/2930 2964/2964 2960/2960
f 2927/2927 2960/2960 2958/2958
f 2956/2956 2957/2957 2959/2959
f 2942/2942 2939/2939 2941/2941
f 3027/3027 3029/3029 3026/3026
f 3013/3013 3035/3035 3034/3034
f 3029/3029 3034/3034 3033/3033
f 3034/3034 3029/3029 3013/3013
f 3031/3031 3029/3029 3033/3033
f 3024/3024 3028/3028 3032/3032
f 3007/3007 3008/3008 3009/3009
f 3029/3029 3031/3031 3026/3026
f 3028/3028 3026/3026 3031/3031
f 3037/3037 3045/3045 3032/3032
f 3042/3042 3045/3045 3043/3043
f 3029/3029 3027/3027 3030/3030
f 3022/3022 3026/3026 3028/3028
f 3026/3026 3023/3023 3027/3027
f 3074/3074 3054/3054 3072/3072
f 3065/3065 3086/3086 3085/3085
f 3082/3082 3083/3083 3085/3085
f 3021/3021 3020/3020 3024/3024
f 3022/3022 3018/3018 3023/3023
f 3016/3016 3020/3020 3021/3021
f 3019/3019 3016/3016 3021/3021
f 3037/3037 3033/3033 3038/3038
f 3033/3033 3036/3036 3038/3038
f 3014/3014 3016/3016 3019/3019
f 3018/3018 3016/3016 3017/3017
f 3016/3016 3012/3012 3017/3017
f 3086/3086 3065/3065 3087/3087
f 3082/3082 3085/3085 3086/3086
f 3011/3011 3014/3014 3015/3015
f 3015/3015 3008/3008 3011/3011
f 3011/3011 3012/3012 3014/3014
f 3010/3010 3008/3008 3013/3013
f 3012/3012 3011/3011 3007/3007
f 3008/3008 3007/3007 3011/3011
f 3008/3008 3010/3010 3009/3009
f 3010/3010 3013/3013 3029/3029
f 3030/3030 3010/3010 3029/3029
f 3023/3023 3026/3026 3022/3022
f 3015/3015 3019/3019 3025/3025
f 3021/3021 3025/3025 3019/3019
f 3020/3020 3022/3022 3024/3024
f 3016/3016 3018/3018 3020/3020
f 3014/3014 3019/3019 3015/3015
f 3067/3067 3083/3083 3069/3069
f 3076/3076 3071/3071 3073/3073
f 3087/3087 3061/3061 3079/3079
f 3012/3012 3016/3016 3014/3014
f 3084/3084 3065/3065 3085/3085
f 3083/3083 3084/3084 3085/3085
f 3065/3065 3084/3084 3067/3067
f 3083/3083 3067/3067 3084/3084
f 3068/3068 3052/3052 3053/3053
f 3073/3073 3069/3069 3083/3083
f 3078/3078 3083/3083 3082/3082
f 3082/3082 3081/3081 3078/3078
f 3081/3081 3082/3082 3080/3080
f 3081/3081 3076/3076 3078/3078
f 3087/3087 3079/3079 3082/3082
f 3087/3087 3082/3082 3086/3086
f 3065/3065 3063/3063 3064/3064
f 3080/3080 3075/3075 3081/3081
f 3076/3076 3081/3081 3075/3075
f 3077/3077 3080/3080 3079/3079
f 3075/3075 3080/3080 3077/3077
f 3074/3074 3079/3079 3061/3061
f 3079/3079 3074/3074 3077/3077
f 3076/3076 3073/3073 3078/3078
f 3074/3074 3075/3075 3077/3077
f 3059/3059 3060/3060 3030/3030
f 3075/3075 3070/3070 3076/3076
f 3070/3070 3071/3071 3076/3076
f 3064/3064 3061/3061 3087/3087
f 3065/3065 3064/3064 3087/3087
f 3074/3074 3061/3061 3056/3056
f 3054/3054 3074/3074 3056/3056
f 3057/3057 3009/3009 3010/3010
f 3069/3069 3073/3073 3071/3071
f 3054/3054 3070/3070 3072/3072
f 3071/3071 3066/3066 3069/3069
f 3071/3071 3070/3070 3068/3068
f 3068/3068 3066/3066 3071/3071
f 3070/3070 3054/3054 3052/3052
f 3052/3052 3068/3068 3070/3070
f 3066/3066 3067/3067 3069/3069
f 3017/3017 3012/3012 3052/3052
f 3053/3053 3066/3066 3068/3068
f 3067/3067 3066/3066 3062/3062
f 3083/3083 3078/3078 3073/3073
f 3079/3079 3080/3080 3082/3082
f 3055/3055 3057/3057 3066/3066
f 3066/3066 3057/3057 3062/3062
f 3048/3048 3049/3049 3050/3050
f 3065/3065 3062/3062 3063/3063
f 3059/3059 3061/3061 3064/3064
f 3063/3063 3059/3059 3064/3064
f 3063/3063 3062/3062 3060/3060
f 3060/3060 3059/3059 3063/3063
f 3060/3060 3062/3062 3057/3057
f 3061/3061 3059/3059 3058/3058
f 3056/3056 3061/3061 3058/3058
f 3047/3047 3042/3042 3046/3046
f 3057/3057 3030/3030 3060/3060
f 3059/3059 3027/3027 3058/3058
f 3075/3075 3074/3074 3072/3072
f 3072/3072 3070/3070 3075/3075
f 3056/3056 3058/3058 3023/3023
f 3030/3030 3057/3057 3010/3010
f 3038/3038 3044/3044 3037/3037
f 3009/3009 3057/3057 3055/3055
f 3023/3023 3018/3018 3056/3056
f 3017/3017 3056/3056 3018/3018
f 3056/3056 3017/3017 3054/3054
f 3053/3053 3009/3009 3055/3055
f 3017/3017 3052/3052 3054/3054
f 3009/3009 3053/3053 3007/3007
f 3052/3052 3007/3007 3053/3053
f 3035/3035 3040/3040 3039/3039
f 3007/3007 3052/3052 3012/3012
f 3051/3051 3024/3024 3032/3032
f 3062/3062 3065/3065 3067/3067
f 3066/3066 3053/3053 3055/3055
f 3050/3050 3049/3049 3051/3051
f 3050/3050 3051/3051 3045/3045
f 3035/3035 3036/3036 3034/3034
f 3045/3045 3048/3048 3050/3050
f 3049/3049 3021/3021 3024/3024
f 3025/3025 3021/3021 3049/3049
f 3025/3025 3049/3049 3048/3048
f 3048/3048 3045/3045 3047/3047
f 3025/3025 3048/3048 3047/3047
f 3042/3042 3047/3047 3045/3045
f 3046/3046 3025/3025 3047/3047
f 3031/3031 3032/3032 3028/3028
f 3025/3025 3046/3046 3040/3040
f 3042/3042 3040/3040 3046/3046
f 3059/3059 3030/3030 3027/3027
f 3058/3058 3027/3027 3023/3023
f 3045/3045 3037/3037 3044/3044
f 3043/3043 3045/3045 3044/3044
f 3022/3022 3028/3028 3024/3024
f 3044/3044 3038/3038 3043/3043
f 3042/3042 3043/3043 3041/3041
f 3038/3038 3041/3041 3043/3043
f 3041/3041 3039/3039 3042/3042
f 3040/3040 3042/3042 3039/3039
f 3038/3038 3036/3036 3041/3041
f 3039/3039 3041/3041 3036/3036
f 3040/3040 3015/3015 3025/3025
f 3018/3018 3022/3022 3020/3020
f 3035/3035 3015/3015 3040/3040
f 3036/3036 3035/3035 3039/3039
f 3051/3051 3032/3032 3045/3045
f 3049/3049 3024/3024 3051/3051
f 3032/3032 3031/3031 3037/3037
f 3033/3033 3037/3037 3031/3031
f 3036/3036 3033/3033 3034/3034
f 3008/3008 3015/3015 3035/3035
f 3035/3035 3013/3013 3008/3008
f 3105/3105 3097/3097 3106/3106
f 3099/3099 3107/3107 3106/3106
f 3105/3105 3108/3108 3103/3103
f 3103/3103 3108/3108 3100/3100
f 3107/3107 3109/3109 3106/3106
f 3100/3100 3108/3108 3110/3110
f 3106/3106 3113/3113 3105/3105
f 3112/3112 3114/3114 3111/3111
f 3089/3089 3088/3088 3092/3092
f 3093/3093 3092/3092 3088/3088
f 3165/3165 3168/3168 3166/3166
f 3166/3166 3168/3168 3167/3167
f 3152/3152 3168/3168 3165/3165
f 3168/3168 3151/3151 3167/3167
f 3151/3151 3168/3168 3152/3152
f 3143/3143 3145/3145 3159/3159
f 3159/3159 3145/3145 3150/3150
f 3099/3099 3144/3144 3107/3107
f 3159/3159 3160/3160 3143/3143
f 3158/3158 3160/3160 3159/3159
f 3160/3160 3141/3141 3143/3143
f 3160/3160 3139/3139 3141/3141
f 3158/3158 3156/3156 3161/3161
f 3156/3156 3152/3152 3161/3161
f 3158/3158 3162/3162 3160/3160
f 3161/3161 3162/3162 3158/3158
f 3139/3139 3160/3160 3163/3163
f 3163/3163 3137/3137 3139/3139
f 3164/3164 3160/3160 3162/3162
f 3164/3164 3161/3161 3165/3165
f 3152/3152 3165/3165 3161/3161
f 3152/3152 3148/3148 3149/3149
f 3164/3164 3165/3165 3166/3166
f 3137/3137 3163/3163 3167/3167
f 3163/3163 3166/3166 3167/3167
f 3151/3151 3137/3137 3167/3167
f 3154/3154 3155/3155 3150/3150
f 3155/3155 3153/3153 3156/3156
f 3152/3152 3156/3156 3153/3153
f 3150/3150 3155/3155 3157/3157
f 3156/3156 3158/3158 3155/3155
f 3159/3159 3157/3157 3158/3158
f 3101/3101 3096/3096 3102/3102
f 3103/3103 3100/3100 3097/3097
f 3088/3088 3089/3089 3090/3090
f 3089/3089 3091/3091 3090/3090
f 3144/3144 3146/3146 3147/3147
f 3145/3145 3144/3144 3147/3147
f 3146/3146 3135/3135 3148/3148
f 3148/3148 3147/3147 3146/3146
f 3148/3148 3135/3135 3149/3149
f 3162/3162 3161/3161 3164/3164
f 3160/3160 3164/3164 3163/3163
f 3151/3151 3135/3135 3133/3133
f 3133/3133 3137/3137 3151/3151
f 3134/3134 3090/3090 3136/3136
f 3166/3166 3163/3163 3164/3164
f 3152/3152 3149/3149 3151/3151
f 3153/3153 3147/3147 3148/3148
f 3148/3148 3152/3152 3153/3153
f 3147/3147 3153/3153 3154/3154
f 3147/3147 3154/3154 3150/3150
f 3153/3153 3155/3155 3154/3154
f 3138/3138 3139/3139 3136/3136
f 3138/3138 3115/3115 3140/3140
f 3112/3112 3140/3140 3115/3115
f 3141/3141 3139/3139 3138/3138
f 3140/3140 3112/3112 3142/3142
f 3158/3158 3157/3157 3155/3155
f 3159/3159 3150/3150 3157/3157
f 3144/3144 3142/3142 3112/3112
f 3144/3144 3112/3112 3107/3107
f 3127/3127 3129/3129 3130/3130
f 3145/3145 3140/3140 3142/3142
f 3144/3144 3145/3145 3142/3142
f 3140/3140 3145/3145 3143/3143
f 3144/3144 3099/3099 3146/3146
f 3098/3098 3146/3146 3099/3099
f 3146/3146 3098/3098 3135/3135
f 3132/3132 3131/3131 3130/3130
f 3102/3102 3131/3131 3132/3132
f 3120/3120 3101/3101 3132/3132
f 3132/3132 3101/3101 3102/3102
f 3088/3088 3133/3133 3093/3093
f 3150/3150 3145/3145 3147/3147
f 3135/3135 3151/3151 3149/3149
f 3090/3090 3134/3134 3088/3088
f 3133/3133 3135/3135 3098/3098
f 3120/3120 3123/3123 3121/3121
f 3137/3137 3133/3133 3134/3134
f 3134/3134 3136/3136 3137/3137
f 3090/3090 3138/3138 3136/3136
f 3090/3090 3091/3091 3138/3138
f 3115/3115 3138/3138 3091/3091
f 3137/3137 3136/3136 3139/3139
f 3126/3126 3125/3125 3124/3124
f 3108/3108 3125/3125 3126/3126
f 3123/3123 3126/3126 3124/3124
f 3108/3108 3126/3126 3127/3127
f 3126/3126 3123/3123 3127/3127
f 3138/3138 3143/3143 3141/3141
f 3143/3143 3138/3138 3140/3140
f 3129/3129 3127/3127 3123/3123
f 3123/3123 3120/3120 3129/3129
f 3094/3094 3114/3114 3091/3091
f 3120/3120 3130/3130 3129/3129
f 3127/3127 3130/3130 3128/3128
f 3131/3131 3110/3110 3128/3128
f 3128/3128 3130/3130 3131/3131
f 3110/3110 3131/3131 3102/3102
f 3120/3120 3132/3132 3130/3130
f 3117/3117 3119/3119 3116/3116
f 3118/3118 3116/3116 3119/3119
f 3120/3120 3117/3117 3104/3104
f 3101/3101 3120/3120 3104/3104
f 3119/3119 3117/3117 3121/3121
f 3133/3133 3098/3098 3093/3093
f 3133/3133 3088/3088 3134/3134
f 3118/3118 3119/3119 3122/3122
f 3122/3122 3121/3121 3123/3123
f 3106/3106 3097/3097 3099/3099
f 3118/3118 3122/3122 3124/3124
f 3123/3123 3124/3124 3122/3122
f 3125/3125 3113/3113 3118/3118
f 3124/3124 3125/3125 3118/3118
f 3113/3113 3125/3125 3105/3105
f 3108/3108 3105/3105 3125/3125
f 3102/3102 3100/3100 3110/3110
f 3107/3107 3111/3111 3109/3109
f 3111/3111 3107/3107 3112/3112
f 3113/3113 3106/3106 3109/3109
f 3109/3109 3111/3111 3113/3113
f 3128/3128 3108/3108 3127/3127
f 3108/3108 3128/3128 3110/3110
f 3114/3114 3112/3112 3115/3115
f 3115/3115 3091/3091 3114/3114
f 3091/3091 3089/3089 3094/3094
f 3111/3111 3114/3114 3116/3116
f 3111/3111 3116/3116 3113/3113
f 3094/3094 3117/3117 3114/3114
f 3117/3117 3116/3116 3114/3114
f 3117/3117 3094/3094 3104/3104
f 3116/3116 3118/3118 3113/3113
f 3096/3096 3095/3095 3100/3100
f 3095/3095 3097/3097 3100/3100
f 3089/3089 3096/3096 3101/3101
f 3101/3101 3094/3094 3089/3089
f 3096/3096 3100/3100 3102/3102
f 3117/3117 3120/3120 3121/3121
f 3121/3121 3122/3122 3119/3119
f 3094/3094 3101/3101 3104/3104
f 3097/3097 3105/3105 3103/3103
f 3092/3092 3093/3093 3095/3095
f 3096/3096 3089/3089 3092/3092
f 3092/3092 3095/3095 3096/3096
f 3093/3093 3097/3097 3095/3095
f 3097/3097 3093/3093 3098/3098
f 3099/3099 3097/3097 3098/3098
f 3247/3247 3244/3244 3245/3245
f 3170/3170 3169/3169 3173/3173
f 3174/3174 3173/3173 3169/3169
f 3241/3241 3245/3245 3244/3244
f 3243/3243 3242/3242 3245/3245
f 3245/3245 3241/3241 3243/3243
f 3244/3244 3218/3218 3220/3220
f 3220/3220 3241/3241 3244/3244
f 3249/3249 3232/3232 3248/3248
f 3233/3233 3249/3249 3246/3246
f 3239/3239 3241/3241 3240/3240
f 3231/3231 3236/3236 3238/3238
f 3233/3233 3237/3237 3234/3234
f 3242/3242 3243/3243 3239/3239
f 3239/3239 3243/3243 3241/3241
f 3237/3237 3233/3233 3242/3242
f 3239/3239 3237/3237 3242/3242
f 3241/3241 3220/3220 3222/3222
f 3241/3241 3222/3222 3224/3224
f 3225/3225 3226/3226 3223/3223
f 3240/3240 3241/3241 3224/3224
f 3215/3215 3217/3217 3218/3218
f 3233/3233 3230/3230 3232/3232
f 3233/3233 3229/3229 3230/3230
f 3233/3233 3246/3246 3242/3242
f 3245/3245 3242/3242 3246/3246
f 3216/3216 3232/3232 3230/3230
f 3231/3231 3226/3226 3228/3228
f 3229/3229 3216/3216 3230/3230
f 3229/3229 3228/3228 3227/3227
f 3227/3227 3216/3216 3229/3229
f 3224/3224 3226/3226 3240/3240
f 3240/3240 3231/3231 3238/3238
f 3239/3239 3238/3238 3236/3236
f 3237/3237 3239/3239 3236/3236
f 3218/3218 3244/3244 3248/3248
f 3221/3221 3226/3226 3224/3224
f 3208/3208 3211/3211 3209/3209
f 3226/3226 3221/3221 3223/3223
f 3180/3180 3225/3225 3188/3188
f 3240/3240 3226/3226 3231/3231
f 3240/3240 3238/3238 3239/3239
f 3224/3224 3219/3219 3221/3221
f 3219/3219 3224/3224 3222/3222
f 3221/3221 3193/3193 3223/3223
f 3222/3222 3220/3220 3219/3219
f 3236/3236 3234/3234 3237/3237
f 3235/3235 3236/3236 3231/3231
f 3234/3234 3236/3236 3235/3235
f 3228/3228 3235/3235 3231/3231
f 3228/3228 3234/3234 3235/3235
f 3229/3229 3233/3233 3234/3234
f 3171/3171 3172/3172 3219/3219
f 3171/3171 3219/3219 3217/3217
f 3204/3204 3205/3205 3203/3203
f 3218/3218 3214/3214 3215/3215
f 3215/3215 3171/3171 3217/3217
f 3214/3214 3218/3218 3232/3232
f 3232/3232 3216/3216 3214/3214
f 3214/3214 3169/3169 3215/3215
f 3214/3214 3179/3179 3174/3174
f 3169/3169 3214/3214 3174/3174
f 3213/3213 3182/3182 3183/3183
f 3226/3226 3225/3225 3228/3228
f 3225/3225 3227/3227 3228/3228
f 3227/3227 3179/3179 3216/3216
f 3179/3179 3227/3227 3180/3180
f 3225/3225 3180/3180 3227/3227
f 3209/3209 3211/3211 3212/3212
f 3212/3212 3191/3191 3209/3209
f 3192/3192 3197/3197 3194/3194
f 3201/3201 3211/3211 3210/3210
f 3208/3208 3210/3210 3211/3211
f 3225/3225 3193/3193 3188/3188
f 3225/3225 3223/3223 3193/3193
f 3189/3189 3209/3209 3191/3191
f 3209/3209 3189/3189 3208/3208
f 3207/3207 3204/3204 3208/3208
f 3189/3189 3207/3207 3208/3208
f 3193/3193 3221/3221 3196/3196
f 3219/3219 3196/3196 3221/3221
f 3219/3219 3220/3220 3217/3217
f 3218/3218 3217/3217 3220/3220
f 3196/3196 3219/3219 3172/3172
f 3206/3206 3194/3194 3199/3199
f 3180/3180 3188/3188 3187/3187
f 3199/3199 3203/3203 3205/3205
f 3201/3201 3204/3204 3202/3202
f 3214/3214 3216/3216 3179/3179
f 3171/3171 3215/3215 3169/3169
f 3202/3202 3203/3203 3200/3200
f 3198/3198 3201/3201 3202/3202
f 3200/3200 3198/3198 3202/3202
f 3182/3182 3201/3201 3185/3185
f 3201/3201 3182/3182 3213/3213
f 3183/3183 3212/3212 3213/3213
f 3213/3213 3212/3212 3211/3211
f 3201/3201 3213/3213 3211/3211
f 3191/3191 3212/3212 3183/3183
f 3177/3177 3170/3170 3173/3173
f 3192/3192 3195/3195 3197/3197
f 3175/3175 3195/3195 3172/3172
f 3204/3204 3201/3201 3210/3210
f 3210/3210 3208/3208 3204/3204
f 3193/3193 3195/3195 3192/3192
f 3187/3187 3194/3194 3186/3186
f 3190/3190 3192/3192 3194/3194
f 3194/3194 3187/3187 3190/3190
f 3204/3204 3207/3207 3205/3205
f 3189/3189 3206/3206 3207/3207
f 3207/3207 3206/3206 3205/3205
f 3189/3189 3186/3186 3206/3206
f 3194/3194 3206/3206 3186/3186
f 3205/3205 3206/3206 3199/3199
f 3192/3192 3188/3188 3193/3193
f 3188/3188 3192/3192 3190/3190
f 3183/3183 3181/3181 3191/3191
f 3181/3181 3189/3189 3191/3191
f 3201/3201 3198/3198 3185/3185
f 3199/3199 3197/3197 3200/3200
f 3198/3198 3200/3200 3197/3197
f 3197/3197 3199/3199 3194/3194
f 3198/3198 3175/3175 3185/3185
f 3198/3198 3197/3197 3195/3195
f 3175/3175 3198/3198 3195/3195
f 3188/3188 3190/3190 3187/3187
f 3184/3184 3189/3189 3181/3181
f 3186/3186 3189/3189 3184/3184
f 3186/3186 3178/3178 3187/3187
f 3187/3187 3178/3178 3180/3180
f 3203/3203 3202/3202 3204/3204
f 3199/3199 3200/3200 3203/3203
f 3184/3184 3181/3181 3178/3178
f 3182/3182 3177/3177 3183/3183
f 3177/3177 3181/3181 3183/3183
f 3182/3182 3175/3175 3170/3170
f 3170/3170 3177/3177 3182/3182
f 3247/3247 3249/3249 3248/3248
f 3246/3246 3249/3249 3247/3247
f 3232/3232 3218/3218 3248/3248
f 3244/3244 3247/3247 3248/3248
f 3234/3234 3228/3228 3229/3229
f 3245/3245 3246/3246 3247/3247
f 3232/3232 3249/3249 3233/3233
f 3176/3176 3178/3178 3181/3181
f 3177/3177 3176/3176 3181/3181
f 3180/3180 3178/3178 3179/3179
f 3178/3178 3174/3174 3179/3179
f 3174/3174 3178/3178 3176/3176
f 3173/3173 3176/3176 3177/3177
f 3173/3173 3174/3174 3176/3176
f 3172/3172 3170/3170 3175/3175
f 3196/3196 3172/3172 3195/3195
f 3195/3195 3193/3193 3196/3196
f 3170/3170 3172/3172 3171/3171
f 3169/3169 3170/3170 3171/3171
f 3178/3178 3186/3186 3184/3184
f 3175/3175 3182/3182 3185/3185

