# https://github.com/mikedh/trimesh
mtllib material.mtl
usemtl M_UE4Man_ChestLogo
v -0.06706057 0.10517548 0.04253443
v -0.04167149 0.09962736 0.01814409
v -0.04054938 0.08868836 0.02096876
v 0.05400088 -0.14126148 -0.00994662
v 0.05400088 -0.14126148 -0.00994662
v 0.05870190 -0.14443042 -0.02183465
v 0.05870190 -0.14443042 -0.02183465
v 0.05694761 -0.14259507 -0.00900857
v 0.05694761 -0.14259507 -0.00900857
v 0.05582216 -0.14439298 -0.02253584
v 0.04994550 -0.14169373 -0.01050870
v 0.04994550 -0.14169373 -0.01050870
v 0.06541421 -0.14864196 -0.03677026
v 0.06541421 -0.14864196 -0.03677026
v 0.05224981 -0.14388015 -0.02431563
v 0.04506304 -0.14503505 -0.01101665
v 0.04506304 -0.14503505 -0.01101665
v 0.06169345 -0.15073039 -0.04056481
v 0.04883208 -0.14834561 -0.02687387
v 0.04698577 -0.14812340 -0.02779404
v 0.04327657 -0.14492502 -0.01098816
v 0.04327657 -0.14492502 -0.01098816
v 0.03898384 -0.14161469 -0.01032046
v 0.03898384 -0.14161469 -0.01032046
v 0.05893972 -0.15397658 -0.04286222
v 0.07663634 -0.15897943 -0.04993145
v 0.07905509 -0.15898730 -0.04757599
v 0.07905509 -0.15898730 -0.04757599
v 0.07430842 -0.16326072 -0.05199377
v 0.09702637 -0.17364909 -0.05221180
v 0.09662607 -0.17087330 -0.05225424
v 0.09662607 -0.17087330 -0.05225424
v 0.11028912 -0.18018951 -0.04899041
v 0.11028912 -0.18018951 -0.04899041
v 0.05743744 -0.15381302 -0.04481618
v 0.10928919 -0.18240668 -0.04949001
v 0.11391189 -0.18108346 -0.04874603
v 0.11391189 -0.18108346 -0.04874603
v 0.04345169 -0.14498736 -0.03092221
v 0.11444452 -0.18306472 -0.04827825
v 0.03553846 -0.13682415 -0.03226368
v 0.03200605 -0.13667657 -0.01083473
v 0.03200605 -0.13667657 -0.01083473
v 0.05582013 -0.15069486 -0.04839532
v 0.11820557 -0.18298425 -0.04870121
v 0.12112965 -0.17971064 -0.04973380
v 0.12112965 -0.17971064 -0.04973380
v 0.12112965 -0.17971064 -0.04973380
v 0.07379510 -0.16359510 -0.05418281
v 0.11460914 -0.18811740 -0.05093078
v 0.09533992 -0.17755951 -0.05518345
v 0.10796919 -0.18758084 -0.05191354
v 0.11953606 -0.18817033 -0.05145411
v 0.10826840 -0.18805053 -0.05370967
v 0.11465909 -0.18862476 -0.05271629
v 0.09568431 -0.17865826 -0.05729095
v 0.09685173 -0.17674662 -0.06047491
v 0.07470229 -0.16200771 -0.05702499
v 0.11272778 -0.18651296 -0.06000535
v 0.09887888 -0.17344918 -0.06490187
v 0.05820908 -0.14759423 -0.05467037
v 0.07720651 -0.15723230 -0.06254522
v 0.11329331 -0.18487837 -0.06318239
v 0.06977835 -0.14258136 -0.06474785
v 0.11749782 -0.18687131 -0.06079296
v 0.08163395 -0.15230073 -0.06807033
v 0.10258653 -0.16959240 -0.06985060
v 0.11876860 -0.18451549 -0.06481604
v 0.11957505 -0.18868889 -0.05323831
v 0.12222149 -0.18636276 -0.06157164
v 0.11411681 -0.15788557 -0.07304255
v 0.13141265 -0.17470481 -0.06734912
v 0.12435343 -0.18755771 -0.05400066
v 0.13371780 -0.17739930 -0.06410853
v 0.12432554 -0.18702783 -0.05221752
v 0.12182917 -0.18170835 -0.04936437
v 0.12925651 -0.17565300 -0.05042867
v 0.12925651 -0.17565300 -0.05042867
v 0.13169756 -0.17626335 -0.05159835
v 0.13613870 -0.16859783 -0.05098406
v 0.13613870 -0.16859783 -0.05098406
v 0.13506021 -0.17795755 -0.05375318
v 0.13898649 -0.16835858 -0.05216257
v 0.14229228 -0.16048302 -0.05019549
v 0.14229228 -0.16048302 -0.05019549
v 0.13531675 -0.17836811 -0.05555157
v 0.14346471 -0.16827990 -0.05574111
v 0.14322271 -0.16800274 -0.05391578
v 0.14423861 -0.16083493 -0.05192486
v 0.14359894 -0.15690805 -0.05250064
v 0.14200237 -0.15699555 -0.05094723
v 0.14200237 -0.15699555 -0.05094723
v 0.14700463 -0.16134598 -0.05405430
v 0.14151349 -0.15266623 -0.05349545
v 0.14026668 -0.15319290 -0.05211810
v 0.14026668 -0.15319290 -0.05211810
v 0.12835088 -0.13614442 -0.05441419
v 0.12835088 -0.13614442 -0.05441419
v 0.14676132 -0.15715982 -0.05544309
v 0.12952843 -0.13490738 -0.05662636
v 0.11706843 -0.11928441 -0.05117325
v 0.11706843 -0.11928441 -0.05117325
v 0.14507201 -0.15265860 -0.05725102
v 0.14728763 -0.16137769 -0.05616538
v 0.14700618 -0.15744461 -0.05739371
v 0.14238121 -0.16724338 -0.06379501
v 0.14459398 -0.15790345 -0.06188957
v 0.13903358 -0.16606166 -0.06716315
v 0.14451482 -0.16049649 -0.06185631
v 0.14201000 -0.15914120 -0.06516151
v 0.12712231 -0.14536406 -0.07327143
v 0.12986817 -0.14035537 -0.07110457
v 0.14527883 -0.15319611 -0.05904106
v 0.13222923 -0.13744046 -0.06809489
v 0.13334431 -0.13339736 -0.06257013
v 0.13363674 -0.13365771 -0.06442432
v 0.11611476 -0.11715319 -0.06997828
v 0.11993399 -0.11412432 -0.06644158
v 0.11026289 -0.12240877 -0.07287387
v 0.09668293 -0.13746788 -0.07154242
v 0.10109033 -0.11238791 -0.07147531
v 0.08504429 -0.12695278 -0.06864838
v 0.10669103 -0.10512890 -0.06697682
v 0.08771064 -0.09985616 -0.07065479
v 0.07216992 -0.11448337 -0.06783620
v 0.05705347 -0.13041915 -0.06204716
v 0.04674115 -0.13755168 -0.04989425
v 0.04262938 -0.11520697 -0.06361930
v 0.03224482 -0.12337245 -0.05164842
v 0.05780008 -0.09943451 -0.06926421
v 0.02422418 -0.09997107 -0.06889991
v 0.02328994 -0.12882234 -0.03294031
v 0.02108469 -0.12948336 -0.01182119
v 0.02108469 -0.12948336 -0.01182119
v 0.00197925 -0.11929442 -0.01359133
v 0.00197925 -0.11929442 -0.01359133
v 0.01346078 -0.11025669 -0.05606977
v 0.00561585 -0.11876633 -0.03789477
v -0.01508460 -0.10682012 -0.01632790
v -0.01508460 -0.10682012 -0.01632790
v 0.00578012 -0.08607473 -0.07382897
v -0.01342688 -0.10580875 -0.04077069
v -0.02848718 -0.09447755 -0.01780538
v -0.02848718 -0.09447755 -0.01780538
v -0.00414119 -0.09690215 -0.06024102
v -0.02875612 -0.09123339 -0.04475705
v -0.04297266 -0.07632293 -0.01761262
v -0.04297266 -0.07632293 -0.01761262
v -0.01973925 -0.08231260 -0.06386594
v -0.04167280 -0.07568385 -0.04571430
v -0.04942939 -0.06369521 -0.04254929
v -0.04745350 -0.06916692 -0.01664666
v -0.04745350 -0.06916692 -0.01664666
v -0.05061469 -0.05922915 -0.01545016
v -0.05061469 -0.05922915 -0.01545016
v -0.03355727 -0.06645657 -0.06596903
v -0.05342553 -0.05312135 -0.04043309
v -0.05189810 -0.05380644 -0.01543943
v -0.05189810 -0.05380644 -0.01543943
v -0.04394064 -0.05112280 -0.06563977
v -0.00989220 -0.07173814 -0.07918696
v -0.02584038 -0.05421819 -0.07771782
v -0.04989658 -0.04252412 -0.06349520
v 0.02192058 -0.06547274 -0.07908217
v -0.05507920 -0.04820837 -0.03924123
v -0.03620074 -0.03799512 -0.07621197
v -0.05479953 -0.04618396 -0.03825263
v -0.05236397 -0.05143024 -0.01483981
v -0.05236397 -0.05143024 -0.01483981
v -0.05289684 -0.03485324 -0.06148795
v -0.05322490 -0.03375353 -0.06027238
v -0.04419301 -0.02441074 -0.07408897
v -0.04886184 -0.01704742 -0.07274262
v -0.04190192 -0.02992131 -0.04947487
v -0.02266023 -0.01558270 -0.08268694
v -0.04179487 -0.04161312 -0.03593663
v -0.00883756 -0.03228285 -0.08513288
v -0.03793023 0.00563334 -0.07896511
v 0.00610819 -0.05062165 -0.08628015
v -0.00686119 -0.00436737 -0.08216480
v 0.00767698 -0.01677586 -0.08454339
v 0.03397443 -0.05437900 -0.08068697
v -0.01776097 0.00832127 -0.07939533
v 0.03978457 -0.08133151 -0.07263092
v 0.05294862 -0.06724681 -0.07461230
v 0.07413544 -0.08434226 -0.07117776
v 0.05770721 -0.06115796 -0.07278864
v 0.02580287 -0.03298570 -0.08343450
v 0.09393885 -0.09249665 -0.06590704
v 0.07846989 -0.07978346 -0.06703142
v 0.11224737 -0.09423651 -0.05836860
v 0.10043492 -0.08278705 -0.05546288
v 0.08389737 -0.06639697 -0.05664317
v 0.12258949 -0.11247041 -0.06240372
v 0.11027398 -0.07994022 -0.04084806
v 0.12318351 -0.11322202 -0.06058768
v 0.11768570 -0.09814681 -0.05414931
v 0.12036385 -0.11578538 -0.05780427
v 0.11755850 -0.09992065 -0.05279175
v 0.11413803 -0.10366453 -0.05049411
v 0.11888900 -0.11781158 -0.05349580
v 0.11267557 -0.11072471 -0.04598240
v 0.11267557 -0.11072471 -0.04598240
v 0.11455777 -0.10720851 -0.04880361
v 0.11011185 -0.10403158 -0.03766517
v 0.11011185 -0.10403158 -0.03766517
v 0.11217525 -0.09980037 -0.03810302
v 0.10985567 -0.09868993 -0.02677266
v 0.10985567 -0.09868993 -0.02677266
v 0.11251738 -0.09214176 -0.03937844
v 0.11196282 -0.09335186 -0.02671198
v 0.11053374 -0.09678008 -0.01430277
v 0.11053374 -0.09678008 -0.01430277
v 0.11571636 -0.08723380 -0.03963880
v 0.11116018 -0.08719804 -0.02704696
v 0.11331644 -0.09182002 -0.01433019
v 0.11543145 -0.08561351 -0.03992550
v 0.11440029 -0.08334030 -0.02685098
v 0.11126592 -0.08483674 -0.01381616
v 0.11654677 -0.09413483 -0.00013701
v 0.11349478 -0.09836628 -0.00067596
v 0.11349478 -0.09836628 -0.00067596
v 0.11440208 -0.08098103 -0.02714900
v 0.11529150 -0.08057560 -0.01394526
v 0.11433830 -0.08775260 0.00186332
v 0.11474027 -0.07844164 -0.01377503
v 0.11912050 -0.08304490 0.00196024
v 0.10958280 -0.07620038 -0.02695910
v 0.10171714 -0.07222308 -0.04118101
v 0.11054697 -0.07399489 -0.01322714
v 0.10130312 -0.06745114 -0.02612344
v 0.08828606 -0.05697753 -0.04141430
v 0.11897530 -0.08086910 0.00269922
v 0.10183027 -0.06517531 -0.01272730
v 0.12310936 -0.08697953 0.01463135
v 0.09110572 -0.05517508 -0.02593128
v 0.12373128 -0.08912827 0.01364537
v 0.07538810 -0.03917696 -0.04142956
v 0.11944940 -0.09346320 0.01278003
v 0.06825199 -0.04690673 -0.05918817
v 0.11985829 -0.09997083 0.00992676
v 0.11753681 -0.10356809 0.00809093
v 0.11753681 -0.10356809 0.00809093
v 0.06542828 -0.05053176 -0.06467132
v 0.12701406 -0.11205568 0.01938125
v 0.12571778 -0.11496283 0.01778766
v 0.12571778 -0.11496283 0.01778766
v 0.03867116 -0.02329423 -0.07249848
v 0.04856314 -0.01724948 -0.05967931
v 0.02460220 -0.00572409 -0.07236210
v 0.03572419 -0.00056471 -0.05764262
v 0.05687752 -0.01429631 -0.04164843
v 0.00885656 0.00380824 -0.07351653
v 0.03029611 0.00656031 -0.05524639
v -0.00090835 0.00928484 -0.07129363
v 0.01668610 0.00705884 -0.06530503
v 0.04244389 0.00256525 -0.04013673
v 0.02392270 0.01689563 -0.04994206
v 0.01095607 0.01826261 -0.05981545
v -0.00565348 0.01974772 -0.06864051
v -0.02170692 0.02019785 -0.07689051
v 0.01065507 0.02613006 -0.05896227
v -0.00532720 0.02883266 -0.06811623
v 0.02196183 0.02474580 -0.04985563
v -0.02303217 0.02987192 -0.07634429
v 0.01816692 0.04301785 -0.04905454
v 0.00669732 0.04317961 -0.05833892
v -0.00682304 0.04256831 -0.06777612
v 0.01222708 0.06071923 -0.04882805
v -0.03584609 0.02058039 -0.07851831
v 0.00172331 0.05832349 -0.05863134
v -0.02534232 0.04339872 -0.07712142
v -0.03678236 0.03031490 -0.07892756
v -0.00931535 0.05589245 -0.06724254
v -0.04908905 0.03056715 -0.08178810
v -0.03876529 0.04283295 -0.08022825
v -0.02675066 0.05293320 -0.07742659
v -0.03959594 0.04930947 -0.08084349
v -0.05133484 0.04439698 -0.08391968
v -0.04928980 0.01905916 -0.08005480
v -0.05175278 0.03029285 -0.08127526
v -0.04895315 0.00605772 -0.07838265
v -0.05073843 -0.01614310 -0.07099048
v -0.05072627 0.00646423 -0.07737986
v -0.05122016 0.01882170 -0.07926265
v -0.04887245 0.00765382 -0.05983118
v -0.04357371 -0.01280095 -0.05524055
v -0.05241666 0.02106486 -0.06231228
v -0.03666649 -0.02660550 -0.04647426
v -0.05502937 0.03226362 -0.06423132
v -0.05192361 0.02184675 -0.05689625
v -0.05520568 0.03281365 -0.05886773
v -0.05804799 0.04587708 -0.06673531
v -0.04750738 0.00851331 -0.05444435
v -0.04273043 0.02391051 -0.05245928
v -0.05901215 0.04620026 -0.06158356
v -0.04834733 0.03652034 -0.05395774
v -0.05335710 0.04783188 -0.05558125
v -0.04404006 0.03040181 -0.03941635
v -0.06337867 0.06054698 -0.06397239
v -0.05353615 0.04452668 -0.08281831
v -0.06218169 0.06102584 -0.06861071
v -0.05809055 0.06144474 -0.05780987
v -0.05622289 0.06263147 -0.08564989
v -0.05788968 0.06220840 -0.08494083
v -0.06966231 0.07377170 -0.06366555
v -0.06858072 0.07459222 -0.06819920
v -0.06626008 0.07934747 -0.08403508
v -0.05667124 0.05209659 -0.04786257
v -0.06388495 0.07232354 -0.05639390
v -0.05328224 0.03657315 -0.03063003
v -0.07063589 0.05412219 -0.04069368
v -0.06966493 0.08164309 -0.05418960
v -0.07262633 0.07307265 -0.04957465
v -0.07550416 0.08467899 -0.05961899
v -0.07516120 0.09405909 -0.05129627
v -0.07626043 0.08580385 -0.06437592
v -0.07633696 0.09362946 -0.05910114
v -0.07535300 0.09078859 -0.07971171
v -0.07671211 0.09458409 -0.07827858
v -0.07337592 0.09166895 -0.08182029
v -0.06436894 0.08076320 -0.08453015
v -0.07472203 0.09556137 -0.08002619
v -0.06420205 0.09668396 -0.07892243
v -0.05471049 0.08519564 -0.08160917
v -0.07742915 0.10189508 -0.07511739
v -0.06695638 0.10412656 -0.07519797
v -0.07616387 0.10283075 -0.07609943
v -0.07707689 0.11297939 -0.06792513
v -0.07600496 0.10299717 -0.05135290
v -0.07547734 0.11340390 -0.06867711
v -0.07710633 0.12416182 -0.05834726
v -0.07735083 0.11356841 -0.04237048
v -0.06635461 0.11533020 -0.06766180
v -0.07560883 0.12485598 -0.05907039
v -0.07738254 0.13432072 -0.04817704
v -0.05739901 0.11487828 -0.06692509
v -0.06575499 0.12533448 -0.05896882
v -0.05840383 0.10284422 -0.07571951
v -0.07598684 0.13528453 -0.04887132
v -0.05415831 0.12274323 -0.05882053
v -0.06380341 0.13371943 -0.04857318
v -0.04857550 0.11025510 -0.06747631
v -0.04608951 0.08978580 -0.07766883
v -0.04437993 0.06686125 -0.08198325
v -0.03357206 0.09768711 -0.06833271
v -0.03027234 0.06185113 -0.07792417
v -0.03451345 0.07184361 -0.07807700
v -0.02734862 0.08978449 -0.06798498
v -0.01893053 0.07909547 -0.06751458
v -0.01386819 0.06728075 -0.06683497
v -0.01817844 0.09499298 -0.05939654
v -0.00346456 0.07135389 -0.05825178
v -0.00979052 0.08381043 -0.05913560
v 0.00602105 0.07443879 -0.04960243
v -0.00145886 0.08835993 -0.05035321
v -0.01008461 0.09995268 -0.05151323
v -0.02574966 0.10508631 -0.05963198
v -0.02008424 0.11068819 -0.05161111
v -0.04281662 0.11686395 -0.05958931
v -0.03649078 0.12265263 -0.05047516
v -0.05116425 0.12958430 -0.05012361
v -0.04946671 0.13678621 -0.03682546
v -0.03199921 0.12847744 -0.03862909
v -0.06257019 0.14139770 -0.03535155
v -0.04315827 0.14317964 -0.02527694
v -0.07616565 0.14326416 -0.03300051
v -0.06206331 0.14767943 -0.02184919
v -0.07817421 0.14192103 -0.03265766
v -0.07656655 0.14987086 -0.01686136
v -0.04080472 0.14581452 -0.00821523
v -0.06236074 0.15121554 -0.00591485
v -0.02614043 0.13479458 -0.02756874
v -0.01296947 0.11624323 -0.03959111
v -0.02215538 0.13718079 -0.01018194
v -0.00200579 0.10540436 -0.03770939
v -0.00777779 0.12154113 -0.02902822
v 0.00354531 0.10903547 -0.02770893
v 0.00812902 0.09356318 -0.03717510
v 0.01465561 0.09676479 -0.02641455
v 0.01566520 0.07918034 -0.03544644
v 0.02301373 0.08200894 -0.02533702
v 0.02323105 0.06238053 -0.03438834
v 0.03041115 0.06336926 -0.02398817
v 0.03036454 0.04155145 -0.03434030
v 0.03365245 0.02170811 -0.03630571
v 0.03475895 0.04038416 -0.02267067
v 0.03479125 0.01277087 -0.03784708
v 0.03853884 0.01887332 -0.02514724
v 0.04009237 0.00841556 -0.02513019
v 0.04095437 0.01651703 -0.01494626
v 0.03965130 0.04100285 -0.01216940
v 0.03448191 0.06346331 -0.01016513
v 0.04306998 0.01549099 -0.00101058
v 0.02690246 0.08335481 -0.00973360
v 0.04168382 0.03973697 0.00366827
v 0.03631511 0.06385539 0.00443180
v 0.01908305 0.09778283 -0.00948290
v 0.02908172 0.08292483 0.00608655
v 0.00905123 0.11139069 -0.00999371
v 0.02184453 0.09757267 0.00739213
v -0.00313995 0.12403868 -0.01050452
v 0.01065757 0.11125086 0.00850566
v -0.02124427 0.13860629 0.00868936
v -0.00016163 0.12447963 0.00958272
v -0.00058482 0.12168275 0.03313108
v 0.01124670 0.10848818 0.03241201
v -0.04109416 0.14735411 0.00892433
v -0.02260134 0.13598142 0.03323861
v -0.00236092 0.11195801 0.05863174
v 0.02123489 0.09472619 0.03080483
v 0.00974383 0.09860073 0.05691381
v 0.02856769 0.08080254 0.02907582
v 0.01958539 0.08536897 0.05469521
v 0.03516521 0.06191133 0.02658983
v 0.02515902 0.07243190 0.05180903
v 0.04038443 0.03891812 0.02193042
v 0.03143802 0.05479966 0.04622384
v 0.01392534 0.07492672 0.06397601
v 0.01997974 0.06148110 0.06069179
v 0.03471877 0.03529010 0.03930112
v 0.02552440 0.04846190 0.05632039
v 0.04239716 0.01427732 0.01655670
v 0.03814449 0.01247190 0.03359397
v 0.02970972 0.03068863 0.05059799
v 0.04347827 0.00196896 0.01331766
v 0.03984370 0.00264857 0.03242310
v 0.04465809 0.00302158 -0.00425915
v 0.04636504 -0.00823774 0.03095611
v 0.04296198 0.00452052 -0.01657490
v 0.04935076 -0.00586607 0.01141592
v 0.05035152 -0.00356008 -0.00552348
v 0.04827931 -0.00198151 -0.02102129
v 0.06070413 -0.01733734 0.01045998
v 0.06118502 -0.01458539 -0.00780896
v 0.05990352 -0.01382377 -0.02288298
v 0.08093848 -0.03890015 0.00737067
v 0.07841315 -0.03738906 -0.02571026
v 0.08005156 -0.03655137 -0.01133887
v 0.09285118 -0.05394437 -0.01254193
v 0.09492757 -0.05531086 0.00471385
v 0.10419204 -0.06567599 0.00376149
v 0.08085754 -0.04250612 0.02769776
v 0.11380400 -0.07560195 0.00339313
v 0.09697642 -0.05996336 0.02490528
v 0.10891416 -0.07274474 0.02196368
v 0.11939862 -0.08366384 0.01733657
v 0.09670033 -0.06440045 0.03925844
v 0.11024048 -0.07909955 0.03466900
v 0.12544503 -0.09662272 0.02799745
v 0.12924852 -0.10118760 0.02525147
v 0.11003234 -0.08537771 0.04427298
v 0.12954905 -0.10349764 0.02397140
v 0.12929883 -0.10842301 0.03467508
v 0.13471117 -0.11588063 0.03213306
v 0.12553706 -0.10752179 0.02244540
v 0.13535156 -0.11704089 0.03043862
v 0.13270297 -0.11988010 0.02708944
v 0.13492205 -0.12032987 0.03336831
v 0.13546529 -0.12158384 0.03176328
v 0.13179376 -0.12207271 0.02561744
v 0.13107159 -0.12420489 0.02319618
v 0.13107159 -0.12420489 0.02319618
v 0.13183346 -0.12492194 0.02961787
v 0.13157120 -0.12681701 0.02839108
v 0.13113715 -0.12848903 0.02583059
v 0.13113715 -0.12848903 0.02583059
v 0.13002648 -0.13201572 0.02869221
v 0.13002648 -0.13201572 0.02869221
v 0.13017239 -0.13080372 0.03139194
v 0.13017239 -0.13080372 0.03139194
v 0.12978771 -0.12920596 0.03237351
v 0.12978771 -0.12920596 0.03237351
v 0.13428416 -0.12576117 0.03418930
v 0.13383808 -0.12441327 0.03570505
v 0.12817826 -0.11813356 0.03845485
v 0.12292292 -0.13710238 0.04108294
v 0.10757758 -0.09125723 0.04959329
v 0.11872067 -0.13016786 0.04390653
v 0.09556713 -0.10424473 0.05687865
v 0.09158554 -0.07218291 0.05667313
v 0.10275378 -0.14388599 0.04791518
v 0.07911386 -0.08613719 0.06354686
v 0.07817211 -0.12088670 0.06012710
v 0.06217565 -0.10426273 0.06574818
v 0.09572854 -0.06771459 0.04950949
v 0.07218685 -0.05101730 0.06074806
v 0.07636704 -0.04685225 0.05195232
v 0.07835784 -0.04541256 0.04260226
v 0.05363741 -0.02483572 0.05371340
v 0.05653419 -0.02333965 0.04396351
v 0.05847230 -0.02023925 0.03112908
v 0.04252686 -0.00943424 0.04326578
v 0.03433790 0.00203548 0.04322406
v 0.03915443 -0.01031341 0.05073758
v 0.03295460 0.01079498 0.04534610
v 0.02954056 0.00009916 0.05190214
v 0.02199902 0.02511440 0.06064614
v 0.04853644 -0.02876880 0.06137212
v 0.03297558 -0.01424636 0.05980178
v 0.02500870 0.00786279 0.05574163
v 0.02159085 -0.00146164 0.06126090
v 0.03590598 -0.03994848 0.06817742
v 0.01793029 -0.02064576 0.06786009
v 0.05853309 -0.06495489 0.06787773
v 0.04266968 -0.08283855 0.06967660
v 0.01971116 -0.05769028 0.07123800
v 0.00085666 -0.03286042 0.07066806
v 0.00871708 -0.00654425 0.07001480
v 0.01645031 0.00445400 0.06421431
v -0.01079974 -0.01062192 0.07365008
v 0.00992050 0.01680539 0.06999715
v 0.00381722 0.00086640 0.07115718
v 0.00485792 0.03123365 0.07859798
v -0.01375554 -0.00322987 0.07552346
v -0.00098953 0.01198970 0.07512840
v -0.00815008 0.02391635 0.08414837
v -0.01640175 0.00818775 0.08011504
v -0.02402911 -0.01322390 0.07268186
v -0.02501056 -0.00377979 0.07558545
v -0.02037118 0.01829622 0.08763441
v -0.02387879 -0.02212955 0.06969412
v -0.02704809 0.00554178 0.08217808
v -0.03168938 -0.01211550 0.07079013
v -0.03386007 -0.00414731 0.07580968
v -0.00925527 -0.04009857 0.07119723
v -0.03515277 -0.00357868 0.07478555
v -0.03515277 -0.00357868 0.07478555
v -0.03295992 -0.01155164 0.06960495
v -0.03295992 -0.01155164 0.06960495
v -0.03929160 0.00387500 0.08233686
v -0.03929160 0.00387500 0.08233686
v -0.03361771 -0.02286197 0.06353696
v -0.03453109 -0.02192439 0.06235417
v -0.03453109 -0.02192439 0.06235417
v -0.03766105 0.00358782 0.08295866
v -0.03993092 -0.03904797 0.04208191
v -0.03986118 -0.03653659 0.04028257
v -0.03986118 -0.03653659 0.04028257
v -0.02632127 -0.02957036 0.06432017
v -0.04238281 -0.04581656 0.02640017
v -0.04240618 -0.04408552 0.02577825
v -0.04240618 -0.04408552 0.02577825
v -0.04680143 -0.04946806 0.00761457
v -0.04680143 -0.04946806 0.00761457
v -0.03419671 -0.04543735 0.04045995
v -0.01398931 -0.04453220 0.06751057
v -0.04707096 -0.05121888 0.00795861
v -0.03756128 -0.05236782 0.02481278
v -0.04326520 -0.05847873 0.00707098
v -0.02601419 -0.05494084 0.04210671
v -0.03175733 -0.05939438 0.02404924
v -0.03888188 -0.06598784 0.00609728
v -0.01924691 -0.08808424 0.00432738
v -0.01141403 -0.08398427 0.02167650
v -0.00870083 -0.09980943 0.00271901
v -0.00347672 -0.07988026 0.04232713
v 0.01197281 -0.10662343 0.02219399
v 0.00672939 -0.11278357 0.00466557
v 0.02386393 -0.12645163 0.00599702
v 0.03533830 -0.13449838 0.00697823
v 0.03158274 -0.12309017 0.02498182
v 0.04212346 -0.13925983 0.00743409
v 0.04251363 -0.13231303 0.02499028
v 0.02032413 -0.10337664 0.04288491
v 0.03877487 -0.12107541 0.04319616
v 0.03094687 -0.09523084 0.06499322
v 0.00868001 -0.07062163 0.06725880
v 0.05022087 -0.11540021 0.06057306
v 0.01207247 -0.06605031 0.07127806
v 0.03523972 -0.09211947 0.06893977
v 0.05484857 -0.11179175 0.06525179
v 0.05301800 -0.13190700 0.04284628
v 0.06403043 -0.12947847 0.05652161
v 0.07099213 -0.12765147 0.06002494
v 0.05111613 -0.14049460 0.02478083
v 0.06660273 -0.14381661 0.03802224
v 0.08257689 -0.14689185 0.04551931
v 0.09504285 -0.14849367 0.04876610
v 0.06992521 -0.14742615 0.03558286
v 0.08621874 -0.15143062 0.04095574
v 0.10465004 -0.15385904 0.04419347
v 0.05581512 -0.14427139 0.02345343
v 0.10091724 -0.15467645 0.04417928
v 0.04680481 -0.14303865 0.00737639
v 0.04882541 -0.14363994 0.00690945
v 0.05868807 -0.14436855 0.02291616
v 0.05310621 -0.13943042 0.00583084
v 0.07143142 -0.14738097 0.03371914
v 0.06167414 -0.14164926 0.02132948
v 0.05740621 -0.13946928 0.00630804
v 0.07358327 -0.14300157 0.03053602
v 0.06445637 -0.13787295 0.02025696
v 0.06070974 -0.14140250 0.00582751
v 0.08720054 -0.14678552 0.03572877
v 0.07559790 -0.14262082 0.02791139
v 0.08703115 -0.15156736 0.03901180
v 0.10163274 -0.15518250 0.04231783
v 0.10200252 -0.15150966 0.03804274
v 0.10536160 -0.15444185 0.04248413
v 0.10840955 -0.15100624 0.04424580
v 0.10911705 -0.15166594 0.04268869
v 0.12339082 -0.13842787 0.03886028
v 0.10597732 -0.15088298 0.03837117
v 0.10997858 -0.14822091 0.03873785
v 0.12176266 -0.13840236 0.03619142
v 0.12244572 -0.14076926 0.03450473
v 0.11065962 -0.15056815 0.03657170
v 0.10656180 -0.15284087 0.03618010
v 0.12246575 -0.14144601 0.03127368
v 0.10249080 -0.15307834 0.03582676
v 0.11157825 -0.15138115 0.03335150
v 0.10749283 -0.15335419 0.03264256
v 0.10343399 -0.15329184 0.03197189
v 0.08880582 -0.14927341 0.03160973
v 0.10799351 -0.15201439 0.03141399
v 0.08785012 -0.14650287 0.03354045
v 0.10408380 -0.15189792 0.03096183
v 0.07750978 -0.14486398 0.02589103
v 0.06767084 -0.14191391 0.01885255
v 0.07950821 -0.14342644 0.02341684
v 0.07170453 -0.14063885 0.01644226
v 0.06529357 -0.13919582 0.00519117
v 0.08964958 -0.14836897 0.02845057
v 0.09091332 -0.14653804 0.02745314
v 0.07956853 -0.14131667 0.02232750
v 0.10462537 -0.14659526 0.03062757
v 0.08866968 -0.13849153 0.02939554
v 0.07184770 -0.13875415 0.01523538
v 0.11192980 -0.15009560 0.03190466
v 0.11520424 -0.13586547 0.02828987
v 0.12085476 -0.14071395 0.03023013
v 0.12941339 -0.13208284 0.02761694
v 0.09370842 -0.12930967 0.02906903
v 0.12303390 -0.12470521 0.02521761
v 0.13017716 -0.12877096 0.02497049
v 0.12976446 -0.12470128 0.02255150
v 0.12512841 -0.11614742 0.01796587
v 0.11079492 -0.10675992 0.02220436
v 0.11541381 -0.10332336 0.00859042
v 0.07793059 -0.12036838 0.02825983
v 0.10121956 -0.09517743 0.02195247
v 0.11166241 -0.09846927 -0.00049488
v 0.10639276 -0.09355106 0.01074119
v 0.07214656 -0.12785782 0.02748128
v 0.07865407 -0.11025574 -0.01220385
v 0.06413927 -0.12617459 0.01909121
v 0.05577531 -0.12528707 0.00771829
v 0.06466558 -0.13660182 0.00605162
v 0.05236282 -0.12529661 -0.00357250
v 0.05897202 -0.13605453 -0.00698105
v 0.06108727 -0.14028766 -0.00934807
v 0.05290510 -0.12834408 -0.02446012
v 0.05916085 -0.13804318 -0.02127091
v 0.06182530 -0.14211740 -0.02148692
v 0.06750908 -0.14371957 -0.03588442
v 0.06814470 -0.14601650 -0.03523795
v 0.08079007 -0.15503218 -0.04746131
v 0.06099381 -0.13099660 -0.04242186
v 0.08172192 -0.15392699 -0.04707722
v 0.07101955 -0.12784602 -0.05579213
v 0.09837284 -0.16811444 -0.05033878
v 0.09909358 -0.16620304 -0.05094079
v 0.11225440 -0.17725124 -0.04805211
v 0.10047188 -0.15991463 -0.05525498
v 0.11982956 -0.17627301 -0.04886631
v 0.08573356 -0.14552619 -0.05609075
v 0.11048212 -0.14975168 -0.05907015
v 0.12651887 -0.17302002 -0.05036143
v 0.13455322 -0.16768660 -0.05070786
v 0.09570660 -0.13376965 -0.06116442
v 0.12001850 -0.14149525 -0.05892448
v 0.13933339 -0.16011442 -0.05126313
v 0.08420291 -0.11919941 -0.06020788
v 0.13975932 -0.15691211 -0.05122809
v 0.10383060 -0.12367429 -0.06130628
v 0.13873949 -0.15339448 -0.05161230
v 0.12715211 -0.13755729 -0.05444745
v 0.11556103 -0.12047459 -0.05196075
v 0.09217944 -0.10928776 -0.06025068
v 0.09969511 -0.10042586 -0.04975847
v 0.10971572 -0.10949447 -0.04626516
v 0.10833528 -0.10425414 -0.03838066
v 0.10175600 -0.09494199 -0.03872196
v 0.10828128 -0.09888949 -0.02685718
v 0.10209050 -0.09084703 -0.02621118
v 0.10874679 -0.09616544 -0.01412193
v 0.10315933 -0.08942427 -0.01208250
v 0.10481157 -0.09051825 0.00107749
v -0.06607292 0.06351731 0.10007306
v -0.06607292 0.06351731 0.10007306
v -0.06167243 0.04844950 0.11492427
v -0.06167243 0.04844950 0.11492427
v -0.06525848 0.06463288 0.11631056
v -0.06525848 0.06463288 0.11631056
v -0.06525848 0.06463288 0.11631056
v -0.06391785 0.05152927 0.09886130
v -0.05891941 0.03784404 0.09568926
v -0.05631147 0.03079639 0.10900434
v -0.05631147 0.03079639 0.10900434
v -0.04987607 0.02131746 0.10046430
v -0.04987607 0.02131746 0.10046430
v -0.06455324 0.05304371 0.09316917
v -0.06697498 0.06419240 0.09379276
v -0.06697498 0.06419240 0.09379276
v -0.06128202 0.06505964 0.08523985
v -0.06128202 0.06505964 0.08523985
v -0.06107149 0.04098735 0.08944722
v -0.05265174 0.02727566 0.08797749
v -0.04395042 0.01226495 0.09083696
v -0.04395042 0.01226495 0.09083696
v -0.05572996 0.04964398 0.08190580
v -0.04769919 0.02017210 0.08058377
v -0.05530033 0.03267942 0.08226355
v -0.04969893 0.04216455 0.07524761
v -0.05416570 0.06211577 0.07354709
v -0.06154165 0.07601581 0.07862790
v -0.06154165 0.07601581 0.07862790
v -0.04417739 0.03511141 0.06750210
v -0.05896924 0.06878207 0.06757792
v -0.06610999 0.08758722 0.06930562
v -0.06610999 0.08758722 0.06930562
v -0.04487274 0.04436157 0.06025811
v -0.05372129 0.05028818 0.05453130
v -0.07079349 0.07040892 0.06042918
v -0.07278595 0.09119807 0.06290372
v -0.07278595 0.09119807 0.06290372
v -0.07452212 0.09061275 0.05685635
v -0.07452212 0.09061275 0.05685635
v -0.06920169 0.05185388 0.05057605
v -0.07271550 0.07204638 0.05464204
v -0.07799516 0.09003292 0.05047913
v -0.07799516 0.09003292 0.05047913
v -0.05211649 0.03566394 0.03464647
v -0.07631145 0.07372401 0.04831704
v -0.07130478 0.05549989 0.04586001
v -0.06847236 0.03817294 0.03449746
v -0.06415162 0.07603906 0.04448899
v -0.06558523 0.09079288 0.04624828
v -0.06558523 0.09079288 0.04624828
v -0.07506392 0.05941938 0.04075082
v -0.06295381 0.06290649 0.03749426
v -0.03963814 0.07869981 0.01564868
v -0.07055817 0.04328094 0.03143927
v -0.07428501 0.04870055 0.02830215
v -0.06210623 0.05306898 0.02629431
v -0.06756220 0.03113781 0.01502152
v -0.06982455 0.03694986 0.01403507
v -0.07388590 0.04302214 0.01292666
v -0.07014618 0.03738652 -0.00483076
v -0.05169747 0.02837024 0.01132317
v -0.06185792 0.04814099 0.01215669
v -0.06791482 0.03162323 -0.00612394
v -0.03936432 0.07480465 0.00789722
v -0.06210814 0.04850231 -0.00276415
v -0.07415304 0.04331480 -0.00350861
v -0.03797994 0.09080349 0.00532254
v -0.03961275 0.07606898 -0.00068609
v -0.06286988 0.05420397 -0.01653866
v -0.07498882 0.04968022 -0.01858572
v -0.07110474 0.04456232 -0.02216665
v -0.07617114 0.06100879 -0.03017263
v -0.06404040 0.06447564 -0.02730660
v -0.04050300 0.08388148 -0.00887601
v -0.07771311 0.07557927 -0.03705505
v -0.06546149 0.07793043 -0.03361348
v -0.07257781 0.05749021 -0.03571896
v -0.06898747 0.03965424 -0.02552740
v -0.07436619 0.07442425 -0.04365687
v -0.05197582 0.02888737 -0.00808434
v -0.07622872 0.09307728 -0.04490809
v -0.07944641 0.09193419 -0.03838245
v -0.07767341 0.11235295 -0.03943400
v -0.06694112 0.09275089 -0.03460769
v -0.08091746 0.10757123 -0.03345255
v -0.06827960 0.10693572 -0.03015486
v -0.04162846 0.09515379 -0.00963215
v -0.06929634 0.11856900 -0.02085642
v -0.08191524 0.12012170 -0.02323894
v -0.04240165 0.10400174 -0.00255994
v -0.07919274 0.12557147 -0.02760092
v -0.08268795 0.12874125 -0.00926224
v -0.06985352 0.12607942 -0.00796823
v -0.07881258 0.12701665 -0.02879933
v -0.07989416 0.13502429 -0.01138000
v -0.07949302 0.13686310 -0.01200775
v -0.07992301 0.13801156 0.00716837
v -0.07843194 0.14898501 -0.01599602
v -0.07700620 0.15272854 -0.00593630
v -0.07818315 0.15146540 -0.00532798
v -0.07951174 0.13996874 0.00721975
v -0.07651994 0.15459834 0.00884195
v -0.07793961 0.15280579 0.00868555
v -0.07890878 0.13586102 0.02623554
v -0.07698319 0.15052639 0.03349920
v -0.06169484 0.15250490 0.00904675
v -0.07484923 0.15134977 0.03303452
v -0.04316399 0.14429293 0.03282317
v -0.06083045 0.14861332 0.03324469
v -0.02427778 0.12820647 0.05855771
v -0.06126986 0.14122186 0.05467649
v -0.04568515 0.13729702 0.05725296
v -0.02841888 0.11953638 0.06817623
v -0.07357333 0.14343105 0.05463012
v -0.06016550 0.13429044 0.06747099
v -0.07602236 0.14288233 0.05419715
v -0.07240615 0.13591920 0.06802889
v -0.07484839 0.13480590 0.06708630
v -0.07768510 0.12521837 0.04246326
v -0.07423232 0.12527583 0.07832750
v -0.07927511 0.13413010 0.02553900
v -0.07554016 0.11604212 0.06049307
v -0.08270369 0.13132260 0.00713082
v -0.07803807 0.12390409 0.04125090
v -0.06987641 0.12845300 0.00676926
v -0.08213291 0.12790797 0.02295323
v -0.04241905 0.10580717 0.00864907
v -0.06936155 0.12536905 0.02136536
v -0.06837890 0.11724411 0.03384920
v -0.08095906 0.11884461 0.03661343
v -0.07962523 0.10583924 0.04649695
v -0.07637916 0.10871444 0.05218216
v -0.07287893 0.09519301 0.07665165
v -0.07124529 0.08402370 0.08741804
v -0.07272158 0.09971378 0.08045169
v -0.07071016 0.08687900 0.09244617
v -0.07269082 0.11203979 0.09183463
v -0.06890664 0.08498655 0.11154183
v -0.07090793 0.09857784 0.10343989
v -0.06361196 0.06505047 0.11723085
v -0.06686614 0.08567963 0.11246320
v -0.06786165 0.09980128 0.10384234
v -0.07007942 0.11397515 0.09257790
v -0.07179723 0.12695370 0.07977970
v -0.05881927 0.11323307 0.09182497
v -0.05961917 0.12590550 0.07861741
v -0.05726752 0.09950863 0.10314258
v -0.04889593 0.11168824 0.09157356
v -0.04758797 0.12171446 0.07854410
v -0.04645989 0.12916301 0.06776138
v -0.03150520 0.11225794 0.07914253
v -0.01166163 0.09414361 0.08004268
v -0.03425477 0.09847472 0.09597035
v -0.04855571 0.09903322 0.10115870
v -0.05606268 0.08629785 0.11124154
v -0.03847585 0.09079562 0.10335883
v -0.04676972 0.08720122 0.10824474
v -0.05973826 0.04864846 0.11579998
v -0.05369697 0.06573651 0.11661633
v -0.04237518 0.06924389 0.11232360
v -0.05473910 0.03094922 0.10995456
v -0.04914103 0.05018960 0.11410960
v -0.04832719 0.02139459 0.10142489
v -0.04264388 0.03372250 0.10723575
v -0.03660557 0.05322252 0.11072250
v -0.04242501 0.01226638 0.09180804
v -0.03691552 0.02407716 0.09893187
v -0.03169689 0.01485823 0.08954068
v -0.03161595 0.03769134 0.10455545
v -0.02573869 0.02778040 0.09663864
v -0.01803241 0.04476367 0.09963091
v -0.01283643 0.03412674 0.09243329
v -0.02377639 0.05909548 0.10457285
v 0.00096454 0.04136215 0.08508798
v -0.00348995 0.05315600 0.09058019
v -0.03097615 0.07589434 0.10543617
v -0.01202164 0.06771861 0.09497090
v -0.02247045 0.08324276 0.09718367
v -0.00082216 0.08106349 0.07825251
v 0.00831690 0.06600056 0.07562765
v 0.01426341 0.05254625 0.07106384
v 0.00441243 0.09002565 0.06564589
v -0.00751052 0.10463808 0.06706222
v 0.01905169 0.04149399 0.06548830
v -0.03653345 0.03082166 0.03466400
v -0.03507195 0.02248810 0.00898441
v -0.03542326 0.02784596 0.05355104
v -0.02967355 0.02351115 0.03572961
v -0.03666768 0.02180098 -0.00954727
v -0.02781806 0.01545368 0.00867697
v -0.03621636 0.02113281 -0.03855828
v -0.02906726 0.01484476 -0.01043562
v -0.03803620 0.01163040 -0.05055884
v -0.03212176 0.01060031 -0.03802709
v -0.03190408 -0.00772955 -0.04562990
v -0.03997002 -0.01203360 -0.05026464
v -0.02873109 -0.02591564 -0.03504495
v -0.03561638 -0.03885319 -0.03474907
v -0.02606116 0.00502942 -0.01074938
v -0.03885720 -0.04593791 -0.01709835
v -0.03079186 -0.04172863 -0.02000038
v -0.02643547 -0.02761294 -0.00604693
v -0.02910791 -0.03784086 -0.00170807
v -0.03518114 -0.04272832 -0.00006835
v -0.02687464 -0.03128757 0.01593753
v -0.03196607 -0.03606762 0.01865061
v -0.02466390 -0.02226044 0.01396831
v -0.03152857 -0.02922954 0.03364440
v -0.02627931 -0.02340283 0.03076716
v -0.03099952 -0.01699962 0.05153283
v -0.02450607 -0.01386048 0.03013357
v -0.03068385 -0.00824799 0.05724724
v -0.02907477 -0.01075627 0.04483350
v -0.03394256 0.00044940 0.06211885
v -0.03064296 -0.00457885 0.04779526
v -0.03525934 0.00563524 0.05455240
v -0.02755842 0.01494632 0.03746434
v -0.02511535 0.00662993 0.00964840
v -0.04149661 0.01471577 0.06278189
v -0.05003879 0.02479802 0.07399269
v -0.04017661 0.01000522 0.07110818
v -0.12410972 0.08772622 -0.00258152
v -0.10229526 0.08200346 -0.03241400
v -0.11987851 0.06885288 -0.00774948
v -0.11468456 0.06365655 0.02444478
v -0.10802064 0.09975920 -0.02515010
v -0.07223473 0.09540497 -0.03510050
v -0.11935709 0.08297144 0.02687701
v -0.08051453 0.11202202 -0.02760843
v -0.09654675 0.08828018 0.04596909
v -0.08975587 0.06945847 0.04530974
v -0.05969546 0.08285974 0.04262300
v -0.11136828 0.10945330 0.02203937
v -0.10575483 0.11776624 -0.00372259
v -0.11372159 0.11180781 0.00745257
v -0.09213481 0.12383817 -0.00493983
v -0.09756766 0.12140177 0.01406821
v -0.08083997 0.12646697 0.00451382
v -0.05770419 0.11733065 -0.00851647
v -0.04730616 0.10120664 -0.01423554
v -0.04211221 0.09601031 0.01795848
v -0.05295155 0.11257599 0.02094205
v -0.07848654 0.12411259 0.01910063
v -0.06904063 0.10054277 0.04351064
v -0.08645330 0.11815415 0.03027578
v -0.10007343 0.11208223 0.03149315
v -0.10229526 0.08200346 -0.03241400
v -0.11987851 0.06885288 -0.00774948
v -0.11468456 0.06365655 0.02444478
v -0.07223473 0.09540497 -0.03510050
v -0.08975587 0.06945847 0.04530974
v -0.05969546 0.08285974 0.04262300
v -0.04730616 0.10120664 -0.01423554
v -0.04211221 0.09601031 0.01795848
v -0.03788099 0.07713710 0.01279052
v -0.05397008 0.06510387 0.03535922
v -0.04263351 0.08189176 -0.01666788
v -0.08147619 0.05284129 0.03781768
v -0.06544385 0.07658289 -0.03575997
v -0.10428653 0.04753266 0.01872559
v -0.09294996 0.06432031 -0.03330163
v -0.10903917 0.05228744 -0.01073293
v -0.08115075 0.03839634 0.00569530
v -0.08350418 0.04075084 -0.00889150
v -0.07553730 0.04670916 -0.02006678
v -0.06442294 0.04346142 -0.00385920
v -0.06985591 0.04102503 0.01514908
v -0.05623589 0.04709695 0.01393171
v -0.06191728 0.05278121 -0.02128402
v -0.04826913 0.05305539 0.00275644
v -0.05062244 0.05540989 -0.01183037
vt 0.81237018 0.97618192
vt 0.89380640 0.97844428
vt 0.90189224 0.97572273
vt 0.96455198 0.74533385
vt 0.70213914 0.71941584
vt 0.69264364 0.70828432
vt 0.95656580 0.74185419
vt 0.96512085 0.74317491
vt 0.70320594 0.71706891
vt 0.95604926 0.74372101
vt 0.96391398 0.74795055
vt 0.70109349 0.72249097
vt 0.68176609 0.69653296
vt 0.94676894 0.73795003
vt 0.95486063 0.74607152
vt 0.96279460 0.75160795
vt 0.69941688 0.72659862
vt 0.94368678 0.74027056
vt 0.95192939 0.74898291
vt 0.95128483 0.75018483
vt 0.69898814 0.72783834
vt 0.96276885 0.75270808
vt 0.96334511 0.75600791
vt 0.69829559 0.73180532
vt 0.94088250 0.74202591
vt 0.93816489 0.73017770
vt 0.67119235 0.68284184
vt 0.93986237 0.72870487
vt 0.93476826 0.73080212
vt 0.93582529 0.71397346
vt 0.93741178 0.71497107
vt 0.66148412 0.66879111
vt 0.65499532 0.65905768
vt 0.93556756 0.70190835
vt 0.93951863 0.74301976
vt 0.93410474 0.70230317
vt 0.65450293 0.65647423
vt 0.93385410 0.69798982
vt 0.94927138 0.75332952
vt 0.93247372 0.69787621
vt 0.94856101 0.76072842
vt 0.69600684 0.73749900
vt 0.96337551 0.76126552
vt 0.93686891 0.74520272
vt 0.93048418 0.69483215
vt 0.92744595 0.69076896
vt 0.93161052 0.69196725
vt 0.65543824 0.65174002
vt 0.93328601 0.73110563
vt 0.92948478 0.69923300
vt 0.93243468 0.71425277
vt 0.93105131 0.70326632
vt 0.92740077 0.69689405
vt 0.93004304 0.70359468
vt 0.92857385 0.69988614
vt 0.93091875 0.71403760
vt 0.92843407 0.71477514
vt 0.93104255 0.73146170
vt 0.92571247 0.70376295
vt 0.92462313 0.71571249
vt 0.93175280 0.74560159
vt 0.92593652 0.73249310
vt 0.92379618 0.70474678
vt 0.92123002 0.74230277
vt 0.92387944 0.70166451
vt 0.92011267 0.73253190
vt 0.91989452 0.71600890
vt 0.92136335 0.70273316
vt 0.92657214 0.69767654
vt 0.92177814 0.69989592
vt 0.90924925 0.71512932
vt 0.91238600 0.70036370
vt 0.92403692 0.69598323
vt 0.91347218 0.69754553
vt 0.92465758 0.69507551
vt 0.92717612 0.69216418
vt 0.91955990 0.68822509
vt 0.65788961 0.64631897
vt 0.91767919 0.68910366
vt 0.66204417 0.64137155
vt 0.91050947 0.68641323
vt 0.91563201 0.69121695
vt 0.90864688 0.68790227
vt 0.66659945 0.63653684
vt 0.90049893 0.68750888
vt 0.91521823 0.69231558
vt 0.90641385 0.69132036
vt 0.90640938 0.69015169
vt 0.90054572 0.68917841
vt 0.89709383 0.69068861
vt 0.89658678 0.68947232
vt 0.66893768 0.63632572
vt 0.90102208 0.69124448
vt 0.89347291 0.69363868
vt 0.89266688 0.69264549
vt 0.67177683 0.63698179
vt 0.88182580 0.70579851
vt 0.68441117 0.64305842
vt 0.89844149 0.69282031
vt 0.88293290 0.70731687
vt 0.87151778 0.71811455
vt 0.69858056 0.64794213
vt 0.89582896 0.69551480
vt 0.90120339 0.69242340
vt 0.89891255 0.69387674
vt 0.90568763 0.69632602
vt 0.89979386 0.69663733
vt 0.90576416 0.69921446
vt 0.90136492 0.69619495
vt 0.90130359 0.69890106
vt 0.89797652 0.71258777
vt 0.89410323 0.71227479
vt 0.89664698 0.69633877
vt 0.89120525 0.71127921
vt 0.88670218 0.71018034
vt 0.88776654 0.71075833
vt 0.88587278 0.72819513
vt 0.88186407 0.72688365
vt 0.89146852 0.72974253
vt 0.90548277 0.73138785
vt 0.88979447 0.73857975
vt 0.90543437 0.74150640
vt 0.88237768 0.73822421
vt 0.88918698 0.75084728
vt 0.90517628 0.75304103
vt 0.92203826 0.75379598
vt 0.93486124 0.75542992
vt 0.92148638 0.76742071
vt 0.93457448 0.76878023
vt 0.90464121 0.76650816
vt 0.92212391 0.78354567
vt 0.94976765 0.77025354
vt 0.69229799 0.74596566
vt 0.96409994 0.76926660
vt 0.68576926 0.75923115
vt 0.96675986 0.78309697
vt 0.93583894 0.78413755
vt 0.95042652 0.78388500
vt 0.96887630 0.79790169
vt 0.67963374 0.77183449
vt 0.92403299 0.79890501
vt 0.95280856 0.79933626
vt 0.67531312 0.78282225
vt 0.97066146 0.81179255
vt 0.93730938 0.79897767
vt 0.95271665 0.81372064
vt 0.67148316 0.79724127
vt 0.97173518 0.83043760
vt 0.93790603 0.81324345
vt 0.95300013 0.82770312
vt 0.95431835 0.83784991
vt 0.97216302 0.83777881
vt 0.67077213 0.80263186
vt 0.67042243 0.80937052
vt 0.97213954 0.84706807
vt 0.93743736 0.82695597
vt 0.95434874 0.84586865
vt 0.97169429 0.85210788
vt 0.66976374 0.81294912
vt 0.93655491 0.83894390
vt 0.92449236 0.81288737
vt 0.92568916 0.82815683
vt 0.93672055 0.84593391
vt 0.90626091 0.79926568
vt 0.95425016 0.84951669
vt 0.92459261 0.84040123
vt 0.95442849 0.85103434
vt 0.97200400 0.85462803
vt 0.66977871 0.81457150
vt 0.93617749 0.85142738
vt 0.93663675 0.85246903
vt 0.92347097 0.85068381
vt 0.92285556 0.85649073
vt 0.94280225 0.86171806
vt 0.90758783 0.84286296
vt 0.95501500 0.86031675
vt 0.90741450 0.82887238
vt 0.90642703 0.85980707
vt 0.90732503 0.81381166
vt 0.89462078 0.83933508
vt 0.89266396 0.82710403
vt 0.89505041 0.79815656
vt 0.89478856 0.85009694
vt 0.90473360 0.78323603
vt 0.89064932 0.78288847
vt 0.88785005 0.76459795
vt 0.88490176 0.78316069
vt 0.89021552 0.81165308
vt 0.88107514 0.75038302
vt 0.88213456 0.76409382
vt 0.87162727 0.73918271
vt 0.86923927 0.75058109
vt 0.86927813 0.76673555
vt 0.87857527 0.72554058
vt 0.85648543 0.74606818
vt 0.87773627 0.72437483
vt 0.86917347 0.73407155
vt 0.87549663 0.72197390
vt 0.86854231 0.73259378
vt 0.86665839 0.72914439
vt 0.87312764 0.71960229
vt 0.70659977 0.65087789
vt 0.86496776 0.72340471
vt 0.86642468 0.72636807
vt 0.85711098 0.72672838
vt 0.71628749 0.65314722
vt 0.85682464 0.72999948
vt 0.72631693 0.65685773
vt 0.84775353 0.72927958
vt 0.85640562 0.73539770
vt 0.84685612 0.73313427
vt 0.73591810 0.66200542
vt 0.83738816 0.72906178
vt 0.85642618 0.73950094
vt 0.84634858 0.73743147
vt 0.83664203 0.73285693
vt 0.85638332 0.74066579
vt 0.84598523 0.74099964
vt 0.83608365 0.73784149
vt 0.82488215 0.73001295
vt 0.82586354 0.72664076
vt 0.74646592 0.66852486
vt 0.84599346 0.74269319
vt 0.83544457 0.74193072
vt 0.82402176 0.73479193
vt 0.83526558 0.74349469
vt 0.82265037 0.73917025
vt 0.84565127 0.74752879
vt 0.85650164 0.75418651
vt 0.83494479 0.74790853
vt 0.84478170 0.75604659
vt 0.85566759 0.76833689
vt 0.82217169 0.74068505
vt 0.83467895 0.75675225
vt 0.81242555 0.73619765
vt 0.84402215 0.76728100
vt 0.81273234 0.73453629
vt 0.85393411 0.78333759
vt 0.81463301 0.73076350
vt 0.86879021 0.78385186
vt 0.81552029 0.72594726
vt 0.81695920 0.72318679
vt 0.75483930 0.67525607
vt 0.87391353 0.78384626
vt 0.80381507 0.71795428
vt 0.76505202 0.68554562
vt 0.80452102 0.71566886
vt 0.87727279 0.80919081
vt 0.86560821 0.80684644
vt 0.87703687 0.82333440
vt 0.86409795 0.82011306
vt 0.85185462 0.80382502
vt 0.88145345 0.83473998
vt 0.86291766 0.82568371
vt 0.88343310 0.84189546
vt 0.87338924 0.83237338
vt 0.85070789 0.81810409
vt 0.85997915 0.83296680
vt 0.87037420 0.83962214
vt 0.88149095 0.84830755
vt 0.89175487 0.85695130
vt 0.86794048 0.84335071
vt 0.87825787 0.85209632
vt 0.85899913 0.83762908
vt 0.88861114 0.86157399
vt 0.85604709 0.84803706
vt 0.86484879 0.85275865
vt 0.87432021 0.85872382
vt 0.85429406 0.85835606
vt 0.89898020 0.86468744
vt 0.86282808 0.86153740
vt 0.88483793 0.86819953
vt 0.89550626 0.86906350
vt 0.87090963 0.86545563
vt 0.90089184 0.87635118
vt 0.89133614 0.87501442
vt 0.88194835 0.87261862
vt 0.88919812 0.87787616
vt 0.89602154 0.88295335
vt 0.90593517 0.87174904
vt 0.90219837 0.87777084
vt 0.91147441 0.86610085
vt 0.92395240 0.85814124
vt 0.91231722 0.86734569
vt 0.90701109 0.87280119
vt 0.92108625 0.87619788
vt 0.93219525 0.86769080
vt 0.91460246 0.88236129
vt 0.94388002 0.86625230
vt 0.90956789 0.88759232
vt 0.91691446 0.88543439
vt 0.91179675 0.89059275
vt 0.90349889 0.89372134
vt 0.92351580 0.87930208
vt 0.92156631 0.89078289
vt 0.90549654 0.89671099
vt 0.91492480 0.89639389
vt 0.90876371 0.90131825
vt 0.92406970 0.90121525
vt 0.89856440 0.90297461
vt 0.89696747 0.88436866
vt 0.89692432 0.90055013
vt 0.90141356 0.90669173
vt 0.88979489 0.89148492
vt 0.89052260 0.89237225
vt 0.89262605 0.91029227
vt 0.89146650 0.90791064
vt 0.88498604 0.90136409
vt 0.90886825 0.90813237
vt 0.89620918 0.91322023
vt 0.92267275 0.91128612
vt 0.90729350 0.91945517
vt 0.89091092 0.91894245
vt 0.89556849 0.92069691
vt 0.88743943 0.91745400
vt 0.88309455 0.92523193
vt 0.88623100 0.91544819
vt 0.88282418 0.92059183
vt 0.88188738 0.90889531
vt 0.88039654 0.91045409
vt 0.88100344 0.90766382
vt 0.88393283 0.90064299
vt 0.87960672 0.90938669
vt 0.87657368 0.90502459
vt 0.87923026 0.89711255
vt 0.87753582 0.91333938
vt 0.87399703 0.90902382
vt 0.87689322 0.91266948
vt 0.87265086 0.91796994
vt 0.87763107 0.92648327
vt 0.87215573 0.91707468
vt 0.86674011 0.92295748
vt 0.87090546 0.93309289
vt 0.86875528 0.91349888
vt 0.86623907 0.92210978
vt 0.86092395 0.92777598
vt 0.86635560 0.90921193
vt 0.86340314 0.91746503
vt 0.87236577 0.90458912
vt 0.86042422 0.92689174
vt 0.86102658 0.91120470
vt 0.85749167 0.92065269
vt 0.86551660 0.90354919
vt 0.87428564 0.89470613
vt 0.88373971 0.88643342
vt 0.86571550 0.89226901
vt 0.88002604 0.87764692
vt 0.87775856 0.88334072
vt 0.86638510 0.88654298
vt 0.86710310 0.87892145
vt 0.86892366 0.87197316
vt 0.85937709 0.88497817
vt 0.86098248 0.86921048
vt 0.85992515 0.87704569
vt 0.85355300 0.86691493
vt 0.85287404 0.87584794
vt 0.85298020 0.88403601
vt 0.85876536 0.89211619
vt 0.85308105 0.89243960
vt 0.85990024 0.90392977
vt 0.85389483 0.90400362
vt 0.85579061 0.91313416
vt 0.84905308 0.91654295
vt 0.84723067 0.90534472
vt 0.85081810 0.92456728
vt 0.84196204 0.91687047
vt 0.85321438 0.93251514
vt 0.84420764 0.92817849
vt 0.85401308 0.93370217
vt 0.84531003 0.93723494
vt 0.83357376 0.91897565
vt 0.83669925 0.93176007
vt 0.84041631 0.90603912
vt 0.84554368 0.89241254
vt 0.83158880 0.90713424
vt 0.84412199 0.88374549
vt 0.83909196 0.89323241
vt 0.83780283 0.88384384
vt 0.84353286 0.87499315
vt 0.83646882 0.87470663
vt 0.84330404 0.86580551
vt 0.83593553 0.86529523
vt 0.84331250 0.85537082
vt 0.83558309 0.85410106
vt 0.84438324 0.84277528
vt 0.84746289 0.83133107
vt 0.83632553 0.84058201
vt 0.84943736 0.82614535
vt 0.83907020 0.82793403
vt 0.83970618 0.82154059
vt 0.83159107 0.82583869
vt 0.82855028 0.84008282
vt 0.82680696 0.85335094
vt 0.82121867 0.82501358
vt 0.82666653 0.86542946
vt 0.81786305 0.83988315
vt 0.81773978 0.85395271
vt 0.82690412 0.87467808
vt 0.81751478 0.86577916
vt 0.82797241 0.88416731
vt 0.81759167 0.87508810
vt 0.82940906 0.89403826
vt 0.81824648 0.88527751
vt 0.82238769 0.90952843
vt 0.81915283 0.89514357
vt 0.80714214 0.89711928
vt 0.80557960 0.88680774
vt 0.82539946 0.92192012
vt 0.81014276 0.91245323
vt 0.79285240 0.89767975
vt 0.80479205 0.87680459
vt 0.79145020 0.88686830
vt 0.80426675 0.86749625
vt 0.79073828 0.87689960
vt 0.80416715 0.85580456
vt 0.79032004 0.86819118
vt 0.80542844 0.84118307
vt 0.79119289 0.85609394
vt 0.78265446 0.87560803
vt 0.78228831 0.86588138
vt 0.79299772 0.84305888
vt 0.78309387 0.85626400
vt 0.80825925 0.82596970
vt 0.79507202 0.82785076
vt 0.78415442 0.84392089
vt 0.81052929 0.81793565
vt 0.79561949 0.82133418
vt 0.82399577 0.81719983
vt 0.79763830 0.81279522
vt 0.83330059 0.81839383
vt 0.81254441 0.81154853
vt 0.82528198 0.81162691
vt 0.83672970 0.81309593
vt 0.81464559 0.80080706
vt 0.82776171 0.80148882
vt 0.83852691 0.80234390
vt 0.81908822 0.78065002
vt 0.84243590 0.78233683
vt 0.83217233 0.78193170
vt 0.83415770 0.76696640
vt 0.82184595 0.76558948
vt 0.82252759 0.75575942
vt 0.80505490 0.77967292
vt 0.82226884 0.74590111
vt 0.80776322 0.76321983
vt 0.80929691 0.75085968
vt 0.81107259 0.73986429
vt 0.79783958 0.76205218
vt 0.79991502 0.74810350
vt 0.80070877 0.73141336
vt 0.80137080 0.72695929
vt 0.79241592 0.74611229
vt 0.80165130 0.72516239
vt 0.79291207 0.72440070
vt 0.79182661 0.71765709
vt 0.80365455 0.72182947
vt 0.79242122 0.71646029
vt 0.79444498 0.71398497
vt 0.78921819 0.71505231
vt 0.78972447 0.71382105
vt 0.79486537 0.71223038
vt 0.77212840 0.69312656
vt 0.79595828 0.71034855
vt 0.79067838 0.71079171
vt 0.79152638 0.70950741
vt 0.79313570 0.70809668
vt 0.77396649 0.69743252
vt 0.77533495 0.70291466
vt 0.79120731 0.70582539
vt 0.78945398 0.70661813
vt 0.77794862 0.70605964
vt 0.77981973 0.70797390
vt 0.78864676 0.70758104
vt 0.78549856 0.71108133
vt 0.78577960 0.71287054
vt 0.78657043 0.72004038
vt 0.77330059 0.71452731
vt 0.78700185 0.74490249
vt 0.77552885 0.72024655
vt 0.77459252 0.74465609
vt 0.78458357 0.76187742
vt 0.76236683 0.72407585
vt 0.77177048 0.76076162
vt 0.75832689 0.74448729
vt 0.75585830 0.75861853
vt 0.79074854 0.76163727
vt 0.78123820 0.78075182
vt 0.78821170 0.78062022
vt 0.79464859 0.78005779
vt 0.78322852 0.80185872
vt 0.79042715 0.80114615
vt 0.79968548 0.80130774
vt 0.78783059 0.81455809
vt 0.78625321 0.82411402
vt 0.78156930 0.81601036
vt 0.78543448 0.83022338
vt 0.77846015 0.82593602
vt 0.77479535 0.84513110
vt 0.77629954 0.80233085
vt 0.77285093 0.81707615
vt 0.77545953 0.83276546
vt 0.76906800 0.82935208
vt 0.76396596 0.80223787
vt 0.75948471 0.82043994
vt 0.76780987 0.77990329
vt 0.75276780 0.77687979
vt 0.74843764 0.79897600
vt 0.74478859 0.81999326
vt 0.75694919 0.83265573
vt 0.76621449 0.83538628
vt 0.74264765 0.83807403
vt 0.76297849 0.84644651
vt 0.75531453 0.83925301
vt 0.76110196 0.85918766
vt 0.74217910 0.84421146
vt 0.75391489 0.84877127
vt 0.75086731 0.86147881
vt 0.74260771 0.85365272
vt 0.73330760 0.84065080
vt 0.73453504 0.84771824
vt 0.74167144 0.86392772
vt 0.73115641 0.83455116
vt 0.73498607 0.85655987
vt 0.72833455 0.84314323
vt 0.72866017 0.85022098
vt 0.73645353 0.81900483
vt 0.72750485 0.85043830
vt 0.99650914 0.93639094
vt 0.72716188 0.84351569
vt 0.99745852 0.92940229
vt 0.72655374 0.85944945
vt 0.99681491 0.94450277
vt 0.72360116 0.83596450
vt 0.72263682 0.83665538
vt 0.99890619 0.92038292
vt 0.72773945 0.85916090
vt 0.70835453 0.82606566
vt 0.99637419 0.90035766
vt 0.70713913 0.82771558
vt 0.72655827 0.82999873
vt 0.69809532 0.82088828
vt 0.69758546 0.82200766
vt 0.99288243 0.88751787
vt 0.98611742 0.87225312
vt 0.68506938 0.81774950
vt 0.70915759 0.82038546
vt 0.73164344 0.81765032
vt 0.68541181 0.81660068
vt 0.69857484 0.81542450
vt 0.68617696 0.81118834
vt 0.71235162 0.81258786
vt 0.69984198 0.80943745
vt 0.68697745 0.80544394
vt 0.69132048 0.78627658
vt 0.70393938 0.78837848
vt 0.69312441 0.77587712
vt 0.71839261 0.79100198
vt 0.71035230 0.76749921
vt 0.69835794 0.76332033
vt 0.70397550 0.74935579
vt 0.70798153 0.74035525
vt 0.71745098 0.75168079
vt 0.71034002 0.73492694
vt 0.72099483 0.74283159
vt 0.72483820 0.76987511
vt 0.73028320 0.75430483
vt 0.74121660 0.77399689
vt 0.73711920 0.79525542
vt 0.74425358 0.75651669
vt 0.74134380 0.79696011
vt 0.74546337 0.77458197
vt 0.74906629 0.75743318
vt 0.73490983 0.74388605
vt 0.74649650 0.74447042
vt 0.75177765 0.74382353
vt 0.72415012 0.73561943
vt 0.73774707 0.73230654
vt 0.74902755 0.72881967
vt 0.75656050 0.72542769
vt 0.73811328 0.72888225
vt 0.74884963 0.72464901
vt 0.75926840 0.71982247
vt 0.72521335 0.73160088
vt 0.75729203 0.72078657
vt 0.71188813 0.73097181
vt 0.71223670 0.72947138
vt 0.72603172 0.72981000
vt 0.71308100 0.72519815
vt 0.73787659 0.72739178
vt 0.72605336 0.72692567
vt 0.71491194 0.72280967
vt 0.73649192 0.72389072
vt 0.72646439 0.72389185
vt 0.71569556 0.72023791
vt 0.74619317 0.72109145
vt 0.73635268 0.72169983
vt 0.74849731 0.72351027
vt 0.75712478 0.71982861
vt 0.75589585 0.71746117
vt 0.75899565 0.71892256
vt 0.76171571 0.71890563
vt 0.76143986 0.71800458
vt 0.77260107 0.71274573
vt 0.75886577 0.71651465
vt 0.76230270 0.71539688
vt 0.77133447 0.71098894
vt 0.76984602 0.70949364
vt 0.76110285 0.71428132
vt 0.75828838 0.71533984
vt 0.76845133 0.70768416
vt 0.75580525 0.71611798
vt 0.76046479 0.71271545
vt 0.75795192 0.71368235
vt 0.75561798 0.71420634
vt 0.74628174 0.71789527
vt 0.75802982 0.71282721
vt 0.74578559 0.71986991
vt 0.75566083 0.71328574
vt 0.73704201 0.71934915
vt 0.72753459 0.72066528
vt 0.73707283 0.71702546
vt 0.72818822 0.71767747
vt 0.71712989 0.71707779
vt 0.74582309 0.71610743
vt 0.74599922 0.71472388
vt 0.73640603 0.71573102
vt 0.75560391 0.71066713
vt 0.74458474 0.71045834
vt 0.72741234 0.71654314
vt 0.76058960 0.71176362
vt 0.76320606 0.70352960
vt 0.76727760 0.70680928
vt 0.77423298 0.70191574
vt 0.74746776 0.70415866
vt 0.76689941 0.69539177
vt 0.77309406 0.69761664
vt 0.77120894 0.69356000
vt 0.76495272 0.68653893
vt 0.75367898 0.68665826
vt 0.75353265 0.67588306
vt 0.73671478 0.70308304
vt 0.74554890 0.68420345
vt 0.74554473 0.66933244
vt 0.74433881 0.67753696
vt 0.73319280 0.70794254
vt 0.71980906 0.68574303
vt 0.72633576 0.70777553
vt 0.71836823 0.70695597
vt 0.71793217 0.71550500
vt 0.71222645 0.70477164
vt 0.70710063 0.71172172
vt 0.70422965 0.71364874
vt 0.70188838 0.69887930
vt 0.69719243 0.70488602
vt 0.69437343 0.70631081
vt 0.68567955 0.69458705
vt 0.68418878 0.69524020
vt 0.67388952 0.68176049
vt 0.69446123 0.68966198
vt 0.67468631 0.68116069
vt 0.69229978 0.67986870
vt 0.66368097 0.66753757
vt 0.66502458 0.66701627
vt 0.65704691 0.65783232
vt 0.66984719 0.66531527
vt 0.65771991 0.65280920
vt 0.68019569 0.67393446
vt 0.67641133 0.65718269
vt 0.65971404 0.64806753
vt 0.66278517 0.64234340
vt 0.68683994 0.66500157
vt 0.68148279 0.64986742
vt 0.66733468 0.63846862
vt 0.69614351 0.67046660
vt 0.66935182 0.63779443
vt 0.69313878 0.65854585
vt 0.67177457 0.63807488
vt 0.68362778 0.64402974
vt 0.69777477 0.64907175
vt 0.70116520 0.66448468
vt 0.70987844 0.66102087
vt 0.70723110 0.65296507
vt 0.71549791 0.65418214
vt 0.71720022 0.66172028
vt 0.72574180 0.65774894
vt 0.72484201 0.66448820
vt 0.73525584 0.66304416
vt 0.73276925 0.66873467
vt 0.73976743 0.67342097
vt 0.98064584 0.98783028
vt 0.74511456 0.94404370
vt 0.73142260 0.91221750
vt 0.99431044 0.98361689
vt 0.99036270 0.99346173
vt 0.73990023 0.92689168
vt 0.74118769 0.92872006
vt 0.98394293 0.98032051
vt 0.98770302 0.97107881
vt 0.99789411 0.97197872
vt 0.72520840 0.89597171
vt 0.72462094 0.88321596
vt 0.99770588 0.96285647
vt 0.98010367 0.97920376
vt 0.97648901 0.98592341
vt 0.74757302 0.94936222
vt 0.75016350 0.95746356
vt 0.97029120 0.98164576
vt 0.98295492 0.97083765
vt 0.98849148 0.96139389
vt 0.72537982 0.87035352
vt 0.99717170 0.95332891
vt 0.97464186 0.97084600
vt 0.98824960 0.95368666
vt 0.98303789 0.96249694
vt 0.97438258 0.96273845
vt 0.96476668 0.97361630
vt 0.96202439 0.98483354
vt 0.75955260 0.96157306
vt 0.97380990 0.95458025
vt 0.95820063 0.97634381
vt 0.77398032 0.96558458
vt 0.95228583 0.98921883
vt 0.96595734 0.95646149
vt 0.95824224 0.95976645
vt 0.94853276 0.97681075
vt 0.78326237 0.96880084
vt 0.94567007 0.99053729
vt 0.94165498 0.98935640
vt 0.78862751 0.97236794
vt 0.94763869 0.96305984
vt 0.94406718 0.97691041
vt 0.79500008 0.97612250
vt 0.93672824 0.98838150
vt 0.95223695 0.94375914
vt 0.93855655 0.97717458
vt 0.94343263 0.96431154
vt 0.94333392 0.95034307
vt 0.92840976 0.97801262
vt 0.80489224 0.98318714
vt 0.92632556 0.98779929
vt 0.93831599 0.96585464
vt 0.92892480 0.96837932
vt 0.90471315 0.96923739
vt 0.93969309 0.95238823
vt 0.93540293 0.95487004
vt 0.92720664 0.95917875
vt 0.93734187 0.93892747
vt 0.93418223 0.94168228
vt 0.93038428 0.94493592
vt 0.92636168 0.93281424
vt 0.94383770 0.92970592
vt 0.92336303 0.95090824
vt 0.92893022 0.92937100
vt 0.90385330 0.96434933
vt 0.91767222 0.94420880
vt 0.92331553 0.93681890
vt 0.89371580 0.96914238
vt 0.90042752 0.96096593
vt 0.91041672 0.93968624
vt 0.91458201 0.93125313
vt 0.91684741 0.92655414
vt 0.90476823 0.92891192
vt 0.90204656 0.93775398
vt 0.89376038 0.95974809
vt 0.89440560 0.92981207
vt 0.89302665 0.93854410
vt 0.90618348 0.92376465
vt 0.91868812 0.92253190
vt 0.89499635 0.92485297
vt 0.93523943 0.92019856
vt 0.88335800 0.92906588
vt 0.88351196 0.93349743
vt 0.87110055 0.93489081
vt 0.88372856 0.94173855
vt 0.87272644 0.93903256
vt 0.87444466 0.94673127
vt 0.88660055 0.96276087
vt 0.86531669 0.95271367
vt 0.86227584 0.94501954
vt 0.88166982 0.96894997
vt 0.86068183 0.94092709
vt 0.85159373 0.95068330
vt 0.85607302 0.95864302
vt 0.86029351 0.93990487
vt 0.84960753 0.94674057
vt 0.84910476 0.94568259
vt 0.83758223 0.95150250
vt 0.84561908 0.93853623
vt 0.84007603 0.93991321
vt 0.84032965 0.94098109
vt 0.83698052 0.95044607
vt 0.83261049 0.94230276
vt 0.83318037 0.94356817
vt 0.82444352 0.95457894
vt 0.81931287 0.94571823
vt 0.82922155 0.93390781
vt 0.81923521 0.94435424
vt 0.81343967 0.92540002
vt 0.81627136 0.93607098
vt 0.79639739 0.91391486
vt 0.80380607 0.93732566
vt 0.80010837 0.92778665
vt 0.78927267 0.91478807
vt 0.80592179 0.94485646
vt 0.79541880 0.93652755
vt 0.80638778 0.94637805
vt 0.79678494 0.94423741
vt 0.79716152 0.94600218
vt 0.81144786 0.95886749
vt 0.78836876 0.94552213
vt 0.82507956 0.95559913
vt 0.79572034 0.95829791
vt 0.83982754 0.95545399
vt 0.81220525 0.95985025
vt 0.84491754 0.96312016
vt 0.82787073 0.95954382
vt 0.88507032 0.97556299
vt 0.83341575 0.96712810
vt 0.82233375 0.97124130
vt 0.81570900 0.96389109
vt 0.80408216 0.96899551
vt 0.79958445 0.96514970
vt 0.77480769 0.95708293
vt 0.76273572 0.95246261
vt 0.77532875 0.95339388
vt 0.76241380 0.94841701
vt 0.77640545 0.94249076
vt 0.75560874 0.93405718
vt 0.76528949 0.93858689
vt 0.74113625 0.92646796
vt 0.75569868 0.93255734
vt 0.76578563 0.93654436
vt 0.77691847 0.94053775
vt 0.78810233 0.94337589
vt 0.77665895 0.93313879
vt 0.78738558 0.93551117
vt 0.76615709 0.92942947
vt 0.77618563 0.92650712
vt 0.78545040 0.92734635
vt 0.79275572 0.92747313
vt 0.78206229 0.91542834
vt 0.77705377 0.89858448
vt 0.76984602 0.91450524
vt 0.76709139 0.92368931
vt 0.75688392 0.92545843
vt 0.76351291 0.91524959
vt 0.75921631 0.91959155
vt 0.73260874 0.91144121
vt 0.74385041 0.91855323
vt 0.74940217 0.91135967
vt 0.72635895 0.89559895
vt 0.73752487 0.90601629
vt 0.72582787 0.88312060
vt 0.73339575 0.89046693
vt 0.74392110 0.89969569
vt 0.72657853 0.87039310
vt 0.73311233 0.87870932
vt 0.73386747 0.86691338
vt 0.74030465 0.88657165
vt 0.74051112 0.87529188
vt 0.74968177 0.88257152
vt 0.74976796 0.87208426
vt 0.75202382 0.89421189
vt 0.76025945 0.86831278
vt 0.76067388 0.87798190
vt 0.75717330 0.90582347
vt 0.76174587 0.89008707
vt 0.76474923 0.90264201
vt 0.77533889 0.88747591
vt 0.77382958 0.87581527
vt 0.77369106 0.86552906
vt 0.78423643 0.88690776
vt 0.78639966 0.89867067
vt 0.77498275 0.85651165
vt 0.96043223 0.93617696
vt 0.95119327 0.92001724
vt 0.97093862 0.94265991
vt 0.96514589 0.93120128
vt 0.94233161 0.91112506
vt 0.95560962 0.91462177
vt 0.93000352 0.89600694
vt 0.94660431 0.90562373
vt 0.92783165 0.88532102
vt 0.93505901 0.89079261
vt 0.93806666 0.87730074
vt 0.93507826 0.87091446
vt 0.95045096 0.87302679
vt 0.95481378 0.86481643
vt 0.95082658 0.90015036
vt 0.96779114 0.86478478
vt 0.96392673 0.86993986
vt 0.96615154 0.88431084
vt 0.97238976 0.87989616
vt 0.97629207 0.87600362
vt 0.97887605 0.89201939
vt 0.98331171 0.88981628
vt 0.97409040 0.89627922
vt 0.98797578 0.90146702
vt 0.98293370 0.90345508
vt 0.99105591 0.91735536
vt 0.97856706 0.90838486
vt 0.98988706 0.92491126
vt 0.98484308 0.91738158
vt 0.98848289 0.93235725
vt 0.98365623 0.92240018
vt 0.98239046 0.93198907
vt 0.96979040 0.92730880
vt 0.96003908 0.91010392
vt 0.98215848 0.94189876
vt 0.98273057 0.95393127
vt 0.98848456 0.94269997
vt 0.87846375 0.34524715
vt 0.84303886 0.38948762
vt 0.89766645 0.36115295
vt 0.91625839 0.30248976
vt 0.84070766 0.36466223
vt 0.78437579 0.37089574
vt 0.89143288 0.30482101
vt 0.80028146 0.35169303
vt 0.87201798 0.26706493
vt 0.88792378 0.24786222
vt 0.82926059 0.22927046
vt 0.85893071 0.30753535
vt 0.83799338 0.33216006
vt 0.85356194 0.32418394
vt 0.82134473 0.32679135
vt 0.83614957 0.30937904
vt 0.81336868 0.31122279
vt 0.78086644 0.31393701
vt 0.75604105 0.31626821
vt 0.77463305 0.25760520
vt 0.79383576 0.27351099
vt 0.81873745 0.29457420
vt 0.83159185 0.25409591
vt 0.83430606 0.28659809
vt 0.85095465 0.29196674
vt 0.84303886 0.38948762
vt 0.89766645 0.36115295
vt 0.91625839 0.30248976
vt 0.78437579 0.37089574
vt 0.88792378 0.24786222
vt 0.82926059 0.22927046
vt 0.75604105 0.31626821
vt 0.77463305 0.25760520
vt 0.79383576 0.27351099
vt 0.83159185 0.25409591
vt 0.78086644 0.31393701
vt 0.87201798 0.26706493
vt 0.80028146 0.35169303
vt 0.89143288 0.30482101
vt 0.84070766 0.36466223
vt 0.87846375 0.34524715
vt 0.85893071 0.30753535
vt 0.85356194 0.32418394
vt 0.83799338 0.33216006
vt 0.83614957 0.30937904
vt 0.85095465 0.29196674
vt 0.83430606 0.28659809
vt 0.82134473 0.32679135
vt 0.81873745 0.29457420
vt 0.81336868 0.31122279
f 50/50 36/36 52/52
f 60/60 58/58 62/62
f 61/61 62/62 58/58
f 59/59 60/60 63/63
f 62/62 61/61 64/64
f 65/65 59/59 63/63
f 73/73 74/74 86/86
f 87/87 82/82 86/86
f 87/87 86/86 74/74
f 82/82 88/88 83/83
f 82/82 87/87 88/88
f 83/83 89/89 85/85
f 67/67 68/68 63/63
f 36/36 30/30 51/51
f 44/44 41/41 61/61
f 51/51 52/52 36/36
f 45/45 50/50 53/53
f 51/51 54/54 52/52
f 52/52 55/55 50/50
f 55/55 52/52 54/54
f 53/53 50/50 55/55
f 54/54 51/51 56/56
f 74/74 73/73 70/70
f 75/75 53/53 69/69
f 75/75 69/69 73/73
f 76/76 53/53 75/75
f 53/53 76/76 45/45
f 68/68 71/71 72/72
f 71/71 108/108 72/72
f 109/109 108/108 110/110
f 110/110 107/107 109/109
f 108/108 71/71 111/111
f 111/111 110/110 108/108
f 89/89 83/83 88/88
f 55/55 65/65 69/69
f 53/53 55/55 69/69
f 68/68 70/70 65/65
f 70/70 69/69 65/65
f 71/71 68/68 67/67
f 72/72 70/70 68/68
f 45/45 76/76 46/46
f 69/69 70/70 73/73
f 70/70 72/72 74/74
f 97/97 94/94 100/100
f 100/100 101/101 97/97
f 94/94 99/99 103/103
f 100/100 94/94 103/103
f 99/99 93/93 104/104
f 93/93 88/88 104/104
f 76/76 77/77 46/46
f 58/58 60/60 57/57
f 59/59 57/57 60/60
f 58/58 44/44 61/61
f 14/14 10/10 18/18
f 49/49 56/56 51/51
f 54/54 56/56 57/57
f 58/58 56/56 49/49
f 56/56 58/58 57/57
f 44/44 58/58 49/49
f 57/57 59/59 54/54
f 34/34 30/30 36/36
f 4/4 7/7 8/8
f 7/7 4/4 10/10
f 11/11 10/10 4/4
f 10/10 14/14 7/7
f 11/11 15/15 10/10
f 16/16 15/15 11/11
f 18/18 29/29 26/26
f 15/15 18/18 10/10
f 16/16 19/19 15/15
f 40/40 45/45 38/38
f 44/44 49/49 35/35
f 35/35 49/49 29/29
f 40/40 50/50 45/45
f 36/36 50/50 40/40
f 51/51 29/29 49/49
f 866/866 868/868 846/846
f 874/874 498/498 425/425
f 514/514 498/498 874/874
f 870/870 871/871 420/420
f 62/62 64/64 66/66
f 59/59 55/55 54/54
f 36/36 38/38 34/34
f 39/39 35/35 20/20
f 23/23 39/39 20/20
f 36/36 40/40 38/38
f 23/23 41/41 39/39
f 41/41 23/23 43/43
f 35/35 39/39 44/44
f 44/44 39/39 41/41
f 45/45 47/47 38/38
f 65/65 55/55 59/59
f 66/66 60/60 62/62
f 109/109 107/107 104/104
f 63/63 60/60 67/67
f 60/60 66/66 67/67
f 65/65 63/63 68/68
f 29/29 51/51 30/30
f 16/16 20/20 19/19
f 20/20 16/16 22/22
f 20/20 22/22 23/23
f 19/19 25/25 18/18
f 20/20 25/25 19/19
f 26/26 14/14 18/18
f 28/28 14/14 26/26
f 29/29 18/18 25/25
f 117/117 121/121 123/123
f 161/161 156/156 162/162
f 157/157 163/163 160/160
f 161/161 164/164 141/141
f 163/163 157/157 165/165
f 157/157 158/158 165/165
f 137/137 132/132 138/138
f 67/67 120/120 71/71
f 120/120 67/67 66/66
f 120/120 121/121 119/119
f 121/121 117/117 119/119
f 66/66 122/122 120/120
f 121/121 120/120 122/122
f 122/122 66/66 64/64
f 156/156 160/160 162/162
f 122/122 124/124 121/121
f 142/142 149/149 145/145
f 149/149 142/142 146/146
f 149/149 141/141 145/145
f 146/146 148/148 150/150
f 146/146 150/150 149/149
f 150/150 148/148 151/151
f 41/41 127/127 61/61
f 110/110 111/111 112/112
f 107/107 113/113 105/105
f 105/105 113/113 103/103
f 107/107 112/112 114/114
f 174/174 167/167 176/176
f 139/139 138/138 136/136
f 137/137 141/141 131/131
f 139/139 142/142 138/138
f 144/144 142/142 139/139
f 138/138 145/145 137/137
f 145/145 138/138 142/142
f 141/141 137/137 145/145
f 142/142 144/144 146/146
f 148/148 146/146 144/144
f 170/170 173/173 172/172
f 174/174 171/171 167/167
f 166/166 172/172 175/175
f 114/114 113/113 107/107
f 167/167 168/168 176/176
f 177/177 166/166 175/175
f 152/152 151/151 148/148
f 128/128 125/125 126/126
f 127/127 128/128 126/126
f 41/41 129/129 127/127
f 127/127 129/129 128/128
f 125/125 128/128 130/130
f 130/130 124/124 125/125
f 129/129 131/131 128/128
f 131/131 130/130 128/128
f 129/129 41/41 132/132
f 111/111 119/119 112/112
f 112/112 107/107 110/110
f 90/90 85/85 89/89
f 85/85 90/90 91/91
f 88/88 93/93 89/89
f 94/94 91/91 90/90
f 91/91 94/94 95/95
f 94/94 97/97 95/95
f 90/90 89/89 99/99
f 99/99 94/94 90/90
f 99/99 89/89 93/93
f 117/117 114/114 112/112
f 114/114 118/118 116/116
f 114/114 117/117 118/118
f 61/61 127/127 126/126
f 117/117 112/112 119/119
f 111/111 120/120 119/119
f 104/104 88/88 87/87
f 76/76 79/79 77/77
f 75/75 79/79 76/76
f 79/79 81/81 77/77
f 75/75 82/82 79/79
f 73/73 82/82 75/75
f 79/79 83/83 81/81
f 82/82 83/83 79/79
f 83/83 85/85 81/81
f 82/82 73/73 86/86
f 104/104 105/105 99/99
f 113/113 115/115 103/103
f 103/103 115/115 100/100
f 113/113 114/114 116/116
f 113/113 116/116 115/115
f 43/43 132/132 41/41
f 132/132 43/43 134/134
f 134/134 136/136 132/132
f 132/132 137/137 129/129
f 131/131 129/129 137/137
f 136/136 138/138 132/132
f 120/120 111/111 71/71
f 103/103 99/99 105/105
f 420/420 419/419 870/870
f 104/104 87/87 106/106
f 106/106 87/87 74/74
f 107/107 105/105 104/104
f 74/74 108/108 106/106
f 108/108 74/74 72/72
f 104/104 106/106 109/109
f 108/108 109/109 106/106
f 121/121 124/124 123/123
f 64/64 125/125 122/122
f 124/124 122/122 125/125
f 125/125 64/64 126/126
f 61/61 126/126 64/64
f 812/812 809/809 822/822
f 829/829 827/827 825/825
f 828/828 696/696 830/830
f 820/820 816/816 819/819
f 814/814 816/816 820/820
f 821/821 819/819 1/1
f 1/1 732/732 821/821
f 819/819 821/821 820/820
f 809/809 795/795 794/794
f 820/820 822/822 814/814
f 822/822 820/820 821/821
f 821/821 729/729 822/822
f 822/822 809/809 814/814
f 726/726 822/822 729/729
f 826/826 828/828 829/829
f 822/822 726/726 812/812
f 721/721 812/812 726/726
f 721/721 823/823 812/812
f 824/824 823/823 721/721
f 780/780 815/815 783/783
f 811/811 813/813 816/816
f 816/816 814/814 811/811
f 815/815 780/780 817/817
f 757/757 817/817 780/780
f 801/801 798/798 799/799
f 817/817 818/818 815/815
f 816/816 813/813 818/818
f 721/721 718/718 824/824
f 833/833 810/810 827/827
f 729/729 821/821 732/732
f 810/810 833/833 834/834
f 810/810 834/834 807/807
f 833/833 832/832 835/835
f 836/836 807/807 834/834
f 836/836 834/834 833/833
f 836/836 833/833 835/835
f 807/807 836/836 805/805
f 835/835 832/832 837/837
f 831/831 837/837 832/832
f 838/838 836/836 835/835
f 757/757 2/2 817/817
f 706/706 824/824 718/718
f 824/824 706/706 705/705
f 825/825 812/812 823/823
f 824/824 825/825 823/823
f 818/818 813/813 815/815
f 705/705 826/826 824/824
f 825/825 824/824 826/826
f 826/826 705/705 691/691
f 810/810 825/825 827/827
f 691/691 828/828 826/826
f 828/828 691/691 696/696
f 825/825 826/826 829/829
f 788/788 790/790 789/789
f 798/798 800/800 409/409
f 410/410 409/409 800/800
f 785/785 784/784 781/781
f 800/800 798/798 802/802
f 798/798 801/801 802/802
f 410/410 800/800 803/803
f 802/802 803/803 800/800
f 799/799 804/804 801/801
f 797/797 804/804 799/799
f 802/802 801/801 805/805
f 797/797 806/806 804/804
f 806/806 797/797 795/795
f 801/801 804/804 807/807
f 798/798 796/796 799/799
f 791/791 790/790 786/786
f 791/791 786/786 787/787
f 792/792 789/789 790/790
f 372/372 789/789 792/792
f 757/757 777/777 764/764
f 792/792 790/790 793/793
f 793/793 791/791 794/794
f 787/787 794/794 791/791
f 793/793 795/795 792/792
f 795/795 793/793 794/794
f 372/372 792/792 796/796
f 372/372 796/796 408/408
f 791/791 793/793 790/790
f 818/818 817/817 2/2
f 757/757 3/3 2/2
f 2/2 819/819 818/818
f 819/819 816/816 818/818
f 2/2 1/1 819/819
f 3/3 739/739 1/1
f 732/732 1/1 739/739
f 801/801 807/807 805/805
f 806/806 808/808 804/804
f 808/808 807/807 804/804
f 809/809 806/806 795/795
f 809/809 808/808 806/806
f 831/831 832/832 829/829
f 808/808 810/810 807/807
f 811/811 809/809 794/794
f 794/794 787/787 811/811
f 808/808 809/809 812/812
f 812/812 810/810 808/808
f 813/813 811/811 787/787
f 787/787 782/782 813/813
f 783/783 813/813 782/782
f 809/809 811/811 814/814
f 813/813 783/783 815/815
f 409/409 408/408 798/798
f 796/796 797/797 799/799
f 858/858 860/860 857/857
f 863/863 865/865 867/867
f 701/701 856/856 853/853
f 866/866 867/867 868/868
f 846/846 868/868 843/843
f 843/843 868/868 842/842
f 869/869 868/868 867/867
f 868/868 869/869 842/842
f 867/867 865/865 870/870
f 870/870 869/869 867/867
f 865/865 871/871 870/870
f 871/871 865/865 864/864
f 869/869 870/870 419/419
f 854/854 859/859 855/855
f 867/867 866/866 863/863
f 857/857 860/860 859/859
f 860/860 858/858 521/521
f 861/861 855/855 859/859
f 830/830 692/692 848/848
f 521/521 862/862 860/860
f 861/861 860/860 862/862
f 862/862 521/521 517/517
f 514/514 862/862 517/517
f 855/855 861/861 863/863
f 850/850 855/855 863/863
f 864/864 861/861 862/862
f 862/862 514/514 864/864
f 872/872 414/414 412/412
f 422/422 420/420 871/871
f 869/869 419/419 872/872
f 842/842 869/869 872/872
f 419/419 414/414 872/872
f 19/19 18/18 15/15
f 26/26 30/30 28/28
f 30/30 26/26 29/29
f 28/28 30/30 31/31
f 30/30 34/34 31/31
f 29/29 25/25 35/35
f 20/20 35/35 25/25
f 860/860 861/861 859/859
f 865/865 863/863 861/861
f 872/872 873/873 842/842
f 412/412 873/873 872/872
f 803/803 842/842 873/873
f 873/873 412/412 410/410
f 803/803 873/873 410/410
f 871/871 874/874 422/422
f 864/864 874/874 871/871
f 874/874 425/425 422/422
f 874/874 864/864 514/514
f 850/850 863/863 866/866
f 847/847 850/850 866/866
f 847/847 866/866 846/846
f 841/841 840/840 839/839
f 845/845 850/850 847/847
f 845/845 849/849 850/850
f 848/848 700/700 851/851
f 700/700 701/701 851/851
f 849/849 848/848 852/852
f 851/851 852/852 848/848
f 852/852 850/850 849/849
f 835/835 837/837 838/838
f 839/839 805/805 836/836
f 836/836 838/838 839/839
f 805/805 839/839 840/840
f 802/802 805/805 840/840
f 825/825 810/810 812/812
f 848/848 849/849 830/830
f 840/840 841/841 803/803
f 838/838 841/841 839/839
f 842/842 803/803 841/841
f 841/841 838/838 843/843
f 842/842 841/841 843/843
f 838/838 837/837 844/844
f 844/844 843/843 838/838
f 837/837 831/831 845/845
f 837/837 845/845 844/844
f 829/829 828/828 831/831
f 830/830 831/831 828/828
f 827/827 829/829 832/832
f 856/856 536/536 858/858
f 861/861 864/864 865/865
f 853/853 851/851 701/701
f 852/852 851/851 854/854
f 851/851 853/853 854/854
f 850/850 852/852 855/855
f 852/852 854/854 855/855
f 803/803 802/802 840/840
f 856/856 701/701 710/710
f 710/710 531/531 856/856
f 536/536 856/856 531/531
f 853/853 857/857 854/854
f 856/856 857/857 853/853
f 166/166 160/160 163/163
f 857/857 856/856 858/858
f 536/536 523/523 858/858
f 858/858 523/523 521/521
f 854/854 857/857 859/859
f 830/830 845/845 831/831
f 844/844 846/846 843/843
f 692/692 830/830 695/695
f 844/844 847/847 846/846
f 845/845 847/847 844/844
f 832/832 833/833 827/827
f 700/700 848/848 692/692
f 845/845 830/830 849/849
f 365/365 340/340 367/367
f 343/343 341/341 360/360
f 358/358 360/360 361/361
f 361/361 359/359 358/358
f 362/362 360/360 341/341
f 360/360 362/362 361/361
f 341/341 342/342 362/362
f 363/363 361/361 362/362
f 362/362 342/342 363/363
f 364/364 359/359 361/361
f 361/361 363/363 364/364
f 342/342 365/365 363/363
f 340/340 365/365 342/342
f 364/364 363/363 366/366
f 344/344 345/345 325/325
f 367/367 340/340 336/336
f 353/353 274/274 351/351
f 367/367 368/368 365/365
f 363/363 368/368 366/366
f 336/336 369/369 367/367
f 368/368 367/367 370/370
f 370/370 367/367 369/369
f 366/366 368/368 371/371
f 368/368 370/370 372/372
f 368/368 372/372 371/371
f 366/366 373/373 364/364
f 373/373 366/366 371/371
f 351/351 354/354 353/353
f 345/345 348/348 347/347
f 349/349 348/348 344/344
f 344/344 346/346 349/349
f 348/348 350/350 347/347
f 349/349 350/350 348/348
f 347/347 351/351 277/277
f 350/350 351/351 347/347
f 351/351 274/274 277/277
f 349/349 352/352 350/350
f 332/332 336/336 335/335
f 274/274 353/353 271/271
f 354/354 351/351 350/350
f 374/374 364/364 373/373
f 350/350 352/352 354/354
f 355/355 271/271 353/353
f 271/271 355/355 269/269
f 353/353 354/354 356/356
f 356/356 355/355 353/353
f 354/354 352/352 357/357
f 354/354 357/357 356/356
f 349/349 358/358 352/352
f 358/358 349/349 346/346
f 352/352 359/359 357/357
f 359/359 352/352 358/358
f 346/346 360/360 358/358
f 382/382 393/393 384/384
f 385/385 384/384 387/387
f 387/387 386/386 385/385
f 258/258 386/386 388/388
f 257/257 258/258 388/388
f 386/386 387/387 389/389
f 389/389 388/388 386/386
f 390/390 257/257 388/388
f 390/390 388/388 389/389
f 387/387 391/391 389/389
f 391/391 390/390 389/389
f 373/373 377/377 374/374
f 391/391 387/387 392/392
f 392/392 384/384 393/393
f 386/386 258/258 264/264
f 392/392 394/394 391/391
f 393/393 382/382 395/395
f 380/380 395/395 382/382
f 393/393 396/396 392/392
f 396/396 394/394 392/392
f 395/395 397/397 393/393
f 396/396 393/393 397/397
f 395/395 380/380 398/398
f 378/378 398/398 380/380
f 397/397 395/395 399/399
f 398/398 399/399 395/395
f 398/398 378/378 400/400
f 381/381 356/356 379/379
f 359/359 364/364 374/374
f 371/371 375/375 373/373
f 376/376 359/359 374/374
f 359/359 376/376 357/357
f 346/346 343/343 360/360
f 377/377 373/373 375/375
f 374/374 378/378 376/376
f 378/378 374/374 377/377
f 379/379 357/357 376/376
f 357/357 379/379 356/356
f 380/380 376/376 378/378
f 376/376 380/380 379/379
f 345/345 344/344 348/348
f 356/356 381/381 355/355
f 382/382 379/379 380/380
f 379/379 382/382 381/381
f 383/383 355/355 381/381
f 355/355 383/383 269/269
f 381/381 384/384 383/383
f 384/384 381/381 382/382
f 368/368 363/363 365/365
f 384/384 385/385 383/383
f 269/269 385/385 266/266
f 266/266 385/385 264/264
f 385/385 386/386 264/264
f 312/312 310/310 309/309
f 302/302 305/305 301/301
f 304/304 301/301 305/305
f 306/306 302/302 300/300
f 306/306 300/300 303/303
f 307/307 305/305 302/302
f 302/302 306/306 307/307
f 307/307 308/308 305/305
f 308/308 304/304 305/305
f 303/303 298/298 309/309
f 288/288 285/285 284/284
f 309/309 310/310 303/303
f 303/303 310/310 306/306
f 309/309 299/299 311/311
f 279/279 304/304 278/278
f 311/311 312/312 309/309
f 313/313 306/306 310/310
f 310/310 312/312 314/314
f 313/313 310/310 314/314
f 306/306 313/313 315/315
f 314/314 316/316 313/313
f 313/313 316/316 315/315
f 317/317 306/306 315/315
f 306/306 317/317 307/307
f 315/315 318/318 317/317
f 315/315 316/316 318/318
f 293/293 301/301 281/281
f 292/292 295/295 297/297
f 902/902 904/904 906/906
f 300/300 293/293 296/296
f 287/287 294/294 286/286
f 295/295 292/292 291/291
f 291/291 294/294 295/295
f 292/292 288/288 291/291
f 287/287 174/174 289/289
f 176/176 289/289 174/174
f 290/290 285/285 288/288
f 290/290 281/281 285/285
f 286/286 291/291 288/288
f 288/288 292/292 290/290
f 319/319 308/308 307/307
f 296/296 297/297 298/298
f 297/297 295/295 299/299
f 298/298 297/297 299/299
f 300/300 296/296 298/298
f 296/296 290/290 292/292
f 290/290 296/296 293/293
f 296/296 292/292 297/297
f 279/279 281/281 301/301
f 293/293 300/300 302/302
f 302/302 301/301 293/293
f 300/300 298/298 303/303
f 301/301 304/304 279/279
f 337/337 338/338 341/341
f 327/327 331/331 334/334
f 331/331 332/332 335/335
f 335/335 334/334 331/331
f 333/333 336/336 332/332
f 317/317 319/319 307/307
f 337/337 327/327 334/334
f 335/335 338/338 334/334
f 338/338 337/337 334/334
f 339/339 324/324 327/327
f 327/327 337/337 339/339
f 325/325 324/324 339/339
f 340/340 338/338 335/335
f 340/340 335/335 336/336
f 332/332 330/330 333/333
f 338/338 340/340 342/342
f 342/342 341/341 338/338
f 343/343 339/339 337/337
f 341/341 343/343 337/337
f 325/325 339/339 344/344
f 343/343 344/344 339/339
f 328/328 323/323 326/326
f 325/325 345/345 304/304
f 345/345 278/278 304/304
f 344/344 343/343 346/346
f 345/345 347/347 278/278
f 347/347 277/277 278/278
f 320/320 318/318 326/326
f 317/317 320/320 319/319
f 318/318 320/320 317/317
f 308/308 319/319 321/321
f 320/320 321/321 319/319
f 308/308 321/321 322/322
f 304/304 308/308 322/322
f 321/321 320/320 323/323
f 321/321 324/324 322/322
f 324/324 321/321 323/323
f 304/304 322/322 325/325
f 322/322 324/324 325/325
f 320/320 326/326 323/323
f 269/269 383/383 385/385
f 323/323 327/327 324/324
f 299/299 309/309 298/298
f 327/327 323/323 328/328
f 318/318 329/329 326/326
f 329/329 328/328 326/326
f 318/318 330/330 329/329
f 330/330 318/318 316/316
f 328/328 329/329 331/331
f 331/331 327/327 328/328
f 330/330 332/332 329/329
f 332/332 331/331 329/329
f 333/333 330/330 316/316
f 213/213 220/220 221/221
f 189/189 192/192 191/191
f 190/190 187/187 193/193
f 192/192 190/190 193/193
f 118/118 191/191 194/194
f 194/194 116/116 118/118
f 191/191 192/192 195/195
f 116/116 194/194 196/196
f 196/196 115/115 116/116
f 194/194 191/191 197/197
f 215/215 219/219 216/216
f 218/218 219/219 215/215
f 220/220 213/213 216/216
f 219/219 220/220 216/216
f 197/197 214/214 199/199
f 217/217 223/223 218/218
f 201/201 100/100 198/198
f 185/185 184/184 182/182
f 130/130 185/185 186/186
f 124/124 130/130 186/186
f 182/182 187/187 185/185
f 187/187 186/186 185/185
f 179/179 188/188 182/182
f 188/188 187/187 182/182
f 179/179 181/181 188/188
f 186/186 189/189 124/124
f 200/200 210/210 207/207
f 204/204 201/201 198/198
f 217/217 191/191 195/195
f 214/214 218/218 215/215
f 217/217 218/218 214/214
f 238/238 236/236 232/232
f 225/225 237/237 239/239
f 239/239 220/220 225/225
f 232/232 240/240 238/238
f 240/240 232/232 193/193
f 239/239 241/241 220/220
f 195/195 223/223 217/217
f 101/101 100/100 201/201
f 201/201 203/203 101/101
f 199/199 210/210 200/200
f 203/203 201/201 204/204
f 204/204 198/198 200/200
f 204/204 205/205 203/203
f 205/205 204/204 207/207
f 207/207 204/204 200/200
f 207/207 209/209 205/205
f 228/228 195/195 229/229
f 192/192 229/229 195/195
f 193/193 229/229 192/192
f 228/228 230/230 226/226
f 229/229 231/231 228/228
f 231/231 230/230 228/228
f 151/151 156/156 150/150
f 165/165 171/171 170/170
f 172/172 163/163 170/170
f 163/163 172/172 166/166
f 173/173 170/170 171/171
f 124/124 189/189 123/123
f 189/189 186/186 190/190
f 186/186 187/187 190/190
f 123/123 189/189 191/191
f 117/117 123/123 191/191
f 191/191 118/118 117/117
f 166/166 177/177 162/162
f 155/155 151/151 152/152
f 150/150 156/156 149/149
f 171/171 165/165 167/167
f 151/151 155/155 157/157
f 158/158 157/157 155/155
f 151/151 160/160 156/156
f 160/160 151/151 157/157
f 156/156 161/161 149/149
f 141/141 149/149 161/161
f 175/175 183/183 180/180
f 175/175 178/178 183/183
f 184/184 164/164 182/182
f 184/184 141/141 164/164
f 141/141 184/184 131/131
f 130/130 131/131 184/184
f 177/177 180/180 181/181
f 207/207 211/211 209/209
f 210/210 211/211 207/207
f 211/211 213/213 209/209
f 199/199 214/214 210/210
f 190/190 192/192 189/189
f 175/175 172/172 178/178
f 178/178 172/172 173/173
f 162/162 177/177 179/179
f 179/179 161/161 162/162
f 164/164 161/161 179/179
f 180/180 177/177 175/175
f 181/181 179/179 177/177
f 191/191 217/217 197/197
f 164/164 179/179 182/182
f 115/115 196/196 198/198
f 198/198 100/100 115/115
f 199/199 196/196 194/194
f 199/199 194/194 197/197
f 200/200 198/198 196/196
f 200/200 196/196 199/199
f 185/185 130/130 184/184
f 162/162 160/160 166/166
f 158/158 167/167 165/165
f 167/167 158/158 168/168
f 165/165 170/170 163/163
f 180/180 255/255 253/253
f 262/262 264/264 259/259
f 263/263 261/261 265/265
f 266/266 264/264 262/262
f 280/280 284/284 285/285
f 281/281 280/280 285/285
f 284/284 283/283 286/286
f 283/283 171/171 287/287
f 283/283 287/287 286/286
f 171/171 174/174 287/287
f 270/270 261/261 178/178
f 250/250 181/181 253/253
f 180/180 253/253 181/181
f 250/250 254/254 251/251
f 258/258 259/259 264/264
f 256/256 250/250 253/253
f 254/254 250/250 256/256
f 255/255 256/256 253/253
f 180/180 183/183 255/255
f 251/251 254/254 257/257
f 275/275 276/276 273/273
f 274/274 272/272 277/277
f 278/278 272/272 276/276
f 278/278 277/277 272/272
f 276/276 275/275 279/279
f 278/278 276/276 279/279
f 260/260 259/259 255/255
f 268/268 265/265 272/272
f 178/178 280/280 270/270
f 281/281 279/279 275/275
f 275/275 280/280 281/281
f 280/280 178/178 282/282
f 178/178 173/173 282/282
f 282/282 173/173 283/283
f 173/173 171/171 283/283
f 284/284 280/280 282/282
f 282/282 283/283 284/284
f 284/284 286/286 288/288
f 268/268 271/271 267/267
f 269/269 267/267 271/271
f 242/242 221/221 241/241
f 265/265 270/270 273/273
f 272/272 265/265 273/273
f 271/271 268/268 274/274
f 272/272 274/274 268/268
f 270/270 275/275 273/273
f 276/276 272/272 273/273
f 275/275 270/270 280/280
f 260/260 183/183 261/261
f 261/261 183/183 178/178
f 259/259 260/260 262/262
f 261/261 263/263 260/260
f 263/263 262/262 260/260
f 228/228 226/226 223/223
f 258/258 257/257 254/254
f 259/259 256/256 255/255
f 259/259 258/258 256/256
f 183/183 260/260 255/255
f 241/241 221/221 220/220
f 218/218 224/224 219/219
f 223/223 224/224 218/218
f 219/219 225/225 220/220
f 223/223 226/226 224/224
f 227/227 219/219 224/224
f 219/219 227/227 225/225
f 226/226 227/227 224/224
f 195/195 228/228 223/223
f 256/256 258/258 254/254
f 249/249 238/238 240/240
f 188/188 250/250 248/248
f 188/188 181/181 250/250
f 248/248 251/251 249/249
f 251/251 248/248 250/250
f 238/238 249/249 252/252
f 229/229 193/193 232/232
f 210/210 215/215 211/211
f 214/214 215/215 210/210
f 211/211 216/216 213/213
f 215/215 216/216 211/211
f 197/197 217/217 214/214
f 267/267 269/269 266/266
f 244/244 240/240 193/193
f 187/187 244/244 193/193
f 245/245 242/242 241/241
f 242/242 245/245 247/247
f 187/187 248/248 244/244
f 248/248 240/240 244/244
f 187/187 188/188 248/248
f 240/240 248/248 249/249
f 267/267 262/262 263/263
f 262/262 267/267 266/266
f 268/268 267/267 263/263
f 265/265 268/268 263/263
f 795/795 797/797 792/792
f 270/270 265/265 261/261
f 251/251 252/252 249/249
f 232/232 231/231 229/229
f 230/230 233/233 226/226
f 227/227 226/226 233/233
f 231/231 234/234 230/230
f 235/235 227/227 233/233
f 236/236 234/234 231/231
f 236/236 231/231 232/232
f 227/227 235/235 237/237
f 237/237 225/225 227/227
f 257/257 252/252 251/251
f 612/612 613/613 616/616
f 608/608 607/607 605/605
f 609/609 608/608 604/604
f 593/593 596/596 592/592
f 604/604 611/611 609/609
f 611/611 604/604 599/599
f 607/607 608/608 612/612
f 607/607 612/612 610/610
f 608/608 609/609 613/613
f 613/613 612/612 608/608
f 609/609 611/611 614/614
f 614/614 613/613 609/609
f 599/599 615/615 611/611
f 615/615 614/614 611/611
f 604/604 608/608 605/605
f 615/615 599/599 617/617
f 595/595 617/617 599/599
f 595/595 596/596 617/617
f 618/618 616/616 613/613
f 602/602 603/603 601/601
f 619/619 617/617 596/596
f 617/617 619/619 615/615
f 620/620 619/619 596/596
f 596/596 593/593 620/620
f 593/593 594/594 620/620
f 621/621 615/615 619/619
f 622/622 619/619 620/620
f 586/586 12/12 588/588
f 597/597 584/584 581/581
f 584/584 597/597 598/598
f 582/582 584/584 598/598
f 595/595 599/599 597/597
f 598/598 597/597 599/599
f 598/598 600/600 582/582
f 600/600 598/598 599/599
f 601/601 582/582 600/600
f 482/482 582/582 601/601
f 477/477 482/482 601/601
f 600/600 602/602 601/601
f 477/477 601/601 603/603
f 619/619 622/622 621/621
f 474/474 477/477 603/603
f 474/474 603/603 472/472
f 602/602 600/600 604/604
f 600/600 599/599 604/604
f 603/603 602/602 605/605
f 604/604 605/605 602/602
f 472/472 603/603 606/606
f 603/603 605/605 606/606
f 606/606 471/471 472/472
f 607/607 471/471 606/606
f 606/606 605/605 607/607
f 471/471 607/607 468/468
f 621/621 622/622 626/626
f 634/634 627/627 628/628
f 633/633 631/631 635/635
f 634/634 635/635 631/631
f 633/633 636/636 467/467
f 633/633 635/635 636/636
f 637/637 467/467 636/636
f 635/635 637/637 636/636
f 462/462 467/467 637/637
f 638/638 462/462 637/637
f 638/638 637/637 635/635
f 462/462 638/638 246/246
f 638/638 243/243 246/246
f 639/639 638/638 635/635
f 627/627 634/634 631/631
f 243/243 638/638 640/640
f 638/638 639/639 640/640
f 640/640 222/222 243/243
f 641/641 639/639 634/634
f 628/628 641/641 634/634
f 642/642 640/640 639/639
f 639/639 641/641 642/642
f 222/222 640/640 643/643
f 643/643 212/212 222/222
f 640/640 642/642 644/644
f 640/640 644/644 643/643
f 641/641 628/628 645/645
f 627/627 625/625 628/628
f 623/623 620/620 594/594
f 620/620 623/623 622/622
f 615/615 621/621 624/624
f 624/624 614/614 615/615
f 625/625 614/614 624/624
f 624/624 621/621 625/625
f 614/614 625/625 618/618
f 468/468 607/607 610/610
f 625/625 621/621 626/626
f 625/625 627/627 618/618
f 618/618 627/627 616/616
f 626/626 628/628 625/625
f 597/597 589/589 595/595
f 629/629 626/626 622/622
f 623/623 629/629 622/622
f 627/627 630/630 616/616
f 616/616 630/630 612/612
f 610/610 612/612 630/630
f 631/631 630/630 627/627
f 610/610 630/630 632/632
f 630/630 631/631 632/632
f 632/632 633/633 610/610
f 631/631 633/633 632/632
f 618/618 613/613 614/614
f 633/633 467/467 468/468
f 551/551 557/557 568/568
f 558/558 560/560 562/562
f 561/561 562/562 560/560
f 561/561 24/24 563/563
f 563/563 24/24 21/21
f 562/562 561/561 564/564
f 563/563 564/564 561/561
f 562/562 565/565 558/558
f 565/565 557/557 558/558
f 565/565 562/562 566/566
f 564/564 566/566 562/562
f 567/567 557/557 565/565
f 566/566 567/567 565/565
f 147/147 554/554 553/553
f 24/24 561/561 42/42
f 547/547 551/551 568/568
f 567/567 566/566 569/569
f 547/547 568/568 570/570
f 570/570 526/526 547/547
f 507/507 526/526 570/570
f 506/506 507/507 570/570
f 571/571 568/568 567/567
f 568/568 571/571 570/570
f 570/570 571/571 506/506
f 569/569 571/571 567/567
f 485/485 506/506 571/571
f 571/571 569/569 572/572
f 556/556 143/143 140/140
f 550/550 552/552 549/549
f 552/552 551/551 549/549
f 154/154 553/553 550/550
f 552/552 550/550 553/553
f 553/553 154/154 153/153
f 553/553 153/153 147/147
f 533/533 522/522 524/524
f 554/554 147/147 143/143
f 553/553 555/555 552/552
f 555/555 553/553 554/554
f 143/143 556/556 554/554
f 554/554 556/556 555/555
f 571/571 572/572 485/485
f 556/556 140/140 135/135
f 557/557 552/552 555/555
f 552/552 557/557 551/551
f 556/556 558/558 555/555
f 557/557 555/555 558/558
f 559/559 556/556 135/135
f 556/556 559/559 558/558
f 559/559 135/135 133/133
f 560/560 559/559 133/133
f 541/541 545/545 548/548
f 560/560 133/133 42/42
f 42/42 561/561 560/560
f 589/589 587/587 590/590
f 21/21 585/585 563/563
f 17/17 585/585 21/21
f 585/585 17/17 586/586
f 586/586 583/583 585/585
f 12/12 586/586 17/17
f 583/583 586/586 587/587
f 580/580 583/583 587/587
f 566/566 564/564 573/573
f 588/588 587/587 586/586
f 5/5 588/588 12/12
f 587/587 589/589 580/580
f 581/581 580/580 589/589
f 587/587 588/588 590/590
f 576/576 585/585 583/583
f 588/588 5/5 591/591
f 591/591 590/590 588/588
f 9/9 591/591 5/5
f 590/590 592/592 589/589
f 590/590 591/591 593/593
f 592/592 590/590 593/593
f 591/591 9/9 594/594
f 594/594 593/593 591/591
f 595/595 589/589 592/592
f 579/579 578/578 581/581
f 596/596 595/595 592/592
f 589/589 597/597 581/581
f 577/577 578/578 574/574
f 573/573 569/569 566/566
f 560/560 558/558 559/559
f 569/569 574/574 572/572
f 569/569 573/573 574/574
f 575/575 485/485 572/572
f 575/575 572/572 574/574
f 484/484 485/485 575/575
f 576/576 573/573 564/564
f 564/564 563/563 576/576
f 574/574 573/573 577/577
f 573/573 576/576 577/577
f 578/578 575/575 574/574
f 628/628 626/626 645/645
f 579/579 484/484 575/575
f 579/579 575/575 578/578
f 482/482 484/484 579/579
f 580/580 578/578 577/577
f 557/557 567/567 568/568
f 578/578 580/580 581/581
f 482/482 579/579 582/582
f 583/583 580/580 577/577
f 577/577 576/576 583/583
f 581/581 584/584 579/579
f 579/579 584/584 582/582
f 585/585 576/576 563/563
f 897/897 889/889 892/892
f 888/888 890/890 891/891
f 877/877 719/719 723/723
f 876/876 878/878 875/875
f 877/877 875/875 878/878
f 876/876 770/770 879/879
f 311/311 879/879 770/770
f 879/879 311/311 299/299
f 894/894 168/168 544/544
f 879/879 880/880 876/876
f 881/881 879/879 299/299
f 295/295 881/881 299/299
f 880/880 879/879 882/882
f 892/892 895/895 897/897
f 887/887 888/888 891/891
f 896/896 543/543 898/898
f 543/543 538/538 898/898
f 294/294 885/885 883/883
f 885/885 884/884 883/883
f 885/885 294/294 886/886
f 294/294 287/287 886/886
f 287/287 289/289 886/886
f 886/886 887/887 885/885
f 897/897 899/899 901/901
f 884/884 885/885 887/887
f 887/887 289/289 888/888
f 289/289 176/176 888/888
f 883/883 881/881 295/295
f 212/212 643/643 687/687
f 688/688 686/686 687/687
f 678/678 679/679 672/672
f 643/643 688/688 687/687
f 686/686 688/688 646/646
f 688/688 643/643 689/689
f 689/689 646/646 688/688
f 644/644 689/689 643/643
f 644/644 646/646 689/689
f 685/685 683/683 206/206
f 880/880 878/878 876/876
f 879/879 881/881 882/882
f 887/887 889/889 884/884
f 294/294 883/883 295/295
f 881/881 883/883 884/884
f 884/884 882/882 881/881
f 875/875 724/724 734/734
f 734/734 751/751 875/875
f 724/724 875/875 723/723
f 875/875 751/751 876/876
f 770/770 876/876 751/751
f 875/875 877/877 723/723
f 886/886 289/289 887/887
f 890/890 888/888 176/176
f 168/168 890/890 176/176
f 907/907 905/905 906/906
f 538/538 535/535 900/900
f 535/535 902/902 900/900
f 530/530 902/902 535/535
f 899/899 900/900 903/903
f 902/902 903/903 900/900
f 911/911 910/910 909/909
f 901/901 899/899 903/903
f 528/528 911/911 904/904
f 532/532 713/713 911/911
f 532/532 911/911 528/528
f 906/906 905/905 902/902
f 899/899 896/896 898/898
f 281/281 290/290 293/293
f 900/900 899/899 898/898
f 908/908 897/897 901/901
f 908/908 901/901 907/907
f 908/908 882/882 889/889
f 882/882 908/908 880/880
f 907/907 880/880 908/908
f 880/880 907/907 878/878
f 877/877 910/910 719/719
f 714/714 719/719 910/910
f 907/907 877/877 878/878
f 904/904 911/911 909/909
f 911/911 713/713 910/910
f 713/713 714/714 910/910
f 895/895 892/892 893/893
f 882/882 884/884 889/889
f 904/904 902/902 530/530
f 528/528 904/904 530/530
f 903/903 902/902 905/905
f 905/905 901/901 903/903
f 892/892 887/887 891/891
f 889/889 887/887 892/892
f 890/890 893/893 891/891
f 891/891 893/893 892/892
f 168/168 894/894 890/890
f 893/893 890/890 894/894
f 889/889 897/897 908/908
f 208/208 212/212 687/687
f 895/895 893/893 894/894
f 544/544 896/896 894/894
f 894/894 896/896 895/895
f 544/544 543/543 896/896
f 906/906 877/877 907/907
f 906/906 909/909 877/877
f 904/904 909/909 906/906
f 910/910 877/877 909/909
f 896/896 899/899 895/895
f 291/291 286/286 294/294
f 897/897 895/895 899/899
f 898/898 538/538 900/900
f 662/662 27/27 32/32
f 655/655 656/656 654/654
f 655/655 13/13 657/657
f 656/656 655/655 657/657
f 13/13 658/658 657/657
f 658/658 13/13 27/27
f 653/653 656/656 659/659
f 659/659 646/646 653/653
f 657/657 660/660 656/656
f 642/642 646/646 644/644
f 661/661 659/659 656/656
f 661/661 656/656 660/660
f 661/661 646/646 659/659
f 27/27 662/662 658/658
f 656/656 653/653 654/654
f 663/663 658/658 662/662
f 658/658 663/663 660/660
f 32/32 664/664 662/662
f 663/663 662/662 664/664
f 664/664 32/32 33/33
f 664/664 33/33 37/37
f 665/665 660/660 663/663
f 664/664 665/665 663/663
f 37/37 666/666 664/664
f 665/665 664/664 666/666
f 653/653 650/650 651/651
f 660/660 665/665 667/667
f 623/623 651/651 649/649
f 641/641 646/646 642/642
f 645/645 646/646 641/641
f 468/468 610/610 633/633
f 626/626 647/647 645/645
f 647/647 646/646 645/645
f 647/647 626/626 629/629
f 629/629 648/648 647/647
f 648/648 646/646 647/647
f 648/648 629/629 649/649
f 629/629 623/623 649/649
f 649/649 650/650 648/648
f 650/650 646/646 648/648
f 667/667 661/661 660/660
f 650/650 649/649 651/651
f 651/651 623/623 652/652
f 594/594 652/652 623/623
f 652/652 594/594 9/9
f 9/9 6/6 652/652
f 635/635 634/634 639/639
f 653/653 646/646 650/650
f 652/652 654/654 651/651
f 653/653 651/651 654/654
f 652/652 6/6 655/655
f 654/654 652/652 655/655
f 13/13 655/655 6/6
f 681/681 679/679 682/682
f 673/673 675/675 678/678
f 673/673 678/678 672/672
f 98/98 679/679 678/678
f 666/666 37/37 48/48
f 676/676 672/672 679/679
f 679/679 98/98 102/102
f 202/202 679/679 102/102
f 674/674 676/676 680/680
f 680/680 646/646 674/674
f 676/676 681/681 680/680
f 681/681 676/676 679/679
f 681/681 646/646 680/680
f 682/682 679/679 202/202
f 677/677 98/98 678/678
f 202/202 683/683 682/682
f 682/682 683/683 681/681
f 683/683 202/202 206/206
f 684/684 681/681 683/683
f 684/684 646/646 681/681
f 673/673 672/672 670/670
f 684/684 683/683 685/685
f 206/206 208/208 685/685
f 684/684 685/685 686/686
f 646/646 684/684 686/686
f 687/687 685/685 208/208
f 685/685 687/687 686/686
f 80/80 673/673 670/670
f 666/666 668/668 665/665
f 668/668 667/667 665/665
f 48/48 669/669 666/666
f 668/668 666/666 669/669
f 669/669 48/48 78/78
f 78/78 670/670 669/669
f 668/668 669/669 670/670
f 670/670 78/78 80/80
f 667/667 668/668 671/671
f 661/661 667/667 671/671
f 670/670 672/672 668/668
f 672/672 671/671 668/668
f 792/792 797/797 796/796
f 660/660 657/657 658/658
f 673/673 80/80 84/84
f 92/92 673/673 84/84
f 661/661 671/671 674/674
f 675/675 673/673 92/92
f 674/674 646/646 661/661
f 675/675 92/92 96/96
f 676/676 674/674 671/671
f 671/671 672/672 676/676
f 677/677 675/675 96/96
f 96/96 98/98 677/677
f 675/675 677/677 678/678
f 399/399 398/398 401/401
f 737/737 736/736 744/744
f 742/742 745/745 741/741
f 744/744 741/741 745/745
f 743/743 746/746 742/742
f 745/745 742/742 746/746
f 757/757 764/764 758/758
f 763/763 765/765 762/762
f 764/764 766/766 763/763
f 765/765 763/763 766/766
f 761/761 762/762 767/767
f 765/765 767/767 762/762
f 767/767 768/768 761/761
f 760/760 761/761 750/750
f 400/400 401/401 398/398
f 400/400 377/377 402/402
f 375/375 402/402 377/377
f 401/401 400/400 403/403
f 402/402 403/403 400/400
f 375/375 404/404 402/402
f 371/371 404/404 375/375
f 403/403 402/402 405/405
f 402/402 404/404 405/405
f 405/405 406/406 403/403
f 404/404 406/406 405/405
f 407/407 401/401 403/403
f 731/731 733/733 735/735
f 747/747 734/734 737/737
f 745/745 748/748 744/744
f 747/747 744/744 748/748
f 748/748 745/745 749/749
f 746/746 749/749 745/745
f 748/748 750/750 747/747
f 749/749 750/750 748/748
f 734/734 747/747 751/751
f 749/749 746/746 752/752
f 753/753 751/751 747/747
f 733/733 731/731 728/728
f 724/724 730/730 734/734
f 407/407 403/403 406/406
f 730/730 731/731 736/736
f 735/735 736/736 731/731
f 750/750 749/749 756/756
f 756/756 749/749 755/755
f 757/757 754/754 743/743
f 757/757 743/743 3/3
f 755/755 754/754 758/758
f 757/757 758/758 754/754
f 759/759 756/756 755/755
f 758/758 759/759 755/755
f 756/756 760/760 750/750
f 760/760 756/756 759/759
f 421/421 424/424 417/417
f 377/377 400/400 378/378
f 397/397 417/417 396/396
f 415/415 416/416 418/418
f 418/418 417/417 415/415
f 419/419 416/416 414/414
f 420/420 418/418 416/416
f 420/420 416/416 419/419
f 418/418 421/421 417/417
f 422/422 418/418 420/420
f 422/422 421/421 418/418
f 423/423 396/396 417/417
f 396/396 423/423 394/394
f 416/416 415/415 413/413
f 424/424 423/423 417/417
f 422/422 425/425 421/421
f 425/425 424/424 421/421
f 371/371 372/372 408/408
f 423/423 424/424 427/427
f 427/427 426/426 423/423
f 426/426 428/428 394/394
f 428/428 391/391 394/394
f 427/427 429/429 426/426
f 391/391 428/428 430/430
f 391/391 430/430 390/390
f 431/431 428/428 426/426
f 408/408 409/409 404/404
f 404/404 371/371 408/408
f 384/384 392/392 387/387
f 761/761 768/768 753/753
f 767/767 765/765 769/769
f 768/768 767/767 312/312
f 753/753 747/747 750/750
f 754/754 752/752 746/746
f 754/754 746/746 743/743
f 755/755 749/749 752/752
f 754/754 755/755 752/752
f 1/1 2/2 3/3
f 406/406 404/404 409/409
f 744/744 747/747 737/737
f 410/410 407/407 406/406
f 409/409 410/410 406/406
f 401/401 407/407 411/411
f 411/411 399/399 401/401
f 407/407 410/410 412/412
f 412/412 411/411 407/407
f 399/399 411/411 413/413
f 411/411 412/412 414/414
f 414/414 413/413 411/411
f 415/415 399/399 413/413
f 399/399 415/415 397/397
f 413/413 414/414 416/416
f 770/770 768/768 311/311
f 775/775 779/779 773/773
f 779/779 775/775 778/778
f 757/757 780/780 777/777
f 778/778 777/777 780/780
f 779/779 781/781 773/773
f 778/778 782/782 779/779
f 779/779 782/782 781/781
f 780/780 783/783 778/778
f 769/769 312/312 767/767
f 312/312 311/311 768/768
f 312/312 769/769 314/314
f 768/768 770/770 753/753
f 777/777 778/778 776/776
f 690/690 703/703 697/697
f 771/771 314/314 769/769
f 316/316 314/314 771/771
f 772/772 769/769 765/765
f 771/771 769/769 772/772
f 766/766 772/772 765/765
f 316/316 771/771 773/773
f 333/333 316/316 773/773
f 772/772 766/766 774/774
f 764/764 774/774 766/766
f 775/775 771/771 772/772
f 750/750 761/761 753/753
f 785/785 787/787 786/786
f 907/907 901/901 905/905
f 796/796 798/798 408/408
f 782/782 778/778 783/783
f 784/784 773/773 781/781
f 773/773 784/784 333/333
f 784/784 336/336 333/333
f 369/369 336/336 784/784
f 751/751 753/753 770/770
f 781/781 782/782 785/785
f 784/784 786/786 369/369
f 784/784 785/785 786/786
f 782/782 787/787 785/785
f 759/759 762/762 760/760
f 369/369 786/786 788/788
f 369/369 788/788 370/370
f 789/789 370/370 788/788
f 370/370 789/789 372/372
f 790/790 788/788 786/786
f 773/773 771/771 775/775
f 776/776 772/772 774/774
f 775/775 772/772 776/776
f 774/774 764/764 777/777
f 777/777 776/776 774/774
f 763/763 758/758 764/764
f 778/778 775/775 776/776
f 733/733 740/740 738/738
f 730/730 720/720 725/725
f 720/720 730/730 724/724
f 725/725 728/728 731/731
f 731/731 730/730 725/725
f 703/703 690/690 704/704
f 707/707 703/703 704/704
f 697/697 708/708 698/698
f 708/708 697/697 703/703
f 702/702 698/698 709/709
f 736/736 737/737 730/730
f 730/730 737/737 734/734
f 733/733 738/738 735/735
f 728/728 725/725 727/727
f 3/3 738/738 740/740
f 736/736 735/735 741/741
f 735/735 738/738 742/742
f 735/735 742/742 741/741
f 743/743 738/738 3/3
f 738/738 743/743 742/742
f 741/741 744/744 736/736
f 715/715 712/712 716/716
f 707/707 717/717 716/716
f 719/719 714/714 715/715
f 717/717 720/720 716/716
f 720/720 717/717 722/722
f 708/708 715/715 714/714
f 762/762 761/761 760/760
f 758/758 763/763 759/759
f 762/762 759/759 763/763
f 709/709 698/698 708/708
f 702/702 709/709 711/711
f 712/712 703/703 707/707
f 703/703 712/712 708/708
f 711/711 709/709 713/713
f 713/713 532/532 711/711
f 709/709 708/708 714/714
f 714/714 713/713 709/709
f 715/715 708/708 712/712
f 546/546 549/549 551/551
f 712/712 707/707 716/716
f 690/690 693/693 694/694
f 693/693 690/690 697/697
f 693/693 697/697 698/698
f 699/699 693/693 698/698
f 699/699 698/698 702/702
f 715/715 716/716 723/723
f 719/719 715/715 723/723
f 720/720 724/724 716/716
f 723/723 716/716 724/724
f 722/722 725/725 720/720
f 725/725 722/722 727/727
f 506/506 483/483 505/505
f 495/495 497/497 500/500
f 499/499 495/495 500/500
f 497/497 496/496 501/501
f 496/496 498/498 501/501
f 502/502 500/500 497/497
f 502/502 497/497 501/501
f 499/499 500/500 503/503
f 445/445 489/489 448/448
f 504/504 503/503 500/500
f 487/487 499/499 505/505
f 505/505 499/499 503/503
f 505/505 481/481 487/487
f 481/481 505/505 483/483
f 487/487 490/490 499/499
f 483/483 506/506 485/485
f 507/507 505/505 503/503
f 505/505 507/507 506/506
f 508/508 503/503 504/504
f 503/503 508/508 507/507
f 509/509 504/504 502/502
f 509/509 508/508 504/504
f 510/510 509/509 502/502
f 501/501 510/510 502/502
f 490/490 493/493 495/495
f 501/501 512/512 510/510
f 512/512 501/501 498/498
f 429/429 493/493 491/491
f 487/487 486/486 488/488
f 488/488 448/448 489/489
f 469/469 466/466 465/465
f 489/489 445/445 443/443
f 489/489 490/490 488/488
f 488/488 490/490 487/487
f 443/443 491/491 489/489
f 490/490 489/489 491/491
f 491/491 443/443 492/492
f 437/437 492/492 443/443
f 492/492 437/437 434/434
f 434/434 429/429 492/492
f 492/492 429/429 491/491
f 509/509 510/510 513/513
f 493/493 490/490 491/491
f 429/429 494/494 493/493
f 494/494 429/429 427/427
f 424/424 494/494 427/427
f 480/480 479/479 476/476
f 494/494 424/424 496/496
f 424/424 425/425 496/496
f 497/497 493/493 494/494
f 496/496 497/497 494/494
f 493/493 497/497 495/495
f 498/498 496/496 425/425
f 495/495 499/499 490/490
f 546/546 540/540 537/537
f 533/533 524/524 529/529
f 508/508 509/509 511/511
f 533/533 529/529 534/534
f 531/531 525/525 536/536
f 525/525 523/523 536/536
f 537/537 533/533 534/534
f 537/537 534/534 539/539
f 522/522 533/533 540/540
f 533/533 537/537 540/540
f 526/526 522/522 540/540
f 539/539 541/541 537/537
f 541/541 539/539 542/542
f 545/545 541/541 542/542
f 525/525 531/531 527/527
f 537/537 541/541 546/546
f 540/540 547/547 526/526
f 546/546 547/547 540/540
f 515/515 520/520 519/519
f 169/169 548/548 545/545
f 548/548 169/169 159/159
f 549/549 546/546 541/541
f 548/548 549/549 541/541
f 548/548 159/159 550/550
f 549/549 548/548 550/550
f 154/154 550/550 159/159
f 551/551 547/547 546/546
f 518/518 517/517 521/521
f 512/512 513/513 510/510
f 511/511 509/509 513/513
f 498/498 514/514 512/512
f 513/513 515/515 511/511
f 513/513 512/512 516/516
f 516/516 515/515 513/513
f 512/512 517/517 516/516
f 517/517 512/512 514/514
f 515/515 516/516 518/518
f 517/517 518/518 516/516
f 519/519 511/511 515/515
f 518/518 520/520 515/515
f 504/504 500/500 502/502
f 432/432 430/430 428/428
f 522/522 511/511 519/519
f 522/522 508/508 511/511
f 520/520 518/518 523/523
f 523/523 518/518 521/521
f 520/520 524/524 519/519
f 522/522 519/519 524/524
f 523/523 525/525 520/520
f 520/520 525/525 524/524
f 508/508 522/522 526/526
f 526/526 507/507 508/508
f 524/524 525/525 527/527
f 524/524 527/527 529/529
f 448/448 446/446 445/445
f 441/441 442/442 234/234
f 442/442 230/230 234/234
f 437/437 443/443 441/441
f 230/230 442/442 444/444
f 233/233 230/230 444/444
f 441/441 445/445 442/442
f 445/445 441/441 443/443
f 442/442 446/446 444/444
f 446/446 442/442 445/445
f 444/444 447/447 233/233
f 447/447 444/444 446/446
f 233/233 447/447 235/235
f 441/441 439/439 437/437
f 429/429 434/434 431/431
f 449/449 446/446 448/448
f 450/450 235/235 447/447
f 449/449 450/450 447/447
f 451/451 235/235 450/450
f 451/451 237/237 235/235
f 452/452 450/450 449/449
f 237/237 451/451 453/453
f 453/453 239/239 237/237
f 454/454 451/451 450/450
f 452/452 454/454 450/450
f 455/455 453/453 451/451
f 435/435 434/434 437/437
f 426/426 429/429 431/431
f 428/428 431/431 432/432
f 433/433 390/390 430/430
f 430/430 432/432 433/433
f 433/433 257/257 390/390
f 434/434 432/432 431/431
f 417/417 397/397 415/415
f 435/435 433/433 432/432
f 432/432 434/434 435/435
f 436/436 257/257 433/433
f 433/433 435/435 436/436
f 257/257 436/436 252/252
f 486/486 487/487 481/481
f 252/252 436/436 438/438
f 252/252 438/438 238/238
f 236/236 238/238 438/438
f 439/439 436/436 435/435
f 436/436 439/439 438/438
f 437/437 439/439 435/435
f 438/438 440/440 236/236
f 440/440 438/438 439/439
f 236/236 440/440 234/234
f 394/394 423/423 426/426
f 440/440 441/441 234/234
f 476/476 478/478 480/480
f 470/470 465/465 473/473
f 473/473 465/465 464/464
f 473/473 464/464 474/474
f 464/464 460/460 474/474
f 474/474 460/460 475/475
f 459/459 475/475 460/460
f 476/476 475/475 459/459
f 454/454 476/476 459/459
f 477/477 474/474 475/475
f 454/454 478/478 476/476
f 478/478 454/454 452/452
f 479/479 475/475 476/476
f 475/475 479/479 477/477
f 239/239 453/453 456/456
f 453/453 455/455 457/457
f 452/452 481/481 478/478
f 480/480 482/482 479/479
f 482/482 477/477 479/479
f 478/478 483/483 480/480
f 483/483 478/478 481/481
f 482/482 480/480 484/484
f 485/485 480/480 483/483
f 480/480 485/485 484/484
f 481/481 452/452 486/486
f 486/486 452/452 449/449
f 486/486 449/449 448/448
f 448/448 488/488 486/486
f 455/455 451/451 454/454
f 439/439 441/441 440/440
f 457/457 456/456 453/453
f 458/458 245/245 456/456
f 456/456 457/457 458/458
f 455/455 459/459 457/457
f 455/455 454/454 459/459
f 245/245 241/241 456/456
f 456/456 241/241 239/239
f 458/458 457/457 460/460
f 460/460 457/457 459/459
f 461/461 245/245 458/458
f 461/461 247/247 245/245
f 247/247 461/461 463/463
f 464/464 461/461 458/458
f 464/464 458/458 460/460
f 463/463 461/461 465/465
f 465/465 461/461 464/464
f 466/466 463/463 465/465
f 449/449 447/447 446/446
f 469/469 465/465 470/470
f 912/912 925/925 924/924
f 912/912 923/923 925/925
f 912/912 924/924 916/916
f 927/927 924/924 925/925
f 912/912 914/914 915/915
f 912/912 913/913 914/914
f 933/933 934/934 932/932
f 919/919 929/929 917/917
f 915/915 920/920 918/918
f 920/920 915/915 921/921
f 918/918 912/912 915/915
f 917/917 916/916 919/919
f 927/927 925/925 923/923
f 928/928 919/919 926/926
f 927/927 928/928 926/926
f 927/927 926/926 924/924
f 929/929 919/919 928/928
f 929/929 930/930 917/917
f 916/916 917/917 913/913
f 913/913 912/912 916/916
f 919/919 916/916 926/926
f 926/926 916/916 924/924
f 922/922 931/931 934/934
f 928/928 932/932 929/929
f 931/931 929/929 932/932
f 929/929 931/931 930/930
f 932/932 928/928 933/933
f 923/923 918/918 920/920
f 923/923 912/912 918/918
f 921/921 922/922 920/920
f 927/927 923/923 936/936
f 923/923 920/920 936/936
f 935/935 920/920 934/934
f 927/927 936/936 935/935
f 920/920 935/935 936/936
f 927/927 935/935 933/933
f 920/920 922/922 934/934
f 934/934 933/933 935/935
f 927/927 933/933 928/928
f 934/934 931/931 932/932
f 943/943 949/949 940/940
f 956/956 955/955 959/959
f 958/958 945/945 946/946
f 956/956 958/958 957/957
f 946/946 957/957 958/958
f 957/957 946/946 948/948
f 956/956 957/957 953/953
f 948/948 953/953 957/957
f 955/955 951/951 949/949
f 951/951 955/955 954/954
f 953/953 952/952 954/954
f 952/952 951/951 954/954
f 945/945 960/960 961/961
f 949/949 961/961 959/959
f 956/956 961/961 960/960
f 956/956 959/959 961/961
f 952/952 953/953 950/950
f 953/953 948/948 950/950
f 938/938 951/951 952/952
f 950/950 938/938 952/952
f 937/937 949/949 951/951
f 951/951 938/938 937/937
f 938/938 950/950 939/939
f 950/950 941/941 939/939
f 941/941 950/950 948/948
f 949/949 937/937 940/940
f 961/961 949/949 947/947
f 941/941 948/948 946/946
f 943/943 945/945 947/947
f 941/941 946/946 942/942
f 942/942 946/946 945/945
f 945/945 943/943 944/944
f 955/955 949/949 959/959
f 949/949 943/943 947/947
f 956/956 954/954 955/955
f 947/947 945/945 961/961
f 956/956 953/953 954/954
f 942/942 945/945 944/944
f 945/945 958/958 960/960
f 956/956 960/960 958/958

