# https://github.com/mikedh/trimesh
mtllib material.mtl
usemtl M_UE4Man_ChestLogo
v -0.01541058 0.18719817 0.06160480
v -0.01541058 0.18719817 0.06160480
v -0.01235668 0.19612784 0.04914564
v -0.01235668 0.19612784 0.04914564
v -0.01465277 0.19265849 0.04869491
v -0.01465277 0.19265849 0.04869491
v -0.01465277 0.19265849 0.04869491
v -0.01304785 0.18912066 0.06416231
v -0.00276963 0.19705308 0.04969162
v -0.00276963 0.19705308 0.04969162
v -0.01682965 0.17724479 0.07201034
v -0.01682965 0.17724479 0.07201034
v -0.00388411 0.18929631 0.06631690
v -0.01479248 0.17937798 0.07424479
v 0.00064489 0.18663914 0.06411117
v 0.00167557 0.19448126 0.04904419
v 0.00167557 0.19448126 0.04904419
v 0.00588020 0.19861282 0.05213088
v 0.00588020 0.19861282 0.05213088
v -0.00522272 0.17881019 0.07637220
v -0.01656548 0.16368247 0.08256286
v -0.01976124 0.16292108 0.07944149
v -0.01976124 0.16292108 0.07944149
v -0.00692216 0.16320378 0.08446103
v -0.00080375 0.17634399 0.07450777
v 0.00445231 0.19040943 0.06837326
v 0.01340350 0.19039399 0.06740409
v 0.01421782 0.19783039 0.05138260
v 0.01421782 0.19783039 0.05138260
v 0.01515599 0.20093060 0.05284637
v 0.01515599 0.20093060 0.05284637
v 0.00270697 0.17949773 0.07955080
v 0.01108333 0.17831136 0.07863849
v 0.01425990 0.19203664 0.07005614
v -0.00244681 0.16127885 0.08412891
v 0.00024303 0.16246004 0.08799320
v -0.01000694 0.14497591 0.08554762
v -0.00489799 0.14424343 0.08477944
v 0.00851437 0.16072971 0.08810824
v -0.00238637 0.14338995 0.08958870
v 0.01185557 0.17991222 0.08163148
v -0.00727121 0.13030309 0.08082121
v 0.00556322 0.14224876 0.09021979
v -0.00459293 0.12753368 0.08544963
v 0.00975379 0.16156525 0.09130305
v 0.03625437 0.17592449 0.08232873
v 0.03807446 0.18893064 0.06987053
v 0.03907021 0.19724418 0.05046063
v 0.03907021 0.19724418 0.05046063
v 0.03972574 0.18679948 0.06821030
v 0.03988048 0.19479794 0.04947537
v 0.03988048 0.19479794 0.04947537
v 0.03778478 0.17467130 0.07970124
v 0.04774555 0.18467284 0.06771368
v 0.04845151 0.19285692 0.04928142
v 0.04845151 0.19285692 0.04928142
v 0.04910298 0.18814350 0.04950148
v 0.04910298 0.18814350 0.04950148
v 0.03492042 0.15785159 0.08755296
v 0.04749688 0.18032289 0.06445795
v 0.05353781 0.18886805 0.04909867
v 0.05353781 0.18886805 0.04909867
v 0.04556128 0.17304546 0.07948404
v 0.04550429 0.17002959 0.07487303
v 0.05274387 0.18098439 0.06595033
v 0.06066342 0.17853350 0.06484705
v 0.06175729 0.18600608 0.04912632
v 0.06175729 0.18600608 0.04912632
v 0.05121597 0.17025001 0.07665318
v 0.06346699 0.17632777 0.06286019
v 0.06346699 0.17632777 0.06286019
v 0.06433531 0.18242259 0.04850155
v 0.06433531 0.18242259 0.04850155
v 0.06433531 0.18242259 0.04850155
v 0.05922588 0.16813905 0.07523590
v 0.06192466 0.16544194 0.07299560
v 0.06192466 0.16544194 0.07299560
v 0.04887565 0.15474445 0.08417183
v 0.05787273 0.15308250 0.08231085
v 0.05999085 0.15181936 0.07941156
v 0.05999085 0.15181936 0.07941156
v 0.05458459 0.13691307 0.08376664
v 0.05784579 0.13684858 0.08073467
v 0.05784579 0.13684858 0.08073467
v 0.05578467 0.12233002 0.07680553
v 0.05578467 0.12233002 0.07680553
v 0.04407402 0.15436549 0.08279389
v 0.05229255 0.12096620 0.07957810
v 0.05405625 0.11001454 0.06809765
v 0.05405625 0.11001454 0.06809765
v 0.04631659 0.13766665 0.08553844
v 0.05031558 0.10779707 0.07026452
v 0.05283245 0.10139326 0.05566174
v 0.05283245 0.10139326 0.05566174
v 0.04403504 0.12182415 0.08119958
v 0.04210552 0.13885523 0.08461278
v 0.04268535 0.15596063 0.08805793
v 0.04064151 0.12284292 0.08107632
v 0.04027184 0.13823933 0.08964103
v 0.03836568 0.12182779 0.08529192
v 0.03275891 0.13853712 0.08939880
v 0.03615662 0.10753743 0.07664734
v 0.03402516 0.15814907 0.09085577
v 0.03128167 0.13837297 0.09275037
v 0.03016337 0.12252975 0.08504802
v 0.02865752 0.12152816 0.08821231
v 0.00692876 0.14127374 0.09335392
v 0.02652975 0.10475007 0.07839387
v 0.00330814 0.12628389 0.08614772
v 0.00431558 0.12473769 0.08819395
v -0.00658361 0.11163879 0.07549244
v 0.00087520 0.11026100 0.07563764
v 0.00193711 0.10775352 0.07808751
v 0.02805825 0.10643134 0.07559436
v 0.02563091 0.10294855 0.07760423
v 0.00056072 0.10319323 0.07339984
v -0.00171045 0.10143787 0.06519681
v 0.02777752 0.10316882 0.07177001
v -0.00809077 0.10126544 0.06408065
v 0.03579422 0.10433639 0.07339078
v 0.02921721 0.10290549 0.07817608
v 0.02454921 0.10160334 0.07862621
v 0.03823551 0.10897044 0.07111722
v 0.04219099 0.10887659 0.07233041
v 0.03781947 0.10190935 0.06623345
v 0.03760632 0.10456259 0.07715910
v 0.04054137 0.09581209 0.05822164
v 0.03269406 0.09749515 0.08266300
v 0.03976377 0.10271365 0.07885104
v 0.05037113 0.09684933 0.05784100
v 0.04342052 0.09116627 0.05673986
v 0.04915353 0.08937533 0.04986053
v 0.05212887 0.09715975 0.04216319
v 0.05212887 0.09715975 0.04216319
v 0.04433092 0.08967639 0.05192297
v 0.05095168 0.08482025 0.02817470
v 0.05095168 0.08482025 0.02817470
v 0.05230077 0.09844635 0.02659613
v 0.05230077 0.09844635 0.02659613
v 0.05230077 0.09844635 0.02659613
v 0.03641149 0.09343473 0.07510823
v 0.04122969 0.08450899 0.05656880
v 0.04449626 0.08383636 0.05011028
v 0.04922958 0.08115215 0.04600709
v 0.05137821 0.08155079 0.02738386
v 0.05137821 0.08155079 0.02738386
v 0.05891892 0.08018694 0.02767449
v 0.05891892 0.08018694 0.02767449
v 0.04429372 0.08537326 0.05893487
v 0.05329164 0.07958377 0.05332607
v 0.03833350 0.09330309 0.07462281
v 0.04407128 0.08806769 0.07797962
v 0.04922279 0.06557367 0.05117875
v 0.06015619 0.06715349 0.02426034
v 0.06015619 0.06715349 0.02426034
v 0.03557571 0.06708074 0.07420295
v 0.03674050 0.08601562 0.08564478
v 0.04329702 0.04085709 0.04452938
v 0.06271907 0.04221202 0.01963585
v 0.06271907 0.04221202 0.01963585
v 0.02948340 0.08956237 0.08291596
v 0.02800044 0.06803993 0.08287292
v 0.02135380 0.07408176 0.07905119
v 0.02840158 0.09013025 0.08133691
v 0.02428790 0.06629954 0.08277625
v 0.02376624 0.09351669 0.08644145
v 0.02129587 0.07503090 0.07499820
v -0.00344709 0.10276214 0.08078986
v 0.02155610 0.08601371 0.08230775
v -0.00685254 0.09484599 0.08869737
v -0.00681094 0.10224063 0.07021516
v -0.00810758 0.10518546 0.08042937
v -0.01380340 0.10913638 0.07897192
v -0.01330880 0.09979910 0.08438378
v -0.01372353 0.10435752 0.07016808
v -0.01691059 0.10800968 0.08080786
v -0.01020268 0.10156325 0.06088704
v -0.01694826 0.10210467 0.06958610
v -0.01745430 0.10127590 0.07381528
v -0.01275591 0.09566072 0.08297390
v -0.00751153 0.08813877 0.08262151
v 0.01779266 0.07305981 0.07513791
v -0.01009361 0.07723404 0.07430690
v 0.01822063 0.07139293 0.07839232
v -0.00720874 0.07516722 0.07434183
v -0.00895301 0.07306574 0.07612103
v -0.01403133 0.06892664 0.08159691
v -0.01134185 0.07543222 0.07617777
v -0.01543955 0.06234819 0.07917660
v -0.01406053 0.09521044 0.08464783
v -0.01679353 0.07088057 0.08178478
v -0.02177254 0.08963878 0.08893233
v -0.02137009 0.10404728 0.07841831
v -0.02478651 0.08782817 0.08453518
v -0.02814177 0.09731922 0.05695241
v -0.01970819 0.06609387 0.07829088
v -0.02928964 0.09928645 0.08193868
v -0.02951387 0.09294201 0.07966321
v -0.03644267 0.09401739 0.05985278
v -0.02748684 0.06952862 0.06797665
v -0.03031556 0.09554172 0.04947656
v -0.02069894 0.04407022 0.07201808
v -0.03992382 0.07791133 0.04466301
v -0.02318100 0.09382115 0.05404264
v -0.04107980 0.09264536 0.03879756
v -0.02237908 0.09928943 0.05397564
v -0.03256945 0.09440039 0.03560346
v -0.01710562 0.10017971 0.05329662
v -0.02531985 0.10075844 0.05033165
v -0.02734808 0.09246425 0.04615479
v -0.01718191 0.10221554 0.05330354
v -0.02599636 0.10517062 0.05086726
v -0.01175980 0.09991745 0.05420917
v -0.01176957 0.10127891 0.05281132
v -0.01041786 0.10607401 0.06014520
v -0.01636819 0.10516278 0.05797535
v -0.02458970 0.10810659 0.05654269
v -0.01382021 0.11594547 0.07161146
v -0.02692644 0.11199824 0.05546194
v -0.02692644 0.11199824 0.05546194
v -0.00941733 0.11624915 0.07183069
v -0.02686182 0.10730452 0.04049760
v -0.02686182 0.10730452 0.04049760
v -0.01182703 0.13026733 0.08149868
v -0.02942685 0.09399507 0.03488713
v -0.02656166 0.10948462 0.02403146
v -0.02656166 0.10948462 0.02403146
v -0.02280024 0.11821742 0.06991082
v -0.02570144 0.12070442 0.06801814
v -0.02570144 0.12070442 0.06801814
v -0.02160028 0.13209684 0.07928353
v -0.02393214 0.13313568 0.07681018
v -0.01928226 0.14642579 0.08353764
v -0.02186922 0.14779724 0.08077746
v -0.02712313 0.13459475 0.07577902
v -0.02874020 0.12228365 0.06724268
v -0.02517513 0.14809538 0.07950884
v -0.03026084 0.11404232 0.05452949
v -0.03288630 0.12769634 0.06278246
v -0.03046421 0.11010055 0.04077095
v -0.03153697 0.13803489 0.06972962
v -0.03068487 0.11185870 0.02624231
v -0.02336172 0.16313291 0.07799583
v -0.02989034 0.11807508 0.01296359
v -0.02555386 0.11637164 0.01132315
v -0.02555386 0.11637164 0.01132315
v -0.02486054 0.12653769 0.00065475
v -0.02486054 0.12653769 0.00065475
v -0.03389660 0.11760194 0.02750903
v -0.02793793 0.12731893 0.00253230
v -0.02253202 0.14049751 -0.00435168
v -0.02253202 0.14049751 -0.00435168
v -0.03338400 0.12352521 0.01608997
v -0.03438393 0.11735518 0.04071921
v -0.03325728 0.12551183 0.02943998
v -0.03394190 0.12058938 0.05243510
v -0.03337745 0.12465692 0.03930825
v -0.03302030 0.12719578 0.04887658
v -0.03222863 0.13282211 0.05699104
v -0.03109793 0.14085741 0.06267279
v -0.03603176 0.13483495 0.05552774
v -0.03676597 0.12961680 0.04800206
v -0.02976481 0.15033240 0.06523663
v -0.03498320 0.14228720 0.06079727
v -0.02976982 0.14997310 0.07307261
v -0.03639773 0.13786514 0.05257815
v -0.02792159 0.16218997 0.07219249
v -0.03707878 0.13347865 0.04623908
v -0.02123538 0.17687334 0.07159239
v -0.02838985 0.16010434 0.06437319
v -0.02637581 0.17354006 0.06673151
v -0.01991717 0.18674458 0.06143218
v -0.01862005 0.19320948 0.04792589
v -0.01445238 0.19406415 0.03321570
v -0.01445238 0.19406415 0.03321570
v -0.02512304 0.18238897 0.05773836
v -0.02713899 0.16899450 0.06018680
v -0.01837567 0.19445337 0.03333527
v -0.01518682 0.19059194 0.01963025
v -0.01518682 0.19059194 0.01963025
v -0.02443711 0.18751098 0.04641002
v -0.02616302 0.17593069 0.05318230
v -0.03131143 0.16838301 0.05849164
v -0.03247157 0.16013778 0.06237441
v -0.03040627 0.17481590 0.05199533
v -0.03374676 0.15107484 0.06317514
v -0.03339926 0.15917803 0.05834514
v -0.03550915 0.14414150 0.05701667
v -0.03446762 0.15154339 0.05901962
v -0.03874091 0.13874192 0.05203634
v -0.03787247 0.14480103 0.05632227
v -0.03686670 0.15194840 0.05825633
v -0.03951577 0.13452274 0.04591530
v -0.03584627 0.15932209 0.05760509
v -0.04228608 0.14946485 0.04773706
v -0.04276923 0.14605934 0.04532856
v -0.04172317 0.15346546 0.04881948
v -0.04239873 0.15035338 0.04588395
v -0.04309396 0.14368410 0.04265266
v -0.04193143 0.15367473 0.04678267
v -0.04307918 0.14551736 0.04166370
v -0.04281095 0.14742346 0.04381221
v -0.04325000 0.14430339 0.03716677
v -0.04114429 0.15760947 0.04845351
v -0.04142860 0.15724833 0.04646688
v -0.04104844 0.15995021 0.04560047
v -0.04065827 0.16098739 0.04736978
v -0.03509466 0.16605533 0.05444711
v -0.04010669 0.16491408 0.04336983
v -0.03248981 0.16613264 0.05507463
v -0.03434304 0.17128540 0.04916328
v -0.03172187 0.17155034 0.04960280
v -0.03120355 0.17478008 0.04258936
v -0.02986530 0.17866076 0.04366892
v -0.02557973 0.18007631 0.04420453
v -0.02400330 0.18894840 0.03382200
v -0.02545933 0.18093122 0.03433639
v -0.02470843 0.18521208 0.02128595
v -0.02975372 0.17945368 0.03451675
v -0.01906375 0.19037855 0.01854330
v -0.01610032 0.18238200 0.00703460
v -0.01610032 0.18238200 0.00703460
v -0.02046851 0.18195696 0.00685662
v -0.01792852 0.16956181 -0.00222606
v -0.01792852 0.16956181 -0.00222606
v -0.02557603 0.17840601 0.01132005
v -0.02234904 0.17000897 -0.00135392
v -0.02015594 0.15584380 -0.00568515
v -0.02015594 0.15584380 -0.00568515
v -0.02712313 0.16809184 0.00420576
v -0.02660827 0.17276604 0.01665360
v -0.02447120 0.15573401 -0.00504309
v -0.02911607 0.15570844 0.00144392
v -0.02643947 0.14114929 -0.00377268
v -0.03068963 0.14347906 0.00225776
v -0.03223363 0.13237430 0.00745290
v -0.03267387 0.12965746 0.02046221
v -0.03169791 0.13659365 0.01345771
v -0.03044704 0.14548374 0.00927132
v -0.03644470 0.13189984 0.02164918
v -0.03553966 0.13833285 0.01515287
v -0.03698579 0.12805505 0.02997559
v -0.03709737 0.12726212 0.03912788
v -0.03720168 0.13215441 0.03105527
v -0.03736345 0.13149602 0.03876430
v -0.03674022 0.13539214 0.02404183
v -0.03980056 0.13260967 0.03869754
v -0.03597776 0.14081068 0.01856988
v -0.03951792 0.13322765 0.03125351
v -0.04329935 0.14221693 0.03721863
v -0.03906123 0.13635249 0.02448123
v -0.04320291 0.14297880 0.03372139
v -0.03832499 0.14158470 0.01919752
v -0.04316453 0.14491130 0.03437060
v -0.04295138 0.14473594 0.02991467
v -0.04295114 0.14642728 0.03108746
v -0.04253940 0.14766461 0.02695721
v -0.04215292 0.15210033 0.02710563
v -0.04260901 0.14885873 0.02863210
v -0.04201297 0.15143360 0.02518266
v -0.03739695 0.14829309 0.01603955
v -0.03500596 0.14775641 0.01529950
v -0.03437952 0.14657802 0.01127022
v -0.03310422 0.15564097 0.01046949
v -0.02907208 0.15525580 0.00840801
v -0.03399447 0.15539909 0.01462501
v -0.03186778 0.16442848 0.01284724
v -0.02773885 0.16473074 0.01097184
v -0.03081921 0.17188085 0.01811689
v -0.03295854 0.16280175 0.01662785
v -0.02581660 0.17839242 0.02476805
v -0.03008500 0.17709906 0.02564257
v -0.03200749 0.16906936 0.02106648
v -0.03138331 0.17346389 0.02740544
v -0.03110424 0.17544717 0.03488022
v -0.03450231 0.16887332 0.02160829
v -0.03388850 0.17311508 0.02772933
v -0.03372530 0.17438758 0.04239100
v -0.03361896 0.17503030 0.03494710
v -0.03996018 0.16602320 0.03995567
v -0.04059116 0.16319961 0.04229039
v -0.04046599 0.16408915 0.03954905
v -0.03990535 0.16638500 0.03577262
v -0.04042224 0.16440082 0.03595084
v -0.04054741 0.16351087 0.03259676
v -0.04005615 0.16531307 0.03173262
v -0.04039601 0.16292805 0.02829200
v -0.04083685 0.16145337 0.02962929
v -0.04113153 0.15935929 0.02769953
v -0.04075388 0.16030753 0.02587837
v -0.04175953 0.15489591 0.02651280
v -0.03554717 0.16283900 0.01732224
v -0.04151384 0.15491409 0.02444440
v -0.03653745 0.15568949 0.01538831
v -0.01107041 0.19752855 0.03228396
v -0.01246981 0.19377376 0.01827210
v -0.00254158 0.19864387 0.03126555
v -0.01350550 0.18386091 0.00361758
v -0.00285796 0.19412852 0.01717144
v 0.00187131 0.19515986 0.03217774
v 0.00134107 0.19139160 0.01797575
v -0.00467137 0.18356986 0.00193077
v 0.00597735 0.20063699 0.03160149
v 0.00535008 0.19604302 0.01589352
v -0.00002746 0.18237848 0.00343126
v 0.00342103 0.18601633 0.00054341
v 0.01347002 0.19449610 0.01503640
v 0.01443978 0.19989545 0.03209978
v 0.01566585 0.20253009 0.03234809
v 0.01486989 0.19733972 0.01327544
v 0.03985294 0.19944311 0.03150707
v 0.03923412 0.19493497 0.01448804
v 0.04079624 0.19591928 0.03186542
v 0.01149365 0.18509490 -0.00077111
v 0.03763505 0.18324191 -0.00188190
v 0.01391395 0.18675394 -0.00280375
v 0.00908216 0.16827936 -0.01142591
v 0.04020365 0.19167156 0.01584571
v 0.03532477 0.16608919 -0.01429945
v 0.03882416 0.18138517 -0.00053209
v 0.04672893 0.19075311 0.01598304
v 0.01108953 0.16972739 -0.01512367
v 0.04486641 0.17937190 -0.00035328
v 0.03651270 0.16455454 -0.01119060
v 0.00880464 0.15250082 -0.01983339
v 0.03281971 0.14895762 -0.01963657
v 0.00715550 0.15237153 -0.01625043
v 0.00605973 0.13406194 -0.01907772
v 0.03428312 0.14764709 -0.01673001
v 0.03080376 0.13062293 -0.01860208
v 0.00483867 0.13401998 -0.01551408
v 0.04328593 0.16300542 -0.01162297
v 0.00579496 0.12990964 -0.01871807
v -0.00335781 0.13542343 -0.01510316
v 0.00406238 0.12936259 -0.01415521
v -0.00098936 0.15347589 -0.01568061
v -0.00489167 0.12976814 -0.01231092
v 0.00115296 0.16958768 -0.01083774
v -0.00717000 0.13611973 -0.00954455
v -0.00420097 0.15331198 -0.00978273
v -0.00222222 0.16737534 -0.00597733
v -0.00669030 0.16874129 -0.00793582
v -0.00880746 0.15492053 -0.01139301
v -0.01577810 0.17011804 -0.00567872
v -0.01797334 0.15606738 -0.00934857
v -0.02067570 0.13932104 -0.00777179
v -0.01141361 0.13731588 -0.00993878
v -0.02264396 0.12553270 -0.00293225
v -0.00830940 0.12763871 -0.00920111
v -0.01459018 0.12526191 -0.00604815
v -0.01231960 0.12873180 -0.01510102
v -0.02543346 0.11727995 0.00177222
v -0.00506834 0.12982632 -0.01715058
v -0.00466577 0.12527419 -0.01818437
v -0.01906840 0.12521530 -0.01019413
v -0.02340762 0.12124265 -0.00513250
v -0.01226608 0.12370951 -0.01631612
v -0.01936189 0.11981941 -0.01250929
v -0.02371923 0.11443568 -0.00745195
v -0.02699033 0.10814587 -0.00032979
v -0.02630547 0.11661662 -0.01010865
v -0.02873532 0.10225416 0.00777811
v -0.03033534 0.10905782 -0.00195390
v -0.03280083 0.10206906 0.00747794
v -0.02841476 0.09724353 0.02021128
v -0.03350285 0.09632210 0.02062720
v -0.04115526 0.10433180 0.00665170
v -0.04235486 0.09586535 0.02147442
v -0.03717569 0.11396936 -0.00641817
v -0.04582218 0.08666927 0.01862508
v -0.04667357 0.09521762 0.00055760
v -0.04068390 0.10734660 -0.00898618
v -0.03164998 0.12097830 -0.01427323
v -0.03407244 0.11689294 -0.01833278
v -0.02339641 0.12588949 -0.01997298
v -0.02071432 0.12186594 -0.01501364
v -0.02557115 0.12228305 -0.02402884
v -0.01303402 0.12531508 -0.01867563
v -0.03852514 0.10545860 -0.02570027
v -0.00512484 0.12629599 -0.02040285
v -0.01489250 0.12800229 -0.02345556
v 0.00855514 0.12526370 -0.02103836
v -0.01663569 0.12426502 -0.02777392
v -0.00497226 0.12881423 -0.02518398
v -0.00668231 0.12483031 -0.03002650
v -0.02274410 0.10831026 -0.03863901
v -0.01075415 0.10964138 -0.04238242
v 0.00922021 0.12392194 -0.03004152
v 0.00618895 0.10816828 -0.04470498
v 0.00903245 0.12760873 -0.02518171
v 0.02356573 0.12088884 -0.02793747
v 0.02361461 0.12482560 -0.02323419
v 0.00945350 0.12457109 -0.01891846
v 0.02379306 0.12342084 -0.01961845
v 0.02406140 0.12326045 -0.01868719
v 0.03066238 0.12678004 -0.01838297
v 0.03642639 0.12062366 -0.01749867
v 0.03120538 0.12987907 -0.01560790
v 0.03709754 0.12135745 -0.02091092
v 0.03752502 0.11646939 -0.02535862
v 0.04726144 0.11755300 -0.01669687
v 0.03661462 0.12087525 -0.01634473
v 0.04399248 0.11644829 -0.01302678
v 0.02243444 0.10586850 -0.04188699
v 0.04726645 0.11086536 -0.02131313
v 0.00399538 0.07890529 -0.06528455
v 0.03583344 0.10198323 -0.03897244
v 0.01786049 0.07708583 -0.06394905
v -0.00735918 0.08064617 -0.06409270
v 0.00144788 0.05132014 -0.07696456
v -0.02133004 0.08100412 -0.06098312
v -0.01275460 0.05275524 -0.07621974
v -0.03590897 0.08005870 -0.05452675
v -0.02690951 0.05444659 -0.07243961
v -0.05034236 0.07751939 -0.03925532
v -0.04401246 0.05385531 -0.06369359
v -0.03187779 0.02276705 -0.08009988
v -0.05818609 0.05185352 -0.04802543
v -0.01610927 0.02027936 -0.08425457
v -0.04875294 0.02279834 -0.07110137
v -0.00103728 0.01840968 -0.08459968
v -0.06293420 0.02329425 -0.05455750
v -0.03361896 -0.00189268 -0.08338350
v 0.01729652 0.04861651 -0.07518882
v -0.00266210 -0.00341793 -0.08859080
v 0.03466126 0.07165698 -0.06050128
v 0.01334020 0.01661579 -0.08272428
v 0.03400847 0.04509402 -0.07063323
v 0.04862352 0.09545679 -0.03223938
v 0.04911193 0.06502802 -0.05150575
v 0.03219064 0.01388872 -0.07764036
v 0.04917546 0.03973360 -0.06141120
v 0.05886396 0.05880404 -0.03487510
v 0.01204725 -0.00494840 -0.08578688
v 0.04677626 0.01133335 -0.06842059
v 0.02916249 -0.00791853 -0.08020300
v -0.00388650 -0.02214353 -0.08982736
v 0.06084987 0.03326336 -0.04346258
v 0.00836345 -0.02655049 -0.08701867
v 0.04194387 -0.01163136 -0.07184142
v 0.02145179 -0.03331532 -0.08257705
v 0.05929311 0.00729481 -0.05088049
v 0.03295489 -0.03955328 -0.07291931
v 0.05477067 -0.01676168 -0.05411595
v 0.06626352 0.00388149 -0.03045470
v 0.06224211 -0.01851200 -0.03406793
v 0.04317959 -0.04652219 -0.05914301
v 0.06681760 0.02920894 -0.02426809
v 0.05143794 -0.05097981 -0.03881198
v 0.02392682 -0.06141429 -0.07384080
v 0.05702981 -0.04825132 -0.01937443
v 0.03157731 -0.07496958 -0.06284422
v 0.01508614 -0.04686039 -0.08213502
v 0.01266154 -0.04919942 -0.08183354
v 0.00440796 -0.03915807 -0.08744735
v 0.00340494 -0.04227932 -0.08678729
v 0.02189919 -0.06574189 -0.07159692
v 0.00735065 -0.05188640 -0.07995039
v -0.00345472 -0.03650152 -0.08952648
v -0.00439695 -0.04037823 -0.08785135
v -0.00441185 -0.04597249 -0.08368856
v -0.01210574 -0.03761174 -0.08974928
v -0.01104740 -0.04169240 -0.08774537
v -0.01596753 -0.02323528 -0.08927173
v -0.01753477 -0.05231740 -0.08222729
v -0.01811139 -0.00343236 -0.08743423
v -0.03146628 -0.01736363 -0.08522672
v -0.02832285 -0.03188427 -0.08676893
v -0.04938499 -0.00076230 -0.07498127
v -0.04857544 -0.02629437 -0.07637710
v -0.06433705 -0.00069355 -0.05768162
v -0.04027311 -0.04797994 -0.08018917
v -0.02505163 -0.04722043 -0.08726782
v -0.04613284 -0.05523380 -0.07291645
v -0.02200083 -0.04978885 -0.08400506
v -0.03461019 -0.06142437 -0.08073265
v -0.03055540 -0.06304898 -0.07911271
v -0.02699129 -0.06532093 -0.07679504
v -0.03768054 -0.07477348 -0.07056517
v -0.04174773 -0.07130193 -0.07104260
v -0.01969472 -0.08157840 -0.07515663
v -0.03368787 -0.08253460 -0.06954307
v -0.04205362 -0.08344184 -0.06026739
v 0.00568935 -0.08284085 -0.07325310
v -0.03149716 -0.11872639 -0.06304103
v -0.02029947 -0.11940502 -0.06781358
v 0.01988610 -0.07157528 -0.06930238
v 0.02778789 -0.07937794 -0.06231243
v 0.01815721 -0.08506571 -0.06819433
v 0.02401301 -0.08529209 -0.06173009
v 0.03374382 -0.08583992 -0.04935974
v 0.03656455 -0.08269360 -0.05050200
v 0.04048189 -0.08394759 -0.03755623
v 0.03093752 -0.09049194 -0.04816705
v 0.04314109 -0.08029472 -0.03096837
v 0.03797933 -0.08722170 -0.03565890
v 0.05640253 -0.04843473 -0.01456458
v 0.04134043 -0.08316692 -0.02738232
v 0.03549131 -0.09200161 -0.03371102
v 0.06718906 -0.01894321 -0.01331276
v 0.07054230 0.00017245 -0.00915152
v 0.06626245 -0.02019872 -0.00400800
v 0.05578967 -0.05012401 -0.00970406
v 0.03955432 -0.08754497 -0.02374584
v 0.05172332 -0.05140462 0.00210410
v 0.05172332 -0.05140462 0.00210410
v 0.06197401 -0.02271955 0.00663191
v 0.06197401 -0.02271955 0.00663191
v 0.03753599 -0.08859133 -0.00367779
v 0.03753599 -0.08859133 -0.00367779
v 0.06931182 -0.00130834 0.00037426
v 0.06592139 0.00008006 0.01129406
v 0.06592139 0.00008006 0.01129406
v 0.04028448 -0.08921458 -0.01652485
v 0.02879032 -0.12306728 -0.00500232
v 0.02879032 -0.12306728 -0.00500232
v 0.03184827 -0.12283611 -0.01866943
v 0.02074250 -0.16557888 -0.00419444
v 0.02074250 -0.16557888 -0.00419444
v 0.02776548 -0.12087079 -0.03263694
v 0.02449819 -0.16624965 -0.02151662
v 0.02173694 -0.19297276 -0.02126235
v 0.01916333 -0.19442075 -0.00196892
v 0.01916333 -0.19442075 -0.00196892
v 0.02166494 -0.16699337 -0.03467292
v 0.02196153 -0.12065136 -0.04781503
v 0.02218517 -0.20406925 -0.02049047
v 0.02007040 -0.20834202 -0.00058609
v 0.02007040 -0.20834202 -0.00058609
v 0.02035948 -0.19399182 -0.03620607
v 0.02174576 -0.21120838 -0.02037150
v 0.01981743 -0.21535312 -0.00205225
v 0.01981743 -0.21535312 -0.00205225
v 0.02230652 -0.20617703 -0.03374654
v 0.01726671 -0.21743450 -0.00353414
v 0.01726671 -0.21743450 -0.00353414
v 0.01663562 -0.16900059 -0.04934854
v 0.01719590 -0.19944730 -0.04941315
v 0.01376268 -0.16765652 -0.05641228
v 0.01790937 -0.12096020 -0.05836040
v 0.01166531 -0.12125545 -0.06276244
v 0.00914856 -0.16653561 -0.05967683
v 0.00221547 -0.12098773 -0.06690711
v -0.00087754 -0.16669171 -0.06310791
v 0.00882956 -0.20212644 -0.06076604
v -0.02309684 -0.16666721 -0.06340438
v -0.00018529 -0.20237713 -0.06362981
v -0.03181080 -0.16692532 -0.06074184
v -0.02566770 -0.20285947 -0.06387264
v -0.03625385 -0.11929151 -0.06058127
v -0.03305022 -0.20272348 -0.06250936
v -0.03654150 -0.16705746 -0.05736667
v -0.01865093 -0.22303861 -0.06798166
v -0.02669219 -0.22336361 -0.06760890
v 0.00030073 -0.22260364 -0.06714291
v -0.01880161 -0.23158947 -0.06768006
v -0.03515772 -0.22358861 -0.06689888
v 0.00050756 -0.23196881 -0.06693369
v -0.03466622 -0.23071376 -0.06493896
v -0.02646665 -0.23148540 -0.06694228
v -0.04076759 -0.22070599 -0.06147248
v -0.04034273 -0.22783055 -0.05997306
v -0.03277162 -0.23224712 -0.06168205
v -0.03883187 -0.20202153 -0.05795294
v -0.04441325 -0.21857998 -0.04774171
v -0.04475120 -0.21193058 -0.04806131
v -0.04276840 -0.19916516 -0.04659552
v -0.03812388 -0.22909290 -0.05706781
v -0.04779009 -0.21430271 -0.03524536
v -0.04236106 -0.22042820 -0.04589170
v -0.03589288 -0.22865643 -0.05432993
v -0.04838172 -0.20697630 -0.03468997
v -0.04529671 -0.21624798 -0.03525251
v -0.04137126 -0.16559056 -0.04435164
v -0.04686562 -0.19705913 -0.03403527
v -0.04939011 -0.21266300 -0.01936120
v -0.04397813 -0.11946254 -0.04450685
v -0.05024938 -0.20630429 -0.01882476
v -0.04681996 -0.16469776 -0.03317338
v -0.05146185 -0.08450495 -0.04531378
v -0.05056492 -0.12036961 -0.03255218
v -0.05111412 -0.16529248 -0.02024824
v -0.05528358 -0.12233084 -0.02063006
v -0.04990438 -0.19677608 -0.01902181
v -0.05424360 -0.12255707 -0.01266736
v -0.05066971 -0.16599277 -0.01170248
v -0.04954175 -0.19709683 -0.00852365
v -0.04978637 -0.20892284 -0.00708586
v -0.04228214 -0.16795369 0.00814563
v -0.04343680 -0.20303204 0.00928408
v -0.04548184 -0.12185465 0.00791198
v -0.03428928 -0.16745106 0.02233821
v -0.04742519 -0.21374523 0.00500065
v -0.04874364 -0.08629035 0.01009637
v -0.04880372 -0.21571804 -0.00803727
v -0.06082789 -0.08274823 -0.01359564
v -0.03668193 -0.12118014 0.02586585
v -0.06097511 -0.08235385 -0.02167160
v -0.05100802 -0.05030092 0.01465815
v -0.05767039 -0.08308344 -0.03113312
v -0.06637982 -0.04568326 -0.01005334
v -0.05464665 -0.08067577 -0.04588515
v -0.03710226 -0.08813118 0.03133386
v -0.04569284 -0.07909589 -0.06195647
v -0.05713216 -0.07542890 -0.04793757
v -0.04928128 -0.07515835 -0.06056684
v -0.05506340 -0.05854585 -0.06065911
v -0.06142227 -0.05699658 -0.05110079
v -0.06399647 -0.02876865 -0.05749697
v -0.05912010 -0.07453083 -0.03544516
v -0.06182209 -0.06999012 -0.03777880
v -0.06714610 -0.04427587 -0.02451474
v -0.06847052 -0.04877575 -0.03795022
v -0.06948260 -0.04575574 -0.03107661
v -0.07240299 -0.02532064 -0.03885907
v -0.07505540 -0.00244861 -0.02500481
v -0.07249490 -0.00153743 -0.03688413
v -0.07126812 0.02242420 -0.03281611
v -0.06698636 0.04660977 -0.02761370
v -0.07362882 0.02059565 -0.02050048
v -0.05692557 0.07450602 -0.01998180
v -0.06900052 0.04481218 -0.01535326
v -0.04463509 0.09987674 -0.01199752
v -0.06098405 0.07038713 -0.00834865
v -0.05947629 0.06780804 -0.00165779
v -0.06649927 0.04265408 -0.00792641
v -0.05566148 0.06369076 0.01071769
v -0.06264738 0.04091159 0.00587958
v -0.04177300 0.05444340 0.03665071
v -0.02976564 0.04706476 0.05952912
v -0.04442421 0.03500936 0.03239602
v -0.06716255 0.01705090 0.00091272
v -0.07095817 0.01878298 -0.01314956
v -0.04772047 0.01090018 0.02685982
v -0.07313076 -0.00322630 -0.01732725
v -0.06891803 -0.00569638 -0.00373048
v -0.06736533 -0.04390027 -0.02069563
v -0.05095784 -0.01250394 0.02121860
v -0.03054229 0.02745960 0.05582708
v -0.03203014 0.00307024 0.05062026
v -0.03583173 -0.05311390 0.03860134
v -0.03377525 -0.01803165 0.04558795
v -0.02511588 -0.02004003 0.05394000
v -0.02374867 0.00149349 0.05992037
v -0.02209071 0.02546955 0.06668609
v -0.01764635 0.04259554 0.07370227
v -0.01947955 0.02383746 0.06841129
v -0.02141420 -0.00012746 0.06169766
v 0.01712628 0.03796480 0.07208472
v 0.01201125 0.02249742 0.06740480
v 0.00594433 -0.00061848 0.06068522
v -0.02268855 -0.02009823 0.05614108
v 0.00207802 -0.02025380 0.05520147
v -0.02661828 -0.05333181 0.04579776
v -0.02410678 -0.05456363 0.04714590
v -0.02705327 -0.08831575 0.03883701
v -0.00084702 -0.05566382 0.04601520
v -0.02486364 -0.08967288 0.03989678
v -0.02802102 -0.12016594 0.03300029
v -0.00261477 -0.09062409 0.03847426
v -0.03110103 -0.16740964 0.02545839
v -0.02553789 -0.12109905 0.03419178
v -0.00362543 -0.12120097 0.03357059
v 0.00264569 -0.09046765 0.03290409
v 0.00548204 -0.05559181 0.04040378
v 0.00151702 -0.12094127 0.02853566
v 0.00861045 -0.02002897 0.04993802
v 0.01747783 -0.08902886 0.01828164
v 0.02712997 -0.05278035 0.02298015
v 0.01272460 -0.00026470 0.05461067
v 0.03413912 -0.02085336 0.03002327
v 0.01279040 -0.12209790 0.01576465
v 0.03887638 -0.00010552 0.03461772
v 0.01866444 0.02292056 0.06122726
v 0.04151662 0.02284805 0.04021221
v 0.06579205 0.02212513 0.01529497
v 0.06579205 0.02212513 0.01529497
v 0.02342352 0.03843556 0.06645435
v 0.03240903 0.06087471 0.07296628
v 0.02559599 0.05859844 0.07881814
v 0.00932451 -0.16669583 0.01385170
v 0.00020381 -0.16752621 0.02476030
v 0.00961467 -0.20435650 0.01637977
v -0.00402955 -0.16762280 0.02857703
v 0.01701959 -0.21425106 0.01080006
v -0.02754036 -0.16798734 0.02860945
v 0.01742824 -0.22072186 0.00941258
v -0.03390817 -0.20813855 0.02675825
v 0.01341935 -0.22233807 0.01997620
v -0.03525273 -0.20801357 0.02535230
v -0.02940837 -0.20921407 0.03016680
v -0.04328123 -0.22138279 0.01754015
v -0.03485755 -0.23136503 0.03094274
v -0.03697173 -0.23186733 0.02979010
v -0.04699329 -0.22050235 0.00399989
v -0.04378358 -0.22744686 0.01621145
v -0.03487352 -0.24110614 0.03214234
v -0.03734497 -0.24065960 0.03005618
v -0.04472379 -0.22313351 0.00309771
v -0.04186121 -0.23006954 0.01445204
v -0.04624835 -0.21807309 -0.00884515
v -0.04742745 -0.21509213 -0.01893229
v -0.04274968 -0.21783375 -0.00953955
v -0.04264084 -0.21551464 -0.01888401
v -0.04086915 -0.22355159 0.00176090
v -0.03753165 -0.21540753 -0.01032752
v -0.04207949 -0.21659756 -0.03489238
v -0.03870455 -0.21458279 -0.02075356
v -0.03946141 -0.22112957 -0.04513687
v -0.03561739 -0.21852871 -0.04274148
v -0.03366581 -0.22275608 -0.04892713
v -0.03770176 -0.21486743 -0.03313965
v -0.03526632 -0.22200092 -0.03972513
v -0.03700093 -0.21939518 -0.03206510
v -0.02828578 -0.23112682 -0.05770964
v -0.03070930 -0.22339735 -0.03841526
v -0.03222553 -0.22056989 -0.03114599
v -0.02830163 -0.22816006 -0.04647035
v -0.03750912 -0.21914364 -0.02090293
v -0.03287891 -0.22006055 -0.02081150
v -0.03258470 -0.22317516 -0.01236874
v -0.03266755 -0.22795246 -0.04819793
v -0.02714971 -0.23864903 -0.05384821
v -0.03020409 -0.23620876 -0.05650312
v -0.02954320 -0.23747883 -0.05761153
v -0.02393059 -0.24076451 -0.05635244
v -0.03013984 -0.23223971 -0.05963475
v -0.02486257 -0.23298084 -0.05952913
v -0.02529351 -0.23897413 -0.05977422
v -0.02579693 -0.23346927 -0.06319946
v -0.02061573 -0.23954999 -0.06072623
v -0.02019648 -0.24130284 -0.05727893
v -0.02005366 -0.23292415 -0.05990762
v -0.01955000 -0.23342723 -0.06367761
v -0.00077752 -0.23357899 -0.06008500
v 0.00049707 -0.23988316 -0.06084472
v 0.00021478 -0.24139545 -0.05726415
v -0.00074390 -0.23363102 -0.06349749
v 0.00668665 -0.23335705 -0.05865735
v 0.00715204 -0.23919796 -0.05838925
v 0.00596198 -0.24002995 -0.05474109
v 0.00811478 -0.23839091 -0.05757147
v 0.01020166 -0.23322383 -0.05351633
v 0.00805696 -0.23398144 -0.05022472
v 0.01004490 -0.23342083 -0.06087226
v 0.01050886 -0.23203427 -0.05526775
v 0.01223441 -0.22816928 -0.04913515
v 0.00964352 -0.22869899 -0.04639119
v 0.01251157 -0.23257627 -0.05903310
v 0.01501795 -0.22212032 -0.04226929
v 0.01126286 -0.22352003 -0.04069180
v 0.01249214 -0.22612400 -0.05024427
v 0.01573666 -0.22615138 -0.05231148
v 0.01578053 -0.21801587 -0.03213543
v 0.01173838 -0.21842617 -0.03101081
v 0.01488968 -0.21982685 -0.04355377
v 0.01786574 -0.22025493 -0.04492969
v 0.01564296 -0.21442502 -0.03205425
v 0.01575383 -0.21684437 -0.02001471
v 0.01186606 -0.21761533 -0.02031082
v 0.01020225 -0.22140614 -0.00728089
v 0.01020225 -0.22140614 -0.00728089
v 0.01436134 -0.22113163 -0.00624746
v 0.01436134 -0.22113163 -0.00624746
v 0.01503345 -0.21807324 -0.00462908
v 0.01503345 -0.21807324 -0.00462908
v 0.01608559 -0.21348805 -0.01969177
v 0.01927944 -0.21319050 -0.02021438
v 0.01924082 -0.21478360 -0.03262168
v 0.02200671 -0.21269298 -0.03318852
v 0.02062317 -0.21843504 -0.04694337
v 0.02061590 -0.21138836 -0.04853624
v 0.01759084 -0.22466724 -0.05459827
v 0.01348110 -0.20177524 -0.05746490
v 0.01661869 -0.21884335 -0.05784708
v 0.01421865 -0.23030064 -0.06125134
v 0.01343938 -0.22156399 -0.06245059
v 0.01116761 -0.22237051 -0.06408996
v 0.01153465 -0.23173045 -0.06366009
v 0.00781890 -0.23045223 0.00255602
v 0.01134106 -0.23045147 0.00493890
v 0.00533160 -0.24266628 0.00874239
v 0.01082417 -0.22470394 0.00603372
v 0.00699326 -0.24268474 0.01249796
v 0.00419577 -0.24447506 0.00955421
v 0.00516101 -0.23990171 0.01413983
v 0.00566050 -0.24568652 0.01339358
v 0.00120016 -0.24646299 0.01122969
v 0.00229593 -0.24792095 0.01508564
v -0.00127093 -0.24823429 0.01579934
v -0.00235216 -0.24656994 0.01236337
v -0.00188438 -0.23783085 0.01429039
v -0.02367858 -0.24736858 0.01673943
v -0.02442972 -0.24590092 0.01174587
v -0.02385155 -0.24097385 0.01549929
v -0.02919248 -0.24673214 0.01449042
v -0.02781478 -0.24509815 0.01012474
v -0.03257684 -0.24386937 0.01173323
v -0.03074197 -0.24093196 0.00689870
v -0.02912299 -0.24076054 0.01442915
v -0.03360132 -0.24011554 0.00943309
v -0.03250507 -0.23803312 0.01141339
v -0.03596846 -0.22912260 -0.00108391
v -0.03177694 -0.23055454 -0.00180489
v -0.02862791 -0.22926273 0.01276809
v -0.03720681 -0.22219647 -0.01192957
v -0.03566221 -0.22519528 0.00017124
v -0.03756884 -0.21810368 -0.01041287
v -0.03143481 -0.22657337 0.00930089
v -0.03477911 -0.21993115 0.00113410
v -0.03830747 -0.23181828 0.01263374
v -0.03297106 -0.24478192 0.02397221
v -0.03606419 -0.24295788 0.02776795
v -0.03445033 -0.24418957 0.02921909
v -0.02927700 -0.24591953 0.02593905
v -0.02362148 -0.22638576 0.01325482
v -0.03030042 -0.24492993 0.03094333
v -0.00548235 -0.24611171 0.02492851
v -0.00255004 -0.22444614 0.01248795
v -0.03055576 -0.24234555 0.03417676
v -0.00337843 -0.24564434 0.02947789
v -0.00124601 -0.24615169 0.02478546
v 0.00785955 -0.23207151 0.01343208
v 0.00126775 -0.24533992 0.02337986
v 0.00221785 -0.24574955 0.02789360
v -0.00108162 -0.24369495 0.03245574
v 0.00454792 -0.24462207 0.02645975
v 0.00433024 -0.24375256 0.03107947
v -0.00112788 -0.23286953 0.03183752
v 0.00402614 -0.23288310 0.03033918
v 0.00733825 -0.24213955 0.02897161
v 0.01201364 -0.23012241 0.01527732
v 0.01444431 -0.22373692 0.00780862
v 0.01461264 -0.22777126 0.01740056
v 0.00802466 -0.23148014 0.02751297
v 0.00303849 -0.20995129 0.02581113
v -0.00300328 -0.20996479 0.02945250
v -0.03022114 -0.23146435 0.03275901
v 0.06450173 0.18373544 0.03337759
v 0.06212112 0.18718553 0.03249186
v 0.05405887 0.19004680 0.03155631
v 0.04867836 0.18881298 0.03261262
v 0.04878946 0.19437689 0.03244835
v 0.04821952 0.18565858 0.01839834
v 0.04680010 0.17621286 0.00444895
v 0.05280181 0.18591536 0.01710588
v 0.06129500 0.18321652 0.01738995
v 0.05178591 0.17634363 0.00270444
v 0.06394955 0.17984516 0.01871353
v 0.06033488 0.17396010 0.00398475
v 0.04992159 0.16110522 -0.00774962
v 0.04494747 0.16038723 -0.00578016
v 0.06274506 0.17122109 0.00627750
v 0.06274506 0.17122109 0.00627750
v 0.06099721 0.15890855 -0.00243026
v 0.06099721 0.15890855 -0.00243026
v 0.05881079 0.15938432 -0.00714010
v 0.05893620 0.14439006 -0.00635952
v 0.05893620 0.14439006 -0.00635952
v 0.05651804 0.14537526 -0.00958854
v 0.04786190 0.14558483 -0.01148504
v 0.05388054 0.12879015 -0.00834352
v 0.05681058 0.12941630 -0.00503630
v 0.05681058 0.12941630 -0.00503630
v 0.04256900 0.14601100 -0.01001543
v 0.04969462 0.11352808 -0.00411839
v 0.05485722 0.11579640 0.00137979
v 0.05485722 0.11579640 0.00137979
v 0.04543813 0.12839402 -0.00966603
v 0.04433354 0.11939813 -0.01044268
v 0.03997251 0.12813748 -0.00846201
v 0.04161581 0.14727140 -0.01590985
v 0.03925153 0.12891013 -0.01471573
v 0.03864976 0.12439949 -0.01337761
v 0.03108212 0.12702090 -0.01471371
v 0.03698369 0.12449540 -0.01578766
v 0.04327305 0.11646492 -0.01181764
v 0.04967579 0.11090658 -0.00647933
v 0.04839285 0.11060277 -0.00538999
v 0.05472752 0.11155719 -0.00939316
v 0.05331405 0.10370276 0.00020164
v 0.05237349 0.10897602 0.00015670
v 0.05325600 0.10476447 0.01172966
v 0.05325600 0.10476447 0.01172966
v 0.05278858 0.10228250 0.00263697
v 0.05154427 0.09246866 0.00762170
v 0.05375751 0.09218622 0.00746089
v 0.05122038 0.08516733 0.01302463
v 0.06090017 0.08496950 0.01482850
v 0.05864700 0.10469974 -0.00231940
v 0.06118437 0.09245352 0.00642556
v 0.06243607 0.07291172 0.01345521
v 0.05431183 0.10357852 -0.01449102
v 0.05911597 0.09874157 -0.00598854
v 0.05531999 0.08920223 -0.02199286
v 0.05994018 0.08385149 -0.01029557
v 0.06434842 0.05462939 -0.01644999
v 0.06311103 0.07857914 0.00460619
v 0.06745120 0.04989717 -0.00028140
v 0.07034179 0.02559055 -0.00436777
v 0.06696411 0.04558567 0.00785535
v 0.06883975 0.02420542 0.00438589
v 0.06669029 0.17056639 0.00637120
v 0.06458422 0.15741742 -0.00198204
v 0.06791040 0.17916156 0.01876956
v 0.06297942 0.14315749 -0.00553102
v 0.07082101 0.16487790 0.01142269
v 0.06093784 0.12931628 -0.00432319
v 0.06936403 0.15461487 0.00416440
v 0.06790348 0.14185727 0.00171810
v 0.05912968 0.11597467 0.00184756
v 0.06617316 0.13027425 0.00228435
v 0.05792423 0.10557921 0.01265150
v 0.06451853 0.11897547 0.00787288
v 0.06543418 0.13216312 0.00963670
v 0.05673238 0.09952621 0.02632516
v 0.06316026 0.10973684 0.01661139
v 0.05676838 0.09797335 0.04077476
v 0.06266876 0.10495401 0.02778214
v 0.05741867 0.10197971 0.05526441
v 0.06248900 0.10413066 0.04050225
v 0.06281038 0.11171878 0.02964479
v 0.06318792 0.11633945 0.02082759
v 0.06417235 0.12327439 0.01382309
v 0.06834551 0.12388087 0.01551825
v 0.06743249 0.11744899 0.02201456
v 0.06296309 0.11081577 0.03975636
v 0.06688675 0.11360488 0.03034097
v 0.06945332 0.12614019 0.01893526
v 0.06868418 0.12072254 0.02440709
v 0.06677421 0.11281208 0.03949326
v 0.07044431 0.13308329 0.01566475
v 0.06823023 0.11748380 0.03142065
v 0.06951591 0.13212461 0.01163548
v 0.07192310 0.12623347 0.01956278
v 0.07118043 0.12100215 0.02484661
v 0.06723937 0.14181454 0.00865918
v 0.07080217 0.14118601 0.01083475
v 0.06816598 0.15140671 0.01133710
v 0.07204946 0.14997209 0.01321262
v 0.07159051 0.14070690 0.01499039
v 0.07264670 0.14810670 0.01699322
v 0.07289048 0.13293631 0.01640481
v 0.07514425 0.14742512 0.01768762
v 0.07411440 0.14028121 0.01575356
v 0.07819601 0.13467456 0.02554792
v 0.07868095 0.13815708 0.02480978
v 0.07944544 0.14354987 0.02624374
v 0.07581266 0.15351266 0.02197355
v 0.07346984 0.15439237 0.02143174
v 0.07310721 0.15742309 0.01848215
v 0.07408794 0.15878779 0.02777081
v 0.06930646 0.15944059 0.01701885
v 0.07384785 0.16264034 0.02600783
v 0.07184120 0.17206413 0.02178865
v 0.07010504 0.16506595 0.02513331
v 0.07230147 0.17530687 0.03401178
v 0.07046541 0.16760434 0.03470164
v 0.06846102 0.18304003 0.03338915
v 0.06820437 0.18080116 0.04826218
v 0.07214650 0.17421485 0.04661828
v 0.06733569 0.17473305 0.06143850
v 0.07034405 0.16674954 0.04456991
v 0.06583484 0.16400535 0.07222610
v 0.07139476 0.16891999 0.05808705
v 0.06975564 0.16260470 0.05354768
v 0.06398924 0.15063275 0.07842332
v 0.07013723 0.16006065 0.06703514
v 0.06877121 0.15566970 0.06055218
v 0.07352384 0.16035766 0.05236071
v 0.07406946 0.16420181 0.04403430
v 0.07261070 0.15392579 0.05885702
v 0.07418200 0.16499455 0.03488201
v 0.07427999 0.16010226 0.04295462
v 0.07436939 0.16077072 0.03524560
v 0.07388290 0.15685535 0.04996806
v 0.07639834 0.15775842 0.02809459
v 0.07667013 0.15967322 0.03531235
v 0.08016225 0.14855267 0.03209799
v 0.07659420 0.15902627 0.04275638
v 0.08031436 0.14962453 0.03613800
v 0.07632800 0.15587438 0.04952866
v 0.07982775 0.14616693 0.02865737
v 0.07311936 0.15143699 0.05544001
v 0.07954558 0.14253414 0.02806490
v 0.07984277 0.14462782 0.02999466
v 0.07891198 0.13807155 0.02687818
v 0.08013483 0.14668495 0.03296214
v 0.07851525 0.13527639 0.02747088
v 0.08026107 0.14757479 0.03631621
v 0.08026680 0.14926160 0.04032093
v 0.08021685 0.14726312 0.03991443
v 0.08010026 0.14815534 0.04373520
v 0.08009060 0.14637382 0.04265564
v 0.07962938 0.14312495 0.04596585
v 0.07560071 0.15064079 0.05481237
v 0.07954188 0.14422954 0.04773515
v 0.07785138 0.13060034 0.04417759
v 0.07445701 0.14396305 0.05797034
v 0.07206591 0.14450277 0.05871039
v 0.07144042 0.14568205 0.06273967
v 0.07907280 0.14084924 0.04881876
v 0.06750938 0.14678104 0.06473857
v 0.07924589 0.14042349 0.04683226
v 0.06852528 0.14870573 0.07238310
v 0.07873865 0.13685049 0.04714805
v 0.06203266 0.13617850 0.07960564
v 0.06612238 0.13701082 0.06560188
v 0.06675335 0.13622458 0.07348603
v 0.06010314 0.12194688 0.07559961
v 0.07015415 0.13662065 0.06354040
v 0.05829664 0.10982601 0.06704134
v 0.06503543 0.12412269 0.07021087
v 0.06395515 0.11396480 0.06215495
v 0.06298538 0.10733310 0.05272871
v 0.06477758 0.12753744 0.06303805
v 0.06283852 0.11387820 0.04924196
v 0.06363710 0.11950357 0.05735630
v 0.06710847 0.11516632 0.04836732
v 0.06784912 0.12038357 0.05589312
v 0.06890687 0.12783457 0.06116265
v 0.06904038 0.12319369 0.05294341
v 0.07097658 0.13687105 0.05938488
v 0.06992599 0.12947048 0.05738204
v 0.07339402 0.13659532 0.05862170
v 0.07237955 0.12944926 0.05668765
v 0.07848068 0.13670714 0.04918486
v 0.07791277 0.13270725 0.04810232
v 0.07153483 0.12338675 0.05240172
v 0.07826730 0.13352973 0.04624921
v 0.07743331 0.12930126 0.04569393
v 0.07758089 0.12869460 0.04202896
v 0.06847926 0.11879022 0.04660445
v 0.07708701 0.12692899 0.04301804
v 0.07111009 0.11911804 0.04628068
v 0.06820329 0.11680646 0.03912967
v 0.07085367 0.11720110 0.03906291
v 0.07075330 0.11787314 0.03161889
v 0.07687780 0.12546242 0.03758400
v 0.07724162 0.12797917 0.03028005
v 0.07740863 0.12748075 0.03753215
v 0.07699629 0.12622113 0.03408664
v 0.07749482 0.12808860 0.03473586
v 0.07771000 0.12960435 0.03145271
v 0.07805511 0.13203532 0.02899736
v 0.07765730 0.13090731 0.02732247
vt 0.48953217 0.01880294
vt 0.48552030 0.03024751
vt 0.38618255 0.18165571
vt 0.49171880 0.00664979
vt 0.48508379 0.02345020
vt 0.38588202 0.17897862
vt 0.48913509 0.00693828
vt 0.49155653 0.01910335
vt 0.49714416 0.00733769
vt 0.38640678 0.18740839
vt 0.48588893 0.03678769
vt 0.49060750 0.02968460
vt 0.49645776 0.01951599
vt 0.49186927 0.02901214
vt 0.49951339 0.01894778
vt 0.38699284 0.19033277
vt 0.49991554 0.00761175
vt 0.38526353 0.19368291
vt 0.50354755 0.00762838
vt 0.49637127 0.02914214
vt 0.49209702 0.04121435
vt 0.48641446 0.04494083
vt 0.49048796 0.04124618
vt 0.49707782 0.04099786
vt 0.49913549 0.02915716
vt 0.50327200 0.01924109
vt 0.50842053 0.01771164
vt 0.38520154 0.19844639
vt 0.50820643 0.00659901
vt 0.51022738 0.00618947
vt 0.38436410 0.20033103
vt 0.50281143 0.02898341
vt 0.50754929 0.02834511
vt 0.51012963 0.01823449
vt 0.49975759 0.04170054
vt 0.50243318 0.04123819
vt 0.49683726 0.05432522
vt 0.49994218 0.05427057
vt 0.50736594 0.04109544
vt 0.50322193 0.05404598
vt 0.50948167 0.02841210
vt 0.49902809 0.06508684
vt 0.50796920 0.05333722
vt 0.50338167 0.06500810
vt 0.50936914 0.04086381
vt 0.52389425 0.02728772
vt 0.52418190 0.01689488
vt 0.38571408 0.21463656
vt 0.52465492 0.00402731
vt 0.52600735 0.01664925
vt 0.52634203 0.00407529
vt 0.38633186 0.21625310
vt 0.52578753 0.02671379
vt 0.53095400 0.01670885
vt 0.38715646 0.22135448
vt 0.53171009 0.00448716
vt 0.53431928 0.00592285
vt 0.38761100 0.22408849
vt 0.52561867 0.03760129
vt 0.53438550 0.01657283
vt 0.38855654 0.22659880
vt 0.53692657 0.00523216
vt 0.53053373 0.02630937
vt 0.53406006 0.02580059
vt 0.53773189 0.01656961
vt 0.54292369 0.01611406
vt 0.39172324 0.22980452
vt 0.54221719 0.00520116
vt 0.53770930 0.02559221
vt 0.54554385 0.01553702
vt 0.37304193 0.22505212
vt 0.39245978 0.23063576
vt 0.54516673 0.00536728
vt 0.38608593 0.22693109
vt 0.54286247 0.02525216
vt 0.36200255 0.22767508
vt 0.54572636 0.02555597
vt 0.53711760 0.03552532
vt 0.54285043 0.03491044
vt 0.35273045 0.23358756
vt 0.54528791 0.03494817
vt 0.54170454 0.04351485
vt 0.34621265 0.24199057
vt 0.54461652 0.04302567
vt 0.54528362 0.04888850
vt 0.34298050 0.25184298
vt 0.53413057 0.03627068
vt 0.54260403 0.05043900
vt 0.54851323 0.05184561
vt 0.34303817 0.26211220
vt 0.53676146 0.04488415
vt 0.54685259 0.05467683
vt 0.55630177 0.05118090
vt 0.34649554 0.27175647
vt 0.53793275 0.05301833
vt 0.53416014 0.04532856
vt 0.53028750 0.03712356
vt 0.53596824 0.05392867
vt 0.53090406 0.04673398
vt 0.53315252 0.05526924
vt 0.52662516 0.04860449
vt 0.53758895 0.06275100
vt 0.52370578 0.03838092
vt 0.52451330 0.04933339
vt 0.52857393 0.05782312
vt 0.52638352 0.05877209
vt 0.51001108 0.05337495
vt 0.53129244 0.06850839
vt 0.50893104 0.06430757
vt 0.51078153 0.06427371
vt 0.50527519 0.07785863
vt 0.51127332 0.07699597
vt 0.51398093 0.07662380
vt 0.53331816 0.06662673
vt 0.53161353 0.06975627
vt 0.51444835 0.08128411
vt 0.50910121 0.08539629
vt 0.53468227 0.06738734
vt 0.50581843 0.08934087
vt 0.54012817 0.06392020
vt 0.53492498 0.06920755
vt 0.53147614 0.07105613
vt 0.54135424 0.06060910
vt 0.54283553 0.05842507
vt 0.54635906 0.06139547
vt 0.54015601 0.06598294
vt 0.55317318 0.06017357
vt 0.53936958 0.07155639
vt 0.54110563 0.06716174
vt 0.55573326 0.05483407
vt 0.55647516 0.06069064
vt 0.56238192 0.05689734
vt 0.35220149 0.27933067
vt 0.56504458 0.04969317
vt 0.55966222 0.05910385
vt 0.57598674 0.05193311
vt 0.45393574 0.27845287
vt 0.36096901 0.28519762
vt 0.57369846 0.04430270
vt 0.44745281 0.27311939
vt 0.54610473 0.06947577
vt 0.55899739 0.06292504
vt 0.56285298 0.06068856
vt 0.56733280 0.06004906
vt 0.57741570 0.05300587
vt 0.45609877 0.27883017
vt 0.46089372 0.28013378
vt 0.58033943 0.05602014
vt 0.55907166 0.06481165
vt 0.56667036 0.06547266
vt 0.54768854 0.06922787
vt 0.55159247 0.07206076
vt 0.57240957 0.07189220
vt 0.46828651 0.28448981
vt 0.58649850 0.06034690
vt 0.55901694 0.08160835
vt 0.54780704 0.07588762
vt 0.58359075 0.08221108
vt 0.59829658 0.06844199
vt 0.48301366 0.29436755
vt 0.54294992 0.07605445
vt 0.55285114 0.08509177
vt 0.54676205 0.08557820
vt 0.54160124 0.07598144
vt 0.55233669 0.08726078
vt 0.53620601 0.07630581
vt 0.54463315 0.08554977
vt 0.51763058 0.08513463
vt 0.53926098 0.08029723
vt 0.52274299 0.08951616
vt 0.51021779 0.08738965
vt 0.51621407 0.08822709
vt 0.51401228 0.09140611
vt 0.51921046 0.09276062
vt 0.50931150 0.09288305
vt 0.51468301 0.09322226
vt 0.50370514 0.09203541
vt 0.50882077 0.09619009
vt 0.51138413 0.09684795
vt 0.52157533 0.09393448
vt 0.52705038 0.09280527
vt 0.54422522 0.08732051
vt 0.53347170 0.09813154
vt 0.54637706 0.08799803
vt 0.53501701 0.09747410
vt 0.53557968 0.09928977
vt 0.53666616 0.10441291
vt 0.53382313 0.09966350
vt 0.53959066 0.10748291
vt 0.52152014 0.09511399
vt 0.53432989 0.10497516
vt 0.52305061 0.10089511
vt 0.51378918 0.09799045
vt 0.52305561 0.10383278
vt 0.50485355 0.10974002
vt 0.53569853 0.10879034
vt 0.51674962 0.10239989
vt 0.51860768 0.10562903
vt 0.50997651 0.11388987
vt 0.52966082 0.11522782
vt 0.50146282 0.11493099
vt 0.54814506 0.11592782
vt 0.51586008 0.12783933
vt 0.50088888 0.10787314
vt 0.50342768 0.12768614
vt 0.49915913 0.10409003
vt 0.49636799 0.12615716
vt 0.49924976 0.09942770
vt 0.49543154 0.10679483
vt 0.49891674 0.11502564
vt 0.49805254 0.09857565
vt 0.49236196 0.10486388
vt 0.50043499 0.09578025
vt 0.49960047 0.09601271
vt 0.50092941 0.09057951
vt 0.49706268 0.09403378
vt 0.49206573 0.09702224
vt 0.49713570 0.07908833
vt 0.45780453 0.06282538
vt 0.48918501 0.09652609
vt 0.50025028 0.07797629
vt 0.48756877 0.11632943
vt 0.44828278 0.05642617
vt 0.49550223 0.06526023
vt 0.49422175 0.12546951
vt 0.44228038 0.04655445
vt 0.48001277 0.13464332
vt 0.49031460 0.08006781
vt 0.48748794 0.08010387
vt 0.46964026 0.06594282
vt 0.48748946 0.06472170
vt 0.48443714 0.06433481
vt 0.49101383 0.05422390
vt 0.48831090 0.05335724
vt 0.48241883 0.06192464
vt 0.46998805 0.06376576
vt 0.48565331 0.05301851
vt 0.45892578 0.06064403
vt 0.46994793 0.05879462
vt 0.45064095 0.05492681
vt 0.47810939 0.05700797
vt 0.44551227 0.04651147
vt 0.48560852 0.04481721
vt 0.44303554 0.03716439
vt 0.44019938 0.03670013
vt 0.47108376 0.14974248
vt 0.46045381 0.16437370
vt 0.44114235 0.02673942
vt 0.44904697 0.04505348
vt 0.44303191 0.02787983
vt 0.44497120 0.01740086
vt 0.44865140 0.17131835
vt 0.44708139 0.03686714
vt 0.45448759 0.05199862
vt 0.45310885 0.04313880
vt 0.46133256 0.05668324
vt 0.45701623 0.04865551
vt 0.46256238 0.05253547
vt 0.46899804 0.05409449
vt 0.47483629 0.05281574
vt 0.46857706 0.05136949
vt 0.46332625 0.05007982
vt 0.47816274 0.04846257
vt 0.47331122 0.05030966
vt 0.48158032 0.05054682
vt 0.46822381 0.04888862
vt 0.48301569 0.04426527
vt 0.46394634 0.04781806
vt 0.48512241 0.03727710
vt 0.48013347 0.04325795
vt 0.48316827 0.03774357
vt 0.48468381 0.03069437
vt 0.48404470 0.02334774
vt 0.48398346 0.01427281
vt 0.39606169 0.17845648
vt 0.48283595 0.03125721
vt 0.48080656 0.03764486
vt 0.48244819 0.01526535
vt 0.48047408 0.00381929
vt 0.40594232 0.17820150
vt 0.48180902 0.02472126
vt 0.48054388 0.03188765
vt 0.47927350 0.03746235
vt 0.47846487 0.04245114
vt 0.47904226 0.03227627
vt 0.47645181 0.04687226
vt 0.47688362 0.04155844
vt 0.47212991 0.04802728
vt 0.47500044 0.04530001
vt 0.46805924 0.04746395
vt 0.47154027 0.04671288
vt 0.47418123 0.04434294
vt 0.46430564 0.04645628
vt 0.47595563 0.04099882
vt 0.46941382 0.04118258
vt 0.46762946 0.04155242
vt 0.47088578 0.04004371
vt 0.46903169 0.04012263
vt 0.46601051 0.04135942
vt 0.47026685 0.03919673
vt 0.46622303 0.04027915
vt 0.46751603 0.04043847
vt 0.46435040 0.03890997
vt 0.47192377 0.03830749
vt 0.47118232 0.03770983
vt 0.47167853 0.03634512
vt 0.47251803 0.03658706
vt 0.47666889 0.03704697
vt 0.47242749 0.03355706
vt 0.47770712 0.03721678
vt 0.47651625 0.03293616
vt 0.47750086 0.03266746
vt 0.47631556 0.02832055
vt 0.47779137 0.02724481
vt 0.47931907 0.02618176
vt 0.47967985 0.01788479
vt 0.47686112 0.02098489
vt 0.47503257 0.01230973
vt 0.47543061 0.02284008
vt 0.47800261 0.00670749
vt 0.41624692 0.17828578
vt 0.47044325 0.00192177
vt 0.46953628 0.00496000
vt 0.42716569 0.17690653
vt 0.45985317 0.00414556
vt 0.46875808 0.01032042
vt 0.46067551 0.00689822
vt 0.45169535 0.00931966
vt 0.43740395 0.17482448
vt 0.46164364 0.01164097
vt 0.46792778 0.01545614
vt 0.45282963 0.01177663
vt 0.45526856 0.01590902
vt 0.44682145 0.01888102
vt 0.45035365 0.02163368
vt 0.44757363 0.02890384
vt 0.45124003 0.03672433
vt 0.45139769 0.03010184
vt 0.45360878 0.02410370
vt 0.45365041 0.03656095
vt 0.45374757 0.03087401
vt 0.45532966 0.04207653
vt 0.45866773 0.04680061
vt 0.45727992 0.04107165
vt 0.46008956 0.04507405
vt 0.45583019 0.03638119
vt 0.46093136 0.04400194
vt 0.45587724 0.03154898
vt 0.45835867 0.04050136
vt 0.46371672 0.03969198
vt 0.45705742 0.03626990
vt 0.46276143 0.03798300
vt 0.45708185 0.03192526
vt 0.46360347 0.03754669
vt 0.46204612 0.03577197
vt 0.46298599 0.03565061
vt 0.46200872 0.03347844
vt 0.46347201 0.03194094
vt 0.46294430 0.03375274
vt 0.46264318 0.03136432
vt 0.45841444 0.02796036
vt 0.45738381 0.02714199
vt 0.45558387 0.02569914
vt 0.45882878 0.02158618
vt 0.45746469 0.01931787
vt 0.46008781 0.02364826
vt 0.46303716 0.01900518
vt 0.46246412 0.01627958
vt 0.46763089 0.01833719
vt 0.46360087 0.02146441
vt 0.47297531 0.01713943
vt 0.47194502 0.01970035
vt 0.46744814 0.02091157
vt 0.47111112 0.02202070
vt 0.47415799 0.02461344
vt 0.46737987 0.02234632
vt 0.47068411 0.02334094
vt 0.47545373 0.02898866
vt 0.47346049 0.02565342
vt 0.47173828 0.03180826
vt 0.47160837 0.03380918
vt 0.47104120 0.03239799
vt 0.47059423 0.03002256
vt 0.47004220 0.03086257
vt 0.46875748 0.02988023
vt 0.46905083 0.02882415
vt 0.46726030 0.02832866
vt 0.46719509 0.02945018
vt 0.46593893 0.02945638
vt 0.46568534 0.02834415
vt 0.46416187 0.03065002
vt 0.46396279 0.02295089
vt 0.46352288 0.02977467
vt 0.46084636 0.02487087
vt 0.39684305 0.18166816
vt 0.40615782 0.18099046
vt 0.39789361 0.18682987
vt 0.41754365 0.18105394
vt 0.40698364 0.18699539
vt 0.39770806 0.19025123
vt 0.40736184 0.19009489
vt 0.41879511 0.18666291
vt 0.39774340 0.19430387
vt 0.40742657 0.19402492
vt 0.41875020 0.18982112
vt 0.41853479 0.19349575
vt 0.40812111 0.19906271
vt 0.39731196 0.19935894
vt 0.39695364 0.20101428
vt 0.40838939 0.20121872
vt 0.39734060 0.21536547
vt 0.40729612 0.21619678
vt 0.39738622 0.21744120
vt 0.41927814 0.19874799
vt 0.41864282 0.21646833
vt 0.41934365 0.20101821
vt 0.43160993 0.19760901
vt 0.40722129 0.21842468
vt 0.43078604 0.21603662
vt 0.41864258 0.21811402
vt 0.40701902 0.22257352
vt 0.43174338 0.20036829
vt 0.41865528 0.22223872
vt 0.43045905 0.21830732
vt 0.44228333 0.19958824
vt 0.44140479 0.21639675
vt 0.44214269 0.19689512
vt 0.45400694 0.19810063
vt 0.44132829 0.21871650
vt 0.45166531 0.21882844
vt 0.45388243 0.19516182
vt 0.43034163 0.22262299
vt 0.45691052 0.19802284
vt 0.45321372 0.18864602
vt 0.45612249 0.19409347
vt 0.44164446 0.19129002
vt 0.45735392 0.18601686
vt 0.43103892 0.19256663
vt 0.45268735 0.18324202
vt 0.44082391 0.18643081
vt 0.43069813 0.18814498
vt 0.43023676 0.18499321
vt 0.43967244 0.18329966
vt 0.42831919 0.17936778
vt 0.43811974 0.17745835
vt 0.44989520 0.17366493
vt 0.45178154 0.18015564
vt 0.46096194 0.16744089
vt 0.45850673 0.18130386
vt 0.46081272 0.17461604
vt 0.46260098 0.18228984
vt 0.46916083 0.15982103
vt 0.46005309 0.18826354
vt 0.46294415 0.19009358
vt 0.46515250 0.17471302
vt 0.46749443 0.16779602
vt 0.46583256 0.18270439
vt 0.46920055 0.17438817
vt 0.47256926 0.16661787
vt 0.47669756 0.15796006
vt 0.47392043 0.16905737
vt 0.48182166 0.14958566
vt 0.47876200 0.15951300
vt 0.48430067 0.15035212
vt 0.48721185 0.13796759
vt 0.49068084 0.13880259
vt 0.48947549 0.15334189
vt 0.49714056 0.14092535
vt 0.48209733 0.16490436
vt 0.50401843 0.14394862
vt 0.49670345 0.15686256
vt 0.48740858 0.16531521
vt 0.47762048 0.17276621
vt 0.48115960 0.17423469
vt 0.47324824 0.17989588
vt 0.47057414 0.17631084
vt 0.47659916 0.18108296
vt 0.46711412 0.18399930
vt 0.48923984 0.17660791
vt 0.46433878 0.19073653
vt 0.47024131 0.18620646
vt 0.46069133 0.20220625
vt 0.47354040 0.18750095
vt 0.46699810 0.19312620
vt 0.47067285 0.19438261
vt 0.48495686 0.19022894
vt 0.48165107 0.19819045
vt 0.46664384 0.20560551
vt 0.47840443 0.20953894
vt 0.46330515 0.20357251
vt 0.46377522 0.21664923
vt 0.46013057 0.21529293
vt 0.45928791 0.20255429
vt 0.45778099 0.21523488
vt 0.45721951 0.21541721
vt 0.45396203 0.21999955
vt 0.45648477 0.22742569
vt 0.45138797 0.22108096
vt 0.45866513 0.22715920
vt 0.46264488 0.22828764
vt 0.45839220 0.23653221
vt 0.45578372 0.22771406
vt 0.45534962 0.23637146
vt 0.47529379 0.22045523
vt 0.46306962 0.23741424
vt 0.49768978 0.21782124
vt 0.47425950 0.23019201
vt 0.49557924 0.22583294
vt 0.49880928 0.21104586
vt 0.51365244 0.22419089
vt 0.50134081 0.20297384
vt 0.51558912 0.21656287
vt 0.50455260 0.19412649
vt 0.51713055 0.20853895
vt 0.50819427 0.18199301
vt 0.52024692 0.19842386
vt 0.53482938 0.21445537
vt 0.52385336 0.18735737
vt 0.53349668 0.22323430
vt 0.53760010 0.20472646
vt 0.53181159 0.23121607
vt 0.54003942 0.19342232
vt 0.54809433 0.21939450
vt 0.51199299 0.23302448
vt 0.54382145 0.23547733
vt 0.49489212 0.23667777
vt 0.53005832 0.23889160
vt 0.51029486 0.24279738
vt 0.47394708 0.24103028
vt 0.49407852 0.24769700
vt 0.52775586 0.24933314
vt 0.50911701 0.25331151
vt 0.49169976 0.25946313
vt 0.54194474 0.24324071
vt 0.52552891 0.25859845
vt 0.54011208 0.25294167
vt 0.55407345 0.23895770
vt 0.50718349 0.26598495
vt 0.55427444 0.24622083
vt 0.53911167 0.26155889
vt 0.55548471 0.25468349
vt 0.52305776 0.27052015
vt 0.55637145 0.26377046
vt 0.53773266 0.27407420
vt 0.52024645 0.28254437
vt 0.53472459 0.28600693
vt 0.55750138 0.27430344
vt 0.50424194 0.27741474
vt 0.55687892 0.28748322
vt 0.57070267 0.26332545
vt 0.55212235 0.29896700
vt 0.57672113 0.27270251
vt 0.56423861 0.25446463
vt 0.56608605 0.25378650
vt 0.56183726 0.24684024
vt 0.56374943 0.24704504
vt 0.57387215 0.26372433
vt 0.56915855 0.25195783
vt 0.56176716 0.24218202
vt 0.56421852 0.24264818
vt 0.56803739 0.24425912
vt 0.56376010 0.23804921
vt 0.56605268 0.23951387
vt 0.55663258 0.23312104
vt 0.57372236 0.23826420
vt 0.54641414 0.22774869
vt 0.55595863 0.22386134
vt 0.56320691 0.22849840
vt 0.55012190 0.21019322
vt 0.56361228 0.21593833
vt 0.55313539 0.19869155
vt 0.57398349 0.22471172
vt 0.57091254 0.23310649
vt 0.57956248 0.22158134
vt 0.57265288 0.23544776
vt 0.58041412 0.23015070
vt 0.58143342 0.23262596
vt 0.58291060 0.23501450
vt 0.59003568 0.22940582
vt 0.58820427 0.22663975
vt 0.59100485 0.24192339
vt 0.59425735 0.23277909
vt 0.59740710 0.22538561
vt 0.58708257 0.25746632
vt 0.61526954 0.23977959
vt 0.61318934 0.24773323
vt 0.57781726 0.26440126
vt 0.58031726 0.27195138
vt 0.58590358 0.26597828
vt 0.58472830 0.27146953
vt 0.58247960 0.28130919
vt 0.57973689 0.28119892
vt 0.57915193 0.28936386
vt 0.58595681 0.28161329
vt 0.57612991 0.29335797
vt 0.58183581 0.29032844
vt 0.55192781 0.30192971
vt 0.57822490 0.29562408
vt 0.58529103 0.29138738
vt 0.53067833 0.29782444
vt 0.51746523 0.29527026
vt 0.53001136 0.30349445
vt 0.55267072 0.30504638
vt 0.58125055 0.29795653
vt 0.64221972 0.10401428
vt 0.55340910 0.31274033
vt 0.53051710 0.31079805
vt 0.63034147 0.09045523
vt 0.65840310 0.12155163
vt 0.58150512 0.31079978
vt 0.51617229 0.30101752
vt 0.51262069 0.30717236
vt 0.61976016 0.08146191
vt 0.58178699 0.30255395
vt 0.60455501 0.31044805
vt 0.67360657 0.13671941
vt 0.60447681 0.30158049
vt 0.69360709 0.15487021
vt 0.63124454 0.31382829
vt 0.60445619 0.29215896
vt 0.63226008 0.30268693
vt 0.64904147 0.30564982
vt 0.70895034 0.16704124
vt 0.64902777 0.31799424
vt 0.63373917 0.29418695
vt 0.60591984 0.28164202
vt 0.65603161 0.30717617
vt 0.71714288 0.17461526
vt 0.65776730 0.31990141
vt 0.65053505 0.29638720
vt 0.66059381 0.30787867
vt 0.66220224 0.31947482
vt 0.72190714 0.17861742
vt 0.65802187 0.29937953
vt 0.72423273 0.18042094
vt 0.66433239 0.31883794
vt 0.63632411 0.28440922
vt 0.65491557 0.28870153
vt 0.63627601 0.27930856
vt 0.60727376 0.27428174
vt 0.60860866 0.26935220
vt 0.63629264 0.27549350
vt 0.61012858 0.26260632
vt 0.63785464 0.26866835
vt 0.65773636 0.28014523
vt 0.64147556 0.25444955
vt 0.65891325 0.27451360
vt 0.64336634 0.24872827
vt 0.66294110 0.25973451
vt 0.61665726 0.23645693
vt 0.66423130 0.25543660
vt 0.64463741 0.24511385
vt 0.67380053 0.26712072
vt 0.67487383 0.26322430
vt 0.67132288 0.27690983
vt 0.67917591 0.26793504
vt 0.67598093 0.25916600
vt 0.67692935 0.27822578
vt 0.67992723 0.26013851
vt 0.67988044 0.26410776
vt 0.67549110 0.25498694
vt 0.67934632 0.25626594
vt 0.68209392 0.26034534
vt 0.66533095 0.25108993
vt 0.67786247 0.24802411
vt 0.67375386 0.24660093
vt 0.66611737 0.24382651
vt 0.68135422 0.25613379
vt 0.67810148 0.24043882
vt 0.67999023 0.24810714
vt 0.68295830 0.25566393
vt 0.67377078 0.23837185
vt 0.67995822 0.24134487
vt 0.64676333 0.23619175
vt 0.66773951 0.23600912
vt 0.68061656 0.23159337
vt 0.62066942 0.22528970
vt 0.67668533 0.22970176
vt 0.64894265 0.22837633
vt 0.60154557 0.21487510
vt 0.62402022 0.21696162
vt 0.65228927 0.22024250
vt 0.62783700 0.20950931
vt 0.67079741 0.22744399
vt 0.62989724 0.20474589
vt 0.65467727 0.21527392
vt 0.67314327 0.22175241
vt 0.68053931 0.22416449
vt 0.66123432 0.20303494
vt 0.68000448 0.21299350
vt 0.63522839 0.19135785
vt 0.66546041 0.19325042
vt 0.68543273 0.21898353
vt 0.61533886 0.18082553
vt 0.68471593 0.22627819
vt 0.60709059 0.19461209
vt 0.64016783 0.17950654
vt 0.60522395 0.19912863
vt 0.59502220 0.16911864
vt 0.60379893 0.20514679
vt 0.58635587 0.18291771
vt 0.59902322 0.21317756
vt 0.62215608 0.16784304
vt 0.59445447 0.22342038
vt 0.59557342 0.21213287
vt 0.59263986 0.22045505
vt 0.58392400 0.21450853
vt 0.58486360 0.20806766
vt 0.56856179 0.20415056
vt 0.59809643 0.20497036
vt 0.59469849 0.20471454
vt 0.58304614 0.19013763
vt 0.58281100 0.19823456
vt 0.58226073 0.19397348
vt 0.56936300 0.19330555
vt 0.55853170 0.18137062
vt 0.55639583 0.18743956
vt 0.54310978 0.18154466
vt 0.52905744 0.17598349
vt 0.54557943 0.17536241
vt 0.51120120 0.17003191
vt 0.53120887 0.16939568
vt 0.49311233 0.16599786
vt 0.51500148 0.16308016
vt 0.51675940 0.15901989
vt 0.53298116 0.16529590
vt 0.52027416 0.15161234
vt 0.53536642 0.15777707
vt 0.53106165 0.13608265
vt 0.54201710 0.12355733
vt 0.54367036 0.14153296
vt 0.55010688 0.16433960
vt 0.54739004 0.17157423
vt 0.55884016 0.14894182
vt 0.56006974 0.17757255
vt 0.56353646 0.17096579
vt 0.58349627 0.18805134
vt 0.57292378 0.15692460
vt 0.55439788 0.12874412
vt 0.56946570 0.13592708
vt 0.60267866 0.15483904
vt 0.58215886 0.14290100
vt 0.58609265 0.13714880
vt 0.57325548 0.12983417
vt 0.55898201 0.12198550
vt 0.55016065 0.11447048
vt 0.56090707 0.12072945
vt 0.57499135 0.12867200
vt 0.56604141 0.09908819
vt 0.57325035 0.10597962
vt 0.58496404 0.11571878
vt 0.58688551 0.13546455
vt 0.59545106 0.12365896
vt 0.60564411 0.14874834
vt 0.60712063 0.14759660
vt 0.62556672 0.16108173
vt 0.61555105 0.13660729
vt 0.62704325 0.16018069
vt 0.64293015 0.17286277
vt 0.63520992 0.14922517
vt 0.66680646 0.19063538
vt 0.64431095 0.17161822
vt 0.65206194 0.16011465
vt 0.63831937 0.14565074
vt 0.61908948 0.13287294
vt 0.65486073 0.15651172
vt 0.59902895 0.12002552
vt 0.64619905 0.13546741
vt 0.62929928 0.11924946
vt 0.58905441 0.11181569
vt 0.61357832 0.10607260
vt 0.66243571 0.14878011
vt 0.60380173 0.09738368
vt 0.57754934 0.10209507
vt 0.59233940 0.08889210
vt 0.49678713 0.30090398
vt 0.60889256 0.07406265
vt 0.57007676 0.09545350
vt 0.56099170 0.08486176
vt 0.55738896 0.08914983
vt 0.68548608 0.16545659
vt 0.67983204 0.17258441
vt 0.70497382 0.17955113
vt 0.67745733 0.17546862
vt 0.71460277 0.18206644
vt 0.66863245 0.18805361
vt 0.71821785 0.18560946
vt 0.68626696 0.20327246
vt 0.71372247 0.18882573
vt 0.68576837 0.20432246
vt 0.68819159 0.20048207
vt 0.69104379 0.21433199
vt 0.69611651 0.20847893
vt 0.69600755 0.20979738
vt 0.68964899 0.22112906
vt 0.69470060 0.21659672
vt 0.69972885 0.21014172
vt 0.69926375 0.21133757
vt 0.69194514 0.22227287
vt 0.69697636 0.21794194
vt 0.68678653 0.22750002
vt 0.68267262 0.23220622
vt 0.68860674 0.22895134
vt 0.68559641 0.23363817
vt 0.69423807 0.22391331
vt 0.69129384 0.23139942
vt 0.68197370 0.24199474
vt 0.68751079 0.23577672
vt 0.68195766 0.24859661
vt 0.68491477 0.24772233
vt 0.68531978 0.25211632
vt 0.68507135 0.24207240
vt 0.68764657 0.24750864
vt 0.68797350 0.24287260
vt 0.68563366 0.26093757
vt 0.69068038 0.24810469
vt 0.69098741 0.24365354
vt 0.69095039 0.25419092
vt 0.69032675 0.23735881
vt 0.69276315 0.23895466
vt 0.69660193 0.23644972
vt 0.68818355 0.25406897
vt 0.69189596 0.26265705
vt 0.68912065 0.26165068
vt 0.68931770 0.26265812
vt 0.69129443 0.26625186
vt 0.68391335 0.26109380
vt 0.68524677 0.26419330
vt 0.68890011 0.26561820
vt 0.68265265 0.26423711
vt 0.68854892 0.26848900
vt 0.69070196 0.26920044
vt 0.68441749 0.26763606
vt 0.68200111 0.26773661
vt 0.68125999 0.27932078
vt 0.68486464 0.28128934
vt 0.68690354 0.28210527
vt 0.67936623 0.27850121
vt 0.67944306 0.28398246
vt 0.68295169 0.28522909
vt 0.68455005 0.28681391
vt 0.68235481 0.28580236
vt 0.67899025 0.28885728
vt 0.68039805 0.29079968
vt 0.67734754 0.28454477
vt 0.67800957 0.28787285
vt 0.67577517 0.29230225
vt 0.67716682 0.29395467
vt 0.67647082 0.28615540
vt 0.67158079 0.29658484
vt 0.67378789 0.29777288
vt 0.67428619 0.29178959
vt 0.67266715 0.29026437
vt 0.66880184 0.30222529
vt 0.67093712 0.30323499
vt 0.67000639 0.29578388
vt 0.66860723 0.29436350
vt 0.66635954 0.30199951
vt 0.66698539 0.30899310
vt 0.66926032 0.30916071
vt 0.67054743 0.31716400
vt 0.73038703 0.18414819
vt 0.66803360 0.31770372
vt 0.72797775 0.18296921
vt 0.72582275 0.18149239
vt 0.66579878 0.31826085
vt 0.66462785 0.30878174
vt 0.66260570 0.30826312
vt 0.66427576 0.30101460
vt 0.66214132 0.30030352
vt 0.66666561 0.29295647
vt 0.66230619 0.29137588
vt 0.67101061 0.28902727
vt 0.65704352 0.28357387
vt 0.66744292 0.28676295
vt 0.67443329 0.28554362
vt 0.66944599 0.28411275
vt 0.67012614 0.28273034
vt 0.67544758 0.28399003
vt 0.72870284 0.19270086
vt 0.72612035 0.19273937
vt 0.73051286 0.20247811
vt 0.72285777 0.18989038
vt 0.72835243 0.20368475
vt 0.73142988 0.20454597
vt 0.72579080 0.20361924
vt 0.72951472 0.20574915
vt 0.73214656 0.20857632
vt 0.73002261 0.20861781
vt 0.72980690 0.21122026
vt 0.73148197 0.21253157
vt 0.72442567 0.20859402
vt 0.72099733 0.22436261
vt 0.72246069 0.22682059
vt 0.71747088 0.22219485
vt 0.71843278 0.22674054
vt 0.71876609 0.22922766
vt 0.71545505 0.22779709
vt 0.71338677 0.23053420
vt 0.71513933 0.22457015
vt 0.71255720 0.22798347
vt 0.71193027 0.22590172
vt 0.70230621 0.23063362
vt 0.70393109 0.23289120
vt 0.70803875 0.22068995
vt 0.69480944 0.23419476
vt 0.70033532 0.22869277
vt 0.69285244 0.23218059
vt 0.70416611 0.22307289
vt 0.69734663 0.22690690
vt 0.69997746 0.21926624
vt 0.70285380 0.21344787
vt 0.70067787 0.21227014
vt 0.70122981 0.21152389
vt 0.70390701 0.21171403
vt 0.71121532 0.21855175
vt 0.70231956 0.21009678
vt 0.71165162 0.20339489
vt 0.71963787 0.20650828
vt 0.70101029 0.20875144
vt 0.71066868 0.20125210
vt 0.71304673 0.20155752
vt 0.72201431 0.19852221
vt 0.71441591 0.20070732
vt 0.71278429 0.19964731
vt 0.71002775 0.19936168
vt 0.71391398 0.19886971
vt 0.71178401 0.19807541
vt 0.70675737 0.19526869
vt 0.70942068 0.19420904
vt 0.71285528 0.19695562
vt 0.71972710 0.19473129
vt 0.72064930 0.18810779
vt 0.71761954 0.19209987
vt 0.71165419 0.19300067
vt 0.70202160 0.18577617
vt 0.69850624 0.18844247
vt 0.69710755 0.20616597
vt 0.39586091 0.23367947
vt 0.39803079 0.23268366
vt 0.39874098 0.22849512
vt 0.39799300 0.22538477
vt 0.39741796 0.22207433
vt 0.40666133 0.22681761
vt 0.41731390 0.22674942
vt 0.40675423 0.22998673
vt 0.40565801 0.23622674
vt 0.41731060 0.23019803
vt 0.40466800 0.23966169
vt 0.41674924 0.23603350
vt 0.42863932 0.23043495
vt 0.42940360 0.22709173
vt 0.40728635 0.25284308
vt 0.41671404 0.23893827
vt 0.40517137 0.26471472
vt 0.42681530 0.23920739
vt 0.42813298 0.23602271
vt 0.39992148 0.27482837
vt 0.43603939 0.23932660
vt 0.43626839 0.23652852
vt 0.43805119 0.23113591
vt 0.44481996 0.23899907
vt 0.39198858 0.28254384
vt 0.44332594 0.24163121
vt 0.43898734 0.22770643
vt 0.45221335 0.24488848
vt 0.38215271 0.28707737
vt 0.44814986 0.24877250
vt 0.44765174 0.23420739
vt 0.45254004 0.23629951
vt 0.44921222 0.23087525
vt 0.43974450 0.22349745
vt 0.44992968 0.22673893
vt 0.45246962 0.22882390
vt 0.45251444 0.22204924
vt 0.45374423 0.22670531
vt 0.45456856 0.23649049
vt 0.45498550 0.24525529
vt 0.45407021 0.24547231
vt 0.45827091 0.24544400
vt 0.45485169 0.25434870
vt 0.45196113 0.25096124
vt 0.37158290 0.28810328
vt 0.44851437 0.26130855
vt 0.45399606 0.25637758
vt 0.45575422 0.26404273
vt 0.45714229 0.26397145
vt 0.45746711 0.26972282
vt 0.46291184 0.27125520
vt 0.45858041 0.25303328
vt 0.46172982 0.26331812
vt 0.46943980 0.27635616
vt 0.46384162 0.24639565
vt 0.46290901 0.25394905
vt 0.47309098 0.25020433
vt 0.47166508 0.25908327
vt 0.48839042 0.27052587
vt 0.46956673 0.26923382
vt 0.48601916 0.28075671
vt 0.50087160 0.28911489
vt 0.48571727 0.28671551
vt 0.49907589 0.29425675
vt 0.40489739 0.25275493
vt 0.40288624 0.26423830
vt 0.40239286 0.24151176
vt 0.39776400 0.27340436
vt 0.39954430 0.25318575
vt 0.39089587 0.28018343
vt 0.39836794 0.26210159
vt 0.39374608 0.26992953
vt 0.38192597 0.28439599
vt 0.38829976 0.27576864
vt 0.37210652 0.28517461
vt 0.38067648 0.27930385
vt 0.38586876 0.27204645
vt 0.36264363 0.28280717
vt 0.37243438 0.28043920
vt 0.35487351 0.27774090
vt 0.36499512 0.27832174
vt 0.34899506 0.27028561
vt 0.35832334 0.27383554
vt 0.36683175 0.27448392
vt 0.37325314 0.27578169
vt 0.37979648 0.27504069
vt 0.37921664 0.27239096
vt 0.37350372 0.27309269
vt 0.36123377 0.27090484
vt 0.36791259 0.27197993
vt 0.37865174 0.26997578
vt 0.37374726 0.27061045
vt 0.36307687 0.26903993
vt 0.38315609 0.26772624
vt 0.36897409 0.26965272
vt 0.38448679 0.26977694
vt 0.37832048 0.26859021
vt 0.37389067 0.26917720
vt 0.39074618 0.26710123
vt 0.38878974 0.26556754
vt 0.39391616 0.26070678
vt 0.39133590 0.26003480
vt 0.38677230 0.26410812
vt 0.38893193 0.25943780
vt 0.38237584 0.26654410
vt 0.38743952 0.25907683
vt 0.38555613 0.26324523
vt 0.37894741 0.26171434
vt 0.38053825 0.26038557
vt 0.38186255 0.25745207
vt 0.38792783 0.25456804
vt 0.38937777 0.25437534
vt 0.39193603 0.25404441
vt 0.38795355 0.24960679
vt 0.39471155 0.25370818
vt 0.39030021 0.24840486
vt 0.39737546 0.24459910
vt 0.39286533 0.24707317
vt 0.39117804 0.23869848
vt 0.38811094 0.24198395
vt 0.39435685 0.23512799
vt 0.38510075 0.22942829
vt 0.38349697 0.23397314
vt 0.37395588 0.22776789
vt 0.38191724 0.23838603
vt 0.36317429 0.23007935
vt 0.37444255 0.23253584
vt 0.37480858 0.23723870
vt 0.35460112 0.23554051
vt 0.36569524 0.23426807
vt 0.36782765 0.23855066
vt 0.37496453 0.23992121
vt 0.38102001 0.24092090
vt 0.36897689 0.24101096
vt 0.38632071 0.24395955
vt 0.38017401 0.24324477
vt 0.38465047 0.24579674
vt 0.37505978 0.24238813
vt 0.38661692 0.25029570
vt 0.38367462 0.24685776
vt 0.38107076 0.25319803
vt 0.37966558 0.24458504
vt 0.37957752 0.25138628
vt 0.37509090 0.24387085
vt 0.38176268 0.25543803
vt 0.36997622 0.24328327
vt 0.38069871 0.25727189
vt 0.38059694 0.25567335
vt 0.37961015 0.25969809
vt 0.38001245 0.25374711
vt 0.37834308 0.26076150
vt 0.37877771 0.25225246
vt 0.37750155 0.25018650
vt 0.37700582 0.25122714
vt 0.37551761 0.24959755
vt 0.37542421 0.25074744
vt 0.37276465 0.25115752
vt 0.37056533 0.24468666
vt 0.37229413 0.25010991
vt 0.36921746 0.25740290
vt 0.36656052 0.24682820
vt 0.36557704 0.24579394
vt 0.36382839 0.24397725
vt 0.37061286 0.25129473
vt 0.36187497 0.24202728
vt 0.37141854 0.25210690
vt 0.35837662 0.23867071
vt 0.37002835 0.25362581
vt 0.34870625 0.24320376
vt 0.35759705 0.24715173
vt 0.35316631 0.24508333
vt 0.34575874 0.25234574
vt 0.36007813 0.24837863
vt 0.34576240 0.26187241
vt 0.35050842 0.25269258
vt 0.35094964 0.26085490
vt 0.35329461 0.26770550
vt 0.35528931 0.25330561
vt 0.35731649 0.26577121
vt 0.35526097 0.25974357
vt 0.35976070 0.26452464
vt 0.35798925 0.25925088
vt 0.35805574 0.25367325
vt 0.36050090 0.25881427
vt 0.36234251 0.24952883
vt 0.36059174 0.25404143
vt 0.36363626 0.25020295
vt 0.36204812 0.25426984
vt 0.36901370 0.25306261
vt 0.36812937 0.25522369
vt 0.36195916 0.25857711
vt 0.36928609 0.25541759
vt 0.36805046 0.25753403
vt 0.36950120 0.25896811
vt 0.36200357 0.26333922
vt 0.36842102 0.25946778
vt 0.36336324 0.26262706
vt 0.36487108 0.26715869
vt 0.36596334 0.26600206
vt 0.36957675 0.26832849
vt 0.37030816 0.26190156
vt 0.37442651 0.26317394
vt 0.37107122 0.26098967
vt 0.37211779 0.26271892
vt 0.37252516 0.26163453
vt 0.37452173 0.26202667
vt 0.37648678 0.26173246
vt 0.37679031 0.26282573
f 355/355 353/353 351/351
f 351/351 352/352 355/355
f 352/352 303/303 354/354
f 348/348 351/351 353/353
f 303/303 352/352 350/350
f 352/352 351/351 349/349
f 349/349 350/350 352/352
f 348/348 346/346 351/351
f 351/351 344/344 349/349
f 344/344 351/351 346/346
f 350/350 299/299 303/303
f 365/365 363/363 364/364
f 365/365 339/339 363/363
f 364/364 363/363 362/362
f 339/339 341/341 363/363
f 363/363 341/341 348/348
f 1017/1017 1016/1016 1013/1013
f 1013/1013 1014/1014 1017/1017
f 983/983 1016/1016 138/138
f 1016/1016 983/983 1013/1013
f 1015/1015 1014/1014 1012/1012
f 1010/1010 1015/1015 1012/1012
f 1013/1013 1011/1011 1014/1014
f 1011/1011 1008/1008 1012/1012
f 1004/1004 1007/1007 1009/1009
f 1009/1009 1006/1006 1004/1004
f 963/963 1006/1006 1008/1008
f 1007/1007 1004/1004 1003/1003
f 1006/1006 963/963 958/958
f 958/958 1004/1004 1006/1006
f 949/949 939/939 1005/1005
f 354/354 356/356 352/352
f 1019/1019 1018/1018 1016/1016
f 1016/1016 1017/1017 1019/1019
f 133/133 138/138 1018/1018
f 1018/1018 138/138 1016/1016
f 1032/1032 1035/1035 1029/1029
f 1035/1035 1030/1030 1029/1029
f 1025/1025 1015/1015 1034/1034
f 1032/1032 1025/1025 1034/1034
f 1030/1030 1033/1033 1028/1028
f 1031/1031 1028/1028 1033/1033
f 1025/1025 1032/1032 1029/1029
f 1011/1011 1012/1012 1014/1014
f 983/983 1011/1011 1013/1013
f 1028/1028 1026/1026 1030/1030
f 1010/1010 1012/1012 1008/1008
f 1011/1011 983/983 967/967
f 1028/1028 1022/1022 1026/1026
f 1022/1022 1027/1027 1021/1021
f 1023/1023 1025/1025 1026/1026
f 1022/1022 1023/1023 1026/1026
f 1035/1035 1032/1032 1043/1043
f 1041/1041 1043/1043 1032/1032
f 1038/1038 1042/1042 1041/1041
f 1042/1042 1038/1038 1040/1040
f 1034/1034 1041/1041 1032/1032
f 1041/1041 1034/1034 1038/1038
f 1040/1040 1037/1037 1039/1039
f 1017/1017 1022/1022 1019/1019
f 1021/1021 1020/1020 1018/1018
f 1037/1037 1009/1009 1039/1039
f 94/94 133/133 1020/1020
f 1020/1020 133/133 1018/1018
f 1015/1015 1010/1010 1037/1037
f 1037/1037 1034/1034 1015/1015
f 1030/1030 1035/1035 1036/1036
f 1036/1036 1033/1033 1030/1030
f 1052/1052 1050/1050 1051/1051
f 1050/1050 1052/1052 1049/1049
f 1051/1051 1040/1040 1039/1039
f 1040/1040 1051/1051 1050/1050
f 1049/1049 1042/1042 1050/1050
f 1050/1050 1042/1042 1040/1040
f 1049/1049 1048/1048 1044/1044
f 1028/1028 1031/1031 1027/1027
f 1026/1026 1029/1029 1030/1030
f 1048/1048 1045/1045 1044/1044
f 1026/1026 1025/1025 1029/1029
f 1027/1027 1022/1022 1028/1028
f 1046/1046 1035/1035 1043/1043
f 1041/1041 1044/1044 1045/1045
f 1043/1043 1041/1041 1045/1045
f 1044/1044 1041/1041 1042/1042
f 939/939 1060/1060 1059/1059
f 1005/1005 939/939 1059/1059
f 1005/1005 1059/1059 1057/1057
f 1057/1057 1058/1058 1056/1056
f 1058/1058 1054/1054 1056/1056
f 1005/1005 1057/1057 1055/1055
f 1055/1055 1057/1057 1056/1056
f 1037/1037 1040/1040 1038/1038
f 1007/1007 1039/1039 1009/1009
f 1053/1053 1055/1055 1056/1056
f 1034/1034 1037/1037 1038/1038
f 1009/1009 1037/1037 1010/1010
f 1055/1055 1053/1053 1007/1007
f 1051/1051 1054/1054 1052/1052
f 1039/1039 1007/1007 1053/1053
f 1051/1051 1039/1039 1053/1053
f 1064/1064 80/80 1067/1067
f 1066/1066 1061/1061 1065/1065
f 1061/1061 1066/1066 1063/1063
f 1064/1064 1065/1065 1062/1062
f 1061/1061 1062/1062 1065/1065
f 76/76 80/80 1064/1064
f 1062/1062 76/76 1064/1064
f 1049/1049 1044/1044 1042/1042
f 1045/1045 1048/1048 1047/1047
f 76/76 1062/1062 71/71
f 1043/1043 1047/1047 1046/1046
f 1047/1047 1043/1043 1045/1045
f 74/74 1062/1062 1060/1060
f 1057/1057 1060/1060 1061/1061
f 1060/1060 939/939 74/74
f 1060/1060 1057/1057 1059/1059
f 1075/1075 1071/1071 1074/1074
f 1071/1071 1075/1075 1073/1073
f 1054/1054 1073/1073 1075/1075
f 1070/1070 1074/1074 1071/1071
f 1054/1054 1058/1058 1073/1073
f 1071/1071 1073/1073 1058/1058
f 1070/1070 1069/1069 1072/1072
f 1055/1055 1003/1003 1005/1005
f 1051/1051 1056/1056 1054/1054
f 1069/1069 1070/1070 1066/1066
f 1056/1056 1051/1051 1053/1053
f 1003/1003 1055/1055 1007/1007
f 1065/1065 1069/1069 1066/1066
f 1067/1067 1068/1068 1064/1064
f 1065/1065 1064/1064 1068/1068
f 80/80 83/83 1067/1067
f 1048/1048 1049/1049 1083/1083
f 1083/1083 1049/1049 1079/1079
f 1082/1082 1074/1074 1076/1076
f 1074/1074 1082/1082 1080/1080
f 1077/1077 1081/1081 1079/1079
f 1080/1080 1081/1081 1078/1078
f 1078/1078 1081/1081 1077/1077
f 1057/1057 1063/1063 1058/1058
f 1063/1063 1057/1057 1061/1061
f 1049/1049 1077/1077 1079/1079
f 1062/1062 74/74 71/71
f 1062/1062 1061/1061 1060/1060
f 1052/1052 1075/1075 1077/1077
f 1072/1072 1076/1076 1070/1070
f 1074/1074 1070/1070 1076/1076
f 1054/1054 1075/1075 1052/1052
f 1091/1091 1090/1090 1081/1081
f 1088/1088 1081/1081 1090/1090
f 1087/1087 1089/1089 1046/1046
f 1088/1088 1089/1089 1085/1085
f 1085/1085 1089/1089 1087/1087
f 1081/1081 1088/1088 1079/1079
f 1088/1088 1083/1083 1079/1079
f 1058/1058 1063/1063 1071/1071
f 1070/1070 1071/1071 1063/1063
f 1046/1046 1047/1047 1087/1087
f 1063/1063 1066/1066 1070/1070
f 1069/1069 1065/1065 1068/1068
f 1085/1085 1047/1047 1048/1048
f 1083/1083 1085/1085 1048/1048
f 1076/1076 1072/1072 1084/1084
f 1084/1084 1082/1082 1076/1076
f 1098/1098 1089/1089 1088/1088
f 1098/1098 1088/1088 1095/1095
f 1093/1093 1096/1096 1097/1097
f 1095/1095 1093/1093 1097/1097
f 1082/1082 1084/1084 1096/1096
f 1096/1096 1093/1093 1082/1082
f 1095/1095 1088/1088 1092/1092
f 1080/1080 1075/1075 1074/1074
f 1075/1075 1080/1080 1078/1078
f 1091/1091 1093/1093 1094/1094
f 1077/1077 1075/1075 1078/1078
f 1052/1052 1077/1077 1049/1049
f 1080/1080 1093/1093 1091/1091
f 1090/1090 1091/1091 1092/1092
f 1092/1092 1088/1088 1090/1090
f 1081/1081 1080/1080 1091/1091
f 1098/1098 1095/1095 1106/1106
f 1102/1102 1106/1106 1104/1104
f 1106/1106 1095/1095 1104/1104
f 1068/1068 1067/1067 1105/1105
f 1068/1068 1105/1105 1103/1103
f 1095/1095 1102/1102 1104/1104
f 1103/1103 1069/1069 1068/1068
f 1088/1088 1085/1085 1086/1086
f 1083/1083 1088/1088 1086/1086
f 1102/1102 1095/1095 1097/1097
f 1085/1085 1087/1087 1047/1047
f 1085/1085 1083/1083 1086/1086
f 1084/1084 1101/1101 1100/1100
f 1096/1096 1100/1100 1099/1099
f 1100/1100 1096/1096 1084/1084
f 1099/1099 1097/1097 1096/1096
f 1112/1112 1113/1113 1110/1110
f 1112/1112 94/94 1020/1020
f 90/90 94/94 1112/1112
f 1112/1112 86/86 90/90
f 86/86 1112/1112 1110/1110
f 1111/1111 1100/1100 1101/1101
f 1101/1101 1108/1108 1111/1111
f 1095/1095 1094/1094 1093/1093
f 1095/1095 1092/1092 1094/1094
f 83/83 1110/1110 1107/1107
f 1094/1094 1092/1092 1091/1091
f 1093/1093 1080/1080 1082/1082
f 1108/1108 1101/1101 1103/1103
f 1103/1103 1105/1105 1108/1108
f 1067/1067 83/83 1107/1107
f 1107/1107 1105/1105 1067/1067
f 1117/1117 1120/1120 1118/1118
f 1119/1119 1027/1027 1031/1031
f 1027/1027 1119/1119 1117/1117
f 1113/1113 1118/1118 1116/1116
f 1114/1114 1117/1117 1118/1118
f 1118/1118 1113/1113 1114/1114
f 1117/1117 1021/1021 1027/1027
f 1103/1103 1072/1072 1069/1069
f 1072/1072 1103/1103 1101/1101
f 1109/1109 1116/1116 1108/1108
f 1097/1097 1099/1099 1102/1102
f 1101/1101 1084/1084 1072/1072
f 1114/1114 1020/1020 1115/1115
f 1113/1113 1112/1112 1114/1114
f 1020/1020 1114/1114 1112/1112
f 1109/1109 1110/1110 1113/1113
f 1123/1123 1126/1126 1125/1125
f 1126/1126 1123/1123 1124/1124
f 1125/1125 1102/1102 1099/1099
f 1099/1099 1123/1123 1125/1125
f 1124/1124 1120/1120 1122/1122
f 1123/1123 1121/1121 1124/1124
f 1120/1120 1124/1124 1121/1121
f 1110/1110 83/83 86/86
f 1110/1110 1109/1109 1107/1107
f 1121/1121 1123/1123 1111/1111
f 1105/1105 1109/1109 1108/1108
f 1105/1105 1107/1107 1109/1109
f 1120/1120 1121/1121 1116/1116
f 1108/1108 1116/1116 1121/1121
f 1116/1116 1118/1118 1120/1120
f 1120/1120 1117/1117 1119/1119
f 1122/1122 1119/1119 1133/1133
f 1122/1122 1133/1133 1129/1129
f 1132/1132 1098/1098 1131/1131
f 1128/1128 1129/1129 1131/1131
f 1130/1130 1131/1131 1098/1098
f 1131/1131 1130/1130 1128/1128
f 1098/1098 1106/1106 1130/1130
f 1117/1117 1114/1114 1115/1115
f 1021/1021 1117/1117 1115/1115
f 1129/1129 1128/1128 1126/1126
f 1116/1116 1109/1109 1113/1113
f 1021/1021 1115/1115 1020/1020
f 1127/1127 1126/1126 1128/1128
f 1106/1106 1102/1102 1127/1127
f 1126/1126 1127/1127 1125/1125
f 1102/1102 1125/1125 1127/1127
f 1139/1139 1132/1132 1134/1134
f 1138/1138 1139/1139 1137/1137
f 1134/1134 1137/1137 1139/1139
f 1033/1033 1036/1036 1138/1138
f 1136/1136 1138/1138 1137/1137
f 1138/1138 1136/1136 1033/1033
f 1135/1135 1136/1136 1137/1137
f 1100/1100 1123/1123 1099/1099
f 1100/1100 1111/1111 1123/1123
f 1133/1133 1136/1136 1135/1135
f 1119/1119 1122/1122 1120/1120
f 1121/1121 1111/1111 1108/1108
f 1129/1129 1133/1133 1135/1135
f 1131/1131 1134/1134 1132/1132
f 1129/1129 1134/1134 1131/1131
f 1031/1031 1133/1133 1119/1119
f 1140/1140 1146/1146 1145/1145
f 1145/1145 1046/1046 1089/1089
f 1140/1140 1145/1145 1144/1144
f 1089/1089 1144/1144 1145/1145
f 1144/1144 1142/1142 1140/1140
f 1141/1141 1144/1144 1089/1089
f 1142/1142 1144/1144 1143/1143
f 1106/1106 1128/1128 1130/1130
f 1129/1129 1124/1124 1122/1122
f 1089/1089 1098/1098 1141/1141
f 1124/1124 1129/1129 1126/1126
f 1128/1128 1106/1106 1127/1127
f 1139/1139 1138/1138 1142/1142
f 1141/1141 1098/1098 1132/1132
f 1132/1132 1139/1139 1141/1141
f 1138/1138 1036/1036 1140/1140
f 1035/1035 1146/1146 1036/1036
f 1035/1035 1046/1046 1146/1146
f 1036/1036 1146/1146 1140/1140
f 1046/1046 1145/1145 1146/1146
f 793/793 797/797 938/938
f 938/938 797/797 920/920
f 791/791 793/793 938/938
f 1137/1137 1134/1134 1135/1135
f 1033/1033 1136/1136 1031/1031
f 937/937 938/938 929/929
f 1133/1133 1031/1031 1136/1136
f 1134/1134 1129/1129 1135/1135
f 942/942 61/61 941/941
f 61/61 940/940 941/941
f 940/940 61/61 67/67
f 67/67 939/939 940/940
f 939/939 67/67 72/72
f 935/935 783/783 936/936
f 936/936 930/930 935/935
f 783/783 935/935 789/789
f 930/930 931/931 935/935
f 934/934 789/789 935/935
f 931/931 934/934 935/935
f 1143/1143 1144/1144 1141/1141
f 1141/1141 1142/1142 1143/1143
f 933/933 787/787 934/934
f 1142/1142 1138/1138 1140/1140
f 1142/1142 1141/1141 1139/1139
f 782/782 937/937 936/936
f 783/783 782/782 936/936
f 936/936 929/929 930/930
f 946/946 941/941 947/947
f 946/946 945/945 944/944
f 944/944 941/941 946/946
f 421/421 945/945 423/423
f 945/945 421/421 944/944
f 941/941 944/944 942/942
f 943/943 944/944 421/421
f 944/944 943/943 942/942
f 421/421 413/413 943/943
f 413/413 55/55 943/943
f 55/55 942/942 943/943
f 942/942 55/55 58/58
f 61/61 942/942 58/58
f 940/940 949/949 947/947
f 945/945 946/946 948/948
f 947/947 941/941 940/940
f 932/932 927/927 923/923
f 930/930 928/928 931/931
f 931/931 928/928 927/927
f 926/926 930/930 929/929
f 930/930 926/926 928/928
f 929/929 920/920 926/926
f 929/929 938/938 920/920
f 938/938 937/937 791/791
f 923/923 927/927 924/924
f 937/937 786/786 791/791
f 786/786 937/937 784/784
f 937/937 782/782 784/784
f 937/937 929/929 936/936
f 957/957 959/959 960/960
f 957/957 960/960 951/951
f 959/959 957/957 956/956
f 951/951 950/950 957/957
f 950/950 956/956 957/957
f 956/956 950/950 954/954
f 949/949 954/954 950/950
f 423/423 952/952 432/432
f 945/945 951/951 952/952
f 952/952 423/423 945/945
f 950/950 951/951 948/948
f 951/951 945/945 948/948
f 950/950 947/947 949/949
f 946/946 950/950 948/948
f 950/950 946/946 947/947
f 949/949 940/940 939/939
f 502/502 976/976 970/970
f 502/502 496/496 976/976
f 982/982 968/968 984/984
f 969/969 971/971 965/965
f 970/970 962/962 966/966
f 962/962 970/970 969/969
f 961/961 969/969 965/965
f 962/962 969/969 961/961
f 966/966 964/964 968/968
f 964/964 966/966 962/962
f 961/961 965/965 952/952
f 962/962 959/959 964/964
f 960/960 962/962 961/961
f 959/959 962/962 960/960
f 951/951 961/961 952/952
f 960/960 961/961 951/951
f 987/987 981/981 985/985
f 986/986 140/140 137/137
f 140/140 986/986 984/984
f 976/976 974/974 970/970
f 976/976 496/496 975/975
f 975/975 974/974 976/976
f 498/498 975/975 496/496
f 975/975 973/973 974/974
f 973/973 975/975 498/498
f 971/971 970/970 974/974
f 974/974 973/973 971/971
f 973/973 498/498 429/429
f 973/973 965/965 971/971
f 502/502 977/977 503/503
f 977/977 970/970 966/966
f 977/977 502/502 970/970
f 993/993 529/529 505/505
f 505/505 980/980 993/993
f 990/990 993/993 980/980
f 966/966 968/968 982/982
f 982/982 979/979 966/966
f 981/981 980/980 978/978
f 979/979 981/981 978/978
f 972/972 973/973 429/429
f 965/965 973/973 972/972
f 429/429 432/432 972/972
f 952/952 972/972 432/432
f 972/972 952/952 965/965
f 969/969 970/970 971/971
f 987/987 986/986 988/988
f 986/986 137/137 988/988
f 985/985 986/986 987/987
f 992/992 999/999 998/998
f 997/997 998/998 999/999
f 989/989 992/992 998/998
f 984/984 986/986 985/985
f 979/979 985/985 981/981
f 982/982 984/984 985/985
f 985/985 979/979 982/982
f 980/980 505/505 501/501
f 501/501 978/978 980/980
f 978/978 977/977 979/979
f 979/979 977/977 966/966
f 978/978 501/501 503/503
f 977/977 978/978 503/503
f 529/529 993/993 995/995
f 994/994 990/990 991/991
f 993/993 990/990 994/994
f 160/160 1002/1002 1001/1001
f 1000/1000 1001/1001 1002/1002
f 611/611 1000/1000 1002/1002
f 154/154 992/992 147/147
f 989/989 147/147 992/992
f 990/990 987/987 991/991
f 987/987 989/989 991/991
f 980/980 981/981 990/990
f 987/987 990/990 981/981
f 989/989 146/146 147/147
f 989/989 987/987 988/988
f 146/146 989/989 988/988
f 988/988 137/137 146/146
f 601/601 548/548 1000/1000
f 999/999 1000/1000 997/997
f 1000/1000 548/548 997/997
f 1001/1001 1000/1000 999/999
f 992/992 1001/1001 999/999
f 1000/1000 611/611 601/601
f 989/989 998/998 991/991
f 998/998 997/997 996/996
f 996/996 991/991 998/998
f 548/548 533/533 997/997
f 996/996 997/997 533/533
f 991/991 996/996 994/994
f 996/996 533/533 995/995
f 994/994 996/996 995/995
f 995/995 533/533 529/529
f 994/994 995/995 993/993
f 612/612 1002/1002 776/776
f 1002/1002 160/160 776/776
f 1002/1002 612/612 611/611
f 886/886 881/881 883/883
f 884/884 885/885 882/882
f 882/882 881/881 884/884
f 883/883 865/865 635/635
f 883/883 864/864 865/865
f 881/881 864/864 883/883
f 881/881 882/882 880/880
f 880/880 864/864 881/881
f 864/864 880/880 862/862
f 900/900 898/898 896/896
f 895/895 900/900 896/896
f 898/898 897/897 896/896
f 896/896 897/897 894/894
f 885/885 887/887 888/888
f 1001/1001 154/154 160/160
f 154/154 1001/1001 992/992
f 890/890 895/895 893/893
f 891/891 893/893 894/894
f 893/893 891/891 890/890
f 892/892 890/890 889/889
f 889/889 886/886 892/892
f 888/888 890/890 891/891
f 890/890 888/888 889/889
f 887/887 889/889 888/888
f 908/908 808/808 819/819
f 906/906 907/907 908/908
f 887/887 886/886 889/889
f 907/907 906/906 903/903
f 902/902 907/907 903/903
f 884/884 886/886 887/887
f 885/885 884/884 887/887
f 884/884 881/881 886/886
f 905/905 900/900 895/895
f 905/905 902/902 900/900
f 899/899 903/903 904/904
f 903/903 901/901 902/902
f 903/903 899/899 901/901
f 901/901 898/898 902/902
f 900/900 902/902 898/898
f 901/901 899/899 898/898
f 798/798 800/800 913/913
f 800/800 912/912 913/913
f 899/899 897/897 898/898
f 912/912 800/800 911/911
f 800/800 799/799 911/911
f 895/895 896/896 893/893
f 893/893 896/896 894/894
f 895/895 890/890 892/892
f 911/911 910/910 909/909
f 805/805 806/806 910/910
f 909/909 910/910 907/907
f 908/908 910/910 806/806
f 910/910 908/908 907/907
f 909/909 902/902 905/905
f 907/907 902/902 909/909
f 908/908 806/806 808/808
f 921/921 917/917 918/918
f 797/797 917/917 920/920
f 908/908 819/819 906/906
f 916/916 892/892 919/919
f 918/918 917/917 915/915
f 906/906 819/819 821/821
f 904/904 906/906 821/821
f 903/903 906/906 904/904
f 892/892 916/916 895/895
f 895/895 916/916 905/905
f 916/916 915/915 905/905
f 914/914 912/912 915/915
f 912/912 905/905 915/915
f 914/914 797/797 798/798
f 912/912 914/914 913/913
f 914/914 798/798 913/913
f 927/927 928/928 925/925
f 928/928 926/926 925/925
f 905/905 912/912 911/911
f 925/925 924/924 927/927
f 926/926 920/920 921/921
f 805/805 911/911 799/799
f 911/911 909/909 905/905
f 910/910 911/911 805/805
f 923/923 924/924 919/919
f 919/919 924/924 922/922
f 886/886 883/883 923/923
f 923/923 892/892 886/886
f 892/892 923/923 919/919
f 922/922 921/921 918/918
f 919/919 922/922 918/918
f 921/921 920/920 917/917
f 934/934 787/787 789/789
f 934/934 931/931 932/932
f 919/919 918/918 916/916
f 932/932 933/933 934/934
f 633/633 787/787 933/933
f 916/916 918/918 915/915
f 917/917 797/797 914/914
f 914/914 915/915 917/917
f 923/923 933/933 932/932
f 927/927 932/932 931/931
f 13/13 14/14 20/20
f 15/15 19/19 17/17
f 15/15 17/17 9/9
f 9/9 13/13 15/15
f 14/14 13/13 8/8
f 8/8 12/12 14/14
f 9/9 8/8 13/13
f 12/12 8/8 1/1
f 4/4 8/8 9/9
f 4/4 1/1 8/8
f 1/1 4/4 7/7
f 926/926 921/921 925/925
f 924/924 925/925 922/922
f 921/921 922/922 925/925
f 26/26 25/25 32/32
f 27/27 30/30 29/29
f 19/19 27/27 29/29
f 27/27 19/19 26/26
f 25/25 26/26 15/15
f 19/19 15/15 26/26
f 24/24 25/25 20/20
f 15/15 20/20 25/25
f 24/24 14/14 21/21
f 14/14 24/24 20/20
f 21/21 12/12 23/23
f 21/21 14/14 12/12
f 20/20 15/15 13/13
f 933/933 635/635 633/633
f 883/883 635/635 933/933
f 923/923 883/883 933/933
f 39/39 41/41 33/33
f 40/40 39/39 36/36
f 36/36 38/38 40/40
f 33/33 36/36 39/39
f 35/35 37/37 38/38
f 38/38 36/36 35/35
f 21/21 37/37 24/24
f 37/37 35/35 24/24
f 32/32 35/35 36/36
f 32/32 36/36 33/33
f 25/25 24/24 35/35
f 35/35 32/32 25/25
f 33/33 34/34 27/27
f 30/30 27/27 34/34
f 33/33 26/26 32/32
f 26/26 33/33 27/27
f 47/47 53/53 50/50
f 49/49 50/50 51/51
f 50/50 49/49 47/47
f 49/49 30/30 47/47
f 47/47 34/34 46/46
f 30/30 34/34 47/47
f 45/45 46/46 41/41
f 34/34 41/41 46/46
f 43/43 45/45 39/39
f 41/41 39/39 45/45
f 44/44 43/43 40/40
f 40/40 42/42 44/44
f 39/39 40/40 43/43
f 37/37 42/42 38/38
f 42/42 40/40 38/38
f 34/34 33/33 41/41
f 66/66 68/68 62/62
f 62/62 65/65 66/66
f 64/64 65/65 60/60
f 62/62 60/60 65/65
f 64/64 54/54 63/63
f 54/54 64/64 60/60
f 59/59 63/63 53/53
f 54/54 53/53 63/63
f 60/60 62/62 57/57
f 57/57 54/54 60/60
f 59/59 53/53 46/46
f 54/54 57/57 56/56
f 54/54 56/56 51/51
f 53/53 54/54 50/50
f 51/51 50/50 54/54
f 53/53 47/47 46/46
f 85/85 84/84 82/82
f 81/81 82/82 84/84
f 82/82 79/79 78/78
f 82/82 81/81 79/79
f 77/77 79/79 81/81
f 75/75 78/78 79/79
f 79/79 77/77 75/75
f 78/78 75/75 69/69
f 64/64 78/78 69/69
f 70/70 75/75 77/77
f 66/66 69/69 75/75
f 75/75 70/70 66/66
f 70/70 68/68 66/66
f 68/68 70/70 73/73
f 69/69 66/66 65/65
f 65/65 64/64 69/69
f 96/96 98/98 91/91
f 63/63 59/59 97/97
f 96/96 87/87 97/97
f 63/63 97/97 87/87
f 91/91 87/87 96/96
f 92/92 88/88 95/95
f 88/88 91/91 95/95
f 92/92 93/93 89/89
f 89/89 88/88 92/92
f 87/87 91/91 78/78
f 91/91 88/88 82/82
f 78/78 91/91 82/82
f 88/88 89/89 85/85
f 82/82 88/88 85/85
f 87/87 64/64 63/63
f 78/78 64/64 87/87
f 106/106 101/101 104/104
f 102/102 100/100 105/105
f 101/101 105/105 100/100
f 103/103 45/45 104/104
f 103/103 104/104 101/101
f 46/46 45/45 103/103
f 46/46 103/103 59/59
f 101/101 59/59 103/103
f 102/102 98/98 100/100
f 101/101 97/97 59/59
f 100/100 99/99 101/101
f 97/97 101/101 99/99
f 100/100 96/96 99/99
f 96/96 100/100 98/98
f 97/97 99/99 96/96
f 91/91 98/98 95/95
f 105/105 108/108 114/114
f 110/110 112/112 113/113
f 110/110 113/113 108/108
f 109/109 111/111 112/112
f 112/112 110/110 109/109
f 44/44 111/111 109/109
f 106/106 110/110 108/108
f 107/107 109/109 110/110
f 107/107 110/110 106/106
f 43/43 44/44 109/109
f 109/109 107/107 43/43
f 108/108 105/105 106/106
f 45/45 43/43 107/107
f 104/104 107/107 106/106
f 45/45 107/107 104/104
f 101/101 106/106 105/105
f 120/120 123/123 102/102
f 115/115 116/116 122/122
f 121/121 115/115 122/122
f 118/118 121/121 120/120
f 118/118 115/115 121/121
f 102/102 114/114 120/120
f 118/118 120/120 114/114
f 117/117 111/111 119/119
f 115/115 118/118 114/114
f 111/111 117/117 112/112
f 116/116 112/112 117/117
f 116/116 115/115 113/113
f 116/116 113/113 112/112
f 108/108 115/115 114/114
f 108/108 113/113 115/115
f 105/105 114/114 102/102
f 92/92 127/127 130/130
f 126/126 128/128 129/129
f 129/129 127/127 126/126
f 122/122 128/128 121/121
f 128/128 126/126 121/121
f 126/126 127/127 125/125
f 124/124 127/127 92/92
f 127/127 124/124 125/125
f 120/120 121/121 126/126
f 126/126 125/125 120/120
f 123/123 125/125 124/124
f 123/123 120/120 125/125
f 95/95 124/124 92/92
f 95/95 123/123 124/124
f 98/98 123/123 95/95
f 98/98 102/102 123/123
f 136/136 132/132 144/144
f 135/135 142/142 143/143
f 143/143 132/132 135/135
f 131/131 141/141 142/142
f 142/142 135/135 131/131
f 128/128 141/141 129/129
f 141/141 131/131 129/129
f 136/136 134/134 132/132
f 134/134 136/136 139/139
f 131/131 135/135 127/127
f 130/130 135/135 132/132
f 135/135 130/130 127/127
f 93/93 132/132 134/134
f 132/132 93/93 130/130
f 127/127 129/129 131/131
f 93/93 92/92 130/130
f 157/157 152/152 151/151
f 150/150 156/156 153/153
f 156/156 150/150 152/152
f 148/148 153/153 155/155
f 150/150 153/153 148/148
f 152/152 149/149 151/151
f 149/149 152/152 150/150
f 151/151 142/142 141/141
f 142/142 151/151 149/149
f 150/150 144/144 149/149
f 150/150 148/148 144/144
f 149/149 144/144 143/143
f 149/149 143/143 142/142
f 145/145 144/144 148/148
f 136/136 144/144 145/145
f 132/132 143/143 144/144
f 168/168 166/166 122/122
f 164/164 167/167 163/163
f 128/128 122/122 166/166
f 164/164 128/128 166/166
f 163/163 165/165 162/162
f 164/164 141/141 128/128
f 163/163 161/161 164/164
f 161/161 141/141 164/164
f 162/162 157/157 163/163
f 161/161 163/163 157/157
f 152/152 162/162 156/156
f 162/162 152/152 157/157
f 141/141 161/161 151/151
f 151/151 161/161 157/157
f 155/155 158/158 159/159
f 158/158 155/155 153/153
f 174/174 173/173 176/176
f 171/171 175/175 173/173
f 175/175 171/171 119/119
f 173/173 174/174 172/172
f 170/170 172/172 174/174
f 171/171 173/173 172/172
f 170/170 168/168 172/172
f 171/171 172/172 168/168
f 171/171 117/117 119/119
f 117/117 171/171 116/116
f 168/168 116/116 171/171
f 166/166 170/170 169/169
f 166/166 168/168 170/170
f 169/169 167/167 164/164
f 164/164 166/166 169/169
f 168/168 122/122 116/116
f 185/185 184/184 182/182
f 182/182 181/181 185/185
f 167/167 184/184 163/163
f 184/184 167/167 182/182
f 180/180 183/183 181/181
f 169/169 182/182 167/167
f 181/181 182/182 169/169
f 181/181 169/169 170/170
f 181/181 170/170 180/180
f 174/174 179/179 180/180
f 174/174 180/180 170/170
f 178/178 179/179 176/176
f 179/179 174/174 176/176
f 178/178 173/173 175/175
f 173/173 178/178 176/176
f 175/175 119/119 177/177
f 180/180 193/193 190/190
f 188/188 192/192 191/191
f 192/192 188/188 190/190
f 189/189 187/187 191/191
f 187/187 188/188 191/191
f 190/190 183/183 180/180
f 183/183 190/190 188/188
f 189/189 165/165 187/187
f 185/185 183/183 188/188
f 188/188 187/187 186/186
f 188/188 186/186 185/185
f 187/187 184/184 186/186
f 187/187 165/165 184/184
f 184/184 185/185 186/186
f 165/165 163/163 184/184
f 185/185 181/181 183/183
f 201/201 199/199 195/195
f 194/194 200/200 196/196
f 199/199 200/200 198/198
f 198/198 200/200 194/194
f 199/199 193/193 195/195
f 198/198 197/197 199/199
f 199/199 197/197 193/193
f 192/192 197/197 198/198
f 198/198 194/194 192/192
f 192/192 193/193 197/197
f 191/191 196/196 189/189
f 194/194 196/196 191/191
f 195/195 193/193 179/179
f 194/194 191/191 192/192
f 193/193 180/180 179/179
f 193/193 192/192 190/190
f 201/201 204/204 210/210
f 209/209 206/206 208/208
f 204/204 206/206 209/209
f 208/208 175/175 177/177
f 178/178 175/175 208/208
f 206/206 178/178 208/208
f 205/205 201/201 207/207
f 204/204 178/178 206/206
f 205/205 203/203 199/199
f 205/205 199/199 201/201
f 178/178 204/204 179/179
f 201/201 195/195 204/204
f 195/195 179/179 204/204
f 200/200 199/199 203/203
f 196/196 202/202 189/189
f 202/202 196/196 200/200
f 211/211 217/217 212/212
f 217/217 211/211 216/216
f 215/215 216/216 214/214
f 216/216 211/211 214/214
f 119/119 111/111 215/215
f 119/119 215/215 177/177
f 215/215 214/214 213/213
f 215/215 213/213 177/177
f 214/214 208/208 213/213
f 214/214 211/211 208/208
f 208/208 177/177 213/213
f 211/211 212/212 209/209
f 212/212 210/210 209/209
f 211/211 209/209 208/208
f 207/207 201/201 210/210
f 209/209 210/210 204/204
f 216/216 218/218 228/228
f 224/224 228/228 218/218
f 227/227 225/225 222/222
f 207/207 210/210 225/225
f 210/210 222/222 225/225
f 42/42 37/37 224/224
f 224/224 218/218 221/221
f 221/221 42/42 224/224
f 222/222 210/210 212/212
f 220/220 222/222 212/212
f 221/221 44/44 42/42
f 44/44 221/221 111/111
f 218/218 215/215 221/221
f 111/111 221/221 215/215
f 212/212 217/217 220/220
f 215/215 218/218 216/216
f 232/232 236/236 230/230
f 236/236 232/232 235/235
f 234/234 235/235 232/232
f 232/232 233/233 234/234
f 233/233 23/23 234/234
f 23/23 233/233 21/21
f 37/37 21/21 233/233
f 233/233 232/232 231/231
f 231/231 37/37 233/233
f 229/229 231/231 232/232
f 37/37 231/231 224/224
f 231/231 229/229 228/228
f 231/231 228/228 224/224
f 220/220 228/228 229/229
f 228/228 220/220 217/217
f 228/228 217/217 216/216
f 242/242 240/240 249/249
f 248/248 245/245 244/244
f 245/245 226/226 244/244
f 242/242 244/244 226/226
f 243/243 234/234 22/22
f 234/234 243/243 237/237
f 223/223 242/242 226/226
f 242/242 223/223 240/240
f 237/237 241/241 235/235
f 239/239 235/235 241/241
f 223/223 238/238 240/240
f 235/235 239/239 236/236
f 238/238 223/223 219/219
f 219/219 236/236 238/238
f 235/235 234/234 237/237
f 236/236 219/219 230/230
f 259/259 256/256 239/239
f 254/254 258/258 257/257
f 258/258 254/254 256/256
f 249/249 257/257 255/255
f 257/257 249/249 254/254
f 256/256 236/236 239/239
f 238/238 236/236 256/256
f 254/254 238/238 256/256
f 255/255 253/253 249/249
f 240/240 238/238 254/254
f 254/254 249/249 240/240
f 253/253 250/250 244/244
f 244/244 249/249 253/253
f 251/251 248/248 250/250
f 248/248 244/244 250/250
f 249/249 244/244 242/242
f 268/268 261/261 266/266
f 267/267 265/265 243/243
f 264/264 266/266 261/261
f 265/265 237/237 243/243
f 241/241 237/237 265/265
f 263/263 241/241 265/265
f 263/263 264/264 260/260
f 261/261 260/260 264/264
f 241/241 263/263 260/260
f 258/258 261/261 262/262
f 262/262 257/257 258/258
f 260/260 261/261 259/259
f 261/261 258/258 259/259
f 260/260 239/239 241/241
f 239/239 260/260 259/259
f 256/256 259/259 258/258
f 272/272 273/273 276/276
f 271/271 272/272 276/276
f 274/274 273/273 5/5
f 272/272 5/5 273/273
f 5/5 272/272 2/2
f 272/272 11/11 2/2
f 269/269 272/272 271/271
f 11/11 272/272 269/269
f 271/271 270/270 267/267
f 271/271 267/267 269/269
f 265/265 270/270 263/263
f 270/270 265/265 267/267
f 269/269 22/22 11/11
f 22/22 269/269 243/243
f 243/243 269/269 267/267
f 261/261 268/268 262/262
f 283/283 287/287 284/284
f 264/264 263/263 286/286
f 263/263 284/284 286/286
f 283/283 282/282 285/285
f 284/284 263/263 270/270
f 270/270 283/283 284/284
f 282/282 283/283 277/277
f 283/283 270/270 277/277
f 276/276 281/281 282/282
f 277/277 276/276 282/282
f 278/278 281/281 273/273
f 276/276 273/273 281/281
f 279/279 278/278 274/274
f 273/273 274/274 278/278
f 270/270 271/271 277/277
f 276/276 277/277 271/271
f 296/296 291/291 295/295
f 291/291 296/296 290/290
f 292/292 295/295 291/291
f 294/294 289/289 287/287
f 289/289 294/294 292/292
f 268/268 290/290 293/293
f 291/291 289/289 292/292
f 290/290 288/288 291/291
f 289/289 291/291 288/288
f 290/290 268/268 266/266
f 288/288 290/290 266/266
f 289/289 284/284 287/287
f 288/288 286/286 289/289
f 284/284 289/289 286/286
f 266/266 264/264 288/288
f 286/286 288/288 264/264
f 305/305 300/300 304/304
f 297/297 294/294 304/304
f 304/304 300/300 297/297
f 302/302 303/303 301/301
f 303/303 299/299 301/301
f 300/300 302/302 298/298
f 301/301 296/296 302/302
f 296/296 298/298 302/302
f 299/299 296/296 301/301
f 298/298 297/297 300/300
f 290/290 299/299 293/293
f 299/299 290/290 296/296
f 297/297 298/298 295/295
f 298/298 296/296 295/295
f 294/294 297/297 292/292
f 295/295 292/292 297/297
f 310/310 285/285 312/312
f 308/308 312/312 311/311
f 312/312 308/308 310/310
f 307/307 311/311 309/309
f 311/311 307/307 308/308
f 285/285 310/310 283/283
f 287/287 283/283 310/310
f 308/308 287/287 310/310
f 307/307 309/309 306/306
f 287/287 308/308 294/294
f 294/294 308/308 307/307
f 306/306 304/304 307/307
f 294/294 307/307 304/304
f 306/306 302/302 300/300
f 304/304 306/306 305/305
f 306/306 300/300 305/305
f 278/278 279/279 320/320
f 318/318 278/278 320/320
f 319/319 313/313 314/314
f 314/314 317/317 319/319
f 318/318 317/317 316/316
f 278/278 318/318 316/316
f 316/316 317/317 315/315
f 317/317 314/314 315/315
f 316/316 281/281 278/278
f 281/281 316/316 315/315
f 282/282 281/281 315/315
f 315/315 285/285 282/282
f 285/285 315/315 314/314
f 312/312 314/314 313/313
f 314/314 312/312 285/285
f 313/313 311/311 312/312
f 332/332 251/251 334/334
f 333/333 327/327 332/332
f 327/327 333/333 330/330
f 251/251 332/332 328/328
f 327/327 328/328 332/332
f 330/330 331/331 326/326
f 331/331 318/318 326/326
f 330/330 323/323 327/327
f 323/323 330/330 326/326
f 328/328 327/327 325/325
f 323/323 325/325 327/327
f 326/326 320/320 323/323
f 320/320 326/326 318/318
f 325/325 323/323 322/322
f 320/320 322/322 323/323
f 322/322 320/320 279/279
f 338/338 340/340 341/341
f 339/339 338/338 341/341
f 255/255 340/340 337/337
f 338/338 337/337 340/340
f 339/339 333/333 335/335
f 335/335 338/338 339/339
f 336/336 337/337 338/338
f 338/338 335/335 336/336
f 253/253 255/255 337/337
f 337/337 336/336 253/253
f 250/250 253/253 336/336
f 334/334 336/336 335/335
f 336/336 334/334 250/250
f 332/332 335/335 333/333
f 335/335 332/332 334/334
f 250/250 334/334 251/251
f 341/341 346/346 348/348
f 345/345 293/293 347/347
f 346/346 341/341 340/340
f 340/340 344/344 346/346
f 293/293 345/345 268/268
f 345/345 262/262 268/268
f 344/344 343/343 345/345
f 262/262 345/345 343/343
f 343/343 344/344 342/342
f 344/344 340/340 342/342
f 257/257 262/262 343/343
f 658/658 878/878 879/879
f 845/845 658/658 879/879
f 342/342 257/257 343/343
f 257/257 342/342 255/255
f 340/340 255/255 342/342
f 645/645 877/877 878/878
f 876/876 877/877 875/875
f 645/645 875/875 877/877
f 845/845 876/876 849/849
f 876/876 853/853 849/849
f 875/875 873/873 876/876
f 873/873 853/853 876/876
f 874/874 875/875 645/645
f 871/871 873/873 875/875
f 874/874 872/872 875/875
f 875/875 872/872 871/871
f 350/350 293/293 299/299
f 349/349 347/347 350/350
f 293/293 350/350 347/347
f 345/345 349/349 344/344
f 347/347 349/349 345/345
f 872/872 870/870 871/871
f 870/870 872/872 634/634
f 871/871 857/857 853/853
f 870/870 857/857 871/871
f 634/634 631/631 870/870
f 869/869 857/857 870/870
f 631/631 869/869 870/870
f 869/869 856/856 857/857
f 858/858 856/856 869/869
f 869/869 631/631 868/868
f 868/868 858/858 869/869
f 879/879 878/878 876/876
f 876/876 845/845 879/879
f 878/878 658/658 655/655
f 655/655 645/645 878/878
f 877/877 876/876 878/878
f 867/867 866/866 859/859
f 859/859 866/866 863/863
f 861/861 859/859 863/863
f 859/859 861/861 860/860
f 855/855 859/859 860/860
f 858/858 859/859 854/854
f 859/859 855/855 854/854
f 856/856 858/858 854/854
f 857/857 852/852 853/853
f 852/852 857/857 856/856
f 856/856 854/854 850/850
f 645/645 639/639 874/874
f 639/639 638/638 874/874
f 874/874 638/638 872/872
f 871/871 853/853 873/873
f 638/638 634/634 872/872
f 852/852 850/850 847/847
f 847/847 846/846 852/852
f 851/851 848/848 850/850
f 847/847 850/850 848/848
f 846/846 845/845 849/849
f 844/844 847/847 848/848
f 846/846 847/847 843/843
f 847/847 844/844 843/843
f 845/845 846/846 839/839
f 843/843 839/839 846/846
f 658/658 845/845 838/838
f 631/631 636/636 868/868
f 868/868 636/636 866/866
f 858/858 868/868 867/867
f 866/866 867/867 868/868
f 858/858 867/867 859/859
f 842/842 841/841 840/840
f 837/837 840/840 841/841
f 839/839 840/840 836/836
f 840/840 837/837 836/836
f 838/838 839/839 835/835
f 835/835 839/839 836/836
f 656/656 658/658 838/838
f 835/835 834/834 838/838
f 838/838 834/834 656/656
f 832/832 836/836 837/837
f 836/836 831/831 835/835
f 850/850 852/852 856/856
f 855/855 851/851 854/854
f 850/850 854/854 851/851
f 846/846 853/853 852/852
f 849/849 853/853 846/846
f 660/660 834/834 830/830
f 828/828 833/833 831/831
f 830/830 833/833 828/828
f 826/826 831/831 832/832
f 828/828 831/831 829/829
f 831/831 826/826 829/829
f 663/663 660/660 830/830
f 827/827 830/830 828/828
f 830/830 827/827 663/663
f 825/825 828/828 829/829
f 826/826 825/825 829/829
f 839/839 838/838 845/845
f 841/841 843/843 844/844
f 839/839 843/843 842/842
f 843/843 841/841 842/842
f 839/839 842/842 840/840
f 824/824 815/815 825/825
f 825/825 823/823 824/824
f 824/824 822/822 815/815
f 823/823 822/822 824/824
f 822/822 823/823 818/818
f 811/811 815/815 822/822
f 813/813 811/811 822/822
f 813/813 822/822 818/818
f 821/821 819/819 820/820
f 819/819 817/817 820/820
f 808/808 814/814 819/819
f 836/836 832/832 831/831
f 834/834 835/835 833/833
f 833/833 835/835 831/831
f 834/834 660/660 656/656
f 833/833 830/830 834/834
f 812/812 813/813 814/814
f 814/814 808/808 812/812
f 811/811 813/813 810/810
f 813/813 812/812 810/810
f 807/807 812/812 808/808
f 807/807 810/810 812/812
f 809/809 811/811 810/810
f 809/809 671/671 811/811
f 810/810 807/807 809/809
f 670/670 671/671 809/809
f 807/807 670/670 809/809
f 815/815 827/827 828/828
f 828/828 825/825 815/815
f 671/671 663/663 827/827
f 815/815 671/671 827/827
f 825/825 826/826 823/823
f 803/803 804/804 806/806
f 799/799 801/801 805/805
f 805/805 801/801 803/803
f 803/803 802/802 804/804
f 673/673 804/804 802/802
f 802/802 803/803 801/801
f 802/802 669/669 673/673
f 669/669 802/802 676/676
f 695/695 676/676 802/802
f 695/695 802/802 801/801
f 795/795 801/801 799/799
f 817/817 819/819 814/814
f 813/813 818/818 816/816
f 814/814 816/816 817/817
f 816/816 814/814 813/813
f 671/671 815/815 811/811
f 796/796 798/798 794/794
f 797/797 793/793 794/794
f 792/792 795/795 796/796
f 794/794 792/792 796/796
f 693/693 695/695 795/795
f 792/792 693/693 795/795
f 793/793 790/790 794/794
f 790/790 792/792 794/794
f 788/788 793/793 791/791
f 790/790 793/793 788/788
f 693/693 792/792 690/690
f 804/804 807/807 808/808
f 808/808 806/806 804/804
f 670/670 807/807 673/673
f 804/804 673/673 807/807
f 806/806 805/805 803/803
f 787/787 785/785 789/789
f 692/692 788/788 761/761
f 761/761 788/788 786/786
f 785/785 787/787 633/633
f 762/762 761/761 786/786
f 784/784 762/762 786/786
f 785/785 633/633 628/628
f 783/783 785/785 628/628
f 762/762 784/784 763/763
f 782/782 763/763 784/784
f 783/783 628/628 623/623
f 801/801 795/795 695/695
f 796/796 799/799 800/800
f 800/800 798/798 796/796
f 799/799 796/796 795/795
f 794/794 798/798 797/797
f 781/781 623/623 618/618
f 781/781 616/616 772/772
f 616/616 781/781 618/618
f 780/780 162/162 165/165
f 165/165 189/189 780/780
f 780/780 156/156 162/162
f 189/189 749/749 780/780
f 156/156 780/780 779/779
f 749/749 779/779 780/780
f 153/153 156/156 779/779
f 779/779 749/749 778/778
f 792/792 790/790 690/690
f 786/786 788/788 791/791
f 692/692 690/690 790/790
f 788/788 692/692 790/790
f 785/785 783/783 789/789
f 159/159 158/158 775/775
f 775/775 777/777 159/159
f 775/775 613/613 777/777
f 774/774 773/773 775/775
f 613/613 775/775 773/773
f 774/774 749/749 750/750
f 773/773 774/774 770/770
f 750/750 770/770 774/774
f 773/773 608/608 613/613
f 770/770 771/771 773/773
f 608/608 773/773 771/771
f 763/763 782/782 766/766
f 782/782 783/783 781/781
f 781/781 783/783 623/623
f 766/766 782/782 772/772
f 772/772 782/782 781/781
f 605/605 771/771 769/769
f 609/609 769/769 768/768
f 771/771 770/770 767/767
f 767/767 769/769 771/771
f 770/770 750/750 751/751
f 751/751 767/767 770/770
f 765/765 768/768 769/769
f 769/769 767/767 765/765
f 764/764 766/766 768/768
f 768/768 765/765 764/764
f 767/767 751/751 753/753
f 778/778 153/153 779/779
f 153/153 778/778 158/158
f 749/749 774/774 778/778
f 774/774 158/158 778/778
f 158/158 774/774 775/775
f 764/764 757/757 760/760
f 763/763 758/758 762/762
f 758/758 763/763 760/760
f 759/759 761/761 762/762
f 758/758 759/759 762/762
f 761/761 697/697 692/692
f 697/697 761/761 759/759
f 757/757 758/758 760/760
f 703/703 697/697 759/759
f 759/759 758/758 756/756
f 759/759 756/756 703/703
f 609/609 772/772 616/616
f 768/768 766/766 772/772
f 772/772 609/609 768/768
f 771/771 605/605 608/608
f 769/769 609/609 605/605
f 756/756 755/755 754/754
f 741/741 756/756 754/754
f 752/752 754/754 755/755
f 743/743 741/741 754/754
f 754/754 752/752 743/743
f 753/753 748/748 752/752
f 748/748 753/753 751/751
f 748/748 743/743 752/752
f 747/747 751/751 750/750
f 751/751 747/747 748/748
f 746/746 750/750 749/749
f 753/753 765/765 767/767
f 764/764 763/763 766/766
f 765/765 753/753 757/757
f 757/757 764/764 765/765
f 760/760 763/763 764/764
f 745/745 744/744 747/747
f 189/189 202/202 746/746
f 745/745 746/746 202/202
f 745/745 202/202 730/730
f 739/739 744/744 745/745
f 730/730 739/739 745/745
f 743/743 744/744 740/740
f 744/744 739/739 740/740
f 741/741 743/743 742/742
f 740/740 742/742 743/743
f 738/738 741/741 742/742
f 757/757 755/755 758/758
f 755/755 756/756 758/758
f 752/752 757/757 753/753
f 757/757 752/752 755/755
f 756/756 741/741 703/703
f 730/730 731/731 739/739
f 739/739 731/731 734/734
f 738/738 701/701 699/699
f 734/734 736/736 738/738
f 701/701 738/738 736/736
f 736/736 737/737 701/701
f 737/737 698/698 701/701
f 712/712 698/698 737/737
f 735/735 737/737 736/736
f 737/737 735/735 712/712
f 736/736 734/734 732/732
f 750/750 746/746 747/747
f 749/749 189/189 746/746
f 748/748 747/747 744/744
f 743/743 748/748 744/744
f 746/746 745/745 747/747
f 731/731 732/732 734/734
f 726/726 720/720 733/733
f 732/732 726/726 733/733
f 731/731 728/728 732/732
f 726/726 732/732 728/728
f 731/731 730/730 729/729
f 729/729 728/728 731/731
f 200/200 730/730 202/202
f 203/203 730/730 200/200
f 730/730 203/203 729/729
f 728/728 729/729 727/727
f 740/740 738/738 742/742
f 699/699 703/703 741/741
f 741/741 738/738 699/699
f 739/739 734/734 740/740
f 738/738 740/740 734/734
f 722/722 720/720 726/726
f 725/725 722/722 726/726
f 470/470 471/471 725/725
f 722/722 725/725 724/724
f 725/725 471/471 724/724
f 722/722 724/724 721/721
f 471/471 721/721 724/724
f 721/721 471/471 723/723
f 471/471 472/472 723/723
f 472/472 479/479 723/723
f 479/479 721/721 723/723
f 736/736 733/733 735/735
f 733/733 736/736 732/732
f 712/712 735/735 716/716
f 720/720 716/716 735/735
f 735/735 733/733 720/720
f 716/716 720/720 718/718
f 719/719 515/515 518/518
f 518/518 718/718 719/719
f 718/718 518/518 522/522
f 718/718 717/717 716/716
f 718/718 522/522 717/717
f 522/522 571/571 717/717
f 715/715 716/716 717/717
f 571/571 715/715 717/717
f 716/716 714/714 712/712
f 715/715 714/714 716/716
f 203/203 727/727 729/729
f 728/728 725/725 726/726
f 725/725 728/728 727/727
f 203/203 470/470 727/727
f 470/470 725/725 727/727
f 709/709 708/708 713/713
f 708/708 711/711 713/713
f 698/698 712/712 700/700
f 712/712 711/711 710/710
f 700/700 712/712 710/710
f 711/711 708/708 705/705
f 705/705 710/710 711/711
f 702/702 700/700 710/710
f 710/710 705/705 702/702
f 571/571 570/570 709/709
f 709/709 570/570 574/574
f 721/721 719/719 722/722
f 719/719 720/720 722/722
f 721/721 479/479 515/515
f 515/515 719/719 721/721
f 720/720 719/719 718/718
f 707/707 580/580 706/706
f 705/705 706/706 704/704
f 706/706 580/580 704/704
f 705/705 704/704 702/702
f 704/704 580/580 579/579
f 579/579 583/583 704/704
f 680/680 704/704 583/583
f 704/704 680/680 702/702
f 694/694 697/697 703/703
f 703/703 699/699 694/694
f 700/700 702/702 680/680
f 715/715 571/571 709/709
f 714/714 715/715 713/713
f 715/715 709/709 713/713
f 711/711 712/712 714/714
f 711/711 714/714 713/713
f 698/698 681/681 683/683
f 698/698 683/683 696/696
f 691/691 692/692 697/697
f 697/697 694/694 691/691
f 696/696 683/683 685/685
f 694/694 696/696 685/685
f 688/688 676/676 695/695
f 695/695 693/693 688/688
f 694/694 685/685 691/691
f 690/690 688/688 693/693
f 692/692 691/691 689/689
f 709/709 707/707 708/708
f 709/709 574/574 707/707
f 706/706 708/708 707/707
f 708/708 706/706 705/705
f 707/707 574/574 580/580
f 687/687 689/689 686/686
f 688/688 678/678 676/676
f 687/687 678/678 688/688
f 684/684 687/687 686/686
f 687/687 684/684 678/678
f 685/685 682/682 686/686
f 682/682 684/684 686/686
f 683/683 682/682 685/685
f 675/675 678/678 684/684
f 682/682 675/675 684/684
f 683/683 679/679 682/682
f 699/699 701/701 696/696
f 701/701 698/698 696/696
f 680/680 681/681 700/700
f 681/681 698/698 700/700
f 699/699 696/696 694/694
f 680/680 650/650 677/677
f 675/675 679/679 674/674
f 679/679 677/677 674/674
f 678/678 675/675 672/672
f 672/672 676/676 678/678
f 650/650 674/674 677/677
f 676/676 672/672 669/669
f 674/674 667/667 675/675
f 667/667 672/672 675/675
f 674/674 650/650 652/652
f 667/667 674/674 652/652
f 690/690 692/692 689/689
f 685/685 686/686 691/691
f 691/691 686/686 689/689
f 689/689 687/687 690/690
f 688/688 690/690 687/687
f 669/669 665/665 670/670
f 668/668 670/670 665/665
f 669/669 666/666 665/665
f 662/662 663/663 668/668
f 665/665 662/662 668/668
f 664/664 666/666 667/667
f 652/652 664/664 667/667
f 661/661 665/665 666/666
f 666/666 664/664 661/661
f 662/662 665/665 661/661
f 652/652 651/651 664/664
f 679/679 683/683 681/681
f 675/675 682/682 679/679
f 681/681 680/680 677/677
f 677/677 679/679 681/681
f 583/583 650/650 680/680
f 651/651 657/657 661/661
f 659/659 654/654 660/660
f 654/654 656/656 660/660
f 654/654 659/659 657/657
f 656/656 655/655 658/658
f 651/651 654/654 657/657
f 655/655 656/656 653/653
f 654/654 653/653 656/656
f 645/645 655/655 647/647
f 653/653 647/647 655/655
f 649/649 653/653 654/654
f 669/669 670/670 673/673
f 672/672 667/667 666/666
f 666/666 669/669 672/672
f 670/670 668/668 671/671
f 663/663 671/671 668/668
f 583/583 585/585 650/650
f 585/585 648/648 650/650
f 646/646 649/649 648/648
f 646/646 647/647 649/649
f 585/585 646/646 648/648
f 644/644 645/645 647/647
f 646/646 644/644 647/647
f 646/646 585/585 586/586
f 586/586 644/644 646/646
f 642/642 645/645 644/644
f 639/639 645/645 642/642
f 661/661 664/664 651/651
f 663/663 662/662 659/659
f 660/660 663/663 659/659
f 657/657 662/662 661/661
f 657/657 659/659 662/662
f 642/642 640/640 639/639
f 640/640 642/642 641/641
f 589/589 641/641 584/584
f 589/589 640/640 641/641
f 590/590 640/640 589/589
f 594/594 640/640 590/590
f 626/626 639/639 640/640
f 640/640 594/594 626/626
f 638/638 639/639 637/637
f 639/639 626/626 637/637
f 634/634 638/638 630/630
f 649/649 654/654 651/651
f 649/649 647/647 653/653
f 651/651 652/652 648/648
f 650/650 648/648 652/652
f 648/648 649/649 651/651
f 634/634 627/627 631/631
f 634/634 622/622 627/627
f 631/631 629/629 632/632
f 629/629 631/631 627/627
f 625/625 622/622 630/630
f 627/627 624/624 629/629
f 624/624 627/627 622/622
f 599/599 626/626 594/594
f 620/620 625/625 626/626
f 626/626 599/599 620/620
f 622/622 625/625 621/621
f 644/644 586/586 643/643
f 642/642 644/644 643/643
f 586/586 584/584 643/643
f 641/641 642/642 643/643
f 641/641 643/643 584/584
f 599/599 617/617 620/620
f 619/619 617/617 615/615
f 604/604 617/617 599/599
f 614/614 615/615 617/617
f 614/614 617/617 604/604
f 615/615 614/614 610/610
f 603/603 614/614 604/604
f 603/603 610/610 614/614
f 607/607 611/611 612/612
f 602/602 601/601 611/611
f 611/611 607/607 602/602
f 637/637 630/630 638/638
f 626/626 625/625 637/637
f 625/625 630/630 637/637
f 636/636 631/631 632/632
f 622/622 634/634 630/630
f 597/597 602/602 603/603
f 603/603 598/598 597/597
f 601/601 602/602 600/600
f 597/597 600/600 602/602
f 548/548 601/601 545/545
f 600/600 545/545 601/601
f 545/545 600/600 546/546
f 600/600 551/551 546/546
f 600/600 597/597 551/551
f 596/596 598/598 599/599
f 599/599 594/594 596/596
f 620/620 621/621 625/625
f 622/622 619/619 624/624
f 619/619 622/622 621/621
f 621/621 620/620 617/617
f 617/617 619/619 621/621
f 596/596 591/591 593/593
f 595/595 549/549 551/551
f 593/593 549/549 595/595
f 594/594 590/590 591/591
f 593/593 592/592 549/549
f 593/593 591/591 592/592
f 549/549 592/592 552/552
f 591/591 552/552 592/592
f 588/588 591/591 590/590
f 552/552 591/591 588/588
f 589/589 587/587 590/590
f 610/610 603/603 606/606
f 606/606 602/602 607/607
f 602/602 606/606 603/603
f 598/598 604/604 599/599
f 603/603 604/604 598/598
f 587/587 584/584 558/558
f 581/581 586/586 585/585
f 584/584 586/586 581/581
f 585/585 583/583 582/582
f 585/585 582/582 581/581
f 584/584 561/561 558/558
f 581/581 561/561 584/584
f 583/583 579/579 582/582
f 578/578 581/581 582/582
f 578/578 582/582 579/579
f 565/565 561/561 581/581
f 597/597 598/598 595/595
f 596/596 595/595 598/598
f 597/597 595/595 551/551
f 591/591 596/596 594/594
f 593/593 595/595 596/596
f 575/575 578/578 577/577
f 578/578 575/575 565/565
f 573/573 577/577 576/576
f 577/577 573/573 575/575
f 576/576 574/574 572/572
f 573/573 576/576 572/572
f 563/563 565/565 575/575
f 563/563 575/575 573/573
f 570/570 572/572 574/574
f 573/573 562/562 563/563
f 572/572 568/568 573/573
f 590/590 587/587 588/588
f 584/584 587/587 589/589
f 588/588 557/557 552/552
f 588/588 587/587 557/557
f 587/587 558/558 557/557
f 570/570 567/567 568/568
f 569/569 567/567 570/570
f 520/520 523/523 569/569
f 567/567 569/569 523/523
f 567/567 564/564 568/568
f 562/562 568/568 564/564
f 566/566 567/567 523/523
f 567/567 566/566 564/564
f 519/519 566/566 523/523
f 519/519 525/525 566/566
f 566/566 525/525 537/537
f 565/565 581/581 578/578
f 576/576 579/579 580/580
f 574/574 576/576 580/580
f 578/578 579/579 577/577
f 579/579 576/576 577/577
f 562/562 537/537 559/559
f 560/560 562/562 559/559
f 561/561 560/560 556/556
f 556/556 558/558 561/561
f 555/555 560/560 559/559
f 560/560 555/555 556/556
f 539/539 559/559 537/537
f 559/559 539/539 555/555
f 557/557 558/558 554/554
f 558/558 556/556 554/554
f 550/550 552/552 557/557
f 568/568 562/562 573/573
f 572/572 570/570 568/568
f 520/520 571/571 522/522
f 570/570 571/571 569/569
f 571/571 520/520 569/569
f 553/553 550/550 554/554
f 543/543 553/553 541/541
f 550/550 553/553 543/543
f 549/549 552/552 547/547
f 550/550 547/547 552/552
f 551/551 549/549 546/546
f 547/547 550/550 543/543
f 549/549 544/544 546/546
f 544/544 549/549 547/547
f 533/533 548/548 538/538
f 545/545 538/538 548/548
f 566/566 537/537 564/564
f 565/565 563/563 561/561
f 537/537 562/562 564/564
f 562/562 560/560 563/563
f 561/561 563/563 560/560
f 540/540 542/542 544/544
f 540/540 543/543 541/541
f 535/535 538/538 542/542
f 542/542 540/540 535/535
f 540/540 541/541 536/536
f 536/536 541/541 539/539
f 536/536 535/535 540/540
f 537/537 534/534 539/539
f 536/536 539/539 534/534
f 532/532 533/533 538/538
f 538/538 535/535 532/532
f 557/557 554/554 550/550
f 556/556 555/555 553/553
f 554/554 556/556 553/553
f 541/541 555/555 539/539
f 541/541 553/553 555/555
f 531/531 534/534 527/527
f 533/533 532/532 530/530
f 530/530 529/529 533/533
f 532/532 531/531 528/528
f 528/528 530/530 532/532
f 527/527 528/528 531/531
f 526/526 529/529 530/530
f 530/530 528/528 526/526
f 505/505 529/529 507/507
f 529/529 526/526 507/507
f 528/528 527/527 524/524
f 543/543 544/544 547/547
f 546/546 542/542 545/545
f 542/542 546/546 544/544
f 538/538 545/545 542/542
f 544/544 543/543 540/540
f 521/521 525/525 519/519
f 510/510 508/508 524/524
f 524/524 521/521 510/510
f 520/520 517/517 523/523
f 517/517 519/519 523/523
f 522/522 516/516 520/520
f 516/516 522/522 518/518
f 519/519 510/510 521/521
f 516/516 517/517 520/520
f 510/510 519/519 512/512
f 517/517 512/512 519/519
f 534/534 537/537 525/525
f 535/535 536/536 531/531
f 534/534 531/531 536/536
f 531/531 532/532 535/535
f 525/525 527/527 534/534
f 486/486 515/515 479/479
f 515/515 486/486 513/513
f 514/514 513/513 511/511
f 511/511 512/512 514/514
f 511/511 513/513 486/486
f 512/512 511/511 509/509
f 510/510 512/512 509/509
f 487/487 511/511 486/486
f 487/487 509/509 511/511
f 506/506 510/510 509/509
f 508/508 510/510 506/506
f 524/524 526/526 528/528
f 527/527 525/525 521/521
f 521/521 524/524 527/527
f 508/508 507/507 526/526
f 526/526 524/524 508/508
f 500/500 507/507 504/504
f 504/504 506/506 489/489
f 500/500 501/501 505/505
f 489/489 491/491 504/504
f 491/491 500/500 504/504
f 503/503 497/497 502/502
f 501/501 497/497 503/503
f 502/502 495/495 496/496
f 497/497 495/495 502/502
f 501/501 500/500 499/499
f 497/497 501/501 499/499
f 518/518 513/513 516/516
f 513/513 518/518 515/515
f 514/514 517/517 516/516
f 512/512 517/517 514/514
f 513/513 514/514 516/516
f 430/430 498/498 496/496
f 497/497 494/494 495/495
f 433/433 430/430 496/496
f 495/495 433/433 496/496
f 494/494 493/493 495/495
f 433/433 495/495 493/493
f 492/492 482/482 494/494
f 494/494 482/482 493/493
f 454/454 433/433 493/493
f 482/482 454/454 493/493
f 491/491 490/490 492/492
f 509/509 487/487 489/489
f 489/489 506/506 509/509
f 507/507 508/508 504/504
f 506/506 504/504 508/508
f 500/500 505/505 507/507
f 485/485 488/488 489/489
f 489/489 487/487 485/485
f 484/484 488/488 485/485
f 487/487 486/486 483/483
f 485/485 487/487 483/483
f 486/486 479/479 477/477
f 486/486 477/477 483/483
f 485/485 481/481 484/484
f 481/481 485/485 483/483
f 482/482 484/484 480/480
f 481/481 480/480 484/484
f 500/500 491/491 492/492
f 500/500 492/492 499/499
f 499/499 494/494 497/497
f 499/499 492/492 494/494
f 430/430 429/429 498/498
f 481/481 476/476 478/478
f 480/480 457/457 454/454
f 457/457 480/480 478/478
f 472/472 474/474 479/479
f 477/477 479/479 474/474
f 476/476 457/457 478/478
f 474/474 475/475 477/477
f 458/458 457/457 476/476
f 461/461 458/458 476/476
f 461/461 476/476 475/475
f 475/475 474/474 473/473
f 482/482 492/492 490/490
f 491/491 489/489 488/488
f 491/491 488/488 490/490
f 484/484 482/482 490/490
f 488/488 484/484 490/490
f 472/472 467/467 469/469
f 470/470 468/468 471/471
f 468/468 467/467 471/471
f 205/205 470/470 203/203
f 470/470 205/205 468/468
f 461/461 469/469 463/463
f 467/467 463/463 469/469
f 207/207 468/468 205/205
f 466/466 467/467 468/468
f 468/468 207/207 466/466
f 467/467 466/466 464/464
f 475/475 483/483 477/477
f 483/483 475/475 481/481
f 454/454 482/482 480/480
f 476/476 481/481 475/475
f 480/480 481/481 478/478
f 464/464 465/465 462/462
f 227/227 462/462 465/465
f 464/464 460/460 463/463
f 460/460 464/464 462/462
f 461/461 463/463 459/459
f 460/460 459/459 463/463
f 462/462 227/227 246/246
f 246/246 460/460 462/462
f 458/458 461/461 459/459
f 460/460 246/246 452/452
f 452/452 459/459 460/460
f 473/473 461/461 475/475
f 474/474 469/469 473/473
f 469/469 474/474 472/472
f 469/469 461/461 473/473
f 467/467 472/472 471/471
f 455/455 451/451 457/457
f 452/452 450/450 456/456
f 450/450 455/455 456/456
f 450/450 451/451 455/455
f 433/433 454/454 453/453
f 451/451 453/453 454/454
f 453/453 435/435 433/433
f 435/435 453/453 437/437
f 453/453 451/451 437/437
f 247/247 452/452 246/246
f 452/452 448/448 450/450
f 463/463 467/467 464/464
f 225/225 466/466 207/207
f 465/465 464/464 466/466
f 466/466 225/225 465/465
f 225/225 227/227 465/465
f 447/447 450/450 446/446
f 439/439 437/437 449/449
f 449/449 447/447 439/439
f 252/252 448/448 247/247
f 448/448 252/252 446/446
f 447/447 440/440 439/439
f 446/446 443/443 447/447
f 440/440 447/447 443/443
f 445/445 446/446 252/252
f 443/443 446/446 445/445
f 252/252 329/329 445/445
f 459/459 456/456 458/458
f 459/459 452/452 456/456
f 455/455 457/457 458/458
f 456/456 455/455 458/458
f 451/451 454/454 457/457
f 442/442 444/444 398/398
f 441/441 443/443 442/442
f 441/441 440/440 443/443
f 402/402 442/442 398/398
f 405/405 442/442 402/402
f 442/442 405/405 441/441
f 440/440 441/441 438/438
f 405/405 438/438 441/441
f 439/439 440/440 436/436
f 438/438 436/436 440/440
f 437/437 439/439 434/434
f 452/452 247/247 448/448
f 451/451 450/450 449/449
f 437/437 451/451 449/449
f 450/450 448/448 446/446
f 447/447 449/449 450/450
f 436/436 417/417 427/427
f 427/427 434/434 436/436
f 434/434 431/431 435/435
f 433/433 435/435 431/431
f 434/434 427/427 431/431
f 430/430 433/433 428/428
f 431/431 428/428 433/433
f 424/424 423/423 432/432
f 432/432 429/429 424/424
f 427/427 428/428 431/431
f 429/429 430/430 426/426
f 444/444 443/443 445/445
f 444/444 445/445 329/329
f 329/329 324/324 444/444
f 398/398 444/444 324/324
f 443/443 444/444 442/442
f 422/422 425/425 427/427
f 425/425 419/419 426/426
f 424/424 426/426 419/419
f 419/419 425/425 422/422
f 423/423 424/424 420/420
f 420/420 424/424 419/419
f 423/423 418/418 421/421
f 418/418 423/423 420/420
f 417/417 416/416 422/422
f 416/416 419/419 422/422
f 418/418 413/413 421/421
f 436/436 434/434 439/439
f 438/438 405/405 406/406
f 417/417 438/438 406/406
f 417/417 436/436 438/438
f 435/435 437/437 434/434
f 417/417 414/414 416/416
f 414/414 417/417 406/406
f 416/416 410/410 415/415
f 414/414 410/410 416/416
f 415/415 410/410 412/412
f 406/406 407/407 414/414
f 410/410 414/414 407/407
f 55/55 413/413 52/52
f 412/412 411/411 413/413
f 411/411 52/52 413/413
f 410/410 409/409 412/412
f 428/428 426/426 430/430
f 424/424 429/429 426/426
f 428/428 427/427 425/425
f 426/426 428/428 425/425
f 427/427 417/417 422/422
f 48/48 409/409 31/31
f 409/409 28/28 31/31
f 28/28 409/409 408/408
f 407/407 403/403 408/408
f 403/403 28/28 408/408
f 407/407 406/406 404/404
f 403/403 407/407 404/404
f 401/401 406/406 405/405
f 406/406 401/401 404/404
f 399/399 405/405 402/402
f 405/405 399/399 401/401
f 419/419 415/415 420/420
f 418/418 420/420 415/415
f 416/416 415/415 419/419
f 413/413 418/418 412/412
f 415/415 412/412 418/418
f 398/398 399/399 402/402
f 401/401 397/397 400/400
f 397/397 401/401 399/399
f 400/400 10/10 16/16
f 10/10 400/400 397/397
f 399/399 398/398 396/396
f 396/396 397/397 399/399
f 324/324 321/321 398/398
f 321/321 396/396 398/398
f 397/397 396/396 395/395
f 395/395 10/10 397/397
f 412/412 409/409 411/411
f 52/52 411/411 48/48
f 409/409 48/48 411/411
f 410/410 408/408 409/409
f 408/408 410/410 407/407
f 3/3 275/275 6/6
f 361/361 393/393 394/394
f 361/361 394/394 366/366
f 392/392 394/394 393/393
f 392/392 366/366 394/394
f 393/393 361/361 360/360
f 390/390 392/392 393/393
f 393/393 360/360 391/391
f 391/391 390/390 393/393
f 366/366 392/392 370/370
f 376/376 370/370 392/392
f 404/404 400/400 403/403
f 400/400 404/404 401/401
f 28/28 403/403 18/18
f 403/403 16/16 18/18
f 16/16 403/403 400/400
f 376/376 390/390 387/387
f 358/358 385/385 389/389
f 387/387 389/389 388/388
f 389/389 385/385 388/388
f 388/388 385/385 387/387
f 387/387 377/377 376/376
f 385/385 386/386 387/387
f 377/377 387/387 386/386
f 358/358 302/302 385/385
f 386/386 379/379 377/377
f 385/385 383/383 386/386
f 396/396 321/321 280/280
f 280/280 395/395 396/396
f 10/10 395/395 3/3
f 395/395 280/280 275/275
f 3/3 395/395 275/275
f 384/384 380/380 383/383
f 380/380 384/384 382/382
f 380/380 379/379 383/383
f 382/382 306/306 381/381
f 381/381 380/380 382/382
f 306/306 309/309 381/381
f 309/309 380/380 381/381
f 379/379 380/380 378/378
f 309/309 378/378 380/380
f 375/375 377/377 379/379
f 378/378 375/375 379/379
f 376/376 392/392 390/390
f 391/391 360/360 358/358
f 390/390 391/391 389/389
f 358/358 389/389 391/391
f 389/389 387/387 390/390
f 373/373 370/370 376/376
f 376/376 374/374 373/373
f 313/313 319/319 375/375
f 319/319 374/374 375/375
f 372/372 373/373 374/374
f 374/374 319/319 372/372
f 369/369 370/370 373/373
f 373/373 372/372 369/369
f 317/317 372/372 319/319
f 371/371 369/369 372/372
f 372/372 317/317 371/371
f 379/379 386/386 383/383
f 385/385 302/302 306/306
f 383/383 385/385 384/384
f 385/385 382/382 384/384
f 385/385 306/306 382/382
f 368/368 369/369 331/331
f 369/369 368/368 367/367
f 331/331 330/330 368/368
f 333/333 368/368 330/330
f 365/365 367/367 368/368
f 368/368 333/333 365/365
f 367/367 364/364 366/366
f 367/367 365/365 364/364
f 366/366 362/362 361/361
f 366/366 364/364 362/362
f 333/333 339/339 365/365
f 378/378 309/309 311/311
f 311/311 313/313 378/378
f 375/375 378/378 313/313
f 374/374 376/376 377/377
f 377/377 375/375 374/374
f 363/363 348/348 362/362
f 353/353 361/361 362/362
f 362/362 348/348 353/353
f 361/361 357/357 360/360
f 353/353 357/357 361/361
f 360/360 359/359 358/358
f 359/359 360/360 357/357
f 356/356 358/358 359/359
f 357/357 356/356 359/359
f 302/302 358/358 303/303
f 356/356 303/303 358/358
f 317/317 318/318 371/371
f 318/318 331/331 371/371
f 369/369 371/371 331/331
f 370/370 369/369 367/367
f 366/366 370/370 367/367
f 963/963 1011/1011 967/967
f 1008/1008 1011/1011 963/963
f 1009/1009 1010/1010 1006/1006
f 1008/1008 1006/1006 1010/1010
f 1015/1015 1025/1025 1024/1024
f 1023/1023 1024/1024 1025/1025
f 1014/1014 1015/1015 1024/1024
f 1014/1014 1024/1024 1023/1023
f 1022/1022 1017/1017 1023/1023
f 1017/1017 1014/1014 1023/1023
f 1021/1021 1019/1019 1022/1022
f 949/949 1005/1005 1003/1003
f 1004/1004 958/958 955/955
f 1018/1018 1019/1019 1021/1021
f 953/953 949/949 1003/1003
f 1003/1003 955/955 953/953
f 356/356 355/355 352/352
f 354/354 303/303 356/356
f 353/353 355/355 357/357
f 356/356 357/357 355/355
f 955/955 1003/1003 1004/1004

