# https://github.com/mikedh/trimesh
mtllib material.mtl
usemtl M_UE4Man_ChestLogo
v 0.07137382 0.11676688 0.09209502
v 0.06315624 0.14070708 0.06594444
v 0.03936469 0.12369282 0.09334183
v 0.04222071 0.11459369 0.10248781
v 0.01405167 0.12096460 0.10029459
v 0.07707607 0.09655113 0.11309028
v 0.01567423 0.11213953 0.11166060
v 0.00000000 0.12122197 0.10173965
v 0.04635203 0.09647317 0.12083316
v 0.04879117 0.07261402 0.14052379
v 0.07979810 0.07259829 0.13167334
v 0.04917073 0.05034322 0.15655279
v 0.08118331 0.04796548 0.14837349
v 0.01489365 0.05241043 0.16097522
v 0.01479470 0.07162161 0.14670360
v 0.01559269 0.09667129 0.12653947
v 0.00000000 0.11114068 0.11254180
v 0.00000000 0.09591896 0.12722183
v 0.00000000 0.07158823 0.14722324
v 0.00000000 0.05232520 0.16146255
v -0.01489365 0.05241043 0.16097522
v -0.01479471 0.07162161 0.14670360
v -0.01559270 0.09667129 0.12653947
v -0.01567424 0.11213953 0.11166060
v -0.01405168 0.12096460 0.10029459
v -0.04635203 0.09647317 0.12083316
v -0.04879117 0.07261402 0.14052379
v -0.04917074 0.05034322 0.15655279
v -0.07979811 0.07259829 0.13167334
v -0.08118332 0.04796548 0.14837349
v -0.07707608 0.09655113 0.11309028
v -0.04222071 0.11459369 0.10248781
v -0.07137382 0.11676688 0.09209502
v -0.03936470 0.12369282 0.09334183
v -0.06315613 0.14070708 0.06594444
v 0.00000000 -0.11547273 -0.07693684
v 0.03143823 -0.11605208 -0.07730078
v 0.00000000 -0.11405425 -0.07471645
v 0.03122353 -0.11816411 -0.07912588
v 0.00000000 -0.12256091 -0.09471357
v 0.04522681 -0.12014883 -0.07819855
v 0.02866614 -0.12462085 -0.09692657
v 0.00000000 -0.12438469 -0.10044968
v 0.04475498 -0.12190419 -0.08032810
v 0.02804303 -0.12668197 -0.10311401
v 0.00000000 -0.12308328 -0.10261547
v 0.04430449 -0.12894969 -0.09756767
v 0.02795374 -0.12537508 -0.10486889
v 0.04442978 -0.13145440 -0.10479068
v 0.06008768 -0.13684659 -0.09627449
v 0.05923319 -0.13858610 -0.10319543
v 0.05922734 -0.13148349 -0.08010828
v 0.05964803 -0.13013356 -0.07769751
v 0.06748628 -0.13712554 -0.07594681
v 0.06664216 -0.13901453 -0.07868099
v 0.07762623 -0.15070849 -0.06872916
v 0.06901836 -0.14388388 -0.09422731
v 0.07837164 -0.15262108 -0.07175421
v 0.08823967 -0.16252642 -0.05990779
v 0.08213520 -0.15637284 -0.08565354
v 0.06909144 -0.14549094 -0.10010242
v 0.08339846 -0.15826111 -0.09106826
v 0.09611559 -0.16976338 -0.07280266
v 0.06048071 -0.13677805 -0.10521793
v 0.09848082 -0.17154627 -0.07818937
v 0.07086026 -0.14410215 -0.10192024
v 0.08564508 -0.15696745 -0.09218526
v 0.04605293 -0.13022058 -0.10598540
v 0.06578707 -0.12628239 -0.10609901
v 0.05031538 -0.11926394 -0.10806608
v 0.02892947 -0.11338966 -0.10708809
v 0.00000000 -0.11119323 -0.10460913
v 0.00000000 -0.07914870 -0.10966217
v 0.04859698 -0.08100372 -0.11930680
v 0.07278323 -0.07946389 -0.12271619
v 0.04375052 -0.05033140 -0.12833106
v 0.00000000 -0.04964381 -0.11823344
v 0.05721473 -0.04914062 -0.13093781
v 0.03734553 -0.02175503 -0.13615668
v 0.00000000 -0.02172249 -0.12702584
v 0.04563307 -0.01909666 -0.13839030
v 0.01801526 0.00286538 -0.13775062
v 0.00000000 0.00316639 -0.13456666
v 0.03925776 -0.00485330 -0.14129674
v 0.01831782 0.01190598 -0.14668953
v 0.00000000 0.01230402 -0.14319467
v 0.03254962 -0.00031011 -0.14077258
v 0.00000000 0.02020616 -0.15213501
v 0.03237879 0.00765414 -0.14982855
v 0.01860630 0.01857896 -0.15449571
v 0.01857066 0.02359111 -0.15805697
v 0.00000000 0.02418263 -0.15486312
v 0.00000000 0.03946633 -0.15562355
v 0.03301394 0.01495607 -0.15821898
v 0.02039230 0.03969950 -0.15819120
v 0.00000000 0.06734104 -0.15257013
v 0.03393137 0.01961655 -0.16021061
v 0.01992750 0.06849975 -0.15457177
v 0.00000000 0.08593125 -0.14856291
v 0.04517281 0.03674502 -0.16285217
v 0.01960838 0.08738322 -0.15035879
v 0.00000000 0.10196204 -0.14510750
v 0.04403460 0.06987829 -0.15891027
v 0.01932907 0.10390503 -0.14667260
v 0.00000000 0.12233908 -0.13852489
v 0.04387653 0.08914311 -0.15402853
v 0.01790142 0.12330086 -0.13958275
v 0.00000000 0.14427192 -0.13079464
v 0.04374408 0.10528345 -0.14993858
v 0.01662719 0.14576537 -0.13070059
v 0.00000000 0.15048487 -0.12222433
v 0.04391563 0.12482590 -0.14224302
v 0.01717400 0.15146262 -0.12248969
v 0.00000000 0.16053087 -0.11668575
v 0.03205132 0.14777560 -0.13122737
v 0.02730405 0.15238602 -0.12305343
v 0.01761913 0.16195376 -0.11692977
v 0.00000000 0.17538781 -0.10977721
v 0.03973305 0.15709037 -0.12264824
v 0.01807272 0.17696519 -0.11019730
v 0.00000000 0.19665212 -0.10129296
v 0.04328167 0.16523595 -0.11921918
v 0.04457771 0.15218742 -0.13072276
v 0.01843321 0.19799275 -0.10104549
v 0.00000000 0.21300800 -0.09110272
v 0.04322123 0.17960496 -0.11071944
v 0.01800549 0.21456582 -0.09005618
v 0.00000000 0.22199804 -0.08344149
v 0.04263031 0.19954927 -0.09882188
v 0.04968631 0.16633744 -0.12432193
v 0.05055558 0.18127365 -0.11502981
v 0.01770699 0.22312624 -0.08257162
v 0.00000000 0.22842879 -0.07671022
v 0.04373693 0.21621771 -0.08593571
v 0.01737880 0.22898872 -0.07624387
v 0.00000000 0.22877569 -0.07437968
v 0.04281449 0.22472269 -0.07900214
v 0.01652395 0.22557158 -0.07009113
v 0.00000000 0.22516854 -0.07084274
v 0.01718807 0.22943766 -0.07359540
v 0.03760349 0.22625978 -0.06700229
v 0.03861522 0.23021478 -0.06972992
v 0.05315149 0.22605843 -0.05974912
v 0.04033053 0.22980280 -0.07228708
v 0.05457115 0.22964055 -0.06130719
v 0.06130326 0.22508485 -0.05386102
v 0.05677390 0.22974426 -0.06375599
v 0.06291163 0.22879309 -0.05516123
v 0.06796825 0.22293801 -0.04631853
v 0.06152367 0.22572417 -0.07026684
v 0.06528794 0.22899241 -0.05739748
v 0.06976533 0.22677178 -0.04736078
v 0.07539057 0.22229762 -0.03829825
v 0.07349062 0.21832556 -0.03904497
v 0.07231533 0.22706670 -0.04938471
v 0.07115173 0.22541113 -0.06352174
v 0.07690680 0.21263284 -0.02397930
v 0.07637107 0.20839173 -0.02577698
v 0.07908964 0.22319586 -0.03894043
v 0.07946932 0.22392494 -0.05502844
v 0.07412457 0.19766206 -0.00542330
v 0.07407236 0.19317169 -0.00763941
v 0.08074557 0.21340747 -0.02329182
v 0.06914603 0.18270118 0.01196516
v 0.06844258 0.17903752 0.00924516
v 0.07725143 0.19798178 -0.00426483
v 0.06210386 0.17008943 0.02691448
v 0.06120026 0.16629274 0.02385164
v 0.04677283 0.15063483 0.04626918
v 0.07139861 0.18311925 0.01313710
v 0.04754507 0.15339238 0.05100966
v 0.02773750 0.13330967 0.07096494
v 0.06426501 0.16995544 0.02852035
v 0.02875197 0.13693363 0.07454169
v 0.00965464 0.12745101 0.07828558
v 0.04942500 0.15280945 0.05317688
v 0.07128524 0.16505654 0.03251446
v 0.00000000 0.13021369 0.08261311
v 0.00000000 0.12662322 0.07914675
v 0.00996089 0.13089366 0.08170224
v 0.02976727 0.13595063 0.07816077
v 0.01044500 0.13053317 0.08546531
v 0.00000000 0.12976558 0.08645964
v 0.00000000 0.12558539 0.09441448
v 0.01298833 0.12617404 0.09272659
v 0.05572843 0.14821024 0.05754543
v 0.03389954 0.13115723 0.08453000
v 0.01404381 0.12088496 0.10023487
v 0.00000000 0.12114889 0.10167229
v 0.06313741 0.14063162 0.06588209
v 0.01566636 0.11206515 0.11159444
v 0.00000000 0.11106879 0.11247242
v 0.03934645 0.12362022 0.09327603
v 0.04220319 0.11452121 0.10242164
v 0.01558542 0.09660525 0.12646509
v 0.00000000 0.09585197 0.12714804
v 0.04633617 0.09640498 0.12076223
v 0.01478708 0.07156045 0.14662528
v 0.00000000 0.07152636 0.14714515
v 0.07705819 0.09648306 0.11301959
v 0.01488566 0.05235071 0.16089583
v 0.00000000 0.05226547 0.16138292
v 0.04877388 0.07255299 0.14044678
v 0.00455188 0.03548128 0.16934669
v 0.00000000 0.03582556 0.16916216
v 0.04915166 0.05028541 0.15647388
v 0.00222122 0.03064949 0.16805613
v 0.00000000 0.03072090 0.16773093
v 0.00000000 0.02383620 0.17016578
v 0.01599037 0.02513642 0.17415989
v 0.00300955 0.02388234 0.16946197
v 0.00000000 0.00767536 0.17206407
v 0.00706696 0.02312464 0.17380441
v 0.00464940 0.00751776 0.17228043
v 0.00000000 -0.00132065 0.17173803
v 0.00992059 0.00851745 0.17706430
v 0.00648617 -0.00155192 0.17196572
v 0.00000000 -0.00921707 0.17140734
v 0.01255011 0.00603897 0.17765773
v 0.01748621 0.01309867 0.17817974
v 0.00711310 -0.00952201 0.17172814
v 0.00000000 -0.01628595 0.17112911
v 0.02062189 -0.00988167 0.17181993
v 0.02536106 0.00020415 0.17828954
v 0.02847039 0.00696249 0.17975188
v 0.04793727 0.02457566 0.16981471
v 0.04587209 0.00094731 0.17901480
v 0.04386854 -0.00726323 0.17712248
v 0.08115887 0.04790981 0.14829445
v 0.08021831 0.02205081 0.16134477
v 0.07862150 -0.00762158 0.17300630
v 0.07977581 0.07253940 0.13159609
v 0.10844242 0.04622502 0.13776744
v 0.10750568 0.07343621 0.12134385
v 0.10462236 0.09665150 0.10305155
v 0.10648477 0.01935656 0.15192747
v 0.13230240 0.07488138 0.10903657
v 0.13325751 0.04384942 0.12755394
v 0.12913215 0.09690435 0.09434128
v 0.15218150 0.07572956 0.09932900
v 0.15063190 0.09637744 0.08552063
v 0.12499678 0.11866243 0.07462955
v 0.14794302 0.11708183 0.06786096
v 0.07135641 0.11669237 0.09203112
v 0.10067522 0.11852843 0.08237970
v 0.09636688 0.14153785 0.05790043
v 0.08268845 0.15689463 0.04032290
v 0.12126243 0.13991399 0.05148185
v 0.08156204 0.17845542 0.01653362
v 0.11470091 0.16006226 0.02843774
v 0.09389233 0.17098207 0.02135432
v 0.08797848 0.19460160 -0.00264799
v 0.10507774 0.18761058 -0.00112378
v 0.09227431 0.20975942 -0.02284348
v 0.08995795 0.21924431 -0.03989649
v 0.11006486 0.20235164 -0.02352452
v 0.12434351 0.17791981 -0.00060105
v 0.11082506 0.20942337 -0.04273629
v 0.12834727 0.19333656 -0.02528560
v 0.14386582 0.15582783 0.02525127
v 0.14466297 0.17330165 -0.00127983
v 0.14517593 0.13843972 0.04541886
v 0.16420340 0.13598497 0.04272187
v 0.16613984 0.11538775 0.06349325
v 0.16387140 0.15302510 0.02352906
v 0.17546355 0.13417537 0.04065228
v 0.16784990 0.09609456 0.07734168
v 0.17826569 0.11265940 0.05791474
v 0.17413103 0.15140862 0.02290607
v 0.16345012 0.16943414 -0.00306880
v 0.14541411 0.18584604 -0.02580797
v 0.17312598 0.16686899 -0.00308585
v 0.12872302 0.20037038 -0.04472005
v 0.16266799 0.17907912 -0.02579820
v 0.14600491 0.19191773 -0.04624247
v 0.12685477 0.19919319 -0.06010258
v 0.14537227 0.19059891 -0.06033671
v 0.16159022 0.18394203 -0.04712498
v 0.17216575 0.17482454 -0.02629161
v 0.17184710 0.17702098 -0.04638338
v 0.16119134 0.18264360 -0.06067145
v 0.17142284 0.17595238 -0.06031346
v 0.17282223 0.17429752 -0.04658150
v 0.17371487 0.17243058 -0.02611875
v 0.17465901 0.16492040 -0.00366020
v 0.17008352 0.16823775 -0.04736268
v 0.17606246 0.14968903 0.02194274
v 0.17153227 0.16508050 -0.02687394
v 0.17371642 0.15677781 -0.00536775
v 0.17756664 0.13277430 0.03920055
v 0.17655015 0.14222510 0.01763070
v 0.16637802 0.15698845 -0.02783167
v 0.16955244 0.14554221 -0.00724709
v 0.16564119 0.16005249 -0.04697752
v 0.16837561 0.14167375 -0.03014457
v 0.16825378 0.14512736 -0.04627680
v 0.16545009 0.15929467 -0.05807340
v 0.17248714 0.17340524 -0.06003654
v 0.16878772 0.16705699 -0.05995798
v 0.17093360 0.17222709 -0.07397353
v 0.17208731 0.16985662 -0.07322156
v 0.16076219 0.17810638 -0.07647252
v 0.17018676 0.16618807 -0.08620810
v 0.14385903 0.18392176 -0.07739377
v 0.16091704 0.17101807 -0.08888697
v 0.17152405 0.16406960 -0.08528804
v 0.16965460 0.15817160 -0.09772932
v 0.14233589 0.17570073 -0.09064901
v 0.16742706 0.16322000 -0.07228327
v 0.16128671 0.16195244 -0.10058796
v 0.16519403 0.15588016 -0.06889939
v 0.16565180 0.15152843 -0.07866096
v 0.16875195 0.14255149 -0.06256509
v 0.16776406 0.15772874 -0.08334660
v 0.16980266 0.13429434 -0.07680964
v 0.17117560 0.15630526 -0.09664106
v 0.16538834 0.14474971 -0.08729779
v 0.16831565 0.15026040 -0.09369635
v 0.16597140 0.13720317 -0.09470534
v 0.16131139 0.13093800 -0.07479429
v 0.16882837 0.14142508 -0.10204720
v 0.16033721 0.13859350 -0.06158769
v 0.17173922 0.14601297 -0.10692775
v 0.15987551 0.14098162 -0.04648626
v 0.17052924 0.14767463 -0.10819578
v 0.15998840 0.13777978 -0.03152966
v 0.13271773 0.09637351 -0.04800915
v 0.16066074 0.12942035 -0.01873755
v 0.16910088 0.13265736 -0.01634705
v 0.17033159 0.11929567 -0.00674784
v 0.16180181 0.11703248 -0.00983774
v 0.17329299 0.13251824 0.01193416
v 0.17190158 0.10339362 -0.00264322
v 0.17848444 0.12631137 0.03486800
v 0.17177796 0.11489839 0.02448559
v 0.17970061 0.10892946 0.04675520
v 0.16325748 0.10228903 -0.00603223
v 0.16483104 0.08718128 -0.00783491
v 0.17360043 0.08709843 -0.00458717
v 0.18051052 0.11070366 0.05593872
v 0.16726088 0.10379739 0.02223933
v 0.16631007 0.07374973 -0.01500237
v 0.16757118 0.10389740 0.02544296
v 0.16800487 0.07839853 0.02108705
v 0.17520225 0.07260711 -0.01232207
v 0.17270243 0.10542471 0.03156710
v 0.16746652 0.07685227 0.02394367
v 0.16996491 0.05502124 0.00882089
v 0.17489671 0.08318896 0.04808927
v 0.18109619 0.08898468 0.06039489
v 0.17568290 0.06746037 0.05668843
v 0.16879523 0.05231471 0.01124347
v 0.17653250 0.06209106 -0.02495098
v 0.17229557 0.03786952 -0.01144874
v 0.16749012 0.06378896 -0.02655124
v 0.17726373 0.05637712 -0.04031622
v 0.16822517 0.05869944 -0.04096567
v 0.16840267 0.05911333 -0.05625510
v 0.16800320 0.06499405 -0.07036984
v 0.17745125 0.05682439 -0.05681348
v 0.17310440 0.02906437 -0.03592646
v 0.17378330 0.02971716 -0.05861103
v 0.17702043 0.06316752 -0.07203757
v 0.17418861 0.03748233 -0.08290517
v 0.16708076 0.07554741 -0.08140373
v 0.17195952 0.04478557 -0.09445274
v 0.17602551 0.07455022 -0.08393860
v 0.17280662 0.03495462 -0.08434379
v 0.17460084 0.08943553 -0.09090912
v 0.16984975 0.05826373 -0.10644805
v 0.16575992 0.08934803 -0.08786630
v 0.16421914 0.10453219 -0.08888507
v 0.16266644 0.11904902 -0.08432233
v 0.17293894 0.10581309 -0.09200799
v 0.17126405 0.12147088 -0.08708656
v 0.16664266 0.12920434 -0.10128450
v 0.16686403 0.11645193 -0.11028099
v 0.16942942 0.13213761 -0.10956943
v 0.16790878 0.10189182 -0.11775732
v 0.17025339 0.11817462 -0.11751473
v 0.17239117 0.13526828 -0.11638581
v 0.16825628 0.08479423 -0.12047124
v 0.17190075 0.10240454 -0.12393987
v 0.17344725 0.12033875 -0.12610912
v 0.17149222 0.13672537 -0.11783385
v 0.17201698 0.12143345 -0.12792706
v 0.17532658 0.10360236 -0.13431215
v 0.17427981 0.08486063 -0.12929976
v 0.16893100 0.06720431 -0.12084889
v 0.17693937 0.08615834 -0.14022493
v 0.16831827 0.05641753 -0.10862469
v 0.17646980 0.06820674 -0.13250291
v 0.17041516 0.04311545 -0.09680998
v 0.17145192 0.05434174 -0.12152052
v 0.17519581 0.04219610 -0.11910784
v 0.17872703 0.05436737 -0.13178205
v 0.18124520 0.04052813 -0.12908101
v 0.17762458 0.03074081 -0.11510193
v 0.18352985 0.02798850 -0.12488961
v 0.17954611 0.01928563 -0.10990131
v 0.18530750 0.01544864 -0.11950350
v 0.18673527 0.02605493 -0.13503074
v 0.18883383 0.01278407 -0.12979948
v 0.18412959 0.03932602 -0.13906729
v 0.18606817 0.02540440 -0.13703084
v 0.18156445 0.05402000 -0.14199650
v 0.18364346 0.03946049 -0.14116955
v 0.17925989 0.06871385 -0.14294553
v 0.18068754 0.05416889 -0.14388430
v 0.17799246 0.06887741 -0.14461875
v 0.17532503 0.08660562 -0.14215541
v 0.17293048 0.03759725 -0.14479589
v 0.17046702 0.05354066 -0.14682662
v 0.16826427 0.06948430 -0.14687705
v 0.17336499 0.10433395 -0.13649988
v 0.16551339 0.08711369 -0.14453041
v 0.16347003 0.10474307 -0.13899159
v 0.16274249 0.12207801 -0.13089668
v 0.14255380 0.08845086 -0.14361131
v 0.16283834 0.13760574 -0.12128162
v 0.14228141 0.10587210 -0.13830483
v 0.16201842 0.15000529 -0.11134910
v 0.14448929 0.13812501 -0.12239396
v 0.14285588 0.15234501 -0.11275339
v 0.14297366 0.12290246 -0.13110947
v 0.13021326 0.14070971 -0.12435901
v 0.14131069 0.16611273 -0.10228431
v 0.13581729 0.15353782 -0.11321175
v 0.11948561 0.12588603 -0.13329410
v 0.12540614 0.14297206 -0.12642932
v 0.13072800 0.15615101 -0.11568749
v 0.12818658 0.18083806 -0.09198010
v 0.13131034 0.16884727 -0.10375595
v 0.12421131 0.19097955 -0.07833457
v 0.12225425 0.17529876 -0.10646641
v 0.10820389 0.20778627 -0.05993151
v 0.11508286 0.18733484 -0.09416330
v 0.10409069 0.20053012 -0.07961940
v 0.08725905 0.21769519 -0.05998659
v 0.10691666 0.19239146 -0.09811270
v 0.07811176 0.21836931 -0.07026851
v 0.09623825 0.20425112 -0.08631217
v 0.06925952 0.21779985 -0.07799315
v 0.08521092 0.20473654 -0.09195232
v 0.04690790 0.20076759 -0.10003352
v 0.09597945 0.19364543 -0.10103321
v 0.10253668 0.18173833 -0.11084580
v 0.11532998 0.18102116 -0.10810601
v 0.10398721 0.16800756 -0.12163591
v 0.11772012 0.16705520 -0.11891830
v 0.12240278 0.16306050 -0.11737370
v 0.11232817 0.15393097 -0.13062978
v 0.09907806 0.15407235 -0.13203084
v 0.11664486 0.15112502 -0.12886512
v 0.09865057 0.13152618 -0.14291763
v 0.08842301 0.13108499 -0.14444220
v 0.11466253 0.12708444 -0.13529873
v 0.07845914 0.10836978 -0.15430140
v 0.10958135 0.10925514 -0.14070892
v 0.10242235 0.12913103 -0.14164436
v 0.10474205 0.10938949 -0.14264810
v 0.10636425 0.09033425 -0.14604282
v 0.08836269 0.10793860 -0.15312767
v 0.10096407 0.09020514 -0.14817357
v 0.14353382 0.07102961 -0.14572549
v 0.08348953 0.10866077 -0.15440774
v 0.08300531 0.09108038 -0.15848458
v 0.07821130 0.09159274 -0.16006708
v 0.07577669 0.09141917 -0.15963888
v 0.07540428 0.07169397 -0.16513693
v 0.08011901 0.07139058 -0.16325187
v 0.07551133 0.05480535 -0.16851198
v 0.09789371 0.07102103 -0.15050685
v 0.08041274 0.05465371 -0.16674363
v 0.07699823 0.03791661 -0.16949057
v 0.10385489 0.07141311 -0.14818442
v 0.09891545 0.05383403 -0.15161133
v 0.10435712 0.05374117 -0.14937937
v 0.08208632 0.03791661 -0.16783881
v 0.10154867 0.03873689 -0.15127361
v 0.14634740 0.05397684 -0.14683544
v 0.10650563 0.03857035 -0.14911091
v 0.14942193 0.03692407 -0.14596522
v 0.10765457 0.01930303 -0.14920294
v 0.11319601 0.02072007 -0.14783990
v 0.15430343 0.01960857 -0.14351928
v 0.08650553 0.01673968 -0.16609239
v 0.11753130 -0.00369459 -0.14643013
v 0.08169126 0.01604039 -0.16672933
v 0.09373975 -0.00655501 -0.16096735
v 0.08843791 -0.00878685 -0.16254925
v 0.04653525 0.01287145 -0.16143477
v 0.05701065 -0.01588552 -0.15607953
v 0.04430854 0.00769205 -0.15875864
v 0.04191303 0.00133056 -0.15003037
v 0.05393338 -0.01655286 -0.15335011
v 0.05010974 -0.01755505 -0.14537883
v 0.06734216 -0.05163937 -0.14363384
v 0.06307780 -0.04990535 -0.13475346
v 0.06974542 -0.05105763 -0.14641642
v 0.08213627 -0.07799750 -0.13321757
v 0.07659495 -0.07776397 -0.12475395
v 0.09201967 -0.09648888 -0.11399913
v 0.10454106 -0.04126304 -0.14830541
v 0.08476674 -0.07776683 -0.13570404
v 0.10826671 -0.04036610 -0.14760732
v 0.11958444 -0.06416433 -0.13443708
v 0.13482618 -0.03184598 -0.13639033
v 0.09934270 -0.09483319 -0.12282371
v 0.10206985 -0.09342676 -0.12391066
v 0.08005964 -0.13547521 -0.10187983
v 0.11127257 -0.11182683 -0.10312819
v 0.09515166 -0.14860194 -0.09229922
v 0.11822855 -0.11228543 -0.10622716
v 0.12515008 -0.12287789 -0.09071397
v 0.10008073 -0.17090934 -0.07901561
v 0.11030972 -0.16212170 -0.07859027
v 0.11325538 -0.18258934 -0.05997705
v 0.11513936 -0.18165331 -0.06103337
v 0.13966107 -0.13382881 -0.07495045
v 0.11026108 -0.18046754 -0.05683577
v 0.12378323 -0.17128091 -0.06126356
v 0.08966005 -0.16430967 -0.06165445
v 0.10102999 -0.17406552 -0.04719448
v 0.09976709 -0.17228585 -0.04496181
v 0.12773025 -0.19095092 -0.03787613
v 0.12354827 -0.18801897 -0.03453624
v 0.11370468 -0.18224340 -0.02821040
v 0.11217820 -0.18078189 -0.02676046
v 0.14366603 -0.19653051 -0.00988912
v 0.12765240 -0.18980580 -0.00226164
v 0.12540245 -0.18759947 -0.00069236
v 0.13862097 -0.19358223 -0.00744748
v 0.13450849 -0.19362562 0.01421166
v 0.13180995 -0.19144636 0.01529944
v 0.14571130 -0.19582694 0.01027191
v 0.13891470 -0.19530325 0.03052736
v 0.13576758 -0.19315117 0.03113342
v 0.15087259 -0.19681983 0.02788627
v 0.15114033 -0.19879358 0.00847781
v 0.14063322 -0.19548159 0.04826618
v 0.13645756 -0.19394200 0.04812491
v 0.13488316 -0.19133966 0.06102240
v 0.15668583 -0.19980460 0.02673948
v 0.13832557 -0.19270211 0.06217158
v 0.13081419 -0.18735128 0.07195831
v 0.15328407 -0.19581931 0.04935241
v 0.15134895 -0.19353490 0.06468821
v 0.15918696 -0.19860761 0.04982841
v 0.13352334 -0.18853598 0.07411528
v 0.12151396 -0.17875963 0.08964384
v 0.14691937 -0.18986421 0.07806230
v 0.12322139 -0.18051749 0.09242034
v 0.10742986 -0.16535716 0.11030829
v 0.13645982 -0.18321317 0.09771276
v 0.15700268 -0.19583350 0.06640291
v 0.10935366 -0.16616004 0.11237657
v 0.09730780 -0.15464633 0.12252903
v 0.11966622 -0.17010348 0.11935067
v 0.09962141 -0.15428739 0.12492729
v 0.08797729 -0.14100306 0.13449276
v 0.10902655 -0.15795534 0.13221038
v 0.08988249 -0.14124470 0.13657308
v 0.07911229 -0.12664550 0.14360869
v 0.12467229 -0.17140549 0.12302447
v 0.08063554 -0.12689190 0.14577198
v 0.06929481 -0.10874729 0.15191698
v 0.09906232 -0.14431315 0.14460361
v 0.07057440 -0.10877114 0.15426088
v 0.05361509 -0.08772641 0.15741110
v 0.08847558 -0.12713509 0.15491879
v 0.11332869 -0.15955704 0.13700295
v 0.10061192 -0.14463644 0.15155852
v 0.11466515 -0.15817933 0.13838733
v 0.14132440 -0.18511908 0.10060227
v 0.12635266 -0.17008858 0.12383986
v 0.15232372 -0.19167333 0.08101583
v 0.14312494 -0.18395214 0.10115934
v 0.15409982 -0.19055217 0.08151043
v 0.14706766 -0.17006891 0.10225964
v 0.15679180 -0.17708175 0.08283639
v 0.15878355 -0.19477396 0.06681609
v 0.16115010 -0.18126719 0.06920851
v 0.16097259 -0.19760971 0.05016017
v 0.16313612 -0.18406658 0.05234886
v 0.15854096 -0.19890826 0.02662325
v 0.16212976 -0.18674558 0.02627576
v 0.15297103 -0.19792550 0.00808406
v 0.16544974 -0.14936869 0.02629268
v 0.14547217 -0.19569032 -0.01056015
v 0.15664220 -0.18559807 0.00753188
v 0.12944257 -0.19011038 -0.03893602
v 0.15060687 -0.18396192 -0.01135409
v 0.13777685 -0.17851262 -0.03943515
v 0.16459501 -0.14882880 0.00563252
v 0.16264486 -0.14700620 -0.01561141
v 0.15745735 -0.14492123 -0.04111087
v 0.14859271 -0.13953953 -0.05892718
v 0.15163469 -0.13944035 -0.06100332
v 0.15974462 -0.14198499 -0.04154980
v 0.17463577 -0.12327164 0.00010431
v 0.17697084 -0.12480073 -0.02084005
v 0.17295921 -0.12003439 0.02251470
v 0.18480408 -0.09751587 -0.00683140
v 0.16361260 -0.14788990 0.05198026
v 0.18112433 -0.09362619 0.01842797
v 0.16713667 -0.11414390 0.04988635
v 0.16183305 -0.14642291 0.06785131
v 0.17496431 -0.08683377 0.04588712
v 0.15761792 -0.14386266 0.08179903
v 0.16395628 -0.11170607 0.06614602
v 0.18941891 -0.06646102 0.01173616
v 0.14752853 -0.13994675 0.10244119
v 0.16051459 -0.10974698 0.08027411
v 0.17016506 -0.08415525 0.06411374
v 0.13242423 -0.15926175 0.12284041
v 0.14737117 -0.10612183 0.10430920
v 0.13941443 -0.13390320 0.11391139
v 0.11973524 -0.14888959 0.13739968
v 0.12100303 -0.14707475 0.13688255
v 0.10190928 -0.14353137 0.15278554
v 0.10939121 -0.13343304 0.15029812
v 0.12774801 -0.12606018 0.13021946
v 0.09083807 -0.12784093 0.16291905
v 0.08918357 -0.12798958 0.16187561
v 0.09850740 -0.11860090 0.16120601
v 0.07599067 -0.10685568 0.16377056
v 0.11007511 -0.13201886 0.14946413
v 0.07781470 -0.10682731 0.17181361
v 0.11779844 -0.11604934 0.14004636
v 0.09932565 -0.11696129 0.16008044
v 0.08552921 -0.10062068 0.17060948
v 0.12984252 -0.09643870 0.12510264
v 0.10852611 -0.10073822 0.14742351
v 0.08628285 -0.09895675 0.16923380
v 0.07553446 -0.09013539 0.17537666
v 0.09487414 -0.08622938 0.15689707
v 0.07665145 -0.08853536 0.17407978
v 0.11170554 -0.06622796 0.14217925
v 0.08526706 -0.07737654 0.16216314
v 0.06508803 -0.08013611 0.17936957
v 0.06656849 -0.07859950 0.17815125
v 0.07491362 -0.06918483 0.16664398
v 0.05962026 -0.08791070 0.17959881
v 0.08601069 -0.05309062 0.15653765
v 0.06894326 -0.09712606 0.17609346
v 0.06772399 -0.09836059 0.17432773
v 0.05141115 -0.08099072 0.18147481
v 0.07621836 -0.10841995 0.17006934
v 0.05877816 -0.08878689 0.17781151
v 0.06735694 -0.09573834 0.16810656
v 0.05827164 -0.08510666 0.17166806
v 0.05467617 -0.08843236 0.15977514
v 0.05052125 -0.07862060 0.17347956
v 0.04001033 -0.07487195 0.16012192
v 0.03999936 -0.07402413 0.15724337
v 0.05062175 -0.08207112 0.17977238
v 0.04183197 -0.07280116 0.17514336
v 0.02546799 -0.06746488 0.15828955
v 0.02604234 -0.06576674 0.15541435
v 0.00000000 -0.06254940 0.15420270
v 0.00000000 -0.06451910 0.15733123
v 0.02433371 -0.06521385 0.17458499
v 0.04152655 -0.07602208 0.18158543
v 0.01485264 -0.06327801 0.17379368
v 0.00844705 -0.06075042 0.17200303
v 0.00000000 -0.06056242 0.17140270
v 0.00000000 -0.05725591 0.17671573
v 0.00975668 -0.05803578 0.17704916
v 0.00000000 -0.05650299 0.17810762
v 0.01470995 -0.06619673 0.18251205
v 0.00993848 -0.05728083 0.17856455
v 0.02419746 -0.06824975 0.18253780
v 0.01507020 -0.06530147 0.18467093
v 0.00976491 -0.05141204 0.17941475
v 0.00000000 -0.05080490 0.17919708
v 0.01643085 -0.05298393 0.18633771
v 0.02431559 -0.06710022 0.18460787
v 0.02620280 -0.05639212 0.18674946
v 0.04226315 -0.07473748 0.18320310
v 0.04641258 -0.06688254 0.18354047
v 0.05621981 -0.07317596 0.18152881
v 0.05737555 -0.07127374 0.18030548
v 0.04724371 -0.06461506 0.18231213
v 0.02697265 -0.05418127 0.18569446
v 0.05285346 -0.05574529 0.17394734
v 0.06420231 -0.06235366 0.17028821
v 0.01644277 -0.05095272 0.18542815
v 0.03194403 -0.04301279 0.17633426
v 0.06564450 -0.04413443 0.16477156
v 0.03610766 -0.03092187 0.17112863
v 0.01646936 -0.03545266 0.17566312
v 0.00983917 -0.03795140 0.17407704
v 0.00000000 -0.03792398 0.17428267
v 0.00866008 -0.02664130 0.17150116
v 0.00000000 -0.02675765 0.17133403
v 0.01455605 -0.01939862 0.17208636
v 0.00769973 -0.01704483 0.17157150
v 0.01814007 -0.01418786 0.17184854
v 0.03878998 -0.02365868 0.16972411
v 0.04003250 -0.01906972 0.17121661
v 0.07063925 -0.03596812 0.16294849
v 0.07176101 -0.03165191 0.16552317
v 0.07622063 -0.01613491 0.17214954
v 0.09327459 -0.03695243 0.15702403
v 0.09063482 -0.04388683 0.15341640
v 0.10209298 -0.02024763 0.16409672
v 0.11814415 -0.05386560 0.13799715
v 0.12215340 -0.04465072 0.14174545
v 0.13559890 -0.07284241 0.12034583
v 0.13919556 -0.06054848 0.12061250
v 0.14948654 -0.07769590 0.10340703
v 0.15278589 -0.06127923 0.10608578
v 0.16570878 -0.08059388 0.08011079
v 0.16753685 -0.05947810 0.08610964
v 0.18481028 -0.04768126 0.05392134
v 0.16893184 -0.04357188 0.09588206
v 0.18766164 -0.05723291 0.03593540
v 0.18005240 -0.03415232 0.07423401
v 0.18927049 -0.03818887 0.04774821
v 0.15638494 -0.04591804 0.11146248
v 0.19143665 -0.04718178 0.03141213
v 0.14179063 -0.04711800 0.12600565
v 0.16998970 -0.02866953 0.10382366
v 0.15868056 -0.03560727 0.11693704
v 0.14306962 -0.04123943 0.12890148
v 0.17776870 -0.02165847 0.08664310
v 0.16990840 -0.01072686 0.11408460
v 0.16102290 -0.01691275 0.12721217
v 0.13032138 -0.02271443 0.15114713
v 0.14835703 -0.02105849 0.13883150
v 0.10590708 -0.01148038 0.16542340
v 0.13178181 -0.01279216 0.15353287
v 0.14950144 -0.01215749 0.14255727
v 0.10599816 -0.00942617 0.16511202
v 0.13189614 -0.01064067 0.15323437
v 0.13275075 0.01786525 0.14107144
v 0.14945399 -0.00887244 0.14292550
v 0.15970349 -0.00593727 0.13234687
v 0.15195620 0.04238910 0.11743784
v 0.15056765 0.01666755 0.13030875
v 0.15816545 -0.00346535 0.13338507
v 0.16688597 0.00304062 0.12364471
v 0.16468787 0.00521321 0.12549889
v 0.16651606 0.01555652 0.11959672
v 0.17441404 -0.00017147 0.10505510
v 0.16892874 0.01423270 0.11707092
v 0.16898417 0.04086871 0.10786736
v 0.17770314 0.01636083 0.09802759
v 0.16931176 0.05564363 0.10196376
v 0.17231250 0.04079325 0.10436726
v 0.16855132 0.07565362 0.09099865
v 0.17219329 0.05573268 0.09891081
v 0.18121052 0.04311104 0.09293294
v 0.17900264 0.05706246 0.09096074
v 0.17464721 0.07588775 0.08474505
v 0.18278968 0.02398164 0.09096456
v 0.18829751 0.04577274 0.08009661
v 0.18943310 0.02902300 0.07837987
v 0.18417299 0.00903923 0.08510268
v 0.17803490 0.00305171 0.09488559
v 0.18496358 -0.01227002 0.07353592
v 0.18920350 0.01127143 0.07157803
v 0.18917191 0.02973945 0.07530403
v 0.18966186 -0.00287979 0.06314075
v 0.18689477 -0.02693694 0.06067455
v 0.19129359 -0.01537257 0.05151737
v 0.19327616 -0.02616101 0.03972483
v 0.18863380 -0.00159877 0.06112600
v 0.18864369 0.01222224 0.06933451
v 0.18979740 -0.01376133 0.04973150
v 0.18270564 0.00011773 0.05675876
v 0.18265557 0.02858789 0.07092893
v 0.18217456 0.01308460 0.06397164
v 0.17653048 0.01567752 0.05426860
v 0.18441009 -0.01119070 0.04635990
v 0.17726123 0.00513274 0.04784537
v 0.17579436 0.03930456 0.06088317
v 0.19183528 -0.02422469 0.03817857
v 0.18290209 0.04542286 0.07255090
v 0.17606389 0.05400271 0.05988574
v 0.18848979 0.04613490 0.07693005
v 0.18250227 0.05689997 0.07139087
v 0.18202364 0.07108206 0.06706643
v 0.18756461 0.05836005 0.07597876
v 0.18702161 0.05834062 0.07916975
v 0.18588996 0.07379276 0.07340181
v 0.18483960 0.07492346 0.07654119
v 0.18150735 0.09364993 0.06907368
v 0.18309355 0.09276719 0.06647778
v 0.17867636 -0.00555687 0.03913999
v 0.18571508 -0.02156859 0.03555155
v 0.17976927 -0.01439874 0.02975107
v 0.17055165 0.03519256 -0.00999236
v 0.18720877 -0.03023832 0.02012861
v 0.18095517 -0.02160471 0.01554442
v 0.19395995 -0.03281658 0.02231539
v 0.19527983 -0.03518563 0.02359152
v 0.19598710 -0.03961985 0.00201536
v 0.19285452 -0.05669384 0.00746322
v 0.19690048 -0.04266351 0.00269044
v 0.19274425 -0.07262903 -0.01295399
v 0.19865775 -0.04734295 -0.01584780
v 0.18854725 -0.10017186 -0.02623892
v 0.19564926 -0.06162088 -0.01517439
v 0.19583249 -0.07569020 -0.03090000
v 0.17518258 -0.12481325 -0.04634785
v 0.18875527 -0.09895199 -0.05230736
v 0.15402412 -0.13750415 -0.06216311
v 0.17065906 -0.12079244 -0.06584632
v 0.19744491 -0.07474892 -0.05524802
v 0.18519377 -0.09629600 -0.06749427
v 0.16405904 -0.11489814 -0.08209085
v 0.14713013 -0.13100665 -0.08040118
v 0.14452660 -0.13304048 -0.08017432
v 0.15503573 -0.10621851 -0.09531796
v 0.13243520 -0.12233322 -0.09529555
v 0.13489532 -0.11965542 -0.09514367
v 0.12232053 -0.11054890 -0.10717570
v 0.14352762 -0.09549992 -0.10804307
v 0.13011288 -0.07915323 -0.12270677
v 0.17377078 -0.08496719 -0.09296429
v 0.15052402 -0.05022126 -0.12495768
v 0.16594755 -0.07464080 -0.10549009
v 0.15646004 -0.05907004 -0.11857068
v 0.18519282 -0.05597513 -0.10109722
v 0.17698562 -0.04081981 -0.11597764
v 0.19008708 -0.06332283 -0.09069490
v 0.19502675 -0.04544692 -0.09678089
v 0.16701817 -0.01922767 -0.13098550
v 0.19387519 -0.06774121 -0.08049440
v 0.13927960 -0.03061574 -0.13441944
v 0.17990207 -0.09106391 -0.08145404
v 0.19614720 -0.07164579 -0.06958437
v 0.19879520 -0.05641001 -0.08030522
v 0.20024669 -0.06295555 -0.05591321
v 0.19849431 -0.06323867 -0.03218150
v 0.20244062 -0.04613548 -0.07680130
v 0.20252979 -0.05077617 -0.05362189
v 0.20042574 -0.04992228 -0.03212213
v 0.20115661 -0.04683547 -0.05271077
v 0.19941568 -0.04655712 -0.03199267
v 0.19780469 -0.04403334 -0.01601195
v 0.20152580 -0.04238134 -0.07479286
v 0.19131231 -0.04064935 -0.01662957
v 0.19625568 -0.03819316 -0.07020259
v 0.18905627 -0.03601163 0.00244701
v 0.18204510 -0.02620309 0.00025773
v 0.18357396 -0.03019588 -0.01741957
v 0.17154157 0.02607162 -0.03541672
v 0.18498897 -0.03231852 -0.03150415
v 0.19314587 -0.04304760 -0.03099429
v 0.18704414 -0.03264122 -0.04871583
v 0.19518494 -0.04259353 -0.05062592
v 0.18803549 -0.02800505 -0.06694436
v 0.17234194 0.02676911 -0.05878830
v 0.19516170 -0.03040152 -0.08462476
v 0.18700075 -0.02070372 -0.07872116
v 0.18205917 0.00532074 -0.10128772
v 0.18462062 -0.01097911 -0.08894968
v 0.18834924 -0.00055354 -0.10998320
v 0.19250548 -0.01991957 -0.09611118
v 0.19258713 -0.00409751 -0.11907804
v 0.19677818 -0.02287429 -0.10366261
v 0.19970023 -0.03423398 -0.08996939
v 0.18798589 0.01134844 -0.13169741
v 0.19999909 -0.03705244 -0.09239816
v 0.19614255 -0.02581244 -0.10591304
v 0.19053971 -0.03237586 -0.11008441
v 0.19215405 -0.00543039 -0.12102198
v 0.18482995 -0.01135199 -0.12548780
v 0.18028092 0.00830049 -0.13642335
v 0.15867793 0.00229318 -0.13987839
v 0.17685926 0.02294893 -0.14120710
v 0.12290501 -0.00257569 -0.14423763
v -0.03143823 -0.11605208 -0.07730078
v -0.03122354 -0.11816411 -0.07912588
v -0.04522682 -0.12014883 -0.07819855
v -0.02866614 -0.12462085 -0.09692657
v -0.04475498 -0.12190419 -0.08032810
v -0.02804303 -0.12668197 -0.10311401
v -0.04430449 -0.12894969 -0.09756767
v -0.02795375 -0.12537508 -0.10486889
v -0.04442978 -0.13145440 -0.10479068
v -0.06008768 -0.13684659 -0.09627449
v -0.05923307 -0.13858610 -0.10319543
v -0.05922735 -0.13148349 -0.08010828
v -0.05964792 -0.13013356 -0.07769751
v -0.06748629 -0.13712554 -0.07594681
v -0.06664217 -0.13901453 -0.07868099
v -0.07762623 -0.15070849 -0.06872916
v -0.06901837 -0.14388388 -0.09422731
v -0.07837165 -0.15262108 -0.07175421
v -0.08823967 -0.16252642 -0.05990779
v -0.08213520 -0.15637284 -0.08565354
v -0.06909144 -0.14549094 -0.10010242
v -0.08339834 -0.15826111 -0.09106826
v -0.09611559 -0.16976338 -0.07280266
v -0.09848082 -0.17154627 -0.07818937
v -0.08966005 -0.16430967 -0.06165445
v -0.10102999 -0.17406552 -0.04719448
v -0.09976709 -0.17228585 -0.04496181
v -0.11026109 -0.18046754 -0.05683577
v -0.11370468 -0.18224340 -0.02821040
v -0.11217821 -0.18078189 -0.02676046
v -0.12354827 -0.18801897 -0.03453624
v -0.11325538 -0.18258934 -0.05997705
v -0.12773025 -0.19095092 -0.03787613
v -0.13862098 -0.19358223 -0.00744748
v -0.12765241 -0.18980580 -0.00226164
v -0.12540245 -0.18759947 -0.00069236
v -0.14366603 -0.19653051 -0.00988912
v -0.13450849 -0.19362562 0.01421166
v -0.13180995 -0.19144636 0.01529944
v -0.14571131 -0.19582694 0.01027191
v -0.13891471 -0.19530325 0.03052736
v -0.13576758 -0.19315117 0.03113342
v -0.15087259 -0.19681983 0.02788627
v -0.15114034 -0.19879358 0.00847781
v -0.14063323 -0.19548159 0.04826618
v -0.13645757 -0.19394200 0.04812491
v -0.13488317 -0.19133966 0.06102240
v -0.15668583 -0.19980460 0.02673948
v -0.13832557 -0.19270211 0.06217158
v -0.13081420 -0.18735128 0.07195831
v -0.15328408 -0.19581931 0.04935241
v -0.15134895 -0.19353490 0.06468821
v -0.15918696 -0.19860761 0.04982841
v -0.13352335 -0.18853598 0.07411528
v -0.12151397 -0.17875963 0.08964384
v -0.14691937 -0.18986421 0.07806230
v -0.12322140 -0.18051749 0.09242034
v -0.10742986 -0.16535716 0.11030829
v -0.13645983 -0.18321317 0.09771276
v -0.15700269 -0.19583350 0.06640291
v -0.10935366 -0.16616004 0.11237657
v -0.09730780 -0.15464633 0.12252903
v -0.11966622 -0.17010348 0.11935067
v -0.09962142 -0.15428739 0.12492729
v -0.08797729 -0.14100306 0.13449276
v -0.10902655 -0.15795534 0.13221038
v -0.08988250 -0.14124470 0.13657308
v -0.07911229 -0.12664550 0.14360869
v -0.12467230 -0.17140549 0.12302447
v -0.08063543 -0.12689190 0.14577198
v -0.06929481 -0.10874729 0.15191698
v -0.09906233 -0.14431315 0.14460361
v -0.07057441 -0.10877114 0.15426088
v -0.05361498 -0.08772641 0.15741110
v -0.08847559 -0.12713509 0.15491879
v -0.11332870 -0.15955704 0.13700295
v -0.10061181 -0.14463644 0.15155852
v -0.11466515 -0.15817933 0.13838733
v -0.14132440 -0.18511908 0.10060227
v -0.12635267 -0.17008858 0.12383986
v -0.15232373 -0.19167333 0.08101583
v -0.14312494 -0.18395214 0.10115934
v -0.15409982 -0.19055217 0.08151043
v -0.15878356 -0.19477396 0.06681609
v -0.14706767 -0.17006891 0.10225964
v -0.16097260 -0.19760971 0.05016017
v -0.15679181 -0.17708175 0.08283639
v -0.16115010 -0.18126719 0.06920851
v -0.16313613 -0.18406658 0.05234886
v -0.15854097 -0.19890826 0.02662325
v -0.16212976 -0.18674558 0.02627576
v -0.15297103 -0.19792550 0.00808406
v -0.16544974 -0.14936869 0.02629268
v -0.14547217 -0.19569032 -0.01056015
v -0.15664220 -0.18559807 0.00753188
v -0.12944258 -0.19011038 -0.03893602
v -0.15060687 -0.18396192 -0.01135409
v -0.16459501 -0.14882880 0.00563252
v -0.11513937 -0.18165331 -0.06103337
v -0.13777685 -0.17851262 -0.03943515
v -0.16264487 -0.14700620 -0.01561141
v -0.10008073 -0.17090934 -0.07901561
v -0.12378323 -0.17128091 -0.06126356
v -0.08564508 -0.15696745 -0.09218526
v -0.11030972 -0.16212170 -0.07859027
v -0.09515167 -0.14860194 -0.09229922
v -0.07086027 -0.14410215 -0.10192024
v -0.08005965 -0.13547521 -0.10187983
v -0.06048060 -0.13677805 -0.10521793
v -0.06578708 -0.12628239 -0.10609901
v -0.04605294 -0.13022058 -0.10598540
v -0.05031538 -0.11926394 -0.10806608
v -0.09201956 -0.09648888 -0.11399913
v -0.02892947 -0.11338966 -0.10708809
v -0.04859686 -0.08100372 -0.11930680
v -0.07278323 -0.07946389 -0.12271619
v -0.04375053 -0.05033140 -0.12833106
v -0.05721474 -0.04914062 -0.13093781
v -0.03734553 -0.02175503 -0.13615668
v -0.04563308 -0.01909666 -0.13839030
v -0.01801527 0.00286538 -0.13775062
v -0.03925777 -0.00485330 -0.14129674
v -0.01831770 0.01190598 -0.14668953
v -0.03254962 -0.00031011 -0.14077258
v -0.03237880 0.00765414 -0.14982855
v -0.01860631 0.01857896 -0.15449571
v -0.01857066 0.02359111 -0.15805697
v -0.03301394 0.01495607 -0.15821898
v -0.02039230 0.03969950 -0.15819120
v -0.03393138 0.01961655 -0.16021061
v -0.01992750 0.06849975 -0.15457177
v -0.04517281 0.03674502 -0.16285217
v -0.01960838 0.08738322 -0.15035879
v -0.04403460 0.06987829 -0.15891027
v -0.01932907 0.10390503 -0.14667260
v -0.04387653 0.08914311 -0.15402853
v -0.01790142 0.12330086 -0.13958275
v -0.04374409 0.10528345 -0.14993858
v -0.01662720 0.14576537 -0.13070059
v -0.04391563 0.12482590 -0.14224302
v -0.01717401 0.15146262 -0.12248969
v -0.03205133 0.14777560 -0.13122737
v -0.02730406 0.15238602 -0.12305343
v -0.01761914 0.16195376 -0.11692977
v -0.03973306 0.15709037 -0.12264824
v -0.01807273 0.17696519 -0.11019730
v -0.04328168 0.16523595 -0.11921918
v -0.04457772 0.15218742 -0.13072276
v -0.01843322 0.19799275 -0.10104549
v -0.04322124 0.17960496 -0.11071944
v -0.01800549 0.21456582 -0.09005618
v -0.04263032 0.19954927 -0.09882188
v -0.04968632 0.16633744 -0.12432193
v -0.05055559 0.18127365 -0.11502981
v -0.01770699 0.22312624 -0.08257162
v -0.04373694 0.21621771 -0.08593571
v -0.01737881 0.22898872 -0.07624387
v -0.04281450 0.22472269 -0.07900214
v -0.01652396 0.22557158 -0.07009113
v -0.01718808 0.22943766 -0.07359540
v -0.03760350 0.22625978 -0.06700229
v -0.03861523 0.23021478 -0.06972992
v -0.05315149 0.22605843 -0.05974912
v -0.04033053 0.22980280 -0.07228708
v -0.05457115 0.22964055 -0.06130719
v -0.06130326 0.22508485 -0.05386102
v -0.05677390 0.22974426 -0.06375599
v -0.06291151 0.22879309 -0.05516123
v -0.06796825 0.22293801 -0.04631853
v -0.06152368 0.22572417 -0.07026684
v -0.06528795 0.22899241 -0.05739748
v -0.06976533 0.22677178 -0.04736078
v -0.07539058 0.22229762 -0.03829825
v -0.07349062 0.21832556 -0.03904497
v -0.07231534 0.22706670 -0.04938471
v -0.07115174 0.22541113 -0.06352174
v -0.07690668 0.21263284 -0.02397930
v -0.07637108 0.20839173 -0.02577698
v -0.07908953 0.22319586 -0.03894043
v -0.07412458 0.19766206 -0.00542330
v -0.07407236 0.19317169 -0.00763941
v -0.08074558 0.21340747 -0.02329182
v -0.07946933 0.22392494 -0.05502844
v -0.06914604 0.18270118 0.01196516
v -0.06844259 0.17903752 0.00924516
v -0.07725144 0.19798178 -0.00426483
v -0.06210387 0.17008943 0.02691448
v -0.06120026 0.16629274 0.02385164
v -0.04677284 0.15063483 0.04626918
v -0.07139862 0.18311925 0.01313710
v -0.04754508 0.15339238 0.05100966
v -0.02773750 0.13330967 0.07096494
v -0.06426502 0.16995544 0.02852035
v -0.02875197 0.13693363 0.07454169
v -0.00965464 0.12745101 0.07828558
v -0.04942501 0.15280945 0.05317688
v -0.07128525 0.16505654 0.03251446
v -0.08156205 0.17845542 0.01653362
v -0.00996089 0.13089366 0.08170224
v -0.01044500 0.13053317 0.08546531
v -0.02976728 0.13595063 0.07816077
v -0.01298833 0.12617404 0.09272659
v -0.01404381 0.12088496 0.10023487
v -0.03389955 0.13115723 0.08453000
v -0.05572844 0.14821024 0.05754543
v -0.03934646 0.12362022 0.09327603
v -0.08268845 0.15689463 0.04032290
v -0.06313741 0.14063162 0.06588209
v -0.09389234 0.17098207 0.02135432
v -0.07135642 0.11669237 0.09203112
v -0.08797849 0.19460160 -0.00264799
v -0.04220319 0.11452121 0.10242164
v -0.09227431 0.20975942 -0.02284348
v -0.01566637 0.11206515 0.11159444
v -0.10507775 0.18761058 -0.00112378
v -0.01558543 0.09660525 0.12646509
v -0.04633618 0.09640498 0.12076223
v -0.01478708 0.07156045 0.14662528
v -0.07705820 0.09648306 0.11301959
v -0.04877389 0.07255299 0.14044678
v -0.01488567 0.05235071 0.16089583
v -0.07977581 0.07253940 0.13159609
v -0.00455189 0.03548128 0.16934669
v -0.04915166 0.05028541 0.15647388
v -0.01599038 0.02513642 0.17415989
v -0.00222123 0.03064949 0.16805613
v -0.00706697 0.02312464 0.17380441
v -0.00300956 0.02388234 0.16946197
v -0.00464940 0.00751776 0.17228043
v -0.00992060 0.00851745 0.17706430
v -0.00648618 -0.00155192 0.17196572
v -0.01255012 0.00603897 0.17765773
v -0.01748622 0.01309867 0.17817974
v -0.00711298 -0.00952201 0.17172814
v -0.02062178 -0.00988167 0.17181993
v -0.02536106 0.00020415 0.17828954
v -0.02847040 0.00696249 0.17975188
v -0.04793728 0.02457566 0.16981471
v -0.04587210 0.00094731 0.17901480
v -0.08115888 0.04790981 0.14829445
v -0.08021832 0.02205081 0.16134477
v -0.04386854 -0.00726323 0.17712248
v -0.07862151 -0.00762158 0.17300630
v -0.10844243 0.04622502 0.13776744
v -0.04003251 -0.01906972 0.17121661
v -0.10648477 0.01935656 0.15192747
v -0.10750568 0.07343621 0.12134385
v -0.13325751 0.04384942 0.12755394
v -0.10462237 0.09665150 0.10305155
v -0.13230241 0.07488138 0.10903657
v -0.10067523 0.11852843 0.08237970
v -0.12913215 0.09690435 0.09434128
v -0.12499678 0.11866243 0.07462955
v -0.09636689 0.14153785 0.05790043
v -0.14794302 0.11708183 0.06786096
v -0.11470092 0.16006226 0.02843774
v -0.12126243 0.13991399 0.05148185
v -0.14517594 0.13843972 0.04541886
v -0.15063191 0.09637744 0.08552063
v -0.16613984 0.11538775 0.06349325
v -0.15218151 0.07572956 0.09932900
v -0.16784990 0.09609456 0.07734168
v -0.16420341 0.13598497 0.04272187
v -0.14386583 0.15582783 0.02525127
v -0.12434352 0.17791981 -0.00060105
v -0.16387141 0.15302510 0.02352906
v -0.11006487 0.20235164 -0.02352452
v -0.14466298 0.17330165 -0.00127983
v -0.12834728 0.19333656 -0.02528560
v -0.08995796 0.21924431 -0.03989649
v -0.11082495 0.20942337 -0.04273629
v -0.14541412 0.18584604 -0.02580797
v -0.08725906 0.21769519 -0.05998659
v -0.12872303 0.20037038 -0.04472005
v -0.10820389 0.20778627 -0.05993151
v -0.12685478 0.19919319 -0.06010258
v -0.07811177 0.21836931 -0.07026851
v -0.10409069 0.20053012 -0.07961940
v -0.06925953 0.21779985 -0.07799315
v -0.09623826 0.20425112 -0.08631217
v -0.08521092 0.20473654 -0.09195232
v -0.04690779 0.20076759 -0.10003352
v -0.09597945 0.19364543 -0.10103321
v -0.10253668 0.18173833 -0.11084580
v -0.10691667 0.19239146 -0.09811270
v -0.11508286 0.18733484 -0.09416330
v -0.11532998 0.18102116 -0.10810601
v -0.10398710 0.16800756 -0.12163591
v -0.09907806 0.15407235 -0.13203084
v -0.11772001 0.16705520 -0.11891830
v -0.08842302 0.13108499 -0.14444220
v -0.11232817 0.15393097 -0.13062978
v -0.09865058 0.13152618 -0.14291763
v -0.07845915 0.10836978 -0.15430140
v -0.08348954 0.10866077 -0.15440774
v -0.07577670 0.09141917 -0.15963888
v -0.07821119 0.09159274 -0.16006708
v -0.07540429 0.07169397 -0.16513693
v -0.08300531 0.09108038 -0.15848458
v -0.07551134 0.05480535 -0.16851198
v -0.08011902 0.07139058 -0.16325187
v -0.07699824 0.03791661 -0.16949057
v -0.08041275 0.05465371 -0.16674363
v -0.09789372 0.07102103 -0.15050685
v -0.08836270 0.10793860 -0.15312767
v -0.10096407 0.09020514 -0.14817357
v -0.09891546 0.05383403 -0.15161133
v -0.10242236 0.12913103 -0.14164436
v -0.10385490 0.07141311 -0.14818442
v -0.10474205 0.10938949 -0.14264810
v -0.10636425 0.09033425 -0.14604282
v -0.11664486 0.15112502 -0.12886512
v -0.11466253 0.12708444 -0.13529873
v -0.10958135 0.10925514 -0.14070892
v -0.12240279 0.16306050 -0.11737370
v -0.12540615 0.14297206 -0.12642932
v -0.12225426 0.17529876 -0.10646641
v -0.13072801 0.15615101 -0.11568749
v -0.13131035 0.16884727 -0.10375595
v -0.12818659 0.18083806 -0.09198010
v -0.14131069 0.16611273 -0.10228431
v -0.13581729 0.15353782 -0.11321175
v -0.12421131 0.19097955 -0.07833457
v -0.14385903 0.18392176 -0.07739377
v -0.14233589 0.17570073 -0.09064901
v -0.16128671 0.16195244 -0.10058796
v -0.14537227 0.19059891 -0.06033671
v -0.16091705 0.17101807 -0.08888697
v -0.16076219 0.17810638 -0.07647252
v -0.14600492 0.19191773 -0.04624247
v -0.16119135 0.18264360 -0.06067145
v -0.16159022 0.18394203 -0.04712498
v -0.16266799 0.17907912 -0.02579820
v -0.17093361 0.17222709 -0.07397353
v -0.17142284 0.17595238 -0.06031346
v -0.17184711 0.17702098 -0.04638338
v -0.16345012 0.16943414 -0.00306880
v -0.17216575 0.17482454 -0.02629161
v -0.17282224 0.17429752 -0.04658150
v -0.17248714 0.17340524 -0.06003654
v -0.17371488 0.17243058 -0.02611875
v -0.17312599 0.16686899 -0.00308585
v -0.17413104 0.15140862 0.02290607
v -0.17465902 0.16492040 -0.00366020
v -0.17008353 0.16823775 -0.04736268
v -0.17153228 0.16508050 -0.02687394
v -0.17606247 0.14968903 0.02194274
v -0.17546356 0.13417537 0.04065228
v -0.17371643 0.15677781 -0.00536775
v -0.17826569 0.11265940 0.05791474
v -0.17756665 0.13277430 0.03920055
v -0.17655015 0.14222510 0.01763070
v -0.16637802 0.15698845 -0.02783167
v -0.16955245 0.14554221 -0.00724709
v -0.16564119 0.16005249 -0.04697752
v -0.16837561 0.14167375 -0.03014457
v -0.16545010 0.15929467 -0.05807340
v -0.16825378 0.14512736 -0.04627680
v -0.16878772 0.16705699 -0.05995798
v -0.16519404 0.15588016 -0.06889939
v -0.17208731 0.16985662 -0.07322156
v -0.16742707 0.16322000 -0.07228327
v -0.16875196 0.14255149 -0.06256509
v -0.16565180 0.15152843 -0.07866096
v -0.17152405 0.16406960 -0.08528804
v -0.17018676 0.16618807 -0.08620810
v -0.16965461 0.15817160 -0.09772932
v -0.16776407 0.15772874 -0.08334660
v -0.17117560 0.15630526 -0.09664106
v -0.16201842 0.15000529 -0.11134910
v -0.16538835 0.14474971 -0.08729779
v -0.14285589 0.15234501 -0.11275339
v -0.16831565 0.15026040 -0.09369635
v -0.13021326 0.14070971 -0.12435901
v -0.14448929 0.13812501 -0.12239396
v -0.11948562 0.12588603 -0.13329410
v -0.14297366 0.12290246 -0.13110947
v -0.14228142 0.10587210 -0.13830483
v -0.16274250 0.12207801 -0.13089668
v -0.16283834 0.13760574 -0.12128162
v -0.17052925 0.14767463 -0.10819578
v -0.17149222 0.13672537 -0.11783385
v -0.17173922 0.14601297 -0.10692775
v -0.17201698 0.12143345 -0.12792706
v -0.16882837 0.14142508 -0.10204720
v -0.17239118 0.13526828 -0.11638581
v -0.16942942 0.13213761 -0.10956943
v -0.16597140 0.13720317 -0.09470534
v -0.16664267 0.12920434 -0.10128450
v -0.16980267 0.13429434 -0.07680964
v -0.17126406 0.12147088 -0.08708656
v -0.16686404 0.11645193 -0.11028099
v -0.16131139 0.13093800 -0.07479429
v -0.16033721 0.13859350 -0.06158769
v -0.16266644 0.11904902 -0.08432233
v -0.15987551 0.14098162 -0.04648626
v -0.13271773 0.09637351 -0.04800915
v -0.15998841 0.13777978 -0.03152966
v -0.17293895 0.10581309 -0.09200799
v -0.16066075 0.12942035 -0.01873755
v -0.16910088 0.13265736 -0.01634705
v -0.17033160 0.11929567 -0.00674784
v -0.16180182 0.11703248 -0.00983774
v -0.17329300 0.13251824 0.01193416
v -0.17190159 0.10339362 -0.00264322
v -0.17848444 0.12631137 0.03486800
v -0.17177797 0.11489839 0.02448559
v -0.17970062 0.10892946 0.04675520
v -0.16325748 0.10228903 -0.00603223
v -0.16483105 0.08718128 -0.00783491
v -0.17360044 0.08709843 -0.00458717
v -0.18051052 0.11070366 0.05593872
v -0.16726089 0.10379739 0.02223933
v -0.16631007 0.07374973 -0.01500237
v -0.16757119 0.10389740 0.02544296
v -0.16800487 0.07839853 0.02108705
v -0.17520225 0.07260711 -0.01232207
v -0.17270243 0.10542471 0.03156710
v -0.16746652 0.07685227 0.02394367
v -0.16996491 0.05502124 0.00882089
v -0.17489672 0.08318896 0.04808927
v -0.18109620 0.08898468 0.06039489
v -0.17568291 0.06746037 0.05668843
v -0.18309355 0.09276719 0.06647778
v -0.18150735 0.09364993 0.06907368
v -0.18588996 0.07379276 0.07340181
v -0.18202365 0.07108206 0.06706643
v -0.17464721 0.07588775 0.08474505
v -0.18483961 0.07492346 0.07654119
v -0.18702162 0.05834062 0.07916975
v -0.18756461 0.05836005 0.07597876
v -0.18250227 0.05689997 0.07139087
v -0.18848980 0.04613490 0.07693005
v -0.17900265 0.05706246 0.09096074
v -0.16855133 0.07565362 0.09099865
v -0.18829751 0.04577274 0.08009661
v -0.17219329 0.05573268 0.09891081
v -0.16931176 0.05564363 0.10196376
v -0.18121052 0.04311104 0.09293294
v -0.17231250 0.04079325 0.10436726
v -0.15195620 0.04238910 0.11743784
v -0.16898418 0.04086871 0.10786736
v -0.13275075 0.01786525 0.14107144
v -0.15056765 0.01666755 0.13030875
v -0.10599816 -0.00942617 0.16511202
v -0.13189614 -0.01064067 0.15323437
v -0.10590697 -0.01148038 0.16542340
v -0.14945400 -0.00887244 0.14292550
v -0.13178182 -0.01279216 0.15353287
v -0.14950145 -0.01215749 0.14255727
v -0.15816546 -0.00346535 0.13338507
v -0.15970350 -0.00593727 0.13234687
v -0.14835704 -0.02105849 0.13883150
v -0.16102290 -0.01691275 0.12721217
v -0.13032139 -0.02271443 0.15114713
v -0.14306963 -0.04123943 0.12890148
v -0.10209298 -0.02024763 0.16409672
v -0.12215340 -0.04465072 0.14174545
v -0.07622063 -0.01613491 0.17214954
v -0.09327448 -0.03695243 0.15702403
v -0.07176101 -0.03165191 0.16552317
v -0.03878999 -0.02365868 0.16972411
v -0.07063926 -0.03596812 0.16294849
v -0.01814008 -0.01418786 0.17184854
v -0.06564451 -0.04413443 0.16477156
v -0.00769973 -0.01704483 0.17157150
v -0.03610766 -0.03092187 0.17112863
v -0.01455605 -0.01939862 0.17208636
v -0.00866008 -0.02664130 0.17150116
v -0.01646936 -0.03545266 0.17566312
v -0.00983918 -0.03795140 0.17407704
v -0.03194404 -0.04301279 0.17633426
v -0.00976491 -0.05141204 0.17941475
v -0.01644278 -0.05095272 0.18542815
v -0.00993848 -0.05728083 0.17856455
v -0.01643086 -0.05298393 0.18633771
v -0.02697265 -0.05418127 0.18569446
v -0.05285347 -0.05574529 0.17394734
v -0.02620268 -0.05639212 0.18674946
v -0.04724372 -0.06461506 0.18231213
v -0.06420231 -0.06235366 0.17028821
v -0.05737555 -0.07127374 0.18030548
v -0.04641259 -0.06688254 0.18354047
v -0.01507020 -0.06530147 0.18467093
v -0.02431560 -0.06710022 0.18460787
v -0.05621982 -0.07317596 0.18152881
v -0.02419746 -0.06824975 0.18253780
v -0.04226315 -0.07473748 0.18320310
v -0.04152656 -0.07602208 0.18158543
v -0.01470995 -0.06619673 0.18251205
v -0.02433372 -0.06521385 0.17458499
v -0.00975669 -0.05803578 0.17704916
v -0.01485265 -0.06327801 0.17379368
v -0.00844705 -0.06075042 0.17200303
v -0.02546799 -0.06746488 0.15828955
v -0.02604234 -0.06576674 0.15541435
v -0.03999937 -0.07402413 0.15724337
v -0.04001034 -0.07487195 0.16012192
v -0.04183197 -0.07280116 0.17514336
v -0.05467618 -0.08843236 0.15977514
v -0.05052126 -0.07862060 0.17347956
v -0.05062175 -0.08207112 0.17977238
v -0.05827165 -0.08510666 0.17166806
v -0.05141115 -0.08099072 0.18147481
v -0.05877817 -0.08878689 0.17781151
v -0.06735695 -0.09573834 0.16810656
v -0.05962026 -0.08791070 0.17959881
v -0.07599068 -0.10685568 0.16377056
v -0.06772399 -0.09836059 0.17432773
v -0.07621837 -0.10841995 0.17006934
v -0.08918357 -0.12798958 0.16187561
v -0.07781470 -0.10682731 0.17181361
v -0.06894326 -0.09712606 0.17609346
v -0.09083808 -0.12784093 0.16291905
v -0.07553435 -0.09013539 0.17537666
v -0.06508804 -0.08013611 0.17936957
v -0.08552921 -0.10062068 0.17060948
v -0.06656850 -0.07859950 0.17815125
v -0.07665146 -0.08853536 0.17407978
v -0.07491362 -0.06918483 0.16664398
v -0.08628285 -0.09895675 0.16923380
v -0.08526707 -0.07737654 0.16216314
v -0.09487415 -0.08622938 0.15689707
v -0.08601070 -0.05309062 0.15653765
v -0.11170554 -0.06622796 0.14217925
v -0.09063483 -0.04388683 0.15341640
v -0.11814416 -0.05386560 0.13799715
v -0.10852611 -0.10073822 0.14742351
v -0.13559890 -0.07284241 0.12034583
v -0.09932566 -0.11696129 0.16008044
v -0.12984252 -0.09643870 0.12510264
v -0.11779845 -0.11604934 0.14004636
v -0.09850741 -0.11860090 0.16120601
v -0.11007512 -0.13201886 0.14946413
v -0.10939122 -0.13343304 0.15029812
v -0.10190928 -0.14353137 0.15278554
v -0.11973524 -0.14888959 0.13739968
v -0.12100303 -0.14707475 0.13688255
v -0.12774802 -0.12606018 0.13021946
v -0.13242424 -0.15926175 0.12284041
v -0.13941443 -0.13390320 0.11391139
v -0.14752853 -0.13994675 0.10244119
v -0.14737118 -0.10612183 0.10430920
v -0.15761793 -0.14386266 0.08179903
v -0.16051460 -0.10974698 0.08027411
v -0.14948654 -0.07769590 0.10340703
v -0.16570878 -0.08059388 0.08011079
v -0.16183305 -0.14642291 0.06785131
v -0.16395629 -0.11170607 0.06614602
v -0.17016506 -0.08415525 0.06411374
v -0.16361261 -0.14788990 0.05198026
v -0.16713667 -0.11414390 0.04988635
v -0.17295921 -0.12003439 0.02251470
v -0.17496431 -0.08683377 0.04588712
v -0.18112433 -0.09362619 0.01842797
v -0.17463577 -0.12327164 0.00010431
v -0.18941891 -0.06646102 0.01173616
v -0.18480408 -0.09751587 -0.00683140
v -0.17697084 -0.12480073 -0.02084005
v -0.18766165 -0.05723291 0.03593540
v -0.19274426 -0.07262903 -0.01295399
v -0.18481028 -0.04768126 0.05392134
v -0.18854726 -0.10017186 -0.02623892
v -0.19143665 -0.04718178 0.03141213
v -0.17518258 -0.12481325 -0.04634785
v -0.18927050 -0.03818887 0.04774821
v -0.19285453 -0.05669384 0.00746322
v -0.19327617 -0.02616101 0.03972483
v -0.19583249 -0.07569020 -0.03090000
v -0.19527984 -0.03518563 0.02359152
v -0.18689478 -0.02693694 0.06067455
v -0.19564927 -0.06162088 -0.01517439
v -0.18005240 -0.03415232 0.07423401
v -0.18875528 -0.09895199 -0.05230736
v -0.16753686 -0.05947810 0.08610964
v -0.15278590 -0.06127923 0.10608578
v -0.16893184 -0.04357188 0.09588206
v -0.13919556 -0.06054848 0.12061250
v -0.15638495 -0.04591804 0.11146248
v -0.14179063 -0.04711800 0.12600565
v -0.15868056 -0.03560727 0.11693704
v -0.16998971 -0.02866953 0.10382366
v -0.16990841 -0.01072686 0.11408460
v -0.17776871 -0.02165847 0.08664310
v -0.16688597 0.00304062 0.12364471
v -0.17441404 -0.00017147 0.10505510
v -0.16468787 0.00521321 0.12549889
v -0.16892875 0.01423270 0.11707092
v -0.16651607 0.01555652 0.11959672
v -0.17770314 0.01636083 0.09802759
v -0.17803490 0.00305171 0.09488559
v -0.18278969 0.02398164 0.09096456
v -0.18417299 0.00903923 0.08510268
v -0.18943310 0.02902300 0.07837987
v -0.18496359 -0.01227002 0.07353592
v -0.18920350 0.01127143 0.07157803
v -0.18917191 0.02973945 0.07530403
v -0.18966186 -0.00287979 0.06314075
v -0.18290210 0.04542286 0.07255090
v -0.18864370 0.01222224 0.06933451
v -0.17606390 0.05400271 0.05988574
v -0.18265558 0.02858789 0.07092893
v -0.17579437 0.03930456 0.06088317
v -0.16879523 0.05231471 0.01124347
v -0.17653048 0.01567752 0.05426860
v -0.18217457 0.01308460 0.06397164
v -0.18270564 0.00011773 0.05675876
v -0.17726124 0.00513274 0.04784537
v -0.18863380 -0.00159877 0.06112600
v -0.18441010 -0.01119070 0.04635990
v -0.19129360 -0.01537257 0.05151737
v -0.18979740 -0.01376133 0.04973150
v -0.19183529 -0.02422469 0.03817857
v -0.17867637 -0.00555687 0.03913999
v -0.18571508 -0.02156859 0.03555155
v -0.19395995 -0.03281658 0.02231539
v -0.17976928 -0.01439874 0.02975107
v -0.18720877 -0.03023832 0.02012861
v -0.19690049 -0.04266351 0.00269044
v -0.19598711 -0.03961985 0.00201536
v -0.18095517 -0.02160471 0.01554442
v -0.19865775 -0.04734295 -0.01584780
v -0.18905628 -0.03601163 0.00244701
v -0.17055166 0.03519256 -0.00999236
v -0.18204510 -0.02620309 0.00025773
v -0.19131232 -0.04064935 -0.01662957
v -0.18357396 -0.03019588 -0.01741957
v -0.19780469 -0.04403334 -0.01601195
v -0.18498898 -0.03231852 -0.03150415
v -0.17154157 0.02607162 -0.03541672
v -0.19314587 -0.04304760 -0.03099429
v -0.18704415 -0.03264122 -0.04871583
v -0.19941569 -0.04655712 -0.03199267
v -0.19518495 -0.04259353 -0.05062592
v -0.20042575 -0.04992228 -0.03212213
v -0.20115662 -0.04683547 -0.05271077
v -0.19849432 -0.06323867 -0.03218150
v -0.20252979 -0.05077617 -0.05362189
v -0.19744492 -0.07474892 -0.05524802
v -0.20024669 -0.06295555 -0.05591321
v -0.20152581 -0.04238134 -0.07479286
v -0.18519378 -0.09629600 -0.06749427
v -0.19625569 -0.03819316 -0.07020259
v -0.17065907 -0.12079244 -0.06584632
v -0.18803549 -0.02800505 -0.06694436
v -0.19516170 -0.03040152 -0.08462476
v -0.17234195 0.02676911 -0.05878830
v -0.18700075 -0.02070372 -0.07872116
v -0.19250548 -0.01991957 -0.09611118
v -0.17310441 0.02906437 -0.03592646
v -0.18462062 -0.01097911 -0.08894968
v -0.17229557 0.03786952 -0.01144874
v -0.17653251 0.06209106 -0.02495098
v -0.17726374 0.05637712 -0.04031622
v -0.16749013 0.06378896 -0.02655124
v -0.16822517 0.05869944 -0.04096567
v -0.16840267 0.05911333 -0.05625510
v -0.17378331 0.02971716 -0.05861103
v -0.17745126 0.05682439 -0.05681348
v -0.16800320 0.06499405 -0.07036984
v -0.17418862 0.03748233 -0.08290517
v -0.17702043 0.06316752 -0.07203757
v -0.16708076 0.07554741 -0.08140373
v -0.17280662 0.03495462 -0.08434379
v -0.17195952 0.04478557 -0.09445274
v -0.17602551 0.07455022 -0.08393860
v -0.18205917 0.00532074 -0.10128772
v -0.17041517 0.04311545 -0.09680998
v -0.18834925 -0.00055354 -0.10998320
v -0.17954612 0.01928563 -0.10990131
v -0.19677818 -0.02287429 -0.10366261
v -0.18530751 0.01544864 -0.11950350
v -0.19970024 -0.03423398 -0.08996939
v -0.19258714 -0.00409751 -0.11907804
v -0.20244062 -0.04613548 -0.07680130
v -0.19614256 -0.02581244 -0.10591304
v -0.19999910 -0.03705244 -0.09239816
v -0.19879520 -0.05641001 -0.08030522
v -0.19215405 -0.00543039 -0.12102198
v -0.19502676 -0.04544692 -0.09678089
v -0.19053972 -0.03237586 -0.11008441
v -0.18482995 -0.01135199 -0.12548780
v -0.18798590 0.01134844 -0.13169741
v -0.18028093 0.00830049 -0.13642335
v -0.16701818 -0.01922767 -0.13098550
v -0.15867794 0.00229318 -0.13987839
v -0.17685926 0.02294893 -0.14120710
v -0.18883384 0.01278407 -0.12979948
v -0.18606818 0.02540440 -0.13703084
v -0.18352986 0.02798850 -0.12488961
v -0.18673528 0.02605493 -0.13503074
v -0.17762459 0.03074081 -0.11510193
v -0.17519582 0.04219610 -0.11910784
v -0.18124521 0.04052813 -0.12908101
v -0.18412960 0.03932602 -0.13906729
v -0.18364346 0.03946049 -0.14116955
v -0.17872703 0.05436737 -0.13178205
v -0.18156445 0.05402000 -0.14199650
v -0.17145193 0.05434174 -0.12152052
v -0.16831827 0.05641753 -0.10862469
v -0.16893101 0.06720431 -0.12084889
v -0.16984976 0.05826373 -0.10644805
v -0.17646981 0.06820674 -0.13250291
v -0.17460084 0.08943553 -0.09090912
v -0.16825629 0.08479423 -0.12047124
v -0.17427981 0.08486063 -0.12929976
v -0.16575992 0.08934803 -0.08786630
v -0.16421914 0.10453219 -0.08888507
v -0.16790879 0.10189182 -0.11775732
v -0.17190075 0.10240454 -0.12393987
v -0.17025340 0.11817462 -0.11751473
v -0.17344725 0.12033875 -0.12610912
v -0.17532659 0.10360236 -0.13431215
v -0.17693937 0.08615834 -0.14022493
v -0.17336500 0.10433395 -0.13649988
v -0.17925990 0.06871385 -0.14294553
v -0.16347003 0.10474307 -0.13899159
v -0.18068755 0.05416889 -0.14388430
v -0.14255381 0.08845086 -0.14361131
v -0.16551340 0.08711369 -0.14453041
v -0.14353383 0.07102961 -0.14572549
v -0.17532504 0.08660562 -0.14215541
v -0.16826427 0.06948430 -0.14687705
v -0.17799247 0.06887741 -0.14461875
v -0.17046702 0.05354066 -0.14682662
v -0.14634741 0.05397684 -0.14683544
v -0.10435713 0.05374117 -0.14937937
v -0.17293048 0.03759725 -0.14479589
v -0.14942193 0.03692407 -0.14596522
v -0.15430343 0.01960857 -0.14351928
v -0.10650564 0.03857035 -0.14911091
v -0.11319602 0.02072007 -0.14783990
v -0.12290502 -0.00257569 -0.14423763
v -0.10154867 0.03873689 -0.15127361
v -0.10765457 0.01930303 -0.14920294
v -0.08208633 0.03791661 -0.16783881
v -0.08650554 0.01673968 -0.16609239
v -0.08169115 0.01604039 -0.16672933
v -0.11753130 -0.00369459 -0.14643013
v -0.09373975 -0.00655501 -0.16096735
v -0.08843792 -0.00878685 -0.16254925
v -0.04653526 0.01287145 -0.16143477
v -0.05701065 -0.01588552 -0.15607953
v -0.04430855 0.00769205 -0.15875864
v -0.04191304 0.00133056 -0.15003037
v -0.05393338 -0.01655286 -0.15335011
v -0.05010975 -0.01755505 -0.14537883
v -0.06734216 -0.05163937 -0.14363384
v -0.06307781 -0.04990535 -0.13475346
v -0.06974542 -0.05105763 -0.14641642
v -0.07659495 -0.07776397 -0.12475395
v -0.08213628 -0.07799750 -0.13321757
v -0.10454107 -0.04126304 -0.14830541
v -0.08476675 -0.07776683 -0.13570404
v -0.09934271 -0.09483319 -0.12282371
v -0.10826671 -0.04036610 -0.14760732
v -0.11958444 -0.06416433 -0.13443708
v -0.13482619 -0.03184598 -0.13639033
v -0.10206986 -0.09342676 -0.12391066
v -0.13927961 -0.03061574 -0.13441944
v -0.15052402 -0.05022126 -0.12495768
v -0.17698562 -0.04081981 -0.11597764
v -0.13011289 -0.07915323 -0.12270677
v -0.15646005 -0.05907004 -0.11857068
v -0.18519283 -0.05597513 -0.10109722
v -0.19008708 -0.06332283 -0.09069490
v -0.16594756 -0.07464080 -0.10549009
v -0.14352763 -0.09549992 -0.10804307
v -0.17377079 -0.08496719 -0.09296429
v -0.19387520 -0.06774121 -0.08049440
v -0.19614721 -0.07164579 -0.06958437
v -0.17990208 -0.09106391 -0.08145404
v -0.16405905 -0.11489814 -0.08209085
v -0.15503574 -0.10621851 -0.09531796
v -0.15402413 -0.13750415 -0.06216311
v -0.14713013 -0.13100665 -0.08040118
v -0.13489533 -0.11965542 -0.09514367
v -0.15974462 -0.14198499 -0.04154980
v -0.15163470 -0.13944035 -0.06100332
v -0.15745735 -0.14492123 -0.04111087
v -0.14859271 -0.13953953 -0.05892718
v -0.14452660 -0.13304048 -0.08017432
v -0.13966108 -0.13382881 -0.07495045
v -0.13243521 -0.12233322 -0.09529555
v -0.12515009 -0.12287789 -0.09071397
v -0.12232054 -0.11054890 -0.10717570
v -0.11822856 -0.11228543 -0.10622716
v -0.11127258 -0.11182683 -0.10312819
v 0.03143823 -0.11605208 -0.07730078
v 0.00000000 -0.11405425 -0.07471645
v 0.04522681 -0.12014883 -0.07819855
v 0.05964803 -0.13013356 -0.07769751
v 0.06748628 -0.13712554 -0.07594681
v 0.07762623 -0.15070849 -0.06872916
v 0.08823967 -0.16252642 -0.05990779
v 0.09976709 -0.17228585 -0.04496181
v 0.11217820 -0.18078189 -0.02676046
v 0.12540245 -0.18759947 -0.00069236
v 0.13180995 -0.19144636 0.01529944
v 0.13576758 -0.19315117 0.03113342
v 0.13645756 -0.19394200 0.04812491
v 0.13488316 -0.19133966 0.06102240
v 0.13081419 -0.18735128 0.07195831
v 0.12151396 -0.17875963 0.08964384
v 0.10742986 -0.16535716 0.11030829
v 0.09730780 -0.15464633 0.12252903
v 0.08797729 -0.14100306 0.13449276
v 0.07911229 -0.12664550 0.14360869
v 0.06929481 -0.10874729 0.15191698
v 0.05361509 -0.08772641 0.15741110
v 0.03999936 -0.07402413 0.15724337
v 0.02604234 -0.06576674 0.15541435
v 0.00000000 -0.06254940 0.15420270
v -0.03143823 -0.11605208 -0.07730078
v -0.04522682 -0.12014883 -0.07819855
v -0.05964792 -0.13013356 -0.07769751
v -0.06748629 -0.13712554 -0.07594681
v -0.07762623 -0.15070849 -0.06872916
v -0.08823967 -0.16252642 -0.05990779
v -0.09976709 -0.17228585 -0.04496181
v -0.11217821 -0.18078189 -0.02676046
v -0.12540245 -0.18759947 -0.00069236
v -0.13180995 -0.19144636 0.01529944
v -0.13576758 -0.19315117 0.03113342
v -0.13645757 -0.19394200 0.04812491
v -0.13488317 -0.19133966 0.06102240
v -0.13081420 -0.18735128 0.07195831
v -0.12151397 -0.17875963 0.08964384
v -0.10742986 -0.16535716 0.11030829
v -0.09730780 -0.15464633 0.12252903
v -0.08797729 -0.14100306 0.13449276
v -0.07911229 -0.12664550 0.14360869
v -0.06929481 -0.10874729 0.15191698
v -0.05361498 -0.08772641 0.15741110
v -0.02604234 -0.06576674 0.15541435
v -0.03999937 -0.07402413 0.15724337
v -0.03095866 -0.10730331 -0.07272124
v 0.00000000 -0.10604065 -0.07138169
v -0.05118287 -0.11030178 -0.07256078
v -0.02840865 -0.10436623 -0.05893278
v 0.00000000 -0.10432988 -0.06292414
v 0.00000000 -0.10568219 -0.04914367
v -0.04365969 -0.10405295 -0.05255341
v -0.06999970 -0.11770563 -0.06892419
v -0.02523208 -0.10569935 -0.04381299
v -0.02436054 -0.08712666 -0.03439975
v 0.00000000 -0.08721440 -0.03869426
v -0.03598643 -0.10519188 -0.03903508
v 0.00000000 -0.04464500 0.03167606
v -0.04887188 -0.10329252 -0.02971089
v -0.04862452 -0.08297460 -0.01849341
v -0.05985344 -0.10244744 -0.04137313
v -0.06010700 -0.09834497 -0.01668524
v -0.08187175 -0.12449973 -0.05948949
v -0.07349611 -0.09861594 -0.02474296
v -0.09111679 -0.13036352 -0.04940593
v -0.09991551 -0.13442223 -0.03525769
v -0.06893575 -0.09188574 0.00003982
v -0.10862124 -0.13843804 -0.02125871
v -0.08385754 -0.09388738 -0.00351143
v -0.11679590 -0.14407175 0.00417769
v -0.08885289 -0.08936780 0.01608336
v -0.12140978 -0.14850383 0.03248692
v -0.07326925 -0.08726471 0.01806116
v -0.09003067 -0.08835571 0.03442860
v -0.12037134 -0.14698117 0.05185724
v -0.06758094 -0.07890897 0.00966919
v -0.07300687 -0.08572524 0.03344250
v -0.07083023 -0.07712834 0.03976786
v -0.07144559 -0.08550089 0.04975987
v -0.08892286 -0.08841198 0.05241359
v -0.08262527 -0.08960073 0.07032407
v -0.11254347 -0.14200025 0.07908869
v -0.10341323 -0.13628357 0.09557736
v -0.09434903 -0.12669270 0.11007798
v -0.07321441 -0.09164434 0.08948744
v -0.08126688 -0.11558299 0.12453962
v -0.06145740 -0.09410732 0.10281229
v -0.07574964 -0.10679596 0.12959600
v -0.06811178 -0.09463172 0.13659585
v -0.04793835 -0.09646480 0.11269236
v -0.05475652 -0.08083718 0.14430893
v -0.05139947 -0.09559195 0.09139669
v -0.04016722 -0.06586485 0.14775288
v -0.03218878 -0.09839170 0.12100888
v -0.02498722 -0.05828243 0.14930225
v 0.00000000 -0.05526464 0.14939559
v -0.01719058 -0.09858733 0.12525678
v 0.00000000 -0.09872954 0.12714601
v 0.00000000 -0.10008054 0.11416078
v -0.01420284 -0.10081594 0.11149168
v 0.00000000 -0.08430319 0.10372722
v -0.02753723 -0.10053425 0.10741675
v -0.01859987 -0.08436911 0.10111821
v -0.03969729 -0.09856015 0.10041964
v -0.04076553 -0.08458059 0.09098530
v -0.06131137 -0.08035903 0.06871069
v -0.05984223 -0.09150808 0.07960630
v -0.06689668 -0.08739691 0.06692756
v 0.03095877 -0.10730331 -0.07272124
v 0.05118286 -0.11030178 -0.07256078
v 0.02840864 -0.10436623 -0.05893278
v 0.06999969 -0.11770563 -0.06892419
v 0.04365968 -0.10405295 -0.05255341
v 0.02523207 -0.10569935 -0.04381299
v 0.02436053 -0.08712666 -0.03439975
v 0.03598642 -0.10519188 -0.03903508
v 0.04887187 -0.10329252 -0.02971089
v 0.04862451 -0.08297460 -0.01849341
v 0.05985343 -0.10244744 -0.04137313
v 0.06010699 -0.09834497 -0.01668524
v 0.08187175 -0.12449973 -0.05948949
v 0.07349610 -0.09861594 -0.02474296
v 0.09111678 -0.13036352 -0.04940593
v 0.09991550 -0.13442223 -0.03525769
v 0.06893575 -0.09188574 0.00003982
v 0.10862124 -0.13843804 -0.02125871
v 0.08385753 -0.09388738 -0.00351143
v 0.11679589 -0.14407175 0.00417769
v 0.07326925 -0.08726471 0.01806116
v 0.12140977 -0.14850383 0.03248692
v 0.08885288 -0.08936780 0.01608336
v 0.09003067 -0.08835571 0.03442860
v 0.12037134 -0.14698117 0.05185724
v 0.07300687 -0.08572524 0.03344250
v 0.11254346 -0.14200025 0.07908869
v 0.08892286 -0.08841198 0.05241359
v 0.10341322 -0.13628357 0.09557736
v 0.08262527 -0.08960073 0.07032407
v 0.09434914 -0.12669270 0.11007798
v 0.07144558 -0.08550089 0.04975987
v 0.07321441 -0.09164434 0.08948744
v 0.06689667 -0.08739691 0.06692756
v 0.08126688 -0.11558299 0.12453962
v 0.06145739 -0.09410732 0.10281229
v 0.07574963 -0.10679596 0.12959600
v 0.05139947 -0.09559195 0.09139669
v 0.06811177 -0.09463172 0.13659585
v 0.04793834 -0.09646480 0.11269236
v 0.05475652 -0.08083718 0.14430893
v 0.05984223 -0.09150808 0.07960630
v 0.04016721 -0.06586485 0.14775288
v 0.06131136 -0.08035903 0.06871069
v 0.02498722 -0.05828243 0.14930225
v 0.01719057 -0.09858733 0.12525678
v 0.03218877 -0.09839170 0.12100888
v 0.01420283 -0.10081594 0.11149168
v 0.02753722 -0.10053425 0.10741675
v 0.01859998 -0.08436911 0.10111821
v 0.03969729 -0.09856015 0.10041964
v 0.04076552 -0.08458059 0.09098530
v 0.07083022 -0.07712834 0.03976786
v 0.06758094 -0.07890897 0.00966919
vt 0.95317936 0.79491347
vt 0.96133470 0.96744883
vt 0.87883633 0.90247267
vt 0.87539983 0.78789264
vt 0.63078684 0.86677146
vt 0.95693451 0.56697542
vt 0.63132334 0.74559701
vt 0.49229574 0.86193514
vt 0.87883758 0.56916672
vt 0.88270301 0.31130159
vt 0.96030831 0.32656300
vt 0.87672317 0.08307099
vt 0.95905691 0.08420354
vt 0.60591233 0.08999336
vt 0.60857123 0.29039037
vt 0.62042135 0.56285006
vt 0.49212640 0.74034089
vt 0.49187803 0.55733156
vt 0.49151072 0.28908265
vt 0.49123520 0.08842963
vt 0.37656656 0.09030777
vt 0.37445354 0.29070938
vt 0.36334705 0.56320471
vt 0.35294852 0.74597693
vt 0.35381910 0.86715239
vt 0.10495162 0.57022726
vt 0.10037550 0.31237477
vt 0.10573497 0.08412778
vt 0.02340698 0.32834983
vt 0.02418274 0.08599073
vt 0.02725324 0.56875211
vt 0.10898765 0.78894383
vt 0.03145689 0.79667228
vt 0.10586615 0.90352905
vt 0.02387723 0.96931612
vt 0.37115568 0.73570120
vt 0.35400194 0.72660255
vt 0.37197596 0.73427647
vt 0.35311627 0.72812378
vt 0.36576110 0.74608976
vt 0.34610605 0.72268021
vt 0.34838462 0.73955280
vt 0.36434460 0.74943686
vt 0.34503555 0.72406203
vt 0.34692556 0.74368554
vt 0.36390990 0.75091595
vt 0.33867973 0.73401880
vt 0.34662270 0.74516797
vt 0.33615547 0.73834664
vt 0.32839203 0.72656298
vt 0.32662088 0.73098290
vt 0.33465040 0.71782112
vt 0.33577079 0.71647286
vt 0.32941508 0.71124840
vt 0.32806236 0.71291661
vt 0.31815684 0.70073253
vt 0.32175827 0.72126210
vt 0.31641185 0.70219004
vt 0.30597347 0.68998140
vt 0.31140894 0.71009046
vt 0.31990218 0.72467375
vt 0.30933690 0.71308786
vt 0.29891050 0.69742024
vt 0.32571113 0.73269975
vt 0.29706112 0.70063883
vt 0.31883049 0.72610968
vt 0.30806136 0.71423691
vt 0.33497024 0.73923874
vt 0.32214934 0.73948407
vt 0.33186650 0.74658620
vt 0.34508491 0.75354356
vt 0.36294943 0.75856364
vt 0.36135459 0.78111595
vt 0.33121610 0.77532637
vt 0.31661677 0.77363902
vt 0.33133054 0.79915070
vt 0.35822663 0.80422747
vt 0.32340449 0.79832542
vt 0.33058184 0.82161719
vt 0.35321510 0.82705218
vt 0.32528424 0.82226461
vt 0.33575106 0.84339488
vt 0.34621125 0.84723502
vt 0.32553423 0.83378261
vt 0.33072323 0.85213017
vt 0.34119099 0.85658437
vt 0.32822639 0.83827591
vt 0.33580804 0.86544746
vt 0.32366544 0.84607542
vt 0.32608908 0.85892832
vt 0.32344240 0.86320812
vt 0.33353853 0.86905765
vt 0.32675391 0.88068610
vt 0.31884634 0.85286373
vt 0.31595588 0.87412918
vt 0.31313151 0.90063059
vt 0.31664848 0.85604376
vt 0.30287790 0.89372891
vt 0.30246234 0.91333729
vt 0.30471969 0.86414617
vt 0.29281419 0.90589088
vt 0.29243612 0.92346925
vt 0.29094571 0.88535547
vt 0.28320164 0.91573906
vt 0.27861285 0.93541741
vt 0.28129694 0.89673197
vt 0.27108586 0.92717564
vt 0.26302499 0.94692177
vt 0.27238122 0.90553641
vt 0.25605285 0.93909121
vt 0.25568896 0.95179468
vt 0.26033664 0.91582668
vt 0.24935436 0.94332319
vt 0.24762022 0.95657086
vt 0.24910849 0.93230259
vt 0.24540335 0.93860847
vt 0.24120295 0.94769347
vt 0.23603424 0.96247530
vt 0.23834231 0.93416870
vt 0.22983569 0.95299482
vt 0.22022065 0.96930230
vt 0.23141137 0.93550086
vt 0.24175602 0.92802620
vt 0.21409431 0.95941436
vt 0.20775613 0.97441924
vt 0.22027978 0.94077176
vt 0.20125845 0.96491033
vt 0.20069817 0.97758174
vt 0.20451882 0.94728285
vt 0.22994333 0.93108308
vt 0.21813509 0.93627840
vt 0.19431564 0.96816128
vt 0.19544455 0.98018169
vt 0.18978399 0.95192611
vt 0.18937457 0.97086674
vt 0.19418919 0.98091340
vt 0.18290216 0.95531142
vt 0.18521375 0.97423208
vt 0.19143803 0.98280942
vt 0.18791503 0.97178841
vt 0.17523965 0.96300662
vt 0.17753282 0.96059960
vt 0.16422401 0.95422471
vt 0.17851833 0.95891815
vt 0.16585493 0.95199919
vt 0.15629446 0.94872612
vt 0.16685551 0.95022410
vt 0.15819201 0.94663590
vt 0.14727286 0.94274461
vt 0.17066705 0.94595581
vt 0.15940744 0.94498885
vt 0.14973763 0.94110346
vt 0.14009139 0.93476802
vt 0.13771532 0.93671882
vt 0.15124676 0.93963140
vt 0.16310346 0.94054156
vt 0.12460896 0.92618215
vt 0.12205470 0.92811859
vt 0.14135036 0.93274677
vt 0.15501273 0.93498450
vt 0.10489765 0.91353470
vt 0.10213353 0.91557145
vt 0.12578684 0.92407411
vt 0.08694465 0.89995772
vt 0.08471555 0.90211278
vt 0.10590146 0.91173899
vt 0.07188873 0.88732225
vt 0.06957033 0.88972199
vt 0.04953968 0.87108135
vt 0.08791487 0.89870209
vt 0.05092309 0.86752850
vt 0.02905720 0.85062444
vt 0.07268494 0.88580936
vt 0.03114279 0.84780729
vt 0.01621797 0.84471118
vt 0.05152680 0.86570859
vt 0.07433425 0.87974089
vt 0.01075932 0.84088051
vt 0.01032487 0.84395117
vt 0.01721622 0.84161419
vt 0.03119695 0.84506541
vt 0.01729373 0.83907616
vt 0.01057959 0.83857644
vt 0.00946743 0.83282656
vt 0.01783524 0.83313370
vt 0.05365885 0.86033845
vt 0.03245535 0.83908373
vt 0.01710353 0.82659429
vt 0.00828128 0.82706559
vt 0.05528630 0.85120338
vt 0.01609383 0.81622714
vt 0.00623880 0.81650662
vt 0.03364088 0.83038962
vt 0.03350700 0.82081896
vt 0.01363985 0.80058533
vt 0.00389714 0.80067086
vt 0.03281333 0.80199564
vt 0.01140707 0.77661145
vt 0.00220427 0.77651125
vt 0.05162078 0.80380624
vt 0.01177768 0.75859505
vt 0.00263236 0.75778711
vt 0.03230355 0.77978694
vt 0.00689102 0.74353778
vt 0.00399435 0.74360609
vt 0.03255402 0.76038605
vt 0.00541225 0.73956132
vt 0.00400892 0.73950845
vt 0.00467212 0.73368329
vt 0.01516096 0.73640728
vt 0.00653127 0.73418790
vt 0.00766859 0.72091496
vt 0.01018578 0.73383731
vt 0.01050787 0.72149611
vt 0.00974908 0.71390110
vt 0.01445885 0.72331733
vt 0.01373937 0.71476108
vt 0.01152369 0.70800978
vt 0.01648642 0.72194517
vt 0.01823497 0.72752833
vt 0.01589252 0.70899904
vt 0.01311457 0.70288491
vt 0.02422047 0.71058494
vt 0.02505103 0.71941495
vt 0.02562769 0.72453171
vt 0.03434712 0.74014282
vt 0.03672434 0.72281402
vt 0.03736272 0.71693283
vt 0.05187850 0.76243448
vt 0.05348152 0.74302763
vt 0.05721691 0.72199261
vt 0.05115276 0.78268367
vt 0.06839644 0.76484436
vt 0.06784911 0.78570139
vt 0.06849355 0.80568391
vt 0.06925491 0.74523324
vt 0.08296229 0.78890258
vt 0.08346813 0.76601350
vt 0.08305810 0.80625606
vt 0.09488141 0.79056370
vt 0.09579062 0.80603069
vt 0.08527973 0.82579196
vt 0.09828032 0.82313311
vt 0.05242856 0.82479107
vt 0.07079228 0.82651091
vt 0.07622164 0.85013360
vt 0.07650835 0.86919475
vt 0.09079252 0.84662855
vt 0.09030884 0.89164680
vt 0.09766737 0.86768770
vt 0.09256969 0.88206112
vt 0.10832075 0.90527970
vt 0.11248728 0.89484555
vt 0.12773198 0.91669798
vt 0.14229116 0.92549258
vt 0.13108182 0.90575290
vt 0.11766630 0.88333231
vt 0.14566594 0.91205621
vt 0.13537851 0.89496767
vt 0.11147347 0.85802478
vt 0.12494171 0.87406498
vt 0.10381978 0.84230322
vt 0.11319758 0.83707207
vt 0.10812580 0.82002759
vt 0.12020975 0.85102922
vt 0.11882064 0.83395475
vt 0.10609481 0.80581737
vt 0.11528634 0.81791979
vt 0.12453923 0.84726196
vt 0.13189879 0.86610287
vt 0.13949391 0.88521731
vt 0.13498902 0.86155647
vt 0.14889580 0.90122968
vt 0.14348087 0.87597758
vt 0.15212721 0.89131689
vt 0.15956658 0.90411562
vt 0.16130295 0.89331341
vt 0.15522870 0.88241893
vt 0.14587876 0.87097698
vt 0.15658838 0.87608552
vt 0.16327971 0.88423854
vt 0.16451731 0.87806058
vt 0.15715489 0.87468409
vt 0.14626825 0.86948943
vt 0.13577926 0.86040467
vt 0.15877369 0.87162989
vt 0.12565473 0.84622139
vt 0.14800295 0.86582994
vt 0.13807643 0.85640466
vt 0.12023612 0.83317691
vt 0.12914470 0.84297901
vt 0.15035117 0.86148131
vt 0.14132437 0.85059387
vt 0.16028202 0.86716020
vt 0.15362056 0.85446614
vt 0.16234389 0.86018157
vt 0.16661730 0.86889559
vt 0.16481847 0.87668854
vt 0.16608092 0.87318754
vt 0.17275506 0.87880278
vt 0.17278036 0.87741905
vt 0.17327827 0.88485116
vt 0.18069795 0.87798607
vt 0.17341232 0.89389038
vt 0.18180329 0.88338071
vt 0.18059069 0.87664443
vt 0.18871066 0.87606925
vt 0.18364662 0.89296389
vt 0.17367503 0.87343252
vt 0.19025865 0.88070756
vt 0.17331016 0.86935383
vt 0.17963916 0.86893445
vt 0.17260033 0.86215579
vt 0.18083331 0.87279803
vt 0.18282241 0.86053240
vt 0.18844914 0.87474620
vt 0.18586731 0.86720550
vt 0.18808955 0.87104267
vt 0.19147506 0.86453533
vt 0.18137541 0.85650265
vt 0.19442967 0.86794430
vt 0.17277777 0.85778993
vt 0.19615203 0.87122750
vt 0.16403684 0.85618728
vt 0.19651422 0.87240988
vt 0.15664837 0.85131365
vt 0.17343955 0.83384436
vt 0.15172937 0.84403145
vt 0.14764269 0.84587169
vt 0.14530115 0.83542854
vt 0.14960819 0.83523125
vt 0.13404801 0.83876514
vt 0.14732066 0.82479024
vt 0.12368860 0.83040881
vt 0.13207707 0.82596070
vt 0.12185387 0.81803375
vt 0.15128526 0.82636827
vt 0.15580723 0.81833219
vt 0.15288940 0.81539786
vt 0.11707120 0.81700736
vt 0.13645726 0.81998378
vt 0.16279367 0.81276226
vt 0.13498625 0.81943375
vt 0.14337724 0.80622804
vt 0.16118678 0.80871713
vt 0.13078812 0.81916177
vt 0.14242917 0.80486810
vt 0.15573272 0.79612166
vt 0.12871862 0.80356848
vt 0.12056992 0.80403757
vt 0.12902588 0.79329085
vt 0.15526167 0.79420417
vt 0.17103431 0.80546415
vt 0.17048568 0.79139245
vt 0.17115557 0.80979079
vt 0.18108280 0.80602837
vt 0.17966720 0.81031150
vt 0.18750832 0.81378639
vt 0.19319677 0.82006061
vt 0.19017401 0.81029266
vt 0.18519270 0.79241145
vt 0.19665900 0.79813832
vt 0.19690117 0.81773186
vt 0.20712203 0.80805504
vt 0.19660360 0.82804924
vt 0.21106458 0.81469566
vt 0.20070338 0.82715368
vt 0.20851329 0.80714482
vt 0.20091213 0.83736241
vt 0.21391255 0.82451189
vt 0.19675535 0.83668637
vt 0.19428220 0.84512800
vt 0.18885931 0.85183841
vt 0.19798869 0.84713703
vt 0.19166952 0.85515785
vt 0.19671595 0.86153352
vt 0.20396131 0.85626990
vt 0.20033300 0.86440063
vt 0.21059433 0.84987974
vt 0.20739010 0.85857242
vt 0.20328242 0.86721182
vt 0.21547028 0.84151560
vt 0.21389896 0.85157532
vt 0.21139237 0.86130923
vt 0.20372289 0.86826396
vt 0.21215913 0.86239755
vt 0.21883425 0.85416710
vt 0.22031602 0.84364677
vt 0.21900800 0.83253789
vt 0.22527477 0.84648490
vt 0.21545625 0.82417160
vt 0.22528058 0.83578289
vt 0.21272162 0.81453449
vt 0.22210984 0.82629132
vt 0.22395605 0.81958306
vt 0.22810021 0.82866645
vt 0.22996119 0.82111299
vt 0.22479719 0.81297040
vt 0.23099187 0.81391603
vt 0.22502512 0.80608684
vt 0.23144612 0.80647957
vt 0.23644334 0.81558001
vt 0.23730865 0.80787045
vt 0.23510057 0.82299799
vt 0.23755935 0.81590772
vt 0.23306191 0.83085906
vt 0.23603714 0.82366270
vt 0.23019469 0.83831310
vt 0.23394269 0.83150613
vt 0.23106602 0.83895683
vt 0.22625807 0.84735441
vt 0.24159664 0.82591677
vt 0.23869711 0.83433855
vt 0.23497942 0.84234679
vt 0.21993002 0.85527259
vt 0.23004180 0.85092610
vt 0.22358838 0.85899770
vt 0.21553135 0.86621499
vt 0.23810530 0.85965115
vt 0.20679775 0.87191427
vt 0.23039573 0.86754107
vt 0.19885901 0.87664568
vt 0.21210444 0.87986964
vt 0.20305571 0.88564956
vt 0.22146383 0.87440556
vt 0.21595061 0.88644904
vt 0.19323373 0.89073938
vt 0.20451838 0.88896662
vt 0.22893971 0.88448876
vt 0.21709153 0.88915205
vt 0.20566946 0.89194489
vt 0.18452448 0.90075374
vt 0.19475859 0.89589930
vt 0.17360812 0.90483773
vt 0.19545922 0.90177023
vt 0.15844780 0.91562217
vt 0.18554521 0.90851301
vt 0.17409053 0.91701335
vt 0.15871471 0.92933190
vt 0.18793505 0.91373795
vt 0.16797406 0.93483514
vt 0.17902255 0.92205787
vt 0.17575914 0.93941158
vt 0.18498328 0.92749006
vt 0.20275947 0.94499677
vt 0.19154555 0.91915941
vt 0.19976550 0.91240650
vt 0.19570637 0.90652961
vt 0.21026331 0.90706468
vt 0.20582199 0.90096623
vt 0.20557687 0.89766413
vt 0.21761444 0.89842135
vt 0.22224471 0.90383154
vt 0.21696353 0.89565682
vt 0.23636219 0.89487386
vt 0.24065155 0.89878845
vt 0.23063898 0.88678539
vt 0.25734135 0.89220369
vt 0.24174029 0.88072765
vt 0.23575762 0.89239824
vt 0.24393898 0.88252306
vt 0.25205421 0.87289804
vt 0.25337887 0.88813961
vt 0.25468051 0.87473899
vt 0.24440947 0.85117346
vt 0.25523013 0.89029688
vt 0.26386553 0.88182580
vt 0.26593852 0.88381064
vt 0.26699936 0.88473099
vt 0.27623865 0.87441784
vt 0.27396303 0.87263286
vt 0.28316182 0.86524659
vt 0.26383829 0.86587489
vt 0.28075263 0.86359191
vt 0.28841627 0.85535985
vt 0.26081032 0.86407781
vt 0.26973098 0.85631680
vt 0.26710284 0.85449547
vt 0.28586340 0.85380340
vt 0.27349329 0.84713131
vt 0.24882329 0.84178078
vt 0.27107137 0.84546197
vt 0.25233543 0.83204198
vt 0.27622187 0.83423597
vt 0.27317417 0.83340472
vt 0.25429291 0.82141358
vt 0.28989798 0.84025782
vt 0.27727366 0.81812525
vt 0.29248151 0.84115338
vt 0.29166099 0.82412469
vt 0.29497647 0.82422870
vt 0.31203616 0.84800571
vt 0.31309646 0.82569623
vt 0.31484592 0.84469598
vt 0.32026726 0.83926374
vt 0.31547034 0.82539159
vt 0.32049012 0.82385910
vt 0.31387281 0.79841197
vt 0.31936333 0.79769528
vt 0.31188858 0.79905796
vt 0.30893177 0.77717668
vt 0.31418782 0.77479506
vt 0.30555803 0.75772977
vt 0.29178023 0.79911315
vt 0.30698544 0.77782440
vt 0.28965986 0.79880285
vt 0.28624713 0.78004199
vt 0.27340284 0.79645789
vt 0.30015194 0.76179773
vt 0.29848325 0.76265341
vt 0.31288135 0.73096210
vt 0.29311144 0.74333113
vt 0.30204123 0.71896589
vt 0.28873026 0.74439645
vt 0.28275135 0.73185992
vt 0.29621494 0.70140874
vt 0.28968161 0.70612943
vt 0.28293461 0.68794859
vt 0.28208089 0.68909937
vt 0.27019179 0.72015661
vt 0.28478950 0.68573815
vt 0.27647108 0.69505137
vt 0.30436951 0.69087744
vt 0.29051483 0.67906684
vt 0.29150993 0.67741096
vt 0.26630765 0.67606205
vt 0.26838443 0.67291462
vt 0.27361828 0.66675430
vt 0.27444577 0.66539699
vt 0.24516270 0.66430813
vt 0.25133824 0.65409440
vt 0.25238678 0.65215409
vt 0.24723667 0.66100365
vt 0.23702457 0.64757156
vt 0.23805061 0.64558113
vt 0.23408487 0.65427327
vt 0.22341579 0.64153820
vt 0.22428313 0.63933152
vt 0.22116923 0.64898944
vt 0.23227331 0.65780008
vt 0.20874977 0.63670957
vt 0.20949432 0.63403404
vt 0.19723099 0.63061017
vt 0.21983543 0.65273386
vt 0.19664648 0.63287586
vt 0.18588433 0.62757337
vt 0.20598811 0.64382452
vt 0.19490096 0.64076418
vt 0.20472392 0.64757472
vt 0.18513268 0.62976295
vt 0.16717192 0.62466669
vt 0.18460202 0.63828808
vt 0.16651118 0.62687826
vt 0.14385387 0.62461174
vt 0.16792047 0.63556242
vt 0.19389322 0.64435428
vt 0.14389241 0.62643439
vt 0.12816504 0.62627041
vt 0.14594007 0.63424432
vt 0.12803334 0.62837821
vt 0.11212920 0.62994510
vt 0.13098455 0.63539970
vt 0.11254987 0.63166559
vt 0.09728140 0.63503295
vt 0.14642140 0.63805664
vt 0.09783155 0.63658702
vt 0.08115465 0.64223111
vt 0.11602431 0.63873649
vt 0.08176376 0.64378184
vt 0.06160014 0.64949840
vt 0.10019756 0.64349437
vt 0.13156930 0.63947296
vt 0.11510869 0.64307022
vt 0.13108861 0.64091235
vt 0.16793349 0.63911366
vt 0.14617658 0.63945228
vt 0.18352336 0.64211458
vt 0.16772580 0.64043212
vt 0.18314221 0.64338052
vt 0.16362473 0.64843053
vt 0.17862511 0.65069169
vt 0.19339317 0.64553750
vt 0.18830678 0.65241599
vt 0.20408946 0.64863312
vt 0.19926211 0.65549493
vt 0.21924880 0.65383154
vt 0.21611378 0.66081995
vt 0.23164430 0.65893036
vt 0.20545915 0.68087816
vt 0.24452171 0.66544342
vt 0.22839013 0.66630280
vt 0.26571196 0.67725414
vt 0.24091220 0.67253971
vt 0.26027444 0.68410492
vt 0.21836343 0.68688607
vt 0.23133299 0.69417870
vt 0.24724626 0.70357418
vt 0.25943780 0.71169233
vt 0.25836873 0.71349573
vt 0.24597731 0.70539182
vt 0.21278584 0.70236403
vt 0.22514588 0.70865649
vt 0.19843835 0.69750327
vt 0.20785716 0.71809375
vt 0.18897846 0.67470992
vt 0.19246593 0.71268737
vt 0.17984030 0.69281965
vt 0.17871720 0.67119908
vt 0.17426327 0.70864832
vt 0.16906065 0.66863704
vt 0.16905254 0.68985081
vt 0.18817994 0.72888786
vt 0.15400896 0.66453856
vt 0.15961570 0.68726021
vt 0.16252056 0.70544010
vt 0.14521739 0.64711904
vt 0.14207271 0.68223733
vt 0.14371502 0.66401231
vt 0.13045430 0.64752859
vt 0.13058347 0.64892525
vt 0.11491985 0.64435101
vt 0.11572782 0.65207046
vt 0.12927091 0.66309273
vt 0.10091773 0.64895427
vt 0.10032324 0.64791661
vt 0.10186953 0.65634269
vt 0.08312219 0.65079892
vt 0.11589452 0.65313268
vt 0.08419251 0.65665621
vt 0.11774195 0.66513550
vt 0.10211632 0.65763462
vt 0.08659773 0.66247088
vt 0.12274402 0.68072450
vt 0.10575826 0.67085272
vt 0.08690368 0.66387218
vt 0.07694880 0.66619235
vt 0.09123605 0.67518121
vt 0.07741904 0.66758728
vt 0.09820019 0.69181639
vt 0.08196843 0.67804813
vt 0.06750444 0.67003256
vt 0.06816873 0.67139536
vt 0.07280213 0.68075115
vt 0.06643277 0.66410428
vt 0.07664213 0.69357836
vt 0.07518981 0.66042614
vt 0.07505460 0.65883899
vt 0.05935830 0.66689783
vt 0.08415002 0.65481949
vt 0.06626817 0.66273540
vt 0.07330126 0.65497470
vt 0.06391896 0.65897310
vt 0.06270819 0.65080416
vt 0.05731253 0.66134351
vt 0.04856224 0.65435445
vt 0.04781048 0.65261412
vt 0.05918919 0.66549695
vt 0.05063307 0.66372025
vt 0.03728669 0.65586537
vt 0.03682452 0.65380138
vt 0.02017539 0.65765351
vt 0.02086573 0.65984803
vt 0.03824288 0.66605145
vt 0.05196702 0.66811389
vt 0.03197341 0.66755146
vt 0.02742492 0.66864473
vt 0.02193990 0.66881311
vt 0.02168562 0.67288077
vt 0.02770448 0.67311257
vt 0.02153703 0.67397040
vt 0.03399571 0.67201877
vt 0.02780268 0.67442489
vt 0.03987588 0.67081171
vt 0.03436668 0.67309248
vt 0.02668170 0.67908156
vt 0.02066601 0.67799985
vt 0.03246429 0.67954349
vt 0.03980737 0.67230236
vt 0.03883085 0.67910308
vt 0.05214592 0.66952604
vt 0.05291467 0.67521024
vt 0.06031358 0.67275578
vt 0.06070601 0.67432773
vt 0.05303346 0.67695624
vt 0.03881049 0.68065900
vt 0.05517431 0.68509984
vt 0.06408643 0.68302763
vt 0.03195614 0.68070471
vt 0.03921282 0.69011957
vt 0.06081445 0.69544065
vt 0.03889141 0.69909203
vt 0.02763507 0.69204605
vt 0.02380531 0.68932587
vt 0.01791686 0.68751204
vt 0.02051996 0.69708955
vt 0.01535570 0.69547093
vt 0.02274566 0.70302868
vt 0.01794687 0.70367885
vt 0.02370814 0.70722461
vt 0.03877942 0.70429981
vt 0.03824414 0.70764601
vt 0.06173141 0.70147520
vt 0.06070787 0.70481223
vt 0.05802048 0.71616864
vt 0.07569480 0.70523208
vt 0.07731862 0.70013964
vt 0.07381817 0.71785277
vt 0.09895267 0.70054358
vt 0.09670805 0.70694125
vt 0.11962288 0.69548529
vt 0.11717355 0.70300639
vt 0.13420266 0.69802880
vt 0.12901154 0.70720917
vt 0.15171996 0.70358705
vt 0.14271861 0.71402001
vt 0.15939158 0.72882050
vt 0.13359752 0.72163153
vt 0.17215958 0.72777796
vt 0.14435497 0.73185140
vt 0.16057524 0.73561084
vt 0.12322003 0.71585917
vt 0.17201251 0.73439783
vt 0.11190233 0.71072006
vt 0.12607485 0.72907758
vt 0.11857677 0.72169453
vt 0.10950115 0.71417850
vt 0.13441119 0.73648757
vt 0.11666521 0.73796344
vt 0.10998290 0.73186570
vt 0.09106762 0.72169942
vt 0.10220732 0.72637445
vt 0.07328249 0.72388756
vt 0.08849611 0.72768086
vt 0.09897981 0.73144084
vt 0.07290494 0.72517538
vt 0.08807870 0.72897744
vt 0.08483224 0.74792194
vt 0.09805136 0.73323602
vt 0.10476308 0.73729682
vt 0.09507987 0.76726788
vt 0.09618056 0.75001663
vt 0.10322338 0.73840946
vt 0.10827404 0.74410713
vt 0.10630190 0.74489069
vt 0.10661785 0.75172090
vt 0.11928674 0.74554986
vt 0.10875448 0.75147790
vt 0.10590854 0.76806653
vt 0.11886490 0.75609851
vt 0.10509660 0.77754617
vt 0.10842659 0.76865399
vt 0.10475398 0.79119855
vt 0.10720471 0.77814329
vt 0.11518586 0.77214825
vt 0.11219052 0.78034127
vt 0.10922865 0.79231709
vt 0.12122355 0.76179671
vt 0.12175729 0.77598798
vt 0.12685859 0.76704729
vt 0.12823695 0.75458992
vt 0.12398941 0.74917072
vt 0.13970861 0.74464816
vt 0.13497078 0.75841451
vt 0.12815967 0.76797205
vt 0.14310592 0.75205809
vt 0.15045476 0.73901618
vt 0.15266147 0.74735290
vt 0.16196617 0.74389344
vt 0.14384901 0.75326842
vt 0.13586214 0.75937748
vt 0.15317532 0.74883044
vt 0.14627105 0.75657129
vt 0.13202402 0.76921278
vt 0.13932812 0.76214588
vt 0.14390707 0.76621222
vt 0.15445852 0.75240266
vt 0.14974841 0.76194155
vt 0.13471039 0.77751708
vt 0.16221577 0.74546480
vt 0.12667546 0.77785629
vt 0.13118517 0.78547752
vt 0.12319315 0.77675050
vt 0.12420676 0.78425759
vt 0.12226941 0.79282463
vt 0.12061817 0.78369981
vt 0.11906666 0.78310442
vt 0.11806219 0.79274630
vt 0.11618837 0.79279739
vt 0.11484808 0.80478060
vt 0.11655701 0.80470651
vt 0.15677680 0.75802040
vt 0.16282699 0.74942380
vt 0.16377692 0.75552619
vt 0.17040584 0.78955781
vt 0.17307171 0.74842233
vt 0.17280936 0.75498140
vt 0.17311561 0.74425161
vt 0.17314520 0.74257773
vt 0.18584919 0.74547881
vt 0.18772095 0.73517031
vt 0.18639469 0.74372381
vt 0.20333430 0.73270893
vt 0.19749063 0.74629360
vt 0.21911979 0.72331476
vt 0.20121434 0.73890561
vt 0.21366444 0.73681676
vt 0.23928151 0.71724200
vt 0.23231340 0.73239237
vt 0.25743842 0.71510965
vt 0.24918017 0.72570747
vt 0.22575819 0.74491560
vt 0.23993251 0.73842847
vt 0.25753170 0.73395818
vt 0.26705477 0.72499525
vt 0.26849055 0.72384196
vt 0.26524258 0.74258769
vt 0.27878928 0.73465604
vt 0.27719700 0.73596454
vt 0.28631389 0.74547076
vt 0.27326560 0.75262672
vt 0.28114840 0.76704395
vt 0.25262067 0.75197452
vt 0.26690680 0.78109187
vt 0.25856528 0.76128411
vt 0.26403916 0.77393830
vt 0.24547183 0.76804036
vt 0.25066853 0.78030574
vt 0.24122727 0.76126563
vt 0.23799461 0.77119470
vt 0.25453457 0.79629839
vt 0.23676094 0.75598592
vt 0.27071536 0.79591227
vt 0.24679613 0.74532044
vt 0.23214129 0.75080437
vt 0.23268169 0.76106787
vt 0.22246608 0.75058472
vt 0.21055004 0.74322927
vt 0.22771296 0.76463276
vt 0.21772101 0.75554824
vt 0.20664611 0.74961388
vt 0.21605119 0.75716376
vt 0.20553696 0.75122112
vt 0.19655705 0.74797803
vt 0.22566503 0.76577067
vt 0.19489631 0.75174123
vt 0.22143653 0.76712287
vt 0.18380895 0.74947262
vt 0.18171066 0.75618917
vt 0.19167286 0.75841874
vt 0.18569514 0.79068673
vt 0.19929212 0.76089388
vt 0.20290148 0.75427443
vt 0.20803531 0.76507974
vt 0.21275646 0.75971359
vt 0.21598488 0.77205431
vt 0.19748151 0.79665077
vt 0.22651625 0.77487052
vt 0.21993966 0.77867889
vt 0.22433364 0.79712147
vt 0.22240184 0.78611994
vt 0.23099264 0.79623347
vt 0.22933754 0.78315228
vt 0.23677513 0.79679972
vt 0.23442191 0.78345823
vt 0.23080334 0.77408516
vt 0.23864517 0.80785978
vt 0.23273695 0.77350992
vt 0.23636594 0.78284121
vt 0.24139512 0.78145826
vt 0.23807696 0.79680663
vt 0.24368882 0.79613280
vt 0.24362820 0.80885917
vt 0.25566378 0.81074798
vt 0.24284977 0.81744665
vt 0.27419710 0.81716704
vt 0.35400194 0.72660255
vt 0.35311627 0.72812378
vt 0.34610605 0.72268021
vt 0.34838462 0.73955280
vt 0.34503555 0.72406203
vt 0.34692556 0.74368554
vt 0.33867973 0.73401880
vt 0.34662270 0.74516797
vt 0.33615547 0.73834664
vt 0.32839203 0.72656298
vt 0.32662088 0.73098290
vt 0.33465040 0.71782112
vt 0.33577079 0.71647286
vt 0.32941508 0.71124840
vt 0.32806236 0.71291661
vt 0.31815684 0.70073253
vt 0.32175827 0.72126210
vt 0.31641185 0.70219004
vt 0.30597347 0.68998140
vt 0.31140894 0.71009046
vt 0.31990218 0.72467375
vt 0.30933690 0.71308786
vt 0.29891050 0.69742024
vt 0.29706112 0.70063883
vt 0.30436951 0.69087744
vt 0.29051483 0.67906684
vt 0.29150993 0.67741096
vt 0.28478950 0.68573815
vt 0.27361828 0.66675430
vt 0.27444577 0.66539699
vt 0.26838443 0.67291462
vt 0.28293461 0.68794859
vt 0.26630765 0.67606205
vt 0.24723667 0.66100365
vt 0.25133824 0.65409440
vt 0.25238678 0.65215409
vt 0.24516270 0.66430813
vt 0.23702457 0.64757156
vt 0.23805061 0.64558113
vt 0.23408487 0.65427327
vt 0.22341579 0.64153820
vt 0.22428313 0.63933152
vt 0.22116923 0.64898944
vt 0.23227331 0.65780008
vt 0.20874977 0.63670957
vt 0.20949432 0.63403404
vt 0.19723099 0.63061017
vt 0.21983543 0.65273386
vt 0.19664648 0.63287586
vt 0.18588433 0.62757337
vt 0.20598811 0.64382452
vt 0.19490096 0.64076418
vt 0.20472392 0.64757472
vt 0.18513268 0.62976295
vt 0.16717192 0.62466669
vt 0.18460202 0.63828808
vt 0.16651118 0.62687826
vt 0.14385387 0.62461174
vt 0.16792047 0.63556242
vt 0.19389322 0.64435428
vt 0.14389241 0.62643439
vt 0.12816504 0.62627041
vt 0.14594007 0.63424432
vt 0.12803334 0.62837821
vt 0.11212920 0.62994510
vt 0.13098455 0.63539970
vt 0.11254987 0.63166559
vt 0.09728140 0.63503295
vt 0.14642140 0.63805664
vt 0.09783155 0.63658702
vt 0.08115465 0.64223111
vt 0.11602431 0.63873649
vt 0.08176376 0.64378184
vt 0.06160014 0.64949840
vt 0.10019756 0.64349437
vt 0.13156930 0.63947296
vt 0.11510869 0.64307022
vt 0.13108861 0.64091235
vt 0.16793349 0.63911366
vt 0.14617658 0.63945228
vt 0.18352336 0.64211458
vt 0.16772580 0.64043212
vt 0.18314221 0.64338052
vt 0.19339317 0.64553750
vt 0.16362473 0.64843053
vt 0.20408946 0.64863312
vt 0.17862511 0.65069169
vt 0.18830678 0.65241599
vt 0.19926211 0.65549493
vt 0.21924880 0.65383154
vt 0.21611378 0.66081995
vt 0.23164430 0.65893036
vt 0.20545915 0.68087816
vt 0.24452171 0.66544342
vt 0.22839013 0.66630280
vt 0.26571196 0.67725414
vt 0.24091220 0.67253971
vt 0.21836343 0.68688607
vt 0.28208089 0.68909937
vt 0.26027444 0.68410492
vt 0.23133299 0.69417870
vt 0.29621494 0.70140874
vt 0.27647108 0.69505137
vt 0.30806136 0.71423691
vt 0.28968161 0.70612943
vt 0.30204123 0.71896589
vt 0.31883049 0.72610968
vt 0.31288135 0.73096210
vt 0.32571113 0.73269975
vt 0.32214934 0.73948407
vt 0.33497024 0.73923874
vt 0.33186650 0.74658620
vt 0.30555803 0.75772977
vt 0.34508491 0.75354356
vt 0.33121610 0.77532637
vt 0.31661677 0.77363902
vt 0.33133054 0.79915070
vt 0.32340449 0.79832542
vt 0.33058184 0.82161719
vt 0.32528424 0.82226461
vt 0.33575106 0.84339488
vt 0.32553423 0.83378261
vt 0.33072323 0.85213017
vt 0.32822639 0.83827591
vt 0.32366544 0.84607542
vt 0.32608908 0.85892832
vt 0.32344240 0.86320812
vt 0.31884634 0.85286373
vt 0.31595588 0.87412918
vt 0.31664848 0.85604376
vt 0.30287790 0.89372891
vt 0.30471969 0.86414617
vt 0.29281419 0.90589088
vt 0.29094571 0.88535547
vt 0.28320164 0.91573906
vt 0.28129694 0.89673197
vt 0.27108586 0.92717564
vt 0.27238122 0.90553641
vt 0.25605285 0.93909121
vt 0.26033664 0.91582668
vt 0.24935436 0.94332319
vt 0.24910849 0.93230259
vt 0.24540335 0.93860847
vt 0.24120295 0.94769347
vt 0.23834231 0.93416870
vt 0.22983569 0.95299482
vt 0.23141137 0.93550086
vt 0.24175602 0.92802620
vt 0.21409431 0.95941436
vt 0.22027978 0.94077176
vt 0.20125845 0.96491033
vt 0.20451882 0.94728285
vt 0.22994333 0.93108308
vt 0.21813509 0.93627840
vt 0.19431564 0.96816128
vt 0.18978399 0.95192611
vt 0.18937457 0.97086674
vt 0.18290216 0.95531142
vt 0.18521375 0.97423208
vt 0.18791503 0.97178841
vt 0.17523965 0.96300662
vt 0.17753282 0.96059960
vt 0.16422401 0.95422471
vt 0.17851833 0.95891815
vt 0.16585493 0.95199919
vt 0.15629446 0.94872612
vt 0.16685551 0.95022410
vt 0.15819201 0.94663590
vt 0.14727286 0.94274461
vt 0.17066705 0.94595581
vt 0.15940744 0.94498885
vt 0.14973763 0.94110346
vt 0.14009139 0.93476802
vt 0.13771532 0.93671882
vt 0.15124676 0.93963140
vt 0.16310346 0.94054156
vt 0.12460896 0.92618215
vt 0.12205470 0.92811859
vt 0.14135036 0.93274677
vt 0.10489765 0.91353470
vt 0.10213353 0.91557145
vt 0.12578684 0.92407411
vt 0.15501273 0.93498450
vt 0.08694465 0.89995772
vt 0.08471555 0.90211278
vt 0.10590146 0.91173899
vt 0.07188873 0.88732225
vt 0.06957033 0.88972199
vt 0.04953968 0.87108135
vt 0.08791487 0.89870209
vt 0.05092309 0.86752850
vt 0.02905720 0.85062444
vt 0.07268494 0.88580936
vt 0.03114279 0.84780729
vt 0.01621797 0.84471118
vt 0.05152680 0.86570859
vt 0.07433425 0.87974089
vt 0.09030884 0.89164680
vt 0.01721622 0.84161419
vt 0.01729373 0.83907616
vt 0.03119695 0.84506541
vt 0.01783524 0.83313370
vt 0.01710353 0.82659429
vt 0.03245535 0.83908373
vt 0.05365885 0.86033845
vt 0.03364088 0.83038962
vt 0.07650835 0.86919475
vt 0.05528630 0.85120338
vt 0.09256969 0.88206112
vt 0.05242856 0.82479107
vt 0.10832075 0.90527970
vt 0.03350700 0.82081896
vt 0.12773198 0.91669798
vt 0.01609383 0.81622714
vt 0.11248728 0.89484555
vt 0.01363985 0.80058533
vt 0.03281333 0.80199564
vt 0.01140707 0.77661145
vt 0.05162078 0.80380624
vt 0.03230355 0.77978694
vt 0.01177768 0.75859505
vt 0.05115276 0.78268367
vt 0.00689102 0.74353778
vt 0.03255402 0.76038605
vt 0.01516096 0.73640728
vt 0.00541225 0.73956132
vt 0.01018578 0.73383731
vt 0.00653127 0.73418790
vt 0.01050787 0.72149611
vt 0.01445885 0.72331733
vt 0.01373937 0.71476108
vt 0.01648642 0.72194517
vt 0.01823497 0.72752833
vt 0.01589252 0.70899904
vt 0.02422047 0.71058494
vt 0.02505103 0.71941495
vt 0.02562769 0.72453171
vt 0.03434712 0.74014282
vt 0.03672434 0.72281402
vt 0.05187850 0.76243448
vt 0.05348152 0.74302763
vt 0.03736272 0.71693283
vt 0.05721691 0.72199261
vt 0.06839644 0.76484436
vt 0.03824414 0.70764601
vt 0.06925491 0.74523324
vt 0.06784911 0.78570139
vt 0.08346813 0.76601350
vt 0.06849355 0.80568391
vt 0.08296229 0.78890258
vt 0.07079228 0.82651091
vt 0.08305810 0.80625606
vt 0.08527973 0.82579196
vt 0.07622164 0.85013360
vt 0.09828032 0.82313311
vt 0.09766737 0.86768770
vt 0.09079252 0.84662855
vt 0.10381978 0.84230322
vt 0.09579062 0.80603069
vt 0.10812580 0.82002759
vt 0.09488141 0.79056370
vt 0.10609481 0.80581737
vt 0.11319758 0.83707207
vt 0.11147347 0.85802478
vt 0.11766630 0.88333231
vt 0.12020975 0.85102922
vt 0.13108182 0.90575290
vt 0.12494171 0.87406498
vt 0.13537851 0.89496767
vt 0.14229116 0.92549258
vt 0.14566594 0.91205621
vt 0.13949391 0.88521731
vt 0.15871471 0.92933190
vt 0.14889580 0.90122968
vt 0.15844780 0.91562217
vt 0.15956658 0.90411562
vt 0.16797406 0.93483514
vt 0.17409053 0.91701335
vt 0.17575914 0.93941158
vt 0.17902255 0.92205787
vt 0.18498328 0.92749006
vt 0.20275947 0.94499677
vt 0.19154555 0.91915941
vt 0.19976550 0.91240650
vt 0.18793505 0.91373795
vt 0.18554521 0.90851301
vt 0.19570637 0.90652961
vt 0.21026331 0.90706468
vt 0.22224471 0.90383154
vt 0.20582199 0.90096623
vt 0.24065155 0.89878845
vt 0.21761444 0.89842135
vt 0.23636219 0.89487386
vt 0.25734135 0.89220369
vt 0.25523013 0.89029688
vt 0.26699936 0.88473099
vt 0.26593852 0.88381064
vt 0.27623865 0.87441784
vt 0.26386553 0.88182580
vt 0.28316182 0.86524659
vt 0.27396303 0.87263286
vt 0.28841627 0.85535985
vt 0.28075263 0.86359191
vt 0.26383829 0.86587489
vt 0.25337887 0.88813961
vt 0.25468051 0.87473899
vt 0.26973098 0.85631680
vt 0.23575762 0.89239824
vt 0.26081032 0.86407781
vt 0.24393898 0.88252306
vt 0.25205421 0.87289804
vt 0.21696353 0.89565682
vt 0.23063898 0.88678539
vt 0.24174029 0.88072765
vt 0.20557687 0.89766413
vt 0.21709153 0.88915205
vt 0.19545922 0.90177023
vt 0.20566946 0.89194489
vt 0.19475859 0.89589930
vt 0.18452448 0.90075374
vt 0.19323373 0.89073938
vt 0.20451838 0.88896662
vt 0.17360812 0.90483773
vt 0.17341232 0.89389038
vt 0.18364662 0.89296389
vt 0.19025865 0.88070756
vt 0.16130295 0.89331341
vt 0.18180329 0.88338071
vt 0.17327827 0.88485116
vt 0.15212721 0.89131689
vt 0.16327971 0.88423854
vt 0.15522870 0.88241893
vt 0.14348087 0.87597758
vt 0.17275506 0.87880278
vt 0.16451731 0.87806058
vt 0.15658838 0.87608552
vt 0.13189879 0.86610287
vt 0.14587876 0.87097698
vt 0.15715489 0.87468409
vt 0.16481847 0.87668854
vt 0.14626825 0.86948943
vt 0.13498902 0.86155647
vt 0.12453923 0.84726196
vt 0.13577926 0.86040467
vt 0.15877369 0.87162989
vt 0.14800295 0.86582994
vt 0.12565473 0.84622139
vt 0.11882064 0.83395475
vt 0.13807643 0.85640466
vt 0.11528634 0.81791979
vt 0.12023612 0.83317691
vt 0.12914470 0.84297901
vt 0.15035117 0.86148131
vt 0.14132437 0.85059387
vt 0.16028202 0.86716020
vt 0.15362056 0.85446614
vt 0.16661730 0.86889559
vt 0.16234389 0.86018157
vt 0.16608092 0.87318754
vt 0.17331016 0.86935383
vt 0.17278036 0.87741905
vt 0.17367503 0.87343252
vt 0.17260033 0.86215579
vt 0.17963916 0.86893445
vt 0.18059069 0.87664443
vt 0.18069795 0.87798607
vt 0.18871066 0.87606925
vt 0.18083331 0.87279803
vt 0.18844914 0.87474620
vt 0.19885901 0.87664568
vt 0.18586731 0.86720550
vt 0.20305571 0.88564956
vt 0.18808955 0.87104267
vt 0.21595061 0.88644904
vt 0.21210444 0.87986964
vt 0.22893971 0.88448876
vt 0.22146383 0.87440556
vt 0.23039573 0.86754107
vt 0.21553135 0.86621499
vt 0.20679775 0.87191427
vt 0.19651422 0.87240988
vt 0.20372289 0.86826396
vt 0.19615203 0.87122750
vt 0.21215913 0.86239755
vt 0.19442967 0.86794430
vt 0.20328242 0.86721182
vt 0.20033300 0.86440063
vt 0.19147506 0.86453533
vt 0.19671595 0.86153352
vt 0.18282241 0.86053240
vt 0.19166952 0.85515785
vt 0.20396131 0.85626990
vt 0.18137541 0.85650265
vt 0.17277777 0.85778993
vt 0.18885931 0.85183841
vt 0.16403684 0.85618728
vt 0.17343955 0.83384436
vt 0.15664837 0.85131365
vt 0.19798869 0.84713703
vt 0.15172937 0.84403145
vt 0.14764269 0.84587169
vt 0.14530115 0.83542854
vt 0.14960819 0.83523125
vt 0.13404801 0.83876514
vt 0.14732066 0.82479024
vt 0.12368860 0.83040881
vt 0.13207707 0.82596070
vt 0.12185387 0.81803375
vt 0.15128526 0.82636827
vt 0.15580723 0.81833219
vt 0.15288940 0.81539786
vt 0.11707120 0.81700736
vt 0.13645726 0.81998378
vt 0.16279367 0.81276226
vt 0.13498625 0.81943375
vt 0.14337724 0.80622804
vt 0.16118678 0.80871713
vt 0.13078812 0.81916177
vt 0.14242917 0.80486810
vt 0.15573272 0.79612166
vt 0.12871862 0.80356848
vt 0.12056992 0.80403757
vt 0.12902588 0.79329085
vt 0.11655701 0.80470651
vt 0.11484808 0.80478060
vt 0.11806219 0.79274630
vt 0.12226941 0.79282463
vt 0.10922865 0.79231709
vt 0.11618837 0.79279739
vt 0.11906666 0.78310442
vt 0.12061817 0.78369981
vt 0.12420676 0.78425759
vt 0.12319315 0.77675050
vt 0.11219052 0.78034127
vt 0.10475398 0.79119855
vt 0.12175729 0.77598798
vt 0.10720471 0.77814329
vt 0.10509660 0.77754617
vt 0.11518586 0.77214825
vt 0.10842659 0.76865399
vt 0.09507987 0.76726788
vt 0.10590854 0.76806653
vt 0.08483224 0.74792194
vt 0.09618056 0.75001663
vt 0.07290494 0.72517538
vt 0.08807870 0.72897744
vt 0.07328249 0.72388756
vt 0.09805136 0.73323602
vt 0.08849611 0.72768086
vt 0.09897981 0.73144084
vt 0.10322338 0.73840946
vt 0.10476308 0.73729682
vt 0.10220732 0.72637445
vt 0.10998290 0.73186570
vt 0.09106762 0.72169942
vt 0.10950115 0.71417850
vt 0.07381817 0.71785277
vt 0.09670805 0.70694125
vt 0.05802048 0.71616864
vt 0.07569480 0.70523208
vt 0.06070787 0.70481223
vt 0.03877942 0.70429981
vt 0.06173141 0.70147520
vt 0.02370814 0.70722461
vt 0.06081445 0.69544065
vt 0.01794687 0.70367885
vt 0.03889141 0.69909203
vt 0.02274566 0.70302868
vt 0.02051996 0.69708955
vt 0.02763507 0.69204605
vt 0.02380531 0.68932587
vt 0.03921282 0.69011957
vt 0.02668170 0.67908156
vt 0.03195614 0.68070471
vt 0.02780268 0.67442489
vt 0.03246429 0.67954349
vt 0.03881049 0.68065900
vt 0.05517431 0.68509984
vt 0.03883085 0.67910308
vt 0.05303346 0.67695624
vt 0.06408643 0.68302763
vt 0.06070601 0.67432773
vt 0.05291467 0.67521024
vt 0.03436668 0.67309248
vt 0.03980737 0.67230236
vt 0.06031358 0.67275578
vt 0.03987588 0.67081171
vt 0.05214592 0.66952604
vt 0.05196702 0.66811389
vt 0.03399571 0.67201877
vt 0.03824288 0.66605145
vt 0.02770448 0.67311257
vt 0.03197341 0.66755146
vt 0.02742492 0.66864473
vt 0.03728669 0.65586537
vt 0.03682452 0.65380138
vt 0.04781048 0.65261412
vt 0.04856224 0.65435445
vt 0.05063307 0.66372025
vt 0.06270819 0.65080416
vt 0.05731253 0.66134351
vt 0.05918919 0.66549695
vt 0.06391896 0.65897310
vt 0.05935830 0.66689783
vt 0.06626817 0.66273540
vt 0.07330126 0.65497470
vt 0.06643277 0.66410428
vt 0.08312219 0.65079892
vt 0.07505460 0.65883899
vt 0.08415002 0.65481949
vt 0.10032324 0.64791661
vt 0.08419251 0.65665621
vt 0.07518981 0.66042614
vt 0.10091773 0.64895427
vt 0.07694880 0.66619235
vt 0.06750444 0.67003256
vt 0.08659773 0.66247088
vt 0.06816873 0.67139536
vt 0.07741904 0.66758728
vt 0.07280213 0.68075115
vt 0.08690368 0.66387218
vt 0.08196843 0.67804813
vt 0.09123605 0.67518121
vt 0.07664213 0.69357836
vt 0.09820019 0.69181639
vt 0.07731862 0.70013964
vt 0.09895267 0.70054358
vt 0.10575826 0.67085272
vt 0.11962288 0.69548529
vt 0.10211632 0.65763462
vt 0.12274402 0.68072450
vt 0.11774195 0.66513550
vt 0.10186953 0.65634269
vt 0.11589452 0.65313268
vt 0.11572782 0.65207046
vt 0.11491985 0.64435101
vt 0.13045430 0.64752859
vt 0.13058347 0.64892525
vt 0.12927091 0.66309273
vt 0.14521739 0.64711904
vt 0.14371502 0.66401231
vt 0.15400896 0.66453856
vt 0.14207271 0.68223733
vt 0.16906065 0.66863704
vt 0.15961570 0.68726021
vt 0.13420266 0.69802880
vt 0.15171996 0.70358705
vt 0.17871720 0.67119908
vt 0.16905254 0.68985081
vt 0.16252056 0.70544010
vt 0.18897846 0.67470992
vt 0.17984030 0.69281965
vt 0.19843835 0.69750327
vt 0.17426327 0.70864832
vt 0.19246593 0.71268737
vt 0.21278584 0.70236403
vt 0.18817994 0.72888786
vt 0.20785716 0.71809375
vt 0.22514588 0.70865649
vt 0.17215958 0.72777796
vt 0.20333430 0.73270893
vt 0.15939158 0.72882050
vt 0.21911979 0.72331476
vt 0.17201251 0.73439783
vt 0.23928151 0.71724200
vt 0.16057524 0.73561084
vt 0.18772095 0.73517031
vt 0.16196617 0.74389344
vt 0.21366444 0.73681676
vt 0.17314520 0.74257773
vt 0.15045476 0.73901618
vt 0.20121434 0.73890561
vt 0.14435497 0.73185140
vt 0.23231340 0.73239237
vt 0.14271861 0.71402001
vt 0.12901154 0.70720917
vt 0.13359752 0.72163153
vt 0.11717355 0.70300639
vt 0.12322003 0.71585917
vt 0.11190233 0.71072006
vt 0.11857677 0.72169453
vt 0.12607485 0.72907758
vt 0.11666521 0.73796344
vt 0.13441119 0.73648757
vt 0.10827404 0.74410713
vt 0.11928674 0.74554986
vt 0.10630190 0.74489069
vt 0.10875448 0.75147790
vt 0.10661785 0.75172090
vt 0.11886490 0.75609851
vt 0.12398941 0.74917072
vt 0.12122355 0.76179671
vt 0.12823695 0.75458992
vt 0.12685859 0.76704729
vt 0.13970861 0.74464816
vt 0.13497078 0.75841451
vt 0.12815967 0.76797205
vt 0.14310592 0.75205809
vt 0.12667546 0.77785629
vt 0.13586214 0.75937748
vt 0.13118517 0.78547752
vt 0.13202402 0.76921278
vt 0.13471039 0.77751708
vt 0.15526167 0.79420417
vt 0.14390707 0.76621222
vt 0.13932812 0.76214588
vt 0.14627105 0.75657129
vt 0.14974841 0.76194155
vt 0.14384901 0.75326842
vt 0.15445852 0.75240266
vt 0.15266147 0.74735290
vt 0.15317532 0.74883044
vt 0.16221577 0.74546480
vt 0.15677680 0.75802040
vt 0.16282699 0.74942380
vt 0.17311561 0.74425161
vt 0.16377692 0.75552619
vt 0.17307171 0.74842233
vt 0.18639469 0.74372381
vt 0.18584919 0.74547881
vt 0.17280936 0.75498140
vt 0.19749063 0.74629360
vt 0.18380895 0.74947262
vt 0.17040584 0.78955781
vt 0.18171066 0.75618917
vt 0.19489631 0.75174123
vt 0.19167286 0.75841874
vt 0.19655705 0.74797803
vt 0.19929212 0.76089388
vt 0.18569514 0.79068673
vt 0.20290148 0.75427443
vt 0.20803531 0.76507974
vt 0.20553696 0.75122112
vt 0.21275646 0.75971359
vt 0.20664611 0.74961388
vt 0.21605119 0.75716376
vt 0.21055004 0.74322927
vt 0.21772101 0.75554824
vt 0.22575819 0.74491560
vt 0.22246608 0.75058472
vt 0.22566503 0.76577067
vt 0.23993251 0.73842847
vt 0.22143653 0.76712287
vt 0.24918017 0.72570747
vt 0.21598488 0.77205431
vt 0.22651625 0.77487052
vt 0.19748151 0.79665077
vt 0.21993966 0.77867889
vt 0.22933754 0.78315228
vt 0.18519270 0.79241145
vt 0.22240184 0.78611994
vt 0.17048568 0.79139245
vt 0.17103431 0.80546415
vt 0.18108280 0.80602837
vt 0.17115557 0.80979079
vt 0.17966720 0.81031150
vt 0.18750832 0.81378639
vt 0.19665900 0.79813832
vt 0.19017401 0.81029266
vt 0.19319677 0.82006061
vt 0.20712203 0.80805504
vt 0.19690117 0.81773186
vt 0.19660360 0.82804924
vt 0.20851329 0.80714482
vt 0.21106458 0.81469566
vt 0.20070338 0.82715368
vt 0.22433364 0.79712147
vt 0.21272162 0.81453449
vt 0.23099264 0.79623347
vt 0.22502512 0.80608684
vt 0.23442191 0.78345823
vt 0.23144612 0.80647957
vt 0.23080334 0.77408516
vt 0.23677513 0.79679972
vt 0.22771296 0.76463276
vt 0.23636594 0.78284121
vt 0.23273695 0.77350992
vt 0.23268169 0.76106787
vt 0.23807696 0.79680663
vt 0.23799461 0.77119470
vt 0.24139512 0.78145826
vt 0.24368882 0.79613280
vt 0.23864517 0.80785978
vt 0.24362820 0.80885917
vt 0.25453457 0.79629839
vt 0.25566378 0.81074798
vt 0.24284977 0.81744665
vt 0.23730865 0.80787045
vt 0.23755935 0.81590772
vt 0.23099187 0.81391603
vt 0.23644334 0.81558001
vt 0.22479719 0.81297040
vt 0.22395605 0.81958306
vt 0.22996119 0.82111299
vt 0.23510057 0.82299799
vt 0.23603714 0.82366270
vt 0.22810021 0.82866645
vt 0.23306191 0.83085906
vt 0.22210984 0.82629132
vt 0.21545625 0.82417160
vt 0.21900800 0.83253789
vt 0.21391255 0.82451189
vt 0.22528058 0.83578289
vt 0.20091213 0.83736241
vt 0.21547028 0.84151560
vt 0.22031602 0.84364677
vt 0.19675535 0.83668637
vt 0.19428220 0.84512800
vt 0.21059433 0.84987974
vt 0.21389896 0.85157532
vt 0.20739010 0.85857242
vt 0.21139237 0.86130923
vt 0.21883425 0.85416710
vt 0.22527477 0.84648490
vt 0.21993002 0.85527259
vt 0.23019469 0.83831310
vt 0.22358838 0.85899770
vt 0.23394269 0.83150613
vt 0.23810530 0.85965115
vt 0.23004180 0.85092610
vt 0.24440947 0.85117346
vt 0.22625807 0.84735441
vt 0.23497942 0.84234679
vt 0.23106602 0.83895683
vt 0.23869711 0.83433855
vt 0.24882329 0.84178078
vt 0.26710284 0.85449547
vt 0.24159664 0.82591677
vt 0.25233543 0.83204198
vt 0.25429291 0.82141358
vt 0.27107137 0.84546197
vt 0.27317417 0.83340472
vt 0.27419710 0.81716704
vt 0.27349329 0.84713131
vt 0.27622187 0.83423597
vt 0.28586340 0.85380340
vt 0.28989798 0.84025782
vt 0.29248151 0.84115338
vt 0.27727366 0.81812525
vt 0.29166099 0.82412469
vt 0.29497647 0.82422870
vt 0.31203616 0.84800571
vt 0.31309646 0.82569623
vt 0.31484592 0.84469598
vt 0.32026726 0.83926374
vt 0.31547034 0.82539159
vt 0.32049012 0.82385910
vt 0.31387281 0.79841197
vt 0.31936333 0.79769528
vt 0.31188858 0.79905796
vt 0.31418782 0.77479506
vt 0.30893177 0.77717668
vt 0.29178023 0.79911315
vt 0.30698544 0.77782440
vt 0.30015194 0.76179773
vt 0.28965986 0.79880285
vt 0.28624713 0.78004199
vt 0.27340284 0.79645789
vt 0.29848325 0.76265341
vt 0.27071536 0.79591227
vt 0.26690680 0.78109187
vt 0.25066853 0.78030574
vt 0.28114840 0.76704395
vt 0.26403916 0.77393830
vt 0.24547183 0.76804036
vt 0.24122727 0.76126563
vt 0.25856528 0.76128411
vt 0.27326560 0.75262672
vt 0.25262067 0.75197452
vt 0.23676094 0.75598592
vt 0.23214129 0.75080437
vt 0.24679613 0.74532044
vt 0.25753170 0.73395818
vt 0.26524258 0.74258769
vt 0.25743842 0.71510965
vt 0.26705477 0.72499525
vt 0.27719700 0.73596454
vt 0.24597731 0.70539182
vt 0.25836873 0.71349573
vt 0.24724626 0.70357418
vt 0.25943780 0.71169233
vt 0.26849055 0.72384196
vt 0.27019179 0.72015661
vt 0.27878928 0.73465604
vt 0.28275135 0.73185992
vt 0.28631389 0.74547076
vt 0.28873026 0.74439645
vt 0.29311144 0.74333113
vt 0.07544409 0.47555065
vt 0.05872165 0.46503127
vt 0.08414532 0.47948563
vt 0.09537600 0.48407763
vt 0.10184349 0.48681474
vt 0.11229865 0.49332130
vt 0.12121795 0.50118518
vt 0.12859981 0.51279330
vt 0.13474168 0.52682555
vt 0.13911794 0.54562187
vt 0.14102186 0.55675703
vt 0.14113785 0.56724054
vt 0.13985907 0.57795811
vt 0.13658817 0.58572191
vt 0.13212343 0.59220165
vt 0.12284105 0.60245430
vt 0.10905185 0.61408490
vt 0.09896019 0.62045729
vt 0.08778842 0.62578094
vt 0.07728721 0.63013351
vt 0.06540270 0.63451284
vt 0.05156327 0.64032036
vt 0.04140018 0.64544284
vt 0.03117867 0.64861357
vt 0.01462993 0.65276164
vt 0.07544409 0.47555065
vt 0.08414532 0.47948563
vt 0.09537600 0.48407763
vt 0.10184349 0.48681474
vt 0.11229865 0.49332130
vt 0.12121795 0.50118518
vt 0.12859981 0.51279330
vt 0.13474168 0.52682555
vt 0.13911794 0.54562187
vt 0.14102186 0.55675703
vt 0.14113785 0.56724054
vt 0.13985907 0.57795811
vt 0.13658817 0.58572191
vt 0.13212343 0.59220165
vt 0.12284105 0.60245430
vt 0.10905185 0.61408490
vt 0.09896019 0.62045729
vt 0.08778842 0.62578094
vt 0.07728721 0.63013351
vt 0.06540270 0.63451284
vt 0.05156327 0.64032036
vt 0.03117867 0.64861357
vt 0.04140018 0.64544284
vt 0.07110354 0.48014438
vt 0.05525680 0.46930921
vt 0.08141734 0.48662114
vt 0.06456615 0.48639667
vt 0.05186530 0.47368759
vt 0.04648142 0.48082721
vt 0.07016210 0.49514180
vt 0.09106462 0.49426150
vt 0.05726864 0.49305517
vt 0.04769509 0.50221235
vt 0.03696520 0.49094474
vt 0.06134762 0.49943912
vt 0.00896136 0.54185408
vt 0.06517558 0.50893182
vt 0.05489008 0.51884621
vt 0.07494636 0.50668031
vt 0.06684862 0.52021313
vt 0.09702313 0.50204623
vt 0.07655086 0.52019233
vt 0.10182723 0.50966579
vt 0.10517614 0.51956695
vt 0.06614421 0.53311223
vt 0.10846503 0.52941495
vt 0.07563260 0.53495306
vt 0.11135913 0.54595089
vt 0.07312325 0.54727203
vt 0.11214630 0.56384784
vt 0.06388210 0.54551250
vt 0.07093118 0.55821562
vt 0.10886697 0.57548016
vt 0.05821702 0.53960395
vt 0.06127645 0.55544603
vt 0.05513861 0.55814367
vt 0.05813025 0.56591308
vt 0.06846054 0.56893379
vt 0.06418374 0.57982057
vt 0.10074122 0.59149718
vt 0.09292656 0.60100484
vt 0.08329578 0.60874039
vt 0.05894252 0.59223634
vt 0.07204865 0.61724919
vt 0.05263757 0.60220635
vt 0.06544873 0.62005520
vt 0.05670141 0.62458456
vt 0.04325846 0.60905671
vt 0.04658267 0.63223362
vt 0.04498276 0.59481752
vt 0.03653753 0.63985711
vt 0.03220198 0.61374980
vt 0.02741415 0.64413071
vt 0.01242771 0.64768463
vt 0.02233652 0.61586744
vt 0.01141065 0.61706001
vt 0.01160355 0.60925305
vt 0.02062510 0.60754967
vt 0.00982748 0.59795403
vt 0.02930721 0.60518348
vt 0.02143383 0.59560442
vt 0.03739002 0.60096765
vt 0.03575002 0.59019220
vt 0.04832081 0.57614642
vt 0.05007404 0.58625454
vt 0.05420976 0.57721084
vt 0.07110354 0.48014438
vt 0.08141734 0.48662114
vt 0.06456615 0.48639667
vt 0.09106462 0.49426150
vt 0.07016210 0.49514180
vt 0.05726864 0.49305517
vt 0.04769509 0.50221235
vt 0.06134762 0.49943912
vt 0.06517558 0.50893182
vt 0.05489008 0.51884621
vt 0.07494636 0.50668031
vt 0.06684862 0.52021313
vt 0.09702313 0.50204623
vt 0.07655086 0.52019233
vt 0.10182723 0.50966579
vt 0.10517614 0.51956695
vt 0.06614421 0.53311223
vt 0.10846503 0.52941495
vt 0.07563260 0.53495306
vt 0.11135913 0.54595089
vt 0.06388210 0.54551250
vt 0.11214630 0.56384784
vt 0.07312325 0.54727203
vt 0.07093118 0.55821562
vt 0.10886697 0.57548016
vt 0.06127645 0.55544603
vt 0.10074122 0.59149718
vt 0.06846054 0.56893379
vt 0.09292656 0.60100484
vt 0.06418374 0.57982057
vt 0.08329578 0.60874039
vt 0.05813025 0.56591308
vt 0.05894252 0.59223634
vt 0.05420976 0.57721084
vt 0.07204865 0.61724919
vt 0.05263757 0.60220635
vt 0.06544873 0.62005520
vt 0.04498276 0.59481752
vt 0.05670141 0.62458456
vt 0.04325846 0.60905671
vt 0.04658267 0.63223362
vt 0.05007404 0.58625454
vt 0.03653753 0.63985711
vt 0.04832081 0.57614642
vt 0.02741415 0.64413071
vt 0.02233652 0.61586744
vt 0.03220198 0.61374980
vt 0.02062510 0.60754967
vt 0.02930721 0.60518348
vt 0.02143383 0.59560442
vt 0.03739002 0.60096765
vt 0.03575002 0.59019220
vt 0.05513861 0.55814367
vt 0.05821702 0.53960395
f 1/1 2/2 3/3
f 4/4 1/1 3/3
f 27/27 21/21 22/22
f 22/22 26/26 27/27
f 21/21 27/27 28/28
f 28/28 29/29 30/30
f 29/29 28/28 27/27
f 27/27 31/31 29/29
f 31/31 27/27 26/26
f 23/23 22/22 18/18
f 8/8 24/24 17/17
f 24/24 23/23 17/17
f 32/32 31/31 26/26
f 25/25 32/32 24/24
f 31/31 32/32 33/33
f 32/32 25/25 34/34
f 34/34 33/33 32/32
f 33/33 34/34 35/35
f 24/24 32/32 26/26
f 17/17 23/23 18/18
f 22/22 21/21 19/19
f 24/24 8/8 25/25
f 26/26 22/22 23/23
f 24/24 26/26 23/23
f 5/5 4/4 3/3
f 4/4 6/6 1/1
f 4/4 5/5 7/7
f 8/8 7/7 5/5
f 6/6 4/4 9/9
f 7/7 9/9 4/4
f 10/10 6/6 9/9
f 6/6 10/10 11/11
f 11/11 12/12 13/13
f 12/12 11/11 10/10
f 10/10 14/14 12/12
f 9/9 15/15 10/10
f 14/14 10/10 15/15
f 16/16 9/9 7/7
f 15/15 9/9 16/16
f 7/7 17/17 16/16
f 7/7 8/8 17/17
f 16/16 18/18 15/15
f 17/17 18/18 16/16
f 15/15 19/19 14/14
f 18/18 19/19 15/15
f 19/19 20/20 14/14
f 19/19 21/21 20/20
f 18/18 22/22 19/19
f 383/383 384/384 380/380
f 384/384 381/381 380/380
f 379/379 382/382 383/383
f 380/380 379/379 383/383
f 370/370 382/382 369/369
f 399/399 395/395 398/398
f 395/395 399/399 397/397
f 395/395 393/393 398/398
f 394/394 397/397 396/396
f 397/397 394/394 395/395
f 389/389 396/396 392/392
f 396/396 389/389 394/394
f 391/391 395/395 394/394
f 393/393 395/395 391/391
f 391/391 394/394 389/389
f 368/368 393/393 366/366
f 380/380 378/378 377/377
f 369/369 379/379 374/374
f 374/374 379/379 377/377
f 378/378 323/323 321/321
f 376/376 377/377 378/378
f 321/321 376/376 378/378
f 375/375 377/377 376/376
f 375/375 374/374 377/377
f 376/376 321/321 319/319
f 375/375 376/376 319/319
f 315/315 375/375 319/319
f 320/320 375/375 315/315
f 388/388 390/390 387/387
f 370/370 389/389 382/382
f 382/382 389/389 388/388
f 385/385 323/323 381/381
f 51/51 47/47 49/49
f 50/50 44/44 47/47
f 48/48 49/49 45/45
f 47/47 45/45 49/49
f 45/45 46/46 48/48
f 39/39 47/47 44/44
f 45/45 47/47 42/42
f 47/47 39/39 42/42
f 46/46 45/45 43/43
f 42/42 43/43 45/45
f 41/41 39/39 44/44
f 43/43 42/42 40/40
f 39/39 40/40 42/42
f 41/41 37/37 39/39
f 40/40 39/39 36/36
f 37/37 36/36 39/39
f 60/60 57/57 62/62
f 61/61 50/50 51/51
f 50/50 61/61 57/57
f 60/60 58/58 55/55
f 57/57 60/60 55/55
f 58/58 59/59 56/56
f 55/55 58/58 56/56
f 52/52 57/57 55/55
f 57/57 52/52 50/50
f 55/55 56/56 54/54
f 52/52 55/55 54/54
f 52/52 54/54 53/53
f 41/41 52/52 53/53
f 44/44 50/50 52/52
f 52/52 41/41 44/44
f 47/47 51/51 50/50
f 69/69 68/68 70/70
f 48/48 70/70 68/68
f 68/68 69/69 64/64
f 69/69 66/66 64/64
f 49/49 48/48 68/68
f 51/51 49/49 68/68
f 68/68 64/64 51/51
f 62/62 66/66 67/67
f 65/65 62/62 67/67
f 61/61 64/64 66/66
f 66/66 62/62 61/61
f 60/60 65/65 63/63
f 62/62 65/65 60/60
f 64/64 61/61 51/51
f 60/60 63/63 58/58
f 61/61 62/62 57/57
f 81/81 76/76 79/79
f 76/76 81/81 78/78
f 79/79 77/77 80/80
f 77/77 79/79 76/76
f 78/78 74/74 76/76
f 74/74 78/78 75/75
f 76/76 73/73 77/77
f 73/73 76/76 74/74
f 75/75 70/70 74/74
f 75/75 69/69 70/70
f 73/73 74/74 71/71
f 70/70 71/71 74/74
f 73/73 71/71 72/72
f 72/72 71/71 46/46
f 48/48 46/46 71/71
f 70/70 48/48 71/71
f 93/93 91/91 92/92
f 91/91 88/88 92/92
f 88/88 91/91 90/90
f 90/90 89/89 85/85
f 85/85 88/88 90/90
f 87/87 85/85 89/89
f 89/89 84/84 87/87
f 85/85 86/86 88/88
f 84/84 79/79 87/87
f 85/85 87/87 82/82
f 87/87 79/79 82/82
f 86/86 85/85 83/83
f 82/82 83/83 85/85
f 79/79 84/84 81/81
f 82/82 80/80 83/83
f 80/80 82/82 79/79
f 105/105 104/104 102/102
f 102/102 104/104 101/101
f 95/95 103/103 100/100
f 101/101 103/103 98/98
f 103/103 95/95 98/98
f 102/102 101/101 99/99
f 101/101 98/98 99/99
f 95/95 100/100 97/97
f 99/99 98/98 96/96
f 98/98 95/95 96/96
f 90/90 97/97 94/94
f 95/95 97/97 91/91
f 97/97 90/90 91/91
f 96/96 95/95 93/93
f 95/95 91/91 93/93
f 89/89 90/90 94/94
f 114/114 117/117 113/113
f 115/115 110/110 116/116
f 116/116 110/110 113/113
f 107/107 115/115 112/112
f 115/115 107/107 110/110
f 114/114 113/113 111/111
f 110/110 111/111 113/113
f 109/109 107/107 112/112
f 111/111 110/110 108/108
f 107/107 108/108 110/110
f 107/107 109/109 104/104
f 104/104 109/109 106/106
f 108/108 107/107 105/105
f 107/107 104/104 105/105
f 104/104 106/106 101/101
f 106/106 103/103 101/101
f 124/124 125/125 127/127
f 124/124 126/126 120/120
f 120/120 126/126 122/122
f 125/125 124/124 121/121
f 121/121 124/124 120/120
f 115/115 123/123 112/112
f 122/122 123/123 119/119
f 123/123 115/115 119/119
f 120/120 122/122 117/117
f 117/117 122/122 119/119
f 121/121 120/120 118/118
f 118/118 120/120 117/117
f 117/117 119/119 116/116
f 115/115 116/116 119/119
f 118/118 117/117 114/114
f 116/116 113/113 117/117
f 136/136 138/138 140/140
f 138/138 136/136 139/139
f 134/134 127/127 137/137
f 132/132 137/137 127/127
f 136/136 135/135 133/133
f 132/132 133/133 135/135
f 129/129 127/127 134/134
f 132/132 128/128 133/133
f 127/127 128/128 132/132
f 130/130 126/126 131/131
f 129/129 131/131 126/126
f 123/123 122/122 130/130
f 126/126 130/130 122/122
f 127/127 129/129 124/124
f 124/124 129/129 126/126
f 128/128 127/127 125/125
f 149/149 148/148 146/146
f 148/148 147/147 145/145
f 145/145 146/146 148/148
f 144/144 145/145 147/147
f 147/147 137/137 144/144
f 146/146 145/145 143/143
f 145/145 144/144 142/142
f 142/142 143/143 145/145
f 137/137 132/132 144/144
f 144/144 135/135 142/142
f 135/135 144/144 132/132
f 143/143 142/142 141/141
f 142/142 135/135 140/140
f 140/140 141/141 142/142
f 141/141 140/140 138/138
f 135/135 136/136 140/140
f 157/157 159/159 153/153
f 155/155 153/153 159/159
f 154/154 158/158 157/157
f 157/157 153/153 154/154
f 155/155 156/156 151/151
f 156/156 150/150 151/151
f 153/153 155/155 152/152
f 151/151 152/152 155/155
f 149/149 154/154 153/153
f 153/153 152/152 149/149
f 152/152 151/151 148/148
f 148/148 149/149 152/152
f 151/151 150/150 147/147
f 151/151 147/147 148/148
f 150/150 134/134 137/137
f 150/150 137/137 147/147
f 167/167 169/169 171/171
f 167/167 170/170 164/164
f 166/166 164/164 170/170
f 169/169 167/167 168/168
f 165/165 168/168 167/167
f 167/167 164/164 165/165
f 164/164 166/166 161/161
f 163/163 161/161 166/166
f 162/162 165/165 164/164
f 164/164 161/161 162/162
f 161/161 163/163 157/157
f 159/159 157/157 163/163
f 158/158 162/162 161/161
f 161/161 157/157 158/158
f 159/159 160/160 155/155
f 156/156 155/155 160/160
f 181/181 180/180 182/182
f 180/180 178/178 182/182
f 180/180 181/181 174/174
f 176/176 174/174 181/181
f 175/175 178/178 180/180
f 174/174 175/175 180/180
f 178/178 175/175 179/179
f 173/173 176/176 177/177
f 177/177 170/170 173/173
f 174/174 176/176 171/171
f 173/173 171/171 176/176
f 175/175 174/174 172/172
f 171/171 172/172 174/174
f 171/171 173/173 167/167
f 170/170 167/167 173/173
f 172/172 171/171 169/169
f 190/190 187/187 193/193
f 187/187 188/188 193/193
f 191/191 189/189 192/192
f 189/189 191/191 188/188
f 187/187 190/190 186/186
f 188/188 184/184 189/189
f 188/188 187/187 185/185
f 184/184 188/188 185/185
f 187/187 186/186 181/181
f 181/181 185/185 187/187
f 186/186 177/177 176/176
f 176/176 181/181 186/186
f 182/182 184/184 185/185
f 185/185 181/181 182/182
f 184/184 182/182 183/183
f 183/183 182/182 178/178
f 201/201 202/202 204/204
f 203/203 200/200 197/197
f 201/201 203/203 198/198
f 197/197 198/198 203/203
f 199/199 202/202 201/201
f 198/198 199/199 201/201
f 200/200 194/194 197/197
f 198/198 196/196 199/199
f 198/198 197/197 195/195
f 196/196 198/198 195/195
f 191/191 197/197 194/194
f 195/195 197/197 191/191
f 195/195 192/192 196/196
f 192/192 195/195 191/191
f 188/188 194/194 193/193
f 194/194 188/188 191/191
f 213/213 214/214 216/216
f 212/212 215/215 214/214
f 211/211 214/214 213/213
f 211/211 212/212 214/214
f 204/204 213/213 210/210
f 207/207 211/211 213/213
f 213/213 204/204 207/207
f 209/209 212/212 211/211
f 209/209 211/211 207/207
f 201/201 210/210 206/206
f 201/201 204/204 210/210
f 208/208 209/209 207/207
f 205/205 208/208 207/207
f 207/207 204/204 205/205
f 203/203 201/201 206/206
f 204/204 202/202 205/205
f 226/226 210/210 225/225
f 220/220 224/224 225/225
f 225/225 210/210 220/220
f 219/219 223/223 224/224
f 224/224 220/220 219/219
f 223/223 217/217 221/221
f 223/223 219/219 217/217
f 218/218 222/222 221/221
f 217/217 218/218 221/221
f 213/213 220/220 210/210
f 220/220 216/216 219/219
f 220/220 213/213 216/216
f 219/219 214/214 217/217
f 214/214 219/219 216/216
f 217/217 215/215 218/218
f 214/214 215/215 217/217
f 234/234 229/229 233/233
f 229/229 234/234 232/232
f 230/230 233/233 229/229
f 200/200 203/203 232/232
f 206/206 232/232 203/203
f 232/232 206/206 229/229
f 230/230 227/227 231/231
f 228/228 231/231 227/227
f 229/229 226/226 230/230
f 230/230 226/226 227/227
f 226/226 229/229 206/206
f 227/227 224/224 228/228
f 228/228 224/224 223/223
f 226/226 225/225 227/227
f 224/224 227/227 225/225
f 206/206 210/210 226/226
f 200/200 235/235 244/244
f 239/239 243/243 242/242
f 243/243 239/239 241/241
f 242/242 235/235 239/239
f 241/241 237/237 240/240
f 237/237 241/241 239/239
f 238/238 240/240 237/237
f 234/234 239/239 235/235
f 239/239 234/234 237/237
f 237/237 233/233 238/238
f 236/236 238/238 233/233
f 233/233 237/237 234/234
f 231/231 236/236 230/230
f 233/233 230/230 236/236
f 235/235 232/232 234/234
f 232/232 235/235 200/200
f 249/249 166/166 170/170
f 170/170 177/177 249/249
f 247/247 249/249 177/177
f 243/243 248/248 242/242
f 246/246 242/242 248/248
f 177/177 186/186 247/247
f 190/190 247/247 186/186
f 247/247 190/190 246/246
f 242/242 246/246 245/245
f 190/190 245/245 246/246
f 235/235 242/242 245/245
f 244/244 245/245 190/190
f 244/244 235/235 245/245
f 244/244 190/190 193/193
f 194/194 244/244 193/193
f 194/194 200/200 244/244
f 160/160 159/159 255/255
f 256/256 255/255 254/254
f 254/254 253/253 256/256
f 163/163 255/255 159/159
f 255/255 163/163 254/254
f 253/253 254/254 252/252
f 163/163 252/252 254/254
f 250/250 253/253 251/251
f 252/252 251/251 253/253
f 252/252 163/163 166/166
f 251/251 252/252 249/249
f 166/166 249/249 252/252
f 250/250 251/251 247/247
f 249/249 247/247 251/251
f 246/246 248/248 250/250
f 246/246 250/250 247/247
f 260/260 263/263 265/265
f 241/241 264/264 243/243
f 262/262 264/264 263/263
f 264/264 262/262 243/243
f 263/263 260/260 262/262
f 248/248 243/243 262/262
f 262/262 250/250 248/248
f 250/250 262/262 260/260
f 261/261 257/257 260/260
f 261/261 259/259 257/257
f 257/257 250/250 260/260
f 259/259 258/258 256/256
f 256/256 257/257 259/259
f 255/255 256/256 258/258
f 253/253 250/250 257/257
f 257/257 256/256 253/253
f 274/274 271/271 270/270
f 258/258 259/259 273/273
f 271/271 273/273 259/259
f 270/270 269/269 272/272
f 259/259 261/261 271/271
f 271/271 261/261 270/270
f 269/269 270/270 265/265
f 261/261 265/265 270/270
f 265/265 266/266 269/269
f 268/268 264/264 267/267
f 264/264 268/268 266/266
f 240/240 267/267 241/241
f 264/264 241/241 267/267
f 266/266 265/265 263/263
f 263/263 264/264 266/266
f 265/265 261/261 260/260
f 282/282 280/280 283/283
f 280/280 279/279 283/283
f 278/278 282/282 281/281
f 282/282 278/278 280/280
f 281/281 277/277 278/278
f 280/280 274/274 279/279
f 278/278 274/274 280/280
f 279/279 270/270 272/272
f 274/274 270/270 279/279
f 277/277 275/275 278/278
f 278/278 275/275 274/274
f 273/273 277/277 276/276
f 277/277 273/273 275/275
f 276/276 258/258 273/273
f 275/275 271/271 274/274
f 273/273 271/271 275/275
f 288/288 289/289 292/292
f 291/291 287/287 290/290
f 289/289 287/287 291/291
f 268/268 290/290 266/266
f 290/290 287/287 266/266
f 288/288 285/285 289/289
f 287/287 289/289 285/285
f 286/286 284/284 288/288
f 285/285 288/288 284/284
f 269/269 266/266 287/287
f 287/287 285/285 269/269
f 284/284 286/286 283/283
f 269/269 285/285 272/272
f 285/285 284/284 272/272
f 284/284 283/283 279/279
f 279/279 272/272 284/284
f 301/301 298/298 299/299
f 300/300 281/281 282/282
f 298/298 300/300 282/282
f 298/298 286/286 299/299
f 286/286 297/297 299/299
f 282/282 283/283 298/298
f 298/298 283/283 286/286
f 296/296 297/297 294/294
f 297/297 286/286 294/294
f 296/296 292/292 295/295
f 292/292 296/296 294/294
f 293/293 295/295 292/292
f 286/286 288/288 294/294
f 292/292 294/294 288/288
f 293/293 292/292 289/289
f 289/289 291/291 293/293
f 310/310 308/308 305/305
f 301/301 299/299 309/309
f 306/306 301/301 309/309
f 304/304 305/305 308/308
f 306/306 307/307 303/303
f 307/307 305/305 303/303
f 303/303 301/301 306/306
f 305/305 304/304 302/302
f 302/302 303/303 305/305
f 304/304 276/276 277/277
f 302/302 304/304 277/277
f 303/303 302/302 300/300
f 301/301 303/303 300/300
f 302/302 277/277 281/281
f 300/300 302/302 281/281
f 300/300 298/298 301/301
f 314/314 318/318 316/316
f 314/314 317/317 318/318
f 315/315 317/317 312/312
f 317/317 314/314 312/312
f 307/307 306/306 316/316
f 316/316 306/306 314/314
f 312/312 313/313 315/315
f 314/314 306/306 309/309
f 314/314 309/309 312/312
f 296/296 313/313 297/297
f 313/313 312/312 311/311
f 313/313 311/311 297/297
f 312/312 309/309 311/311
f 299/299 297/297 311/311
f 309/309 299/299 311/311
f 310/310 305/305 307/307
f 320/320 322/322 327/327
f 324/324 326/326 327/327
f 324/324 327/327 322/322
f 326/326 296/296 295/295
f 296/296 326/326 324/324
f 316/316 325/325 307/307
f 325/325 316/316 323/323
f 322/322 296/296 324/324
f 318/318 323/323 316/316
f 323/323 318/318 321/321
f 296/296 322/322 313/313
f 320/320 313/313 322/322
f 321/321 318/318 319/319
f 313/313 320/320 315/315
f 319/319 318/318 317/317
f 315/315 319/319 317/317
f 330/330 335/335 333/333
f 332/332 334/334 335/335
f 330/330 332/332 335/335
f 334/334 291/291 290/290
f 334/334 332/332 291/291
f 333/333 331/331 330/330
f 332/332 293/293 291/291
f 332/332 330/330 293/293
f 331/331 327/327 328/328
f 328/328 330/330 331/331
f 330/330 329/329 293/293
f 330/330 328/328 329/329
f 295/295 293/293 329/329
f 328/328 295/295 329/329
f 326/326 328/328 327/327
f 295/295 328/328 326/326
f 339/339 345/345 342/342
f 344/344 341/341 343/343
f 339/339 341/341 344/344
f 343/343 341/341 335/335
f 338/338 342/342 327/327
f 342/342 338/338 339/339
f 335/335 341/341 333/333
f 341/341 339/339 333/333
f 290/290 268/268 340/340
f 336/336 290/290 340/340
f 333/333 339/339 338/338
f 338/338 327/327 337/337
f 338/338 337/337 333/333
f 331/331 337/337 327/327
f 331/331 333/333 337/337
f 290/290 336/336 334/334
f 351/351 352/352 347/347
f 347/347 352/352 348/348
f 350/350 351/351 349/349
f 347/347 349/349 351/351
f 350/350 336/336 340/340
f 349/349 336/336 350/350
f 347/347 346/346 349/349
f 349/349 346/346 336/336
f 347/347 348/348 344/344
f 344/344 348/348 345/345
f 346/346 347/347 343/343
f 343/343 347/347 344/344
f 334/334 336/336 346/346
f 334/334 346/346 335/335
f 335/335 346/346 343/343
f 344/344 345/345 339/339
f 356/356 354/354 361/361
f 360/360 359/359 358/358
f 358/358 356/356 360/360
f 358/358 359/359 327/327
f 356/356 358/358 357/357
f 358/358 327/327 357/357
f 355/355 356/356 357/357
f 355/355 357/357 327/327
f 353/353 354/354 356/356
f 356/356 355/355 353/353
f 355/355 327/327 342/342
f 342/342 353/353 355/355
f 352/352 354/354 348/348
f 354/354 353/353 348/348
f 353/353 342/342 345/345
f 353/353 345/345 348/348
f 370/370 367/367 366/366
f 369/369 365/365 367/367
f 366/366 364/364 368/368
f 362/362 368/368 364/364
f 366/366 367/367 363/363
f 983/983 1663/1663 988/988
f 981/981 1663/1663 983/983
f 365/365 363/363 367/367
f 363/363 364/364 366/366
f 365/365 327/327 359/359
f 363/363 365/365 359/359
f 360/360 364/364 363/363
f 364/364 360/360 362/362
f 359/359 360/360 363/363
f 362/362 356/356 361/361
f 356/356 362/362 360/360
f 1652/1652 1661/1661 1659/1659
f 980/980 1660/1660 981/981
f 1660/1660 1658/1658 1659/1659
f 980/980 1658/1658 1660/1660
f 1659/1659 1658/1658 1657/1657
f 373/373 374/374 375/375
f 375/375 320/320 373/373
f 374/374 371/371 369/369
f 374/374 373/373 372/372
f 371/371 374/374 372/372
f 320/320 327/327 373/373
f 372/372 373/373 327/327
f 372/372 327/327 371/371
f 365/365 369/369 371/371
f 365/365 371/371 327/327
f 370/370 369/369 367/367
f 1654/1654 1655/1655 1653/1653
f 1655/1655 976/976 1653/1653
f 1653/1653 1650/1650 1654/1654
f 1651/1651 1654/1654 1650/1650
f 1653/1653 976/976 1434/1434
f 988/988 1663/1663 1630/1630
f 981/981 1660/1660 1663/1663
f 1630/1630 1663/1663 1662/1662
f 1663/1663 1660/1660 1662/1662
f 1630/1630 1662/1662 1634/1634
f 1659/1659 1662/1662 1660/1660
f 1661/1661 1634/1634 1662/1662
f 1662/1662 1659/1659 1661/1661
f 1634/1634 1661/1661 1638/1638
f 1661/1661 1643/1643 1638/1638
f 1652/1652 1643/1643 1661/1661
f 1517/1517 1648/1648 1519/1519
f 1647/1647 1648/1648 1517/1517
f 1645/1645 1644/1644 1647/1647
f 1517/1517 1646/1646 1647/1647
f 1645/1645 1647/1647 1646/1646
f 1657/1657 1652/1652 1659/1659
f 978/978 1658/1658 980/980
f 1658/1658 1654/1654 1657/1657
f 978/978 1656/1656 1658/1658
f 1654/1654 1658/1658 1656/1656
f 1651/1651 1652/1652 1657/1657
f 1654/1654 1651/1651 1657/1657
f 978/978 1655/1655 1656/1656
f 1654/1654 1656/1656 1655/1655
f 1655/1655 978/978 975/975
f 1655/1655 975/975 976/976
f 1642/1642 1641/1641 1640/1640
f 1640/1640 1639/1639 1642/1642
f 1640/1640 1641/1641 1555/1555
f 1639/1639 1640/1640 1637/1637
f 1555/1555 1637/1637 1640/1640
f 1434/1434 1440/1440 1653/1653
f 1440/1440 1650/1650 1653/1653
f 1652/1652 1651/1651 1649/1649
f 1652/1652 1649/1649 1643/1643
f 1650/1650 1648/1648 1651/1651
f 1651/1651 1648/1648 1649/1649
f 1650/1650 1440/1440 1519/1519
f 1648/1648 1650/1650 1519/1519
f 1644/1644 1643/1643 1649/1649
f 1647/1647 1649/1649 1648/1648
f 1649/1649 1647/1647 1644/1644
f 1635/1635 1561/1561 1608/1608
f 1635/1635 1608/1608 1633/1633
f 1629/1629 1630/1630 1634/1634
f 1632/1632 1629/1629 1634/1634
f 1614/1614 1633/1633 1608/1608
f 1646/1646 1517/1517 1514/1514
f 1515/1515 1646/1646 1514/1514
f 1553/1553 1646/1646 1515/1515
f 1645/1645 1646/1646 1553/1553
f 1644/1644 1645/1645 1641/1641
f 1553/1553 1641/1641 1645/1645
f 1643/1643 1644/1644 1642/1642
f 1641/1641 1642/1642 1644/1644
f 1642/1642 1638/1638 1643/1643
f 1555/1555 1641/1641 1553/1553
f 1638/1638 1642/1642 1639/1639
f 1625/1625 1628/1628 1616/1616
f 1626/1626 988/988 1627/1627
f 1623/1623 1627/1627 1625/1625
f 1627/1627 1624/1624 1626/1626
f 1624/1624 1627/1627 1623/1623
f 1638/1638 1639/1639 1636/1636
f 1637/1637 1636/1636 1639/1639
f 1634/1634 1638/1638 1632/1632
f 1636/1636 1632/1632 1638/1638
f 1637/1637 1555/1555 1556/1556
f 1556/1556 1560/1560 1637/1637
f 1560/1560 1636/1636 1637/1637
f 1633/1633 1632/1632 1636/1636
f 1636/1636 1560/1560 1635/1635
f 1635/1635 1633/1633 1636/1636
f 1561/1561 1635/1635 1560/1560
f 1621/1621 1620/1620 1622/1622
f 997/997 1622/1622 1620/1620
f 1618/1618 1619/1619 1621/1621
f 1620/1620 1621/1621 1619/1619
f 1000/1000 997/997 1620/1620
f 1632/1632 1633/1633 1631/1631
f 1614/1614 1631/1631 1633/1633
f 1632/1632 1631/1631 1628/1628
f 1629/1629 1632/1632 1628/1628
f 1631/1631 1614/1614 1615/1615
f 1615/1615 1628/1628 1631/1631
f 1627/1627 1630/1630 1629/1629
f 1627/1627 988/988 1630/1630
f 1625/1625 1629/1629 1628/1628
f 1629/1629 1625/1625 1627/1627
f 1628/1628 1615/1615 1616/1616
f 1613/1613 1616/1616 1612/1612
f 1615/1615 1614/1614 1610/1610
f 1612/1612 1615/1615 1610/1610
f 1608/1608 1607/1607 1614/1614
f 1610/1610 1614/1614 1607/1607
f 991/991 988/988 1626/1626
f 1624/1624 991/991 1626/1626
f 1618/1618 1625/1625 1616/1616
f 1618/1618 1623/1623 1625/1625
f 991/991 1624/1624 993/993
f 1622/1622 1624/1624 1623/1623
f 1622/1622 993/993 1624/1624
f 1623/1623 1621/1621 1622/1622
f 1623/1623 1618/1618 1621/1621
f 993/993 1622/1622 995/995
f 1622/1622 997/997 995/995
f 1605/1605 1607/1607 1608/1608
f 1608/1608 1561/1561 1605/1605
f 1604/1604 1606/1606 1607/1607
f 1607/1607 1605/1605 1604/1604
f 1601/1601 1602/1602 1606/1606
f 1620/1620 1003/1003 1000/1000
f 1003/1003 1620/1620 1619/1619
f 1618/1618 1617/1617 1619/1619
f 1617/1617 1003/1003 1619/1619
f 1613/1613 1618/1618 1616/1616
f 1618/1618 1613/1613 1617/1617
f 1003/1003 1617/1617 1005/1005
f 1007/1007 1005/1005 1617/1617
f 1617/1617 1177/1177 1007/1007
f 1177/1177 1617/1617 1613/1613
f 1615/1615 1612/1612 1616/1616
f 1596/1596 1184/1184 1602/1602
f 1598/1598 1601/1601 1600/1600
f 1598/1598 1596/1596 1601/1601
f 1599/1599 1600/1600 1593/1593
f 1598/1598 1600/1600 1599/1599
f 1613/1613 1612/1612 1611/1611
f 1177/1177 1613/1613 1611/1611
f 1612/1612 1610/1610 1609/1609
f 1609/1609 1611/1611 1612/1612
f 1178/1178 1177/1177 1611/1611
f 1182/1182 1178/1178 1611/1611
f 1611/1611 1609/1609 1182/1182
f 1609/1609 1610/1610 1606/1606
f 1606/1606 1610/1610 1607/1607
f 1182/1182 1609/1609 1602/1602
f 1602/1602 1609/1609 1606/1606
f 1592/1592 1595/1595 1590/1590
f 1592/1592 1594/1594 1595/1595
f 1253/1253 1186/1186 1594/1594
f 1592/1592 1253/1253 1594/1594
f 1593/1593 1571/1571 1573/1573
f 1601/1601 1606/1606 1604/1604
f 1562/1562 1605/1605 1561/1561
f 1603/1603 1604/1604 1605/1605
f 1605/1605 1562/1562 1603/1603
f 1600/1600 1601/1601 1604/1604
f 1600/1600 1604/1604 1603/1603
f 1562/1562 1571/1571 1603/1603
f 1593/1593 1603/1603 1571/1571
f 1603/1603 1593/1593 1600/1600
f 1184/1184 1182/1182 1602/1602
f 1596/1596 1602/1602 1601/1601
f 1588/1588 1587/1587 1259/1259
f 1587/1587 1588/1588 1585/1585
f 1587/1587 1261/1261 1259/1259
f 1585/1585 1586/1586 1587/1587
f 1586/1586 1261/1261 1587/1587
f 1599/1599 1593/1593 1591/1591
f 1589/1589 1599/1599 1591/1591
f 1597/1597 1598/1598 1599/1599
f 1597/1597 1599/1599 1589/1589
f 1595/1595 1598/1598 1597/1597
f 1595/1595 1596/1596 1598/1598
f 1589/1589 1590/1590 1597/1597
f 1590/1590 1595/1595 1597/1597
f 1596/1596 1186/1186 1184/1184
f 1595/1595 1594/1594 1596/1596
f 1186/1186 1596/1596 1594/1594
f 1270/1270 1274/1274 1583/1583
f 1583/1583 1272/1272 1270/1270
f 1583/1583 1582/1582 1272/1272
f 1538/1538 1272/1272 1582/1582
f 1579/1579 1538/1538 1582/1582
f 1593/1593 1573/1573 1591/1591
f 1254/1254 1253/1253 1592/1592
f 1592/1592 1259/1259 1254/1254
f 1259/1259 1592/1592 1590/1590
f 1578/1578 1591/1591 1573/1573
f 1589/1589 1591/1591 1578/1578
f 1590/1590 1589/1589 1588/1588
f 1588/1588 1259/1259 1590/1590
f 1578/1578 1581/1581 1589/1589
f 1581/1581 1588/1588 1589/1589
f 1588/1588 1581/1581 1585/1585
f 1543/1543 1577/1577 1575/1575
f 1575/1575 1576/1576 1574/1574
f 1576/1576 1572/1572 1574/1574
f 1543/1543 1575/1575 1568/1568
f 1575/1575 1574/1574 1568/1568
f 1586/1586 1262/1262 1261/1261
f 1267/1267 1262/1262 1586/1586
f 1586/1586 1585/1585 1584/1584
f 1584/1584 1267/1267 1586/1586
f 1580/1580 1585/1585 1581/1581
f 1585/1585 1580/1580 1584/1584
f 1274/1274 1267/1267 1584/1584
f 1579/1579 1584/1584 1580/1580
f 1584/1584 1579/1579 1274/1274
f 1582/1582 1274/1274 1579/1579
f 1274/1274 1582/1582 1583/1583
f 1567/1567 1543/1543 1568/1568
f 1565/1565 1567/1567 1568/1568
f 1543/1543 1567/1567 1545/1545
f 1567/1567 1547/1547 1545/1545
f 1547/1547 1567/1567 1565/1565
f 1576/1576 1580/1580 1581/1581
f 1581/1581 1578/1578 1576/1576
f 1577/1577 1579/1579 1580/1580
f 1576/1576 1577/1577 1580/1580
f 1538/1538 1579/1579 1541/1541
f 1579/1579 1577/1577 1541/1541
f 1578/1578 1573/1573 1572/1572
f 1576/1576 1578/1578 1572/1572
f 1540/1540 1541/1541 1577/1577
f 1540/1540 1577/1577 1543/1543
f 1577/1577 1576/1576 1575/1575
f 1560/1560 1556/1556 1557/1557
f 1559/1559 1554/1554 1558/1558
f 1554/1554 1559/1559 1557/1557
f 1549/1549 1558/1558 1554/1554
f 1551/1551 1557/1557 1556/1556
f 1569/1569 1574/1574 1572/1572
f 1574/1574 1569/1569 1568/1568
f 1570/1570 1572/1572 1573/1573
f 1570/1570 1573/1573 1571/1571
f 1572/1572 1570/1570 1569/1569
f 1571/1571 1562/1562 1564/1564
f 1571/1571 1564/1564 1570/1570
f 1570/1570 1566/1566 1569/1569
f 1570/1570 1564/1564 1566/1566
f 1569/1569 1565/1565 1568/1568
f 1566/1566 1565/1565 1569/1569
f 1550/1550 1515/1515 1513/1513
f 1550/1550 1513/1513 1516/1516
f 1548/1548 1550/1550 1516/1516
f 1547/1547 1549/1549 1544/1544
f 1546/1546 1544/1544 1549/1549
f 1566/1566 1563/1563 1565/1565
f 1564/1564 1563/1563 1566/1566
f 1563/1563 1547/1547 1565/1565
f 1562/1562 1558/1558 1564/1564
f 1564/1564 1558/1558 1563/1563
f 1549/1549 1547/1547 1563/1563
f 1558/1558 1549/1549 1563/1563
f 1561/1561 1559/1559 1562/1562
f 1558/1558 1562/1562 1559/1559
f 1561/1561 1560/1560 1557/1557
f 1561/1561 1557/1557 1559/1559
f 1526/1526 1522/1522 1542/1542
f 1522/1522 1539/1539 1542/1542
f 1540/1540 1537/1537 1541/1541
f 1538/1538 1541/1541 1537/1537
f 1540/1540 1539/1539 1536/1536
f 1557/1557 1551/1551 1554/1554
f 1552/1552 1556/1556 1555/1555
f 1556/1556 1552/1552 1551/1551
f 1550/1550 1555/1555 1553/1553
f 1555/1555 1550/1550 1552/1552
f 1554/1554 1546/1546 1549/1549
f 1554/1554 1551/1551 1546/1546
f 1515/1515 1550/1550 1553/1553
f 1548/1548 1551/1551 1552/1552
f 1550/1550 1548/1548 1552/1552
f 1551/1551 1548/1548 1546/1546
f 1534/1534 1529/1529 1532/1532
f 1525/1525 1533/1533 1522/1522
f 1529/1529 1533/1533 1525/1525
f 1532/1532 1531/1531 1272/1272
f 1532/1532 1529/1529 1531/1531
f 1516/1516 1521/1521 1548/1548
f 1524/1524 1548/1548 1521/1521
f 1548/1548 1524/1524 1546/1546
f 1544/1544 1545/1545 1547/1547
f 1544/1544 1546/1546 1524/1524
f 1545/1545 1539/1539 1543/1543
f 1545/1545 1544/1544 1542/1542
f 1542/1542 1539/1539 1545/1545
f 1526/1526 1544/1544 1524/1524
f 1544/1544 1526/1526 1542/1542
f 1543/1543 1539/1539 1540/1540
f 1499/1499 1479/1479 1527/1527
f 1525/1525 1499/1499 1527/1527
f 1524/1524 1523/1523 1526/1526
f 1523/1523 1522/1522 1526/1526
f 1505/1505 1499/1499 1525/1525
f 1537/1537 1540/1540 1536/1536
f 1533/1533 1539/1539 1522/1522
f 1539/1539 1533/1533 1536/1536
f 1538/1538 1537/1537 1535/1535
f 1538/1538 1535/1535 1272/1272
f 1536/1536 1534/1534 1537/1537
f 1535/1535 1537/1537 1534/1534
f 1534/1534 1536/1536 1533/1533
f 1532/1532 1272/1272 1535/1535
f 1535/1535 1534/1534 1532/1532
f 1533/1533 1529/1529 1534/1534
f 1449/1449 1517/1517 1519/1519
f 1509/1509 1518/1518 1511/1511
f 1516/1516 1511/1511 1518/1518
f 1517/1517 1449/1449 1514/1514
f 1511/1511 1516/1516 1513/1513
f 1530/1530 1272/1272 1531/1531
f 1529/1529 1530/1530 1531/1531
f 1530/1530 1289/1289 1272/1272
f 1530/1530 1529/1529 1528/1528
f 1528/1528 1289/1289 1530/1530
f 1529/1529 1527/1527 1528/1528
f 1529/1529 1525/1525 1527/1527
f 1289/1289 1528/1528 1292/1292
f 1528/1528 1295/1295 1292/1292
f 1527/1527 1295/1295 1528/1528
f 1295/1295 1527/1527 1479/1479
f 1510/1510 1497/1497 1508/1508
f 1509/1509 1508/1508 1506/1506
f 1506/1506 1507/1507 1509/1509
f 1503/1503 1508/1508 1497/1497
f 1508/1508 1503/1503 1506/1506
f 1525/1525 1522/1522 1505/1505
f 1523/1523 1524/1524 1521/1521
f 1522/1522 1523/1523 1520/1520
f 1521/1521 1520/1520 1523/1523
f 1522/1522 1507/1507 1505/1505
f 1522/1522 1520/1520 1507/1507
f 1518/1518 1521/1521 1516/1516
f 1520/1520 1521/1521 1518/1518
f 1520/1520 1509/1509 1507/1507
f 1509/1509 1520/1520 1518/1518
f 1519/1519 1440/1440 1449/1449
f 1498/1498 1502/1502 1501/1501
f 1502/1502 1498/1498 1500/1500
f 1495/1495 1498/1498 1501/1501
f 1499/1499 1500/1500 1496/1496
f 1496/1496 1500/1500 1498/1498
f 1514/1514 1512/1512 1515/1515
f 1512/1512 1513/1513 1515/1515
f 1514/1514 1449/1449 1444/1444
f 1512/1512 1514/1514 1444/1444
f 1513/1513 1512/1512 1510/1510
f 1513/1513 1510/1510 1511/1511
f 1447/1447 1512/1512 1444/1444
f 1510/1510 1512/1512 1447/1447
f 1508/1508 1511/1511 1510/1510
f 1511/1511 1508/1508 1509/1509
f 1497/1497 1510/1510 1447/1447
f 1492/1492 1493/1493 1490/1490
f 1491/1491 1490/1490 1493/1493
f 1479/1479 1492/1492 1489/1489
f 1490/1490 1489/1489 1492/1492
f 1490/1490 1491/1491 1488/1488
f 1507/1507 1506/1506 1504/1504
f 1505/1505 1507/1507 1504/1504
f 1503/1503 1501/1501 1506/1506
f 1501/1501 1504/1504 1506/1506
f 1500/1500 1499/1499 1505/1505
f 1505/1505 1504/1504 1502/1502
f 1505/1505 1502/1502 1500/1500
f 1504/1504 1501/1501 1502/1502
f 1497/1497 1494/1494 1503/1503
f 1503/1503 1495/1495 1501/1501
f 1503/1503 1494/1494 1495/1495
f 1487/1487 1484/1484 1482/1482
f 1443/1443 1446/1446 1486/1486
f 1470/1470 1486/1486 1446/1446
f 1486/1486 1470/1470 1473/1473
f 1484/1484 1486/1486 1473/1473
f 1499/1499 1492/1492 1479/1479
f 1499/1499 1496/1496 1492/1492
f 1495/1495 1493/1493 1498/1498
f 1498/1498 1493/1493 1496/1496
f 1442/1442 1497/1497 1447/1447
f 1497/1497 1442/1442 1494/1494
f 1493/1493 1492/1492 1496/1496
f 1494/1494 1491/1491 1495/1495
f 1493/1493 1495/1495 1491/1491
f 1445/1445 1494/1494 1442/1442
f 1491/1491 1494/1494 1445/1445
f 1480/1480 1477/1477 1478/1478
f 1479/1479 1298/1298 1294/1294
f 1479/1479 1478/1478 1476/1476
f 1479/1479 1476/1476 1298/1298
f 1478/1478 1477/1477 1474/1474
f 1445/1445 1488/1488 1491/1491
f 1490/1490 1485/1485 1489/1489
f 1488/1488 1485/1485 1490/1490
f 1479/1479 1489/1489 1483/1483
f 1485/1485 1483/1483 1489/1489
f 1488/1488 1445/1445 1443/1443
f 1488/1488 1487/1487 1485/1485
f 1487/1487 1488/1488 1443/1443
f 1487/1487 1482/1482 1485/1485
f 1443/1443 1486/1486 1487/1487
f 1486/1486 1484/1484 1487/1487
f 1471/1471 1469/1469 1472/1472
f 1311/1311 1472/1472 1469/1469
f 1470/1470 1468/1468 1471/1471
f 1468/1468 1469/1469 1471/1471
f 1448/1448 1470/1470 1446/1446
f 1483/1483 1485/1485 1482/1482
f 1473/1473 1475/1475 1484/1484
f 1475/1475 1482/1482 1484/1484
f 1482/1482 1480/1480 1483/1483
f 1479/1479 1483/1483 1480/1480
f 1482/1482 1475/1475 1481/1481
f 1481/1481 1480/1480 1482/1482
f 1477/1477 1481/1481 1475/1475
f 1477/1477 1480/1480 1481/1481
f 1479/1479 1294/1294 1295/1295
f 1479/1479 1480/1480 1478/1478
f 1459/1459 1461/1461 1466/1466
f 1463/1463 1315/1315 1465/1465
f 1465/1465 1461/1461 1463/1463
f 1315/1315 1463/1463 1317/1317
f 1317/1317 1463/1463 1464/1464
f 1476/1476 1478/1478 1474/1474
f 1475/1475 1472/1472 1477/1477
f 1474/1474 1477/1477 1472/1472
f 1307/1307 1298/1298 1476/1476
f 1307/1307 1476/1476 1474/1474
f 1473/1473 1471/1471 1475/1475
f 1471/1471 1472/1472 1475/1475
f 1307/1307 1474/1474 1308/1308
f 1472/1472 1308/1308 1474/1474
f 1470/1470 1471/1471 1473/1473
f 1472/1472 1311/1311 1308/1308
f 1459/1459 1448/1448 1452/1452
f 1458/1458 1459/1459 1457/1457
f 1452/1452 1457/1457 1459/1459
f 1327/1327 1458/1458 1329/1329
f 1456/1456 1458/1458 1457/1457
f 1459/1459 1470/1470 1448/1448
f 1466/1466 1470/1470 1459/1459
f 1470/1470 1466/1466 1468/1468
f 1311/1311 1469/1469 1314/1314
f 1469/1469 1468/1468 1467/1467
f 1467/1467 1314/1314 1469/1469
f 1467/1467 1468/1468 1465/1465
f 1466/1466 1465/1465 1468/1468
f 1314/1314 1467/1467 1315/1315
f 1465/1465 1315/1315 1467/1467
f 1461/1461 1465/1465 1466/1466
f 1333/1333 1453/1453 1402/1402
f 1402/1402 1453/1453 1404/1404
f 1453/1453 1451/1451 1404/1404
f 1451/1451 1452/1452 1450/1450
f 1452/1452 1448/1448 1450/1450
f 1319/1319 1317/1317 1464/1464
f 1463/1463 1462/1462 1464/1464
f 1462/1462 1319/1319 1464/1464
f 1462/1462 1463/1463 1460/1460
f 1461/1461 1460/1460 1463/1463
f 1326/1326 1319/1319 1462/1462
f 1460/1460 1326/1326 1462/1462
f 1460/1460 1461/1461 1458/1458
f 1459/1459 1458/1458 1461/1461
f 1326/1326 1460/1460 1327/1327
f 1458/1458 1327/1327 1460/1460
f 1437/1437 1446/1446 1441/1441
f 1446/1446 1443/1443 1441/1441
f 1442/1442 1439/1439 1445/1445
f 1439/1439 1443/1443 1445/1445
f 1438/1438 1436/1436 1444/1444
f 1458/1458 1456/1456 1329/1329
f 1454/1454 1456/1456 1457/1457
f 1457/1457 1452/1452 1454/1454
f 1331/1331 1329/1329 1456/1456
f 1455/1455 1456/1456 1454/1454
f 1456/1456 1455/1455 1331/1331
f 1333/1333 1331/1331 1455/1455
f 1455/1455 1454/1454 1453/1453
f 1453/1453 1333/1333 1455/1455
f 1452/1452 1451/1451 1454/1454
f 1454/1454 1451/1451 1453/1453
f 1435/1435 1429/1429 1425/1425
f 1432/1432 1429/1429 1435/1435
f 1433/1433 1434/1434 1431/1431
f 976/976 1431/1431 1434/1434
f 1433/1433 1430/1430 1432/1432
f 1451/1451 1421/1421 1404/1404
f 1451/1451 1450/1450 1421/1421
f 1450/1450 1422/1422 1421/1421
f 1450/1450 1425/1425 1422/1422
f 1450/1450 1437/1437 1425/1425
f 1437/1437 1450/1450 1448/1448
f 1449/1449 1440/1440 1438/1438
f 1444/1444 1449/1449 1438/1438
f 1437/1437 1448/1448 1446/1446
f 1444/1444 1436/1436 1447/1447
f 1442/1442 1447/1447 1436/1436
f 1426/1426 1428/1428 968/968
f 1427/1427 1426/1426 1423/1423
f 1423/1423 1424/1424 1427/1427
f 1426/1426 968/968 964/964
f 963/963 1426/1426 964/964
f 1443/1443 1439/1439 1441/1441
f 1436/1436 1432/1432 1442/1442
f 1432/1432 1439/1439 1442/1442
f 1441/1441 1435/1435 1437/1437
f 1435/1435 1441/1441 1439/1439
f 1438/1438 1440/1440 1434/1434
f 1439/1439 1432/1432 1435/1435
f 1434/1434 1433/1433 1438/1438
f 1436/1436 1438/1438 1433/1433
f 1435/1435 1425/1425 1437/1437
f 1432/1432 1436/1436 1433/1433
f 1417/1417 1420/1420 1419/1419
f 1420/1420 1417/1417 1418/1418
f 1419/1419 962/962 960/960
f 1417/1417 1419/1419 960/960
f 1418/1418 1414/1414 1406/1406
f 1430/1430 1433/1433 1431/1431
f 1429/1429 1432/1432 1430/1430
f 1431/1431 976/976 973/973
f 1431/1431 1428/1428 1430/1430
f 1428/1428 1431/1431 973/973
f 1430/1430 1427/1427 1429/1429
f 1427/1427 1430/1430 1428/1428
f 1425/1425 1429/1429 1424/1424
f 1429/1429 1427/1427 1424/1424
f 1428/1428 973/973 968/968
f 1428/1428 1426/1426 1427/1427
f 1414/1414 1413/1413 1409/1409
f 1409/1409 1407/1407 1414/1414
f 1412/1412 1410/1410 1413/1413
f 1413/1413 1410/1410 1409/1409
f 1411/1411 1412/1412 953/953
f 1426/1426 963/963 1423/1423
f 1425/1425 1424/1424 1420/1420
f 1422/1422 1425/1425 1420/1420
f 1424/1424 1423/1423 1419/1419
f 1419/1419 1420/1420 1424/1424
f 962/962 1423/1423 963/963
f 1423/1423 962/962 1419/1419
f 1422/1422 1418/1418 1421/1421
f 1418/1418 1422/1422 1420/1420
f 1421/1421 1406/1406 1404/1404
f 1406/1406 1421/1421 1418/1418
f 1406/1406 1407/1407 1403/1403
f 1405/1405 1403/1403 1407/1407
f 1406/1406 1400/1400 1404/1404
f 1403/1403 1400/1400 1406/1406
f 1405/1405 1392/1392 1396/1396
f 1416/1416 1418/1418 1417/1417
f 1418/1418 1416/1416 1414/1414
f 1417/1417 1415/1415 1416/1416
f 1417/1417 960/960 1415/1415
f 1413/1413 1416/1416 1415/1415
f 1416/1416 1413/1413 1414/1414
f 960/960 955/955 1415/1415
f 953/953 1415/1415 955/955
f 1413/1413 1415/1415 1412/1412
f 1415/1415 953/953 1412/1412
f 1406/1406 1414/1414 1407/1407
f 1397/1397 1400/1400 1398/1398
f 1399/1399 1340/1340 1338/1338
f 1399/1399 1356/1356 1340/1340
f 1399/1399 1397/1397 1395/1395
f 1395/1395 1356/1356 1399/1399
f 1412/1412 1411/1411 1410/1410
f 953/953 952/952 1411/1411
f 952/952 1389/1389 1411/1411
f 1389/1389 1410/1410 1411/1411
f 1410/1410 1408/1408 1409/1409
f 1410/1410 1389/1389 1408/1408
f 1409/1409 1408/1408 1405/1405
f 1407/1407 1409/1409 1405/1405
f 1387/1387 1408/1408 1389/1389
f 1408/1408 1387/1387 1392/1392
f 1408/1408 1392/1392 1405/1405
f 1361/1361 1393/1393 1391/1391
f 1387/1387 1390/1390 1392/1392
f 1391/1391 1379/1379 1361/1361
f 1382/1382 1391/1391 1390/1390
f 1379/1379 1391/1391 1382/1382
f 1405/1405 1396/1396 1403/1403
f 1404/1404 1400/1400 1402/1402
f 1396/1396 1398/1398 1403/1403
f 1400/1400 1403/1403 1398/1398
f 1402/1402 1335/1335 1333/1333
f 1400/1400 1401/1401 1402/1402
f 1335/1335 1402/1402 1401/1401
f 1401/1401 1338/1338 1335/1335
f 1401/1401 1400/1400 1399/1399
f 1338/1338 1401/1401 1399/1399
f 1399/1399 1400/1400 1397/1397
f 1385/1385 1381/1381 1384/1384
f 1381/1381 1385/1385 1383/1383
f 1382/1382 1384/1384 1380/1380
f 1380/1380 1384/1384 1381/1381
f 1383/1383 950/950 948/948
f 1398/1398 1394/1394 1397/1397
f 1394/1394 1398/1398 1396/1396
f 1397/1397 1393/1393 1395/1395
f 1393/1393 1397/1397 1394/1394
f 1392/1392 1390/1390 1396/1396
f 1396/1396 1390/1390 1394/1394
f 1393/1393 1356/1356 1395/1395
f 1394/1394 1391/1391 1393/1393
f 1391/1391 1394/1394 1390/1390
f 1356/1356 1393/1393 1357/1357
f 1393/1393 1361/1361 1357/1357
f 1363/1363 1377/1377 1364/1364
f 1374/1374 1377/1377 1376/1376
f 1377/1377 1374/1374 1364/1364
f 1373/1373 1376/1376 1375/1375
f 1373/1373 1374/1374 1376/1376
f 1387/1387 1388/1388 1390/1390
f 1388/1388 1382/1382 1390/1390
f 1386/1386 1387/1387 1389/1389
f 1389/1389 952/952 1386/1386
f 1387/1387 1384/1384 1388/1388
f 1384/1384 1382/1382 1388/1388
f 1386/1386 1385/1385 1387/1387
f 1384/1384 1387/1387 1385/1385
f 1386/1386 952/952 950/950
f 1385/1385 1386/1386 1383/1383
f 950/950 1383/1383 1386/1386
f 1368/1368 1370/1370 662/662
f 1369/1369 1368/1368 662/662
f 1369/1369 662/662 667/667
f 668/668 1369/1369 667/667
f 1369/1369 1367/1367 1368/1368
f 948/948 1381/1381 1383/1383
f 1380/1380 1379/1379 1382/1382
f 1375/1375 1381/1381 948/948
f 1380/1380 1381/1381 1378/1378
f 1375/1375 1378/1378 1381/1381
f 1379/1379 1380/1380 1377/1377
f 1376/1376 1380/1380 1378/1378
f 1380/1380 1376/1376 1377/1377
f 1363/1363 1361/1361 1379/1379
f 1377/1377 1363/1363 1379/1379
f 1375/1375 1376/1376 1378/1378
f 1360/1360 1364/1364 1362/1362
f 1361/1361 1363/1363 1358/1358
f 1360/1360 1358/1358 1363/1363
f 1359/1359 1360/1360 1362/1362
f 1361/1361 1358/1358 1357/1357
f 1375/1375 948/948 949/949
f 949/949 1373/1373 1375/1375
f 1366/1366 1364/1364 1374/1374
f 1373/1373 1366/1366 1374/1374
f 1373/1373 949/949 1372/1372
f 1366/1366 1373/1373 1370/1370
f 1372/1372 1370/1370 1373/1373
f 1370/1370 1372/1372 1371/1371
f 1371/1371 661/661 1370/1370
f 662/662 1370/1370 661/661
f 1368/1368 1366/1366 1370/1370
f 1354/1354 1351/1351 1352/1352
f 1353/1353 1342/1342 1340/1340
f 1353/1353 1352/1352 1347/1347
f 1342/1342 1353/1353 1347/1347
f 1349/1349 1352/1352 1351/1351
f 668/668 1367/1367 1369/1369
f 1365/1365 1366/1366 1368/1368
f 1365/1365 1368/1368 1367/1367
f 670/670 1367/1367 668/668
f 670/670 1350/1350 1367/1367
f 1350/1350 1365/1365 1367/1367
f 1366/1366 1365/1365 1362/1362
f 1364/1364 1366/1366 1362/1362
f 1365/1365 1350/1350 1359/1359
f 1359/1359 1362/1362 1365/1365
f 1360/1360 1363/1363 1364/1364
f 1344/1344 1345/1345 1346/1346
f 694/694 1344/1344 1346/1346
f 1342/1342 1345/1345 1343/1343
f 1345/1345 1344/1344 1343/1343
f 1344/1344 694/694 696/696
f 1359/1359 1354/1354 1360/1360
f 1358/1358 1360/1360 1354/1354
f 1351/1351 1359/1359 1350/1350
f 1354/1354 1359/1359 1351/1351
f 1358/1358 1355/1355 1357/1357
f 1354/1354 1355/1355 1358/1358
f 1356/1356 1357/1357 1353/1353
f 1357/1357 1355/1355 1353/1353
f 1340/1340 1356/1356 1353/1353
f 1355/1355 1354/1354 1352/1352
f 1355/1355 1352/1352 1353/1353
f 1120/1120 1339/1339 1110/1110
f 1337/1337 1339/1339 1120/1120
f 1338/1338 1337/1337 1336/1336
f 1335/1335 1338/1338 1336/1336
f 1336/1336 1337/1337 1120/1120
f 1349/1349 1347/1347 1352/1352
f 1351/1351 1350/1350 1348/1348
f 1348/1348 1349/1349 1351/1351
f 670/670 1348/1348 1350/1350
f 1347/1347 1349/1349 1345/1345
f 1346/1346 1349/1349 1348/1348
f 1349/1349 1346/1346 1345/1345
f 1348/1348 670/670 676/676
f 676/676 1346/1346 1348/1348
f 1342/1342 1347/1347 1345/1345
f 1346/1346 676/676 694/694
f 1331/1331 1330/1330 1328/1328
f 1329/1329 1331/1331 1328/1328
f 1330/1330 1322/1322 1324/1324
f 1324/1324 1328/1328 1330/1330
f 1325/1325 1329/1329 1328/1328
f 1343/1343 1344/1344 1341/1341
f 696/696 1341/1341 1344/1344
f 1339/1339 1342/1342 1343/1343
f 1341/1341 1339/1339 1343/1343
f 1337/1337 1340/1340 1342/1342
f 1342/1342 1339/1339 1337/1337
f 1341/1341 696/696 222/222
f 1109/1109 1341/1341 222/222
f 1109/1109 1339/1339 1341/1341
f 1340/1340 1337/1337 1338/1338
f 1339/1339 1109/1109 1110/1110
f 1118/1118 1320/1320 1322/1322
f 1320/1320 1318/1318 1321/1321
f 1118/1118 1121/1121 1320/1320
f 1318/1318 1320/1320 1121/1121
f 1316/1316 1319/1319 1318/1318
f 1334/1334 1335/1335 1336/1336
f 1120/1120 1334/1334 1336/1336
f 1332/1332 1333/1333 1335/1335
f 1335/1335 1334/1334 1332/1332
f 1334/1334 1120/1120 1117/1117
f 1334/1334 1117/1117 1118/1118
f 1118/1118 1332/1332 1334/1334
f 1333/1333 1332/1332 1330/1330
f 1330/1330 1331/1331 1333/1333
f 1332/1332 1118/1118 1322/1322
f 1322/1322 1330/1330 1332/1332
f 1312/1312 1313/1313 1310/1310
f 1313/1313 1136/1136 1310/1310
f 1310/1310 1309/1309 1312/1312
f 1305/1305 1308/1308 1311/1311
f 1305/1305 1311/1311 1309/1309
f 1329/1329 1325/1325 1327/1327
f 1328/1328 1324/1324 1325/1325
f 1327/1327 1323/1323 1326/1326
f 1323/1323 1327/1327 1325/1325
f 1326/1326 1323/1323 1319/1319
f 1321/1321 1325/1325 1324/1324
f 1321/1321 1323/1323 1325/1325
f 1322/1322 1321/1321 1324/1324
f 1323/1323 1318/1318 1319/1319
f 1318/1318 1323/1323 1321/1321
f 1321/1321 1322/1322 1320/1320
f 1301/1301 1305/1305 1304/1304
f 1303/1303 1300/1300 1304/1304
f 1304/1304 1300/1300 1301/1301
f 1300/1300 1303/1303 1137/1137
f 1297/1297 1302/1302 1301/1301
f 1317/1317 1319/1319 1316/1316
f 1121/1121 1123/1123 1318/1318
f 1123/1123 1316/1316 1318/1318
f 1313/1313 1315/1315 1317/1317
f 1316/1316 1313/1313 1317/1317
f 1123/1123 1136/1136 1316/1316
f 1316/1316 1136/1136 1313/1313
f 1312/1312 1314/1314 1315/1315
f 1315/1315 1313/1313 1312/1312
f 1309/1309 1311/1311 1314/1314
f 1309/1309 1314/1314 1312/1312
f 1294/1294 1296/1296 1293/1293
f 1293/1293 1296/1296 1283/1283
f 1291/1291 1295/1295 1294/1294
f 1291/1291 1292/1292 1295/1295
f 1290/1290 1294/1294 1293/1293
f 1136/1136 1137/1137 1310/1310
f 1303/1303 1309/1309 1310/1310
f 1303/1303 1310/1310 1137/1137
f 1303/1303 1305/1305 1309/1309
f 1308/1308 1306/1306 1307/1307
f 1306/1306 1308/1308 1305/1305
f 1298/1298 1307/1307 1302/1302
f 1306/1306 1302/1302 1307/1307
f 1305/1305 1301/1301 1306/1306
f 1302/1302 1306/1306 1301/1301
f 1305/1305 1303/1303 1304/1304
f 1282/1282 1280/1280 1288/1288
f 1288/1288 1280/1280 1286/1286
f 1226/1226 1287/1287 1225/1225
f 1226/1226 1283/1283 1287/1287
f 1280/1280 1285/1285 1286/1286
f 1297/1297 1298/1298 1302/1302
f 1299/1299 1301/1301 1300/1300
f 1297/1297 1301/1301 1299/1299
f 1137/1137 1225/1225 1300/1300
f 1287/1287 1300/1300 1225/1225
f 1300/1300 1287/1287 1299/1299
f 1299/1299 1287/1287 1297/1297
f 1298/1298 1297/1297 1296/1296
f 1294/1294 1298/1298 1296/1296
f 1283/1283 1297/1297 1287/1287
f 1297/1297 1283/1283 1296/1296
f 1229/1229 1279/1279 1227/1227
f 1279/1279 1229/1229 1277/1277
f 1278/1278 1275/1275 1272/1272
f 1277/1277 1275/1275 1278/1278
f 1277/1277 1229/1229 1276/1276
f 1294/1294 1290/1290 1291/1291
f 1281/1281 1293/1293 1283/1283
f 1293/1293 1281/1281 1282/1282
f 1282/1282 1290/1290 1293/1293
f 1292/1292 1291/1291 1286/1286
f 1286/1286 1289/1289 1292/1292
f 1291/1291 1290/1290 1288/1288
f 1288/1288 1286/1286 1291/1291
f 1290/1290 1282/1282 1288/1288
f 1285/1285 1272/1272 1289/1289
f 1285/1285 1289/1289 1286/1286
f 1271/1271 1269/1269 1272/1272
f 1268/1268 1272/1272 1269/1269
f 1233/1233 1269/1269 1271/1271
f 1268/1268 1266/1266 1270/1270
f 1269/1269 1233/1233 1238/1238
f 1285/1285 1284/1284 1272/1272
f 1285/1285 1280/1280 1284/1284
f 1278/1278 1272/1272 1284/1284
f 1280/1280 1278/1278 1284/1284
f 1283/1283 1226/1226 1281/1281
f 1280/1280 1282/1282 1277/1277
f 1279/1279 1282/1282 1281/1281
f 1277/1277 1282/1282 1279/1279
f 1226/1226 1227/1227 1281/1281
f 1281/1281 1227/1227 1279/1279
f 1278/1278 1280/1280 1277/1277
f 1260/1260 1262/1262 1264/1264
f 1263/1263 1246/1246 1248/1248
f 1263/1263 1248/1248 1260/1260
f 1262/1262 1258/1258 1261/1261
f 1258/1258 1262/1262 1260/1260
f 1275/1275 1277/1277 1276/1276
f 1229/1229 1231/1231 1276/1276
f 1275/1275 1276/1276 1231/1231
f 1273/1273 1272/1272 1275/1275
f 1275/1275 1231/1231 1273/1273
f 1266/1266 1267/1267 1274/1274
f 1270/1270 1266/1266 1274/1274
f 1231/1231 1233/1233 1273/1273
f 1271/1271 1272/1272 1273/1273
f 1273/1273 1233/1233 1271/1271
f 1268/1268 1270/1270 1272/1272
f 1255/1255 1256/1256 1245/1245
f 1255/1255 1250/1250 1254/1254
f 1245/1245 1250/1250 1255/1255
f 1254/1254 1252/1252 1253/1253
f 1250/1250 1252/1252 1254/1254
f 1238/1238 1268/1268 1269/1269
f 1268/1268 1265/1265 1266/1266
f 1268/1268 1238/1238 1265/1265
f 1266/1266 1264/1264 1267/1267
f 1267/1267 1264/1264 1262/1262
f 1265/1265 1263/1263 1266/1266
f 1266/1266 1263/1263 1264/1264
f 1239/1239 1265/1265 1238/1238
f 1265/1265 1239/1239 1246/1246
f 1265/1265 1246/1246 1263/1263
f 1264/1264 1263/1263 1260/1260
f 1197/1197 1249/1249 1247/1247
f 1248/1248 1243/1243 1244/1244
f 1246/1246 1243/1243 1248/1248
f 1197/1197 1247/1247 1196/1196
f 1201/1201 1196/1196 1247/1247
f 1257/1257 1259/1259 1261/1261
f 1261/1261 1258/1258 1257/1257
f 1260/1260 1248/1248 1258/1258
f 1257/1257 1254/1254 1259/1259
f 1248/1248 1244/1244 1258/1258
f 1256/1256 1257/1257 1258/1258
f 1258/1258 1244/1244 1256/1256
f 1254/1254 1257/1257 1255/1255
f 1256/1256 1255/1255 1257/1257
f 1242/1242 1256/1256 1244/1244
f 1242/1242 1245/1245 1256/1256
f 1204/1204 1241/1241 1209/1209
f 1240/1240 1236/1236 1241/1241
f 1241/1241 1236/1236 1209/1209
f 1236/1236 1240/1240 1237/1237
f 1238/1238 1235/1235 1239/1239
f 1186/1186 1253/1253 1189/1189
f 1252/1252 1251/1251 1253/1253
f 1251/1251 1189/1189 1253/1253
f 1250/1250 1249/1249 1252/1252
f 1249/1249 1251/1251 1252/1252
f 1189/1189 1251/1251 1188/1188
f 1251/1251 1191/1191 1188/1188
f 1251/1251 1249/1249 1191/1191
f 1247/1247 1250/1250 1245/1245
f 1247/1247 1249/1249 1250/1250
f 1197/1197 1191/1191 1249/1249
f 1233/1233 1230/1230 1232/1232
f 1233/1233 1228/1228 1230/1230
f 1220/1220 1232/1232 1230/1230
f 1231/1231 1229/1229 1228/1228
f 1221/1221 1220/1220 1230/1230
f 1201/1201 1247/1247 1245/1245
f 1243/1243 1246/1246 1239/1239
f 1201/1201 1245/1245 1242/1242
f 1244/1244 1243/1243 1240/1240
f 1244/1244 1240/1240 1242/1242
f 1243/1243 1239/1239 1237/1237
f 1243/1243 1237/1237 1240/1240
f 1201/1201 1242/1242 1203/1203
f 1240/1240 1241/1241 1242/1242
f 1242/1242 1241/1241 1203/1203
f 1241/1241 1204/1204 1203/1203
f 1224/1224 1222/1222 1219/1219
f 1223/1223 1135/1135 1138/1138
f 1141/1141 1223/1223 1138/1138
f 1222/1222 1223/1223 1218/1218
f 1223/1223 1141/1141 1218/1218
f 1239/1239 1235/1235 1237/1237
f 1233/1233 1232/1232 1238/1238
f 1238/1238 1232/1232 1235/1235
f 1237/1237 1234/1234 1236/1236
f 1235/1235 1234/1234 1237/1237
f 1215/1215 1209/1209 1236/1236
f 1215/1215 1236/1236 1234/1234
f 1234/1234 1235/1235 1232/1232
f 1234/1234 1220/1220 1215/1215
f 1232/1232 1220/1220 1234/1234
f 1228/1228 1233/1233 1231/1231
f 1213/1213 1214/1214 1216/1216
f 1209/1209 1215/1215 1210/1210
f 1214/1214 1210/1210 1215/1215
f 1213/1213 1211/1211 1214/1214
f 1210/1210 1214/1214 1211/1211
f 1221/1221 1230/1230 1228/1228
f 1228/1228 1229/1229 1224/1224
f 1227/1227 1224/1224 1229/1229
f 1224/1224 1221/1221 1228/1228
f 1227/1227 1226/1226 1222/1222
f 1222/1222 1224/1224 1227/1227
f 1225/1225 1223/1223 1226/1226
f 1223/1223 1222/1222 1226/1226
f 1225/1225 1137/1137 1135/1135
f 1135/1135 1223/1223 1225/1225
f 1219/1219 1221/1221 1224/1224
f 1205/1205 1208/1208 1147/1147
f 1206/1206 1207/1207 1202/1202
f 1202/1202 1207/1207 1205/1205
f 1202/1202 1204/1204 1206/1206
f 1147/1147 1149/1149 1205/1205
f 1219/1219 1222/1222 1218/1218
f 1216/1216 1220/1220 1221/1221
f 1221/1221 1219/1219 1216/1216
f 1214/1214 1215/1215 1220/1220
f 1220/1220 1216/1216 1214/1214
f 1218/1218 1217/1217 1219/1219
f 1216/1216 1219/1219 1217/1217
f 1212/1212 1218/1218 1141/1141
f 1218/1218 1212/1212 1217/1217
f 1217/1217 1213/1213 1216/1216
f 1212/1212 1213/1213 1217/1217
f 1195/1195 1199/1199 1198/1198
f 1150/1150 1198/1198 1151/1151
f 1198/1198 1150/1150 1153/1153
f 1161/1161 1198/1198 1153/1153
f 1198/1198 1161/1161 1195/1195
f 1213/1213 1212/1212 1208/1208
f 1208/1208 1211/1211 1213/1213
f 1143/1143 1212/1212 1141/1141
f 1147/1147 1212/1212 1143/1143
f 1212/1212 1147/1147 1208/1208
f 1207/1207 1210/1210 1211/1211
f 1211/1211 1208/1208 1207/1207
f 1206/1206 1209/1209 1210/1210
f 1210/1210 1207/1207 1206/1206
f 1209/1209 1206/1206 1204/1204
f 1207/1207 1208/1208 1205/1205
f 1162/1162 1165/1165 1192/1192
f 1190/1190 1192/1192 1165/1165
f 1188/1188 1191/1191 1187/1187
f 1165/1165 1167/1167 1190/1190
f 1187/1187 1190/1190 1167/1167
f 1149/1149 1202/1202 1205/1205
f 1199/1199 1203/1203 1204/1204
f 1204/1204 1202/1202 1199/1199
f 1200/1200 1201/1201 1203/1203
f 1203/1203 1199/1199 1200/1200
f 1202/1202 1149/1149 1151/1151
f 1151/1151 1199/1199 1202/1202
f 1201/1201 1200/1200 1196/1196
f 1199/1199 1195/1195 1200/1200
f 1195/1195 1196/1196 1200/1200
f 1199/1199 1151/1151 1198/1198
f 1184/1184 1181/1181 1179/1179
f 1180/1180 1183/1183 1168/1168
f 1179/1179 1178/1178 1182/1182
f 1181/1181 1180/1180 1174/1174
f 1181/1181 1174/1174 1179/1179
f 1196/1196 1193/1193 1197/1197
f 1191/1191 1197/1197 1193/1193
f 1196/1196 1195/1195 1194/1194
f 1196/1196 1194/1194 1193/1193
f 1195/1195 1192/1192 1194/1194
f 1192/1192 1195/1195 1161/1161
f 1194/1194 1190/1190 1193/1193
f 1194/1194 1192/1192 1190/1190
f 1193/1193 1187/1187 1191/1191
f 1187/1187 1193/1193 1190/1190
f 1192/1192 1161/1161 1162/1162
f 1009/1009 1175/1175 1173/1173
f 1170/1170 1172/1172 1174/1174
f 1009/1009 1173/1173 1011/1011
f 1173/1173 1172/1172 1171/1171
f 1171/1171 1011/1011 1173/1173
f 1185/1185 1186/1186 1189/1189
f 1189/1189 1188/1188 1185/1185
f 1188/1188 1187/1187 1183/1183
f 1185/1185 1188/1188 1183/1183
f 1168/1168 1187/1187 1167/1167
f 1187/1187 1168/1168 1183/1183
f 1186/1186 1185/1185 1181/1181
f 1181/1181 1184/1184 1186/1186
f 1183/1183 1180/1180 1185/1185
f 1180/1180 1181/1181 1185/1185
f 1182/1182 1184/1184 1179/1179
f 1163/1163 1164/1164 1167/1167
f 1166/1166 1023/1023 1015/1015
f 1166/1166 1164/1164 1023/1023
f 1162/1162 1163/1163 1165/1165
f 1023/1023 1164/1164 1028/1028
f 1168/1168 1170/1170 1180/1180
f 1174/1174 1180/1180 1170/1170
f 1176/1176 1178/1178 1179/1179
f 1174/1174 1176/1176 1179/1179
f 1177/1177 1178/1178 1175/1175
f 1176/1176 1175/1175 1178/1178
f 1175/1175 1007/1007 1177/1177
f 1176/1176 1174/1174 1172/1172
f 1173/1173 1175/1175 1176/1176
f 1172/1172 1173/1173 1176/1176
f 1009/1009 1007/1007 1175/1175
f 1158/1158 1155/1155 1156/1156
f 1158/1158 1157/1157 1029/1029
f 1158/1158 1156/1156 1157/1157
f 1027/1027 1029/1029 1157/1157
f 1031/1031 1027/1027 1157/1157
f 1169/1169 1172/1172 1170/1170
f 1172/1172 1169/1169 1171/1171
f 1011/1011 1171/1171 1013/1013
f 1169/1169 1013/1013 1171/1171
f 1166/1166 1169/1169 1170/1170
f 1170/1170 1168/1168 1166/1166
f 1013/1013 1169/1169 1015/1015
f 1166/1166 1015/1015 1169/1169
f 1164/1164 1168/1168 1167/1167
f 1168/1168 1164/1164 1166/1166
f 1165/1165 1163/1163 1167/1167
f 1058/1058 1152/1152 1148/1148
f 1151/1151 1146/1146 1150/1150
f 1146/1146 1151/1151 1149/1149
f 1148/1148 1150/1150 1145/1145
f 1150/1150 1146/1146 1145/1145
f 1163/1163 1028/1028 1164/1164
f 1163/1163 1162/1162 1159/1159
f 1159/1159 1028/1028 1163/1163
f 1160/1160 1162/1162 1161/1161
f 1160/1160 1159/1159 1162/1162
f 1161/1161 1153/1153 1160/1160
f 1028/1028 1159/1159 1029/1029
f 1155/1155 1160/1160 1153/1153
f 1159/1159 1160/1160 1158/1158
f 1155/1155 1158/1158 1160/1160
f 1158/1158 1029/1029 1159/1159
f 1140/1140 1142/1142 1144/1144
f 1143/1143 1141/1141 1139/1139
f 1143/1143 1139/1139 1140/1140
f 1090/1090 1088/1088 1142/1142
f 1142/1142 1140/1140 1090/1090
f 1157/1157 1156/1156 1154/1154
f 1154/1154 1031/1031 1157/1157
f 1152/1152 1156/1156 1155/1155
f 1156/1156 1152/1152 1154/1154
f 1148/1148 1155/1155 1153/1153
f 1152/1152 1155/1155 1148/1148
f 1045/1045 1031/1031 1154/1154
f 1154/1154 1051/1051 1045/1045
f 1051/1051 1154/1154 1152/1152
f 1150/1150 1148/1148 1153/1153
f 1152/1152 1058/1058 1051/1051
f 1133/1133 1135/1135 1130/1130
f 1134/1134 1125/1125 1127/1127
f 1127/1127 1130/1130 1134/1134
f 1131/1131 1133/1133 1132/1132
f 1132/1132 1133/1133 1130/1130
f 1144/1144 1146/1146 1149/1149
f 1149/1149 1147/1147 1144/1144
f 1058/1058 1148/1148 1145/1145
f 1144/1144 1147/1147 1143/1143
f 1142/1142 1145/1145 1146/1146
f 1146/1146 1144/1144 1142/1142
f 1058/1058 1145/1145 1054/1054
f 1057/1057 1054/1054 1145/1145
f 1145/1145 1088/1088 1057/1057
f 1145/1145 1142/1142 1088/1088
f 1143/1143 1140/1140 1144/1144
f 1128/1128 1124/1124 1126/1126
f 1122/1122 1127/1127 1125/1125
f 1127/1127 1122/1122 1124/1124
f 1083/1083 1126/1126 1085/1085
f 1085/1085 1126/1126 1124/1124
f 1139/1139 1141/1141 1138/1138
f 1131/1131 1090/1090 1140/1140
f 1140/1140 1139/1139 1131/1131
f 1139/1139 1138/1138 1133/1133
f 1131/1131 1139/1139 1133/1133
f 1133/1133 1138/1138 1135/1135
f 1137/1137 1136/1136 1134/1134
f 1134/1134 1135/1135 1137/1137
f 1136/1136 1123/1123 1125/1125
f 1125/1125 1134/1134 1136/1136
f 1135/1135 1134/1134 1130/1130
f 1119/1119 1116/1116 1115/1115
f 1118/1118 1117/1117 1114/1114
f 1114/1114 1116/1116 1118/1118
f 1117/1117 1110/1110 1111/1111
f 1111/1111 1114/1114 1117/1117
f 1090/1090 1131/1131 1084/1084
f 1132/1132 1130/1130 1128/1128
f 1129/1129 1131/1131 1132/1132
f 1128/1128 1129/1129 1132/1132
f 1131/1131 1082/1082 1084/1084
f 1082/1082 1131/1131 1129/1129
f 1130/1130 1127/1127 1128/1128
f 1082/1082 1129/1129 1083/1083
f 1129/1129 1128/1128 1126/1126
f 1083/1083 1129/1129 1126/1126
f 1124/1124 1128/1128 1127/1127
f 1111/1111 1107/1107 1108/1108
f 1110/1110 1109/1109 1106/1106
f 1107/1107 1110/1110 1106/1106
f 218/218 1109/1109 222/222
f 218/218 1106/1106 1109/1109
f 1119/1119 1125/1125 1123/1123
f 1125/1125 1119/1119 1122/1122
f 1085/1085 1124/1124 1094/1094
f 1124/1124 1097/1097 1094/1094
f 1097/1097 1124/1124 1122/1122
f 1123/1123 1121/1121 1119/1119
f 1122/1122 1115/1115 1097/1097
f 1115/1115 1122/1122 1119/1119
f 1121/1121 1118/1118 1116/1116
f 1116/1116 1119/1119 1121/1121
f 1120/1120 1110/1110 1117/1117
f 212/212 209/209 1103/1103
f 1101/1101 1102/1102 1103/1103
f 209/209 1101/1101 1103/1103
f 1098/1098 1100/1100 1102/1102
f 1098/1098 1102/1102 1101/1101
f 1113/1113 1115/1115 1116/1116
f 1116/1116 1114/1114 1113/1113
f 1099/1099 1097/1097 1115/1115
f 1115/1115 1113/1113 1099/1099
f 1113/1113 1114/1114 1112/1112
f 1114/1114 1111/1111 1112/1112
f 1099/1099 1113/1113 1100/1100
f 1112/1112 1100/1100 1113/1113
f 1108/1108 1112/1112 1111/1111
f 1100/1100 1112/1112 1108/1108
f 1110/1110 1107/1107 1111/1111
f 1095/1095 1096/1096 1093/1093
f 1093/1093 1096/1096 199/199
f 1094/1094 1095/1095 1092/1092
f 1093/1093 1092/1092 1095/1095
f 1094/1094 1087/1087 1085/1085
f 1108/1108 1102/1102 1100/1100
f 1108/1108 1107/1107 1105/1105
f 1102/1102 1108/1108 1105/1105
f 1104/1104 1107/1107 1106/1106
f 1107/1107 1104/1104 1105/1105
f 1106/1106 218/218 215/215
f 1104/1104 1106/1106 215/215
f 1102/1102 1105/1105 1104/1104
f 215/215 212/212 1104/1104
f 1104/1104 1103/1103 1102/1102
f 1103/1103 1104/1104 212/212
f 1089/1089 189/189 1078/1078
f 1078/1078 1087/1087 1089/1089
f 1088/1088 1086/1086 1057/1057
f 1087/1087 1078/1078 1081/1081
f 1081/1081 1085/1085 1087/1087
f 1101/1101 209/209 208/208
f 205/205 1101/1101 208/208
f 1101/1101 205/205 1098/1098
f 1096/1096 1099/1099 1100/1100
f 1096/1096 1100/1100 1098/1098
f 1097/1097 1099/1099 1095/1095
f 1096/1096 1095/1095 1099/1099
f 202/202 1098/1098 205/205
f 1096/1096 1098/1098 202/202
f 1095/1095 1094/1094 1097/1097
f 199/199 1096/1096 202/202
f 1071/1071 1072/1072 1080/1080
f 1076/1076 1080/1080 1079/1079
f 1080/1080 1076/1076 1071/1071
f 1079/1079 1078/1078 1077/1077
f 1077/1077 1076/1076 1079/1079
f 1087/1087 1094/1094 1092/1092
f 196/196 1093/1093 199/199
f 1092/1092 1093/1093 1091/1091
f 196/196 1091/1091 1093/1093
f 1089/1089 1087/1087 1092/1092
f 1089/1089 1092/1092 1091/1091
f 192/192 1091/1091 196/196
f 192/192 1089/1089 1091/1091
f 1084/1084 1086/1086 1090/1090
f 1088/1088 1090/1090 1086/1086
f 189/189 1089/1089 192/192
f 178/178 1070/1070 1074/1074
f 1061/1061 1073/1073 1065/1065
f 1072/1072 1065/1065 1073/1073
f 1070/1070 178/178 179/179
f 1072/1072 1071/1071 1068/1068
f 1086/1086 1061/1061 1057/1057
f 1073/1073 1061/1061 1086/1086
f 1086/1086 1084/1084 1073/1073
f 1085/1085 1081/1081 1083/1083
f 1082/1082 1073/1073 1084/1084
f 1079/1079 1083/1083 1081/1081
f 1080/1080 1082/1082 1083/1083
f 1083/1083 1079/1079 1080/1080
f 1073/1073 1082/1082 1072/1072
f 1082/1082 1080/1080 1072/1072
f 1078/1078 1079/1079 1081/1081
f 1062/1062 1064/1064 1063/1063
f 1060/1060 1062/1062 1063/1063
f 1062/1062 1060/1060 1059/1059
f 1055/1055 1057/1057 1061/1061
f 1061/1061 1059/1059 1055/1055
f 184/184 1078/1078 189/189
f 1078/1078 184/184 1077/1077
f 1076/1076 1077/1077 1075/1075
f 184/184 1075/1075 1077/1077
f 1069/1069 1071/1071 1076/1076
f 1074/1074 1076/1076 1075/1075
f 1076/1076 1074/1074 1069/1069
f 1075/1075 184/184 183/183
f 178/178 1075/1075 183/183
f 178/178 1074/1074 1075/1075
f 1070/1070 1069/1069 1074/1074
f 1048/1048 1052/1052 1049/1049
f 1051/1051 1050/1050 1046/1046
f 1051/1051 1046/1046 1045/1045
f 1050/1050 1048/1048 1047/1047
f 1047/1047 1046/1046 1050/1050
f 1065/1065 1072/1072 1068/1068
f 1071/1071 1069/1069 1066/1066
f 1068/1068 1071/1071 1066/1066
f 1069/1069 1070/1070 1067/1067
f 1067/1067 1066/1066 1069/1069
f 1068/1068 1066/1066 1062/1062
f 1062/1062 1065/1065 1068/1068
f 1066/1066 1067/1067 1064/1064
f 1064/1064 1062/1062 1066/1066
f 1065/1065 1062/1062 1059/1059
f 1059/1059 1061/1061 1065/1065
f 1040/1040 1039/1039 1042/1042
f 1033/1033 1042/1042 1039/1039
f 1040/1040 1041/1041 1038/1038
f 1039/1039 1040/1040 1037/1037
f 1038/1038 1037/1037 1040/1040
f 1056/1056 1059/1059 1060/1060
f 1059/1059 1056/1056 1055/1055
f 1050/1050 1051/1051 1058/1058
f 1054/1054 1050/1050 1058/1058
f 1057/1057 1055/1055 1052/1052
f 1052/1052 1054/1054 1057/1057
f 1056/1056 1053/1053 1055/1055
f 1055/1055 1053/1053 1052/1052
f 1054/1054 1052/1052 1048/1048
f 1048/1048 1050/1050 1054/1054
f 1053/1053 1049/1049 1052/1052
f 1026/1026 1033/1033 1030/1030
f 1032/1032 136/136 133/133
f 1032/1032 133/133 1030/1030
f 1026/1026 1027/1027 1031/1031
f 128/128 1030/1030 133/133
f 1049/1049 1044/1044 1048/1048
f 1047/1047 1048/1048 1044/1044
f 1046/1046 1047/1047 1043/1043
f 1044/1044 1043/1043 1047/1047
f 1046/1046 1042/1042 1045/1045
f 1043/1043 1042/1042 1046/1046
f 1031/1031 1045/1045 1033/1033
f 1042/1042 1033/1033 1045/1045
f 1043/1043 1044/1044 1041/1041
f 1042/1042 1043/1043 1040/1040
f 1041/1041 1040/1040 1043/1043
f 1024/1024 125/125 121/121
f 121/121 1021/1021 1024/1024
f 1017/1017 1015/1015 1023/1023
f 1023/1023 1022/1022 1020/1020
f 1023/1023 1020/1020 1017/1017
f 1039/1039 1030/1030 1033/1033
f 1032/1032 1039/1039 1037/1037
f 1030/1030 1039/1039 1032/1032
f 1037/1037 1038/1038 1036/1036
f 1032/1032 1037/1037 1035/1035
f 1036/1036 1035/1035 1037/1037
f 1035/1035 1036/1036 1034/1034
f 136/136 1032/1032 1035/1035
f 1034/1034 136/136 1035/1035
f 136/136 1034/1034 139/139
f 1033/1033 1026/1026 1031/1031
f 1017/1017 1012/1012 1015/1015
f 1012/1012 1017/1017 1014/1014
f 111/111 1016/1016 114/114
f 111/111 1014/1014 1016/1016
f 1012/1012 1013/1013 1015/1015
f 128/128 1026/1026 1030/1030
f 1025/1025 1028/1028 1029/1029
f 1029/1029 1027/1027 1025/1025
f 1022/1022 1023/1023 1028/1028
f 1028/1028 1025/1025 1022/1022
f 1027/1027 1026/1026 1024/1024
f 1024/1024 1025/1025 1027/1027
f 1026/1026 128/128 125/125
f 125/125 1024/1024 1026/1026
f 1025/1025 1024/1024 1021/1021
f 1021/1021 1022/1022 1025/1025
f 1008/1008 1006/1006 1009/1009
f 1004/1004 1009/1009 1006/1006
f 1008/1008 102/102 99/99
f 1008/1008 99/99 1006/1006
f 1007/1007 1004/1004 1005/1005
f 1022/1022 1021/1021 1019/1019
f 1022/1022 1019/1019 1020/1020
f 1021/1021 121/121 118/118
f 118/118 1019/1019 1021/1021
f 1020/1020 1019/1019 1018/1018
f 1017/1017 1020/1020 1018/1018
f 1019/1019 118/118 114/114
f 1018/1018 1019/1019 1016/1016
f 1019/1019 114/114 1016/1016
f 1014/1014 1017/1017 1018/1018
f 1014/1014 1018/1018 1016/1016
f 1000/1000 1001/1001 998/998
f 1001/1001 88/88 998/998
f 997/997 1000/1000 999/999
f 998/998 999/999 1000/1000
f 86/86 998/998 88/88
f 1014/1014 111/111 108/108
f 108/108 1012/1012 1014/1014
f 1013/1013 1012/1012 1010/1010
f 1010/1010 1011/1011 1013/1013
f 1012/1012 108/108 105/105
f 1012/1012 105/105 1010/1010
f 1011/1011 1010/1010 1008/1008
f 1011/1011 1008/1008 1009/1009
f 105/105 102/102 1010/1010
f 102/102 1008/1008 1010/1010
f 1009/1009 1004/1004 1007/1007
f 77/77 992/992 994/994
f 992/992 990/990 993/993
f 990/990 991/991 993/993
f 992/992 77/77 73/73
f 992/992 73/73 990/990
f 99/99 96/96 1006/1006
f 1006/1006 96/96 1004/1004
f 1005/1005 1001/1001 1003/1003
f 1005/1005 1004/1004 1002/1002
f 1005/1005 1002/1002 1001/1001
f 96/96 93/93 1004/1004
f 1004/1004 93/93 1002/1002
f 1001/1001 1000/1000 1003/1003
f 93/93 92/92 1002/1002
f 88/88 1002/1002 92/92
f 1002/1002 88/88 1001/1001
f 986/986 985/985 987/987
f 986/986 883/883 884/884
f 884/884 886/886 986/986
f 985/985 986/986 984/984
f 984/984 986/986 886/886
f 999/999 994/994 997/997
f 999/999 998/998 996/996
f 999/999 996/996 994/994
f 998/998 86/86 83/83
f 998/998 83/83 996/996
f 994/994 995/995 997/997
f 996/996 83/83 80/80
f 80/80 994/994 996/996
f 992/992 995/995 994/994
f 995/995 992/992 993/993
f 994/994 80/80 77/77
f 974/974 980/980 977/977
f 899/899 979/979 897/897
f 977/977 979/979 899/899
f 974/974 975/975 978/978
f 907/907 977/977 899/899
f 991/991 985/985 988/988
f 991/991 990/990 987/987
f 985/985 991/991 987/987
f 990/990 73/73 989/989
f 987/987 990/990 989/989
f 989/989 73/73 72/72
f 989/989 72/72 46/46
f 989/989 46/46 883/883
f 987/987 989/989 883/883
f 983/983 988/988 985/985
f 987/987 883/883 986/986
f 908/908 912/912 971/971
f 969/969 971/971 912/912
f 968/968 970/970 966/966
f 970/970 969/969 967/967
f 967/967 966/966 970/970
f 985/985 982/982 983/983
f 982/982 985/985 984/984
f 896/896 984/984 886/886
f 984/984 896/896 982/982
f 979/979 983/983 982/982
f 983/983 979/979 981/981
f 897/897 982/982 896/896
f 982/982 897/897 979/979
f 981/981 977/977 980/980
f 977/977 981/981 979/979
f 978/978 980/980 974/974
f 964/964 961/961 959/959
f 962/962 963/963 958/958
f 963/963 959/959 958/958
f 962/962 957/957 960/960
f 957/957 962/962 958/958
f 977/977 907/907 974/974
f 976/976 975/975 972/972
f 976/976 972/972 973/973
f 975/975 974/974 971/971
f 971/971 972/972 975/975
f 908/908 974/974 907/907
f 974/974 908/908 971/971
f 973/973 972/972 970/970
f 973/973 970/970 968/968
f 972/972 971/971 969/969
f 969/969 970/970 972/972
f 955/955 954/954 944/944
f 944/944 953/953 955/955
f 934/934 944/944 954/954
f 952/952 953/953 951/951
f 953/953 944/944 951/951
f 919/919 969/969 912/912
f 969/969 919/919 967/967
f 968/968 966/966 964/964
f 923/923 967/967 919/919
f 966/966 967/967 965/965
f 965/965 967/967 923/923
f 966/966 961/961 964/964
f 961/961 966/966 965/965
f 923/923 928/928 965/965
f 961/961 965/965 928/928
f 963/963 964/964 959/959
f 942/942 943/943 945/945
f 934/934 938/938 944/944
f 941/941 944/944 938/938
f 943/943 942/942 940/940
f 942/942 941/941 939/939
f 935/935 961/961 928/928
f 959/959 961/961 935/935
f 957/957 955/955 960/960
f 935/935 958/958 959/959
f 957/957 958/958 956/956
f 958/958 935/935 956/956
f 954/954 955/955 957/957
f 956/956 954/954 957/957
f 935/935 931/931 956/956
f 934/934 956/956 931/931
f 956/956 934/934 954/954
f 929/929 932/932 934/934
f 934/934 931/931 929/929
f 933/933 932/932 930/930
f 929/929 930/930 932/932
f 931/931 924/924 929/929
f 951/951 947/947 952/952
f 947/947 950/950 952/952
f 944/944 941/941 951/951
f 947/947 951/951 941/941
f 950/950 945/945 948/948
f 942/942 950/950 947/947
f 950/950 942/942 945/945
f 946/946 949/949 948/948
f 948/948 945/945 946/946
f 941/941 942/942 947/947
f 946/946 945/945 943/943
f 919/919 918/918 923/923
f 922/922 920/920 921/921
f 920/920 917/917 921/921
f 920/920 918/918 916/916
f 917/917 920/920 916/916
f 939/939 940/940 942/942
f 936/936 939/939 941/941
f 936/936 941/941 938/938
f 940/940 939/939 937/937
f 936/936 937/937 939/939
f 932/932 938/938 934/934
f 932/932 936/936 938/938
f 937/937 936/936 933/933
f 932/932 933/933 936/936
f 928/928 927/927 935/935
f 931/931 935/935 927/927
f 912/912 908/908 906/906
f 912/912 906/906 909/909
f 910/910 905/905 911/911
f 909/909 904/904 910/910
f 905/905 910/910 904/904
f 924/924 931/931 927/927
f 930/930 929/929 925/925
f 929/929 924/924 925/925
f 927/927 928/928 926/926
f 928/928 923/923 926/926
f 924/924 927/927 920/920
f 927/927 926/926 920/920
f 923/923 918/918 926/926
f 918/918 920/920 926/926
f 922/922 925/925 924/924
f 920/920 922/922 924/924
f 901/901 894/894 902/902
f 894/894 901/901 900/900
f 893/893 900/900 898/898
f 893/893 894/894 900/900
f 895/895 898/898 899/899
f 919/919 912/912 909/909
f 918/918 919/919 915/915
f 919/919 909/909 915/915
f 918/918 913/913 916/916
f 913/913 918/918 915/915
f 916/916 914/914 917/917
f 914/914 916/916 913/913
f 915/915 910/910 913/913
f 915/915 909/909 910/910
f 913/913 911/911 914/914
f 913/913 910/910 911/911
f 887/887 892/892 885/885
f 891/891 890/890 889/889
f 890/890 887/887 889/889
f 888/888 889/889 887/887
f 887/887 878/878 888/888
f 904/904 909/909 906/906
f 903/903 908/908 907/907
f 908/908 903/903 906/906
f 898/898 907/907 899/899
f 907/907 898/898 903/903
f 906/906 901/901 904/904
f 901/901 906/906 903/903
f 904/904 902/902 905/905
f 902/902 904/904 901/901
f 903/903 900/900 901/901
f 900/900 903/903 898/898
f 881/881 46/46 43/43
f 43/43 879/879 881/881
f 880/880 877/877 878/878
f 879/879 43/43 40/40
f 40/40 877/877 879/879
f 899/899 897/897 895/895
f 895/895 893/893 898/898
f 897/897 896/896 892/892
f 897/897 892/892 895/895
f 885/885 896/896 886/886
f 896/896 885/885 892/892
f 895/895 890/890 893/893
f 892/892 890/890 895/895
f 894/894 893/893 891/891
f 890/890 891/891 893/893
f 892/892 887/887 890/890
f 486/486 412/412 874/874
f 874/874 412/412 407/407
f 407/407 405/405 874/874
f 866/866 874/874 405/405
f 873/873 874/874 872/872
f 885/885 880/880 887/887
f 878/878 887/887 880/880
f 886/886 882/882 885/885
f 882/882 886/886 884/884
f 880/880 885/885 882/882
f 881/881 884/884 883/883
f 881/881 882/882 884/884
f 46/46 881/881 883/883
f 882/882 877/877 880/880
f 882/882 881/881 879/879
f 877/877 882/882 879/879
f 870/870 864/864 868/868
f 830/830 869/869 827/827
f 829/829 827/827 869/869
f 869/869 868/868 867/867
f 829/829 869/869 867/867
f 878/878 877/877 876/876
f 877/877 40/40 36/36
f 36/36 876/876 877/877
f 876/876 36/36 38/38
f 508/508 488/488 875/875
f 488/488 485/485 875/875
f 508/508 875/875 832/832
f 486/486 875/875 485/485
f 875/875 873/873 832/832
f 875/875 486/486 873/873
f 874/874 873/873 486/486
f 864/864 861/861 862/862
f 863/863 403/403 401/401
f 863/863 401/401 861/861
f 857/857 862/862 858/858
f 862/862 861/861 860/860
f 874/874 866/866 872/872
f 873/873 830/830 832/832
f 871/871 873/873 872/872
f 873/873 871/871 830/830
f 872/872 870/870 871/871
f 870/870 872/872 866/866
f 869/869 830/830 871/871
f 870/870 868/868 871/871
f 869/869 871/871 868/868
f 866/866 863/863 870/870
f 864/864 870/870 863/863
f 855/855 846/846 857/857
f 368/368 362/362 856/856
f 361/361 856/856 362/362
f 856/856 361/361 850/850
f 856/856 853/853 855/855
f 868/868 864/864 865/865
f 867/867 868/868 865/865
f 838/838 829/829 867/867
f 865/865 838/838 867/867
f 866/866 405/405 403/403
f 863/863 866/866 403/403
f 838/838 865/865 844/844
f 844/844 865/865 857/857
f 865/865 864/864 862/862
f 865/865 862/862 857/857
f 864/864 863/863 861/861
f 851/851 845/845 852/852
f 850/850 849/849 851/851
f 851/851 849/849 845/845
f 361/361 794/794 850/850
f 850/850 848/848 849/849
f 862/862 860/860 858/858
f 400/400 861/861 401/401
f 861/861 859/859 860/860
f 861/861 400/400 859/859
f 859/859 856/856 860/860
f 856/856 858/858 860/860
f 368/368 859/859 400/400
f 856/856 859/859 368/368
f 855/855 857/857 858/858
f 858/858 856/856 855/855
f 844/844 857/857 846/846
f 839/839 844/844 841/841
f 843/843 799/799 801/801
f 843/843 801/801 803/803
f 842/842 843/843 803/803
f 841/841 842/842 840/840
f 856/856 850/850 853/853
f 855/855 854/854 846/846
f 854/854 855/855 853/853
f 846/846 854/854 841/841
f 842/842 841/841 854/854
f 853/853 852/852 854/854
f 854/854 852/852 842/842
f 853/853 851/851 852/852
f 850/850 851/851 853/853
f 852/852 843/843 842/842
f 843/843 852/852 845/845
f 837/837 811/811 836/836
f 835/835 836/836 834/834
f 836/836 811/811 834/834
f 829/829 835/835 828/828
f 831/831 835/835 834/834
f 848/848 850/850 794/794
f 849/849 847/847 845/845
f 847/847 849/849 848/848
f 794/794 796/796 848/848
f 796/796 847/847 848/848
f 847/847 796/796 795/795
f 847/847 795/795 799/799
f 799/799 845/845 847/847
f 841/841 844/844 846/846
f 845/845 799/799 843/843
f 844/844 839/839 838/838
f 830/830 827/827 823/823
f 826/826 829/829 828/828
f 827/827 829/829 826/826
f 824/824 828/828 822/822
f 828/828 824/824 826/826
f 842/842 803/803 840/840
f 841/841 840/840 839/839
f 803/803 805/805 840/840
f 839/839 840/840 837/837
f 840/840 805/805 837/837
f 838/838 839/839 836/836
f 839/839 837/837 836/836
f 835/835 829/829 838/838
f 836/836 835/835 838/838
f 805/805 806/806 837/837
f 811/811 837/837 806/806
f 819/819 821/821 820/820
f 510/510 821/821 819/819
f 818/818 820/820 816/816
f 819/819 820/820 818/818
f 510/510 819/819 514/514
f 835/835 831/831 828/828
f 811/811 812/812 834/834
f 831/831 834/834 833/833
f 834/834 812/812 833/833
f 833/833 812/812 813/813
f 833/833 813/813 816/816
f 816/816 822/822 833/833
f 831/831 833/833 822/822
f 832/832 823/823 508/508
f 823/823 832/832 830/830
f 831/831 822/822 828/828
f 813/813 809/809 814/814
f 599/599 814/814 809/809
f 812/812 810/810 813/813
f 809/809 813/813 810/810
f 812/812 811/811 808/808
f 826/826 825/825 827/827
f 827/827 825/825 823/823
f 825/825 826/826 824/824
f 821/821 823/823 825/825
f 824/824 821/821 825/825
f 822/822 820/820 824/824
f 821/821 824/824 820/820
f 507/507 508/508 823/823
f 507/507 823/823 821/821
f 820/820 822/822 816/816
f 510/510 507/507 821/821
f 804/804 806/806 802/802
f 803/803 800/800 805/805
f 800/800 802/802 805/805
f 602/602 804/804 604/604
f 802/802 604/604 804/804
f 819/819 818/818 817/817
f 817/817 514/514 819/819
f 818/818 816/816 814/814
f 815/815 817/817 818/818
f 818/818 814/814 815/815
f 514/514 817/817 515/515
f 817/817 520/520 515/515
f 817/817 815/815 520/520
f 814/814 816/816 813/813
f 599/599 520/520 815/815
f 814/814 599/599 815/815
f 779/779 798/798 797/797
f 792/792 797/797 795/795
f 797/797 792/792 779/779
f 793/793 795/795 796/796
f 794/794 793/793 796/796
f 808/808 810/810 812/812
f 811/811 806/806 808/808
f 807/807 809/809 810/810
f 810/810 808/808 807/807
f 809/809 600/600 599/599
f 809/809 807/807 600/600
f 808/808 804/804 807/807
f 806/806 804/804 808/808
f 602/602 600/600 807/807
f 804/804 602/602 807/807
f 806/806 805/805 802/802
f 790/790 787/787 350/350
f 790/790 340/340 789/789
f 789/789 787/787 790/790
f 268/268 789/789 340/340
f 267/267 789/789 268/268
f 800/800 803/803 801/801
f 612/612 604/604 802/802
f 802/802 800/800 612/612
f 799/799 797/797 801/801
f 798/798 800/800 801/801
f 798/798 801/801 797/797
f 722/722 612/612 800/800
f 800/800 798/798 722/722
f 799/799 795/795 797/797
f 768/768 722/722 798/798
f 798/798 779/779 768/768
f 786/786 758/758 782/782
f 784/784 785/785 783/783
f 785/785 782/782 783/783
f 351/351 350/350 784/784
f 783/783 351/351 784/784
f 795/795 793/793 792/792
f 794/794 361/361 354/354
f 354/354 352/352 794/794
f 794/794 352/352 793/793
f 793/793 791/791 792/792
f 352/352 791/791 793/793
f 792/792 776/776 779/779
f 776/776 792/792 791/791
f 777/777 776/776 791/791
f 352/352 777/777 791/791
f 350/350 340/340 790/790
f 778/778 780/780 773/773
f 779/779 771/771 768/768
f 771/771 779/779 776/776
f 773/773 775/775 778/778
f 776/776 777/777 772/772
f 267/267 756/756 789/789
f 787/787 789/789 788/788
f 756/756 788/788 789/789
f 788/788 786/786 787/787
f 756/756 786/786 788/788
f 784/784 350/350 787/787
f 787/787 786/786 785/785
f 785/785 784/784 787/787
f 786/786 756/756 755/755
f 786/786 755/755 758/758
f 782/782 785/785 786/786
f 764/764 763/763 770/770
f 769/769 770/770 765/765
f 763/763 765/765 770/770
f 767/767 769/769 765/765
f 722/722 768/768 720/720
f 352/352 351/351 781/781
f 351/351 783/783 781/781
f 783/783 782/782 780/780
f 783/783 780/780 781/781
f 758/758 764/764 782/782
f 782/782 764/764 780/780
f 352/352 781/781 778/778
f 778/778 781/781 780/780
f 352/352 775/775 777/777
f 352/352 778/778 775/775
f 780/780 764/764 773/773
f 759/759 760/760 763/763
f 727/727 719/719 762/762
f 761/761 762/762 760/760
f 762/762 761/761 727/727
f 727/727 761/761 746/746
f 772/772 777/777 775/775
f 772/772 771/771 776/776
f 775/775 773/773 774/774
f 774/774 772/772 775/775
f 773/773 770/770 774/774
f 770/770 772/772 774/774
f 764/764 770/770 773/773
f 771/771 772/772 769/769
f 772/772 770/770 769/769
f 767/767 768/768 771/771
f 769/769 767/767 771/771
f 754/754 755/755 753/753
f 752/752 753/753 755/755
f 753/753 751/751 754/754
f 753/753 752/752 750/750
f 750/750 751/751 753/753
f 766/766 768/768 767/767
f 768/768 766/766 720/720
f 767/767 765/765 762/762
f 762/762 766/766 767/767
f 720/720 766/766 716/716
f 719/719 716/716 766/766
f 719/719 766/766 762/762
f 763/763 762/762 765/765
f 764/764 758/758 759/759
f 763/763 764/764 759/759
f 762/762 763/763 760/760
f 746/746 747/747 743/743
f 745/745 744/744 747/747
f 743/743 747/747 744/744
f 728/728 727/727 746/746
f 743/743 728/728 746/746
f 749/749 761/761 760/760
f 746/746 761/761 749/749
f 760/760 759/759 757/757
f 749/749 760/760 757/757
f 758/758 754/754 759/759
f 754/754 757/757 759/759
f 755/755 754/754 758/758
f 751/751 749/749 757/757
f 751/751 757/757 754/754
f 755/755 756/756 752/752
f 756/756 267/267 752/752
f 728/728 739/739 729/729
f 734/734 739/739 738/738
f 734/734 729/729 739/739
f 737/737 736/736 738/738
f 736/736 734/734 738/738
f 267/267 240/240 752/752
f 750/750 752/752 240/240
f 747/747 749/749 751/751
f 751/751 750/750 748/748
f 747/747 751/751 748/748
f 740/740 750/750 240/240
f 740/740 748/748 750/750
f 749/749 747/747 746/746
f 741/741 748/748 740/740
f 747/747 748/748 745/745
f 748/748 741/741 745/745
f 731/731 733/733 730/730
f 231/231 707/707 732/732
f 730/730 732/732 707/707
f 730/730 726/726 731/731
f 726/726 729/729 731/731
f 744/744 745/745 741/741
f 744/744 742/742 743/743
f 742/742 744/744 741/741
f 739/739 743/743 742/742
f 739/739 728/728 743/743
f 742/742 741/741 738/738
f 738/738 739/739 742/742
f 740/740 737/737 741/741
f 741/741 737/737 738/738
f 240/240 238/238 740/740
f 238/238 737/737 740/740
f 725/725 723/723 721/721
f 724/724 721/721 717/717
f 709/709 711/711 723/723
f 711/711 721/721 723/723
f 612/612 722/722 718/718
f 238/238 236/236 737/737
f 737/737 735/735 736/736
f 735/735 737/737 236/236
f 734/734 736/736 733/733
f 732/732 736/736 735/735
f 736/736 732/732 733/733
f 236/236 231/231 735/735
f 231/231 732/732 735/735
f 733/733 731/731 734/734
f 729/729 734/734 731/731
f 732/732 730/730 733/733
f 712/712 715/715 713/713
f 615/615 715/715 714/714
f 715/715 712/712 714/714
f 714/714 614/614 615/615
f 714/714 617/617 614/614
f 707/707 709/709 730/730
f 726/726 730/730 709/709
f 725/725 728/728 729/729
f 729/729 726/726 725/725
f 727/727 728/728 724/724
f 728/728 725/725 724/724
f 727/727 717/717 719/719
f 717/717 727/727 724/724
f 723/723 725/725 726/726
f 709/709 723/723 726/726
f 721/721 724/724 725/725
f 706/706 639/639 708/708
f 708/708 705/705 706/706
f 707/707 231/231 704/704
f 704/704 705/705 707/707
f 639/639 706/706 645/645
f 720/720 718/718 722/722
f 721/721 711/711 713/713
f 721/721 713/713 717/717
f 718/718 720/720 716/716
f 717/717 715/715 719/719
f 715/715 716/716 719/719
f 609/609 612/612 718/718
f 718/718 615/615 609/609
f 716/716 615/615 718/718
f 713/713 715/715 717/717
f 715/715 615/615 716/716
f 701/701 228/228 223/223
f 701/701 699/699 700/700
f 699/699 701/701 223/223
f 700/700 691/691 690/690
f 699/699 691/691 700/700
f 617/617 714/714 712/712
f 713/713 710/710 712/712
f 711/711 710/710 713/713
f 712/712 633/633 617/617
f 633/633 712/712 710/710
f 708/708 710/710 711/711
f 711/711 709/709 708/708
f 633/633 710/710 639/639
f 710/710 708/708 639/639
f 705/705 708/708 709/709
f 709/709 707/707 705/705
f 692/692 695/695 693/693
f 695/695 694/694 693/693
f 676/676 693/693 694/694
f 693/693 676/676 675/675
f 693/693 688/688 692/692
f 705/705 702/702 706/706
f 702/702 645/645 706/706
f 705/705 704/704 703/703
f 702/702 705/705 703/703
f 231/231 228/228 704/704
f 704/704 701/701 703/703
f 701/701 704/704 228/228
f 703/703 700/700 702/702
f 700/700 703/703 701/701
f 645/645 702/702 690/690
f 702/702 700/700 690/690
f 643/643 645/645 687/687
f 642/642 643/643 687/687
f 687/687 686/686 683/683
f 642/642 687/687 683/683
f 686/686 685/685 684/684
f 223/223 221/221 699/699
f 691/691 699/699 697/697
f 699/699 221/221 698/698
f 699/699 698/698 697/697
f 221/221 222/222 698/698
f 698/698 222/222 696/696
f 697/697 698/698 695/695
f 698/698 696/696 695/695
f 691/691 697/697 692/692
f 695/695 692/692 697/697
f 695/695 696/696 694/694
f 678/678 681/681 679/679
f 681/681 678/678 680/680
f 680/680 657/657 648/648
f 657/657 680/680 664/664
f 680/680 678/678 664/664
f 688/688 693/693 675/675
f 691/691 692/692 689/689
f 689/689 692/692 688/688
f 690/690 691/691 686/686
f 686/686 691/691 689/689
f 645/645 690/690 687/687
f 690/690 686/686 687/687
f 689/689 688/688 685/685
f 685/685 686/686 689/689
f 675/675 677/677 688/688
f 685/685 688/688 677/677
f 671/671 663/663 673/673
f 671/671 672/672 669/669
f 670/670 669/669 672/672
f 669/669 665/665 671/671
f 663/663 671/671 665/665
f 683/683 686/686 684/684
f 677/677 679/679 685/685
f 679/679 684/684 685/685
f 681/681 683/683 684/684
f 684/684 679/679 681/681
f 682/682 642/642 683/683
f 683/683 681/681 682/682
f 642/642 682/682 641/641
f 641/641 682/682 648/648
f 682/682 681/681 680/680
f 648/648 682/682 680/680
f 663/663 655/655 658/658
f 661/661 659/659 662/662
f 659/659 661/661 660/660
f 656/656 659/659 660/660
f 659/659 656/656 655/655
f 679/679 674/674 678/678
f 679/679 677/677 674/674
f 664/664 678/678 673/673
f 674/674 673/673 678/678
f 672/672 677/677 675/675
f 677/677 672/672 674/674
f 670/670 675/675 676/676
f 675/675 670/670 672/672
f 673/673 674/674 671/671
f 672/672 671/671 674/674
f 663/663 664/664 673/673
f 653/653 569/569 651/651
f 651/651 650/650 652/652
f 569/569 627/627 651/651
f 650/650 651/651 647/647
f 649/649 651/651 627/627
f 669/669 670/670 668/668
f 665/665 669/669 666/666
f 669/669 668/668 666/666
f 667/667 666/666 668/668
f 666/666 667/667 662/662
f 666/666 662/662 665/665
f 665/665 659/659 663/663
f 665/665 662/662 659/659
f 664/664 663/663 658/658
f 658/658 657/657 664/664
f 655/655 663/663 659/659
f 645/645 640/640 639/639
f 645/645 643/643 640/640
f 644/644 636/636 641/641
f 642/642 640/640 643/643
f 641/641 638/638 642/642
f 657/657 658/658 654/654
f 655/655 654/654 658/658
f 650/650 648/648 657/657
f 654/654 650/650 657/657
f 570/570 655/655 656/656
f 655/655 653/653 654/654
f 655/655 570/570 653/653
f 653/653 652/652 654/654
f 650/650 654/654 652/652
f 570/570 569/569 653/653
f 653/653 651/651 652/652
f 631/631 634/634 635/635
f 631/631 635/635 632/632
f 633/633 634/634 630/630
f 631/631 630/630 634/634
f 623/623 617/617 633/633
f 651/651 649/649 647/647
f 648/648 650/650 644/644
f 647/647 644/644 650/650
f 627/627 625/625 649/649
f 625/625 629/629 649/649
f 647/647 649/649 629/629
f 644/644 641/641 648/648
f 629/629 646/646 647/647
f 644/644 647/647 646/646
f 629/629 636/636 646/646
f 636/636 644/644 646/646
f 569/569 571/571 627/627
f 625/625 627/627 571/571
f 622/622 626/626 624/624
f 573/573 625/625 571/571
f 573/573 624/624 625/625
f 640/640 642/642 638/638
f 638/638 641/641 636/636
f 640/640 637/637 639/639
f 638/638 637/637 640/640
f 634/634 633/633 639/639
f 639/639 637/637 634/634
f 637/637 638/638 635/635
f 635/635 638/638 636/636
f 635/635 634/634 637/637
f 632/632 636/636 629/629
f 636/636 632/632 635/635
f 618/618 613/613 617/617
f 618/618 616/616 613/613
f 614/614 617/617 613/613
f 616/616 574/574 576/576
f 580/580 616/616 576/576
f 633/633 630/630 623/623
f 629/629 626/626 632/632
f 632/632 626/626 631/631
f 630/630 631/631 628/628
f 628/628 631/631 626/626
f 628/628 623/623 630/630
f 624/624 629/629 625/625
f 629/629 624/624 626/626
f 623/623 628/628 620/620
f 626/626 622/622 628/628
f 620/620 628/628 622/622
f 611/611 608/608 607/607
f 610/610 581/581 608/608
f 607/607 606/606 609/609
f 608/608 581/581 583/583
f 607/607 608/608 605/605
f 624/624 621/621 622/622
f 624/624 573/573 621/621
f 617/617 623/623 618/618
f 620/620 618/618 623/623
f 621/621 619/619 622/622
f 622/622 619/619 620/620
f 574/574 621/621 573/573
f 619/619 621/621 574/574
f 620/620 619/619 616/616
f 618/618 620/620 616/616
f 574/574 616/616 619/619
f 602/602 601/601 596/596
f 600/600 602/602 596/596
f 601/601 595/595 596/596
f 597/597 599/599 600/600
f 597/597 600/600 596/596
f 580/580 613/613 616/616
f 615/615 614/614 611/611
f 615/615 611/611 609/609
f 614/614 613/613 610/610
f 614/614 610/610 611/611
f 613/613 580/580 610/610
f 604/604 612/612 606/606
f 612/612 609/609 606/606
f 610/610 580/580 581/581
f 609/609 611/611 607/607
f 611/611 610/610 608/608
f 593/593 592/592 594/594
f 519/519 594/594 592/592
f 592/592 593/593 590/590
f 591/591 590/590 593/593
f 526/526 519/519 592/592
f 608/608 583/583 605/605
f 606/606 607/607 603/603
f 605/605 603/603 607/607
f 606/606 601/601 604/604
f 601/601 606/606 603/603
f 605/605 583/583 585/585
f 605/605 585/585 589/589
f 603/603 605/605 589/589
f 604/604 601/601 602/602
f 595/595 603/603 589/589
f 603/603 595/595 601/601
f 587/587 584/584 586/586
f 587/587 585/585 584/584
f 586/586 549/549 544/544
f 549/549 586/586 584/584
f 585/585 582/582 584/584
f 520/520 599/599 598/598
f 599/599 597/597 598/598
f 522/522 520/520 598/598
f 597/597 522/522 598/598
f 597/597 596/596 594/594
f 522/522 597/597 594/594
f 593/593 596/596 595/595
f 596/596 593/593 594/594
f 589/589 591/591 595/595
f 595/595 591/591 593/593
f 594/594 519/519 522/522
f 576/576 575/575 578/578
f 577/577 578/578 575/575
f 552/552 556/556 577/577
f 577/577 555/555 552/552
f 555/555 577/577 575/575
f 592/592 530/530 526/526
f 530/530 592/592 590/590
f 591/591 589/589 587/587
f 590/590 591/591 588/588
f 587/587 588/588 591/591
f 590/590 540/540 530/530
f 540/540 590/590 588/588
f 589/589 585/585 587/587
f 544/544 540/540 588/588
f 588/588 587/587 586/586
f 588/588 586/586 544/544
f 563/563 571/571 566/566
f 569/569 570/570 567/567
f 566/566 569/569 567/567
f 562/562 568/568 563/563
f 567/567 564/564 566/566
f 583/583 582/582 585/585
f 556/556 549/549 584/584
f 584/584 582/582 556/556
f 583/583 579/579 582/582
f 581/581 579/579 583/583
f 579/579 556/556 582/582
f 581/581 580/580 578/578
f 581/581 578/578 579/579
f 580/580 576/576 578/578
f 578/578 577/577 579/579
f 556/556 579/579 577/577
f 557/557 553/553 559/559
f 557/557 558/558 554/554
f 554/554 553/553 557/557
f 548/548 549/549 556/556
f 556/556 552/552 548/548
f 575/575 576/576 565/565
f 574/574 565/565 576/576
f 565/565 555/555 575/575
f 573/573 572/572 574/574
f 565/565 574/574 572/572
f 572/572 573/573 568/568
f 573/573 571/571 568/568
f 565/565 572/572 562/562
f 568/568 562/562 572/572
f 571/571 563/563 568/568
f 571/571 569/569 566/566
f 548/548 541/541 547/547
f 544/544 547/547 539/539
f 541/541 539/539 547/547
f 546/546 543/543 545/545
f 543/543 541/541 545/545
f 564/564 563/563 566/566
f 555/555 565/565 559/559
f 562/562 559/559 565/565
f 563/563 564/564 561/561
f 563/563 560/560 562/562
f 560/560 563/563 561/561
f 557/557 562/562 560/560
f 562/562 557/557 559/559
f 561/561 558/558 560/560
f 558/558 557/557 560/560
f 555/555 559/559 553/553
f 537/537 535/535 534/534
f 534/534 531/531 536/536
f 533/533 536/536 531/531
f 532/532 534/534 535/535
f 534/534 532/532 531/531
f 550/550 555/555 553/553
f 555/555 550/550 552/552
f 553/553 554/554 551/551
f 551/551 550/550 553/553
f 550/550 545/545 552/552
f 545/545 548/548 552/552
f 550/550 551/551 546/546
f 546/546 545/545 550/550
f 549/549 548/548 547/547
f 547/547 544/544 549/549
f 541/541 548/548 545/545
f 519/519 526/526 518/518
f 526/526 521/521 518/518
f 525/525 59/59 524/524
f 521/521 524/524 523/523
f 524/524 59/59 523/523
f 540/540 544/544 539/539
f 541/541 543/543 542/542
f 538/538 541/541 542/542
f 539/539 541/541 537/537
f 541/541 538/538 537/537
f 540/540 533/533 530/530
f 540/540 539/539 536/536
f 533/533 540/540 536/536
f 534/534 539/539 537/537
f 539/539 534/534 536/536
f 535/535 537/537 538/538
f 516/516 513/513 517/517
f 513/513 515/515 517/517
f 65/65 67/67 516/516
f 513/513 516/516 67/67
f 514/514 515/515 512/512
f 533/533 527/527 530/530
f 528/528 533/533 531/531
f 533/533 528/528 527/527
f 529/529 531/531 532/532
f 531/531 529/529 528/528
f 526/526 530/530 527/527
f 525/525 528/528 529/529
f 524/524 527/527 528/528
f 528/528 525/525 524/524
f 521/521 526/526 527/527
f 527/527 524/524 521/521
f 505/505 507/507 510/510
f 501/501 509/509 503/503
f 505/505 509/509 501/501
f 507/507 506/506 508/508
f 488/488 508/508 506/506
f 58/58 523/523 59/59
f 58/58 63/63 523/523
f 63/63 521/521 523/523
f 522/522 519/519 517/517
f 520/520 522/522 517/517
f 521/521 63/63 518/518
f 520/520 517/517 515/515
f 518/518 516/516 519/519
f 519/519 516/516 517/517
f 65/65 518/518 63/63
f 516/516 518/518 65/65
f 499/499 501/501 502/502
f 75/75 499/499 502/502
f 500/500 501/501 498/498
f 501/501 499/499 498/498
f 491/491 500/500 493/493
f 515/515 513/513 512/512
f 514/514 509/509 510/510
f 509/509 514/514 512/512
f 511/511 512/512 513/513
f 67/67 511/511 513/513
f 511/511 503/503 512/512
f 509/509 512/512 503/503
f 511/511 67/67 66/66
f 66/66 69/69 511/511
f 69/69 503/503 511/511
f 505/505 510/510 509/509
f 494/494 496/496 495/495
f 84/84 89/89 495/495
f 495/495 89/89 94/94
f 94/94 494/494 495/495
f 492/492 493/493 494/494
f 505/505 504/504 507/507
f 507/507 504/504 506/506
f 506/506 490/490 488/488
f 490/490 506/506 504/504
f 500/500 504/504 505/505
f 501/501 500/500 505/505
f 504/504 491/491 490/490
f 500/500 491/491 504/504
f 69/69 75/75 503/503
f 502/502 501/501 503/503
f 75/75 502/502 503/503
f 479/479 489/489 475/475
f 489/489 479/479 487/487
f 485/485 488/488 484/484
f 480/480 487/487 479/479
f 487/487 480/480 484/484
f 498/498 493/493 500/500
f 499/499 75/75 78/78
f 497/497 498/498 499/499
f 78/78 497/497 499/499
f 496/496 498/498 497/497
f 493/493 498/498 496/496
f 497/497 78/78 81/81
f 497/497 81/81 84/84
f 496/496 497/497 495/495
f 495/495 497/497 84/84
f 494/494 493/493 496/496
f 414/414 481/481 465/465
f 481/481 478/478 465/465
f 479/479 477/477 480/480
f 480/480 477/477 478/478
f 475/475 474/474 479/479
f 94/94 492/492 494/494
f 493/493 489/489 491/491
f 489/489 493/493 492/492
f 492/492 94/94 97/97
f 100/100 492/492 97/97
f 100/100 475/475 492/492
f 475/475 489/489 492/492
f 491/491 487/487 490/490
f 487/487 491/491 489/489
f 490/490 484/484 488/488
f 484/484 490/490 487/487
f 472/472 471/471 474/474
f 473/473 467/467 464/464
f 467/467 473/473 471/471
f 103/103 472/472 100/100
f 471/471 472/472 470/470
f 485/485 483/483 486/486
f 412/412 486/486 483/483
f 482/482 485/485 484/484
f 483/483 485/485 482/482
f 484/484 480/480 482/482
f 483/483 413/413 412/412
f 482/482 481/481 483/483
f 413/413 483/483 481/481
f 478/478 482/482 480/480
f 481/481 482/482 478/478
f 481/481 414/414 413/413
f 464/464 467/467 463/463
f 467/467 466/466 463/463
f 456/456 466/466 458/458
f 455/455 466/466 456/456
f 455/455 463/463 466/466
f 477/477 479/479 474/474
f 476/476 478/478 477/477
f 476/476 465/465 478/478
f 477/477 473/473 476/476
f 473/473 477/477 474/474
f 462/462 465/465 476/476
f 462/462 476/476 464/464
f 476/476 473/473 464/464
f 474/474 475/475 472/472
f 472/472 475/475 100/100
f 471/471 473/473 474/474
f 461/461 457/457 459/459
f 454/454 460/460 455/455
f 460/460 454/454 457/457
f 429/429 421/421 459/459
f 429/429 459/459 457/457
f 103/103 470/470 472/472
f 468/468 471/471 470/470
f 471/471 468/468 467/467
f 106/106 470/470 103/103
f 470/470 469/469 468/468
f 106/106 469/469 470/470
f 109/109 469/469 106/106
f 109/109 458/458 469/469
f 468/468 469/469 458/458
f 466/466 467/467 468/468
f 466/466 468/468 458/458
f 454/454 451/451 431/431
f 130/130 453/453 123/123
f 449/449 452/452 453/453
f 130/130 449/449 453/453
f 451/451 452/452 450/450
f 465/465 416/416 414/414
f 416/416 465/465 419/419
f 462/462 419/419 465/465
f 463/463 461/461 464/464
f 462/462 464/464 461/461
f 463/463 455/455 460/460
f 460/460 461/461 463/463
f 462/462 421/421 419/419
f 459/459 462/462 461/461
f 421/421 462/462 459/459
f 461/461 460/460 457/457
f 447/447 130/130 131/131
f 447/447 446/446 440/440
f 446/446 447/447 131/131
f 442/442 440/440 446/446
f 446/446 131/131 445/445
f 112/112 458/458 109/109
f 112/112 456/456 458/458
f 457/457 430/430 429/429
f 457/457 454/454 430/430
f 456/456 112/112 123/123
f 453/453 455/455 456/456
f 456/456 123/123 453/453
f 454/454 455/455 452/452
f 455/455 453/453 452/452
f 431/431 430/430 454/454
f 451/451 454/454 452/452
f 438/438 440/440 442/442
f 439/439 442/442 441/441
f 439/439 438/438 442/442
f 160/160 441/441 156/156
f 441/441 160/160 439/439
f 452/452 449/449 450/450
f 433/433 431/431 451/451
f 433/433 451/451 435/435
f 450/450 435/435 451/451
f 449/449 448/448 450/450
f 435/435 450/450 448/448
f 448/448 449/449 447/447
f 130/130 447/447 449/449
f 437/437 435/435 448/448
f 437/437 448/448 440/440
f 440/440 448/448 447/447
f 432/432 433/433 435/435
f 304/304 434/434 276/276
f 432/432 434/434 304/304
f 432/432 427/427 433/433
f 427/427 431/431 433/433
f 446/446 445/445 444/444
f 442/442 446/446 444/444
f 131/131 129/129 445/445
f 134/134 445/445 129/129
f 444/444 445/445 443/443
f 443/443 445/445 134/134
f 441/441 444/444 443/443
f 444/444 441/441 442/442
f 134/134 150/150 443/443
f 156/156 443/443 150/150
f 443/443 156/156 441/441
f 427/427 310/310 424/424
f 425/425 426/426 423/423
f 424/424 423/423 426/426
f 418/418 421/421 425/425
f 423/423 418/418 425/425
f 438/438 437/437 440/440
f 160/160 255/255 439/439
f 436/436 438/438 439/439
f 439/439 255/255 436/436
f 437/437 438/438 434/434
f 434/434 438/438 436/436
f 435/435 437/437 432/432
f 434/434 432/432 437/437
f 436/436 255/255 258/258
f 258/258 276/276 436/436
f 434/434 436/436 276/276
f 419/419 417/417 416/416
f 418/418 385/385 386/386
f 386/386 417/417 418/418
f 416/416 417/417 415/415
f 417/417 386/386 415/415
f 308/308 432/432 304/304
f 427/427 432/432 308/308
f 428/428 430/430 431/431
f 427/427 428/428 431/431
f 426/426 429/429 430/430
f 430/430 428/428 426/426
f 421/421 429/429 425/425
f 426/426 425/425 429/429
f 428/428 427/427 424/424
f 424/424 426/426 428/428
f 308/308 310/310 427/427
f 408/408 409/409 410/410
f 390/390 408/408 410/410
f 409/409 408/408 406/406
f 406/406 407/407 409/409
f 390/390 392/392 408/408
f 424/424 422/422 423/423
f 422/422 424/424 310/310
f 422/422 420/420 423/423
f 418/418 423/423 420/420
f 310/310 307/307 422/422
f 307/307 325/325 422/422
f 325/325 420/420 422/422
f 417/417 419/419 421/421
f 421/421 418/418 417/417
f 420/420 325/325 385/385
f 385/385 418/418 420/420
f 402/402 397/397 399/399
f 401/401 398/398 400/400
f 398/398 401/401 399/399
f 368/368 400/400 393/393
f 393/393 400/400 398/398
f 414/414 416/416 411/411
f 415/415 411/411 416/416
f 386/386 387/387 415/415
f 390/390 415/415 387/387
f 415/415 390/390 411/411
f 413/413 414/414 410/410
f 411/411 410/410 414/414
f 412/412 413/413 409/409
f 410/410 409/409 413/413
f 409/409 407/407 412/412
f 410/410 411/411 390/390
f 393/393 370/370 366/366
f 393/393 391/391 370/370
f 388/388 389/389 392/392
f 392/392 390/390 388/388
f 389/389 370/370 391/391
f 392/392 406/406 408/408
f 407/407 406/406 404/404
f 405/405 407/407 404/404
f 406/406 392/392 396/396
f 396/396 404/404 406/406
f 405/405 404/404 402/402
f 402/402 403/403 405/405
f 404/404 396/396 397/397
f 397/397 402/402 404/404
f 399/399 403/403 402/402
f 403/403 399/399 401/401
f 36/36 37/37 38/38
f 323/323 385/385 325/325
f 386/386 381/381 384/384
f 381/381 386/386 385/385
f 384/384 383/383 387/387
f 387/387 386/386 384/384
f 382/382 388/388 383/383
f 379/379 380/380 377/377
f 323/323 378/378 381/381
f 378/378 380/380 381/381
f 379/379 369/369 382/382
f 383/383 388/388 387/387
f 1712/1712 1690/1690 1689/1689
f 1689/1689 1665/1665 1712/1712
f 1721/1721 1723/1723 1720/1720
f 1718/1718 1720/1720 1723/1723
f 1721/1721 1717/1717 1722/1722
f 1717/1717 1721/1721 1720/1720
f 1720/1720 1718/1718 1715/1715
f 1724/1724 1721/1721 1722/1722
f 1737/1737 1736/1736 1735/1735
f 1736/1736 1698/1698 1697/1697
f 1696/1696 1736/1736 1697/1697
f 1735/1735 1736/1736 1734/1734
f 1731/1731 1729/1729 1730/1730
f 1690/1690 1712/1712 1714/1714
f 1774/1774 1773/1773 1751/1751
f 1772/1772 1773/1773 1774/1774
f 1718/1718 1714/1714 1712/1712
f 1727/1727 1729/1729 1719/1719
f 1728/1728 1727/1727 1725/1725
f 1726/1726 1728/1728 1725/1725
f 1740/1740 1738/1738 1737/1737
f 1739/1739 1735/1735 1733/1733
f 1726/1726 1721/1721 1724/1724
f 1723/1723 1726/1726 1725/1725
f 1721/1721 1726/1726 1723/1723
f 1725/1725 1718/1718 1723/1723
f 1727/1727 1728/1728 1730/1730
f 1734/1734 1695/1695 1732/1732
f 1726/1726 1733/1733 1728/1728
f 1717/1717 1715/1715 1716/1716
f 1715/1715 1713/1713 1716/1716
f 1713/1713 1712/1712 1665/1665
f 1731/1731 1694/1694 1693/1693
f 1742/1742 1743/1743 1739/1739
f 1726/1726 1724/1724 1742/1742
f 1726/1726 1742/1742 1733/1733
f 1742/1742 1739/1739 1733/1733
f 1741/1741 1702/1702 1701/1701
f 1741/1741 1701/1701 1700/1700
f 1740/1740 1741/1741 1738/1738
f 1700/1700 1738/1738 1741/1741
f 1740/1740 1737/1737 1739/1739
f 1753/1753 1752/1752 1750/1750
f 1752/1752 1707/1707 1706/1706
f 1735/1735 1739/1739 1737/1737
f 1738/1738 1700/1700 1699/1699
f 1699/1699 1698/1698 1738/1738
f 1738/1738 1736/1736 1737/1737
f 1749/1749 1704/1704 1748/1748
f 1703/1703 1748/1748 1704/1704
f 1748/1748 1703/1703 1702/1702
f 1741/1741 1747/1747 1748/1748
f 1748/1748 1702/1702 1741/1741
f 1747/1747 1746/1746 1745/1745
f 1747/1747 1741/1741 1746/1746
f 1757/1757 1756/1756 1760/1760
f 1759/1759 1710/1710 1711/1711
f 1744/1744 1745/1745 1743/1743
f 1745/1745 1740/1740 1743/1743
f 1724/1724 1744/1744 1742/1742
f 1742/1742 1744/1744 1743/1743
f 1800/1800 1828/1828 1795/1795
f 1784/1784 1828/1828 1724/1724
f 1827/1827 1828/1828 1800/1800
f 1818/1818 1724/1724 1827/1827
f 1826/1826 1724/1724 1818/1818
f 1826/1826 1818/1818 1816/1816
f 1812/1812 1826/1826 1816/1816
f 1823/1823 1826/1826 1825/1825
f 1826/1826 1823/1823 1824/1824
f 1812/1812 1814/1814 1825/1825
f 1825/1825 1814/1814 1823/1823
f 1824/1824 1767/1767 1724/1724
f 1824/1824 1823/1823 1822/1822
f 1822/1822 1767/1767 1824/1824
f 1828/1828 1791/1791 1795/1795
f 1828/1828 1784/1784 1791/1791
f 1738/1738 1698/1698 1736/1736
f 1704/1704 1749/1749 1705/1705
f 1748/1748 1747/1747 1749/1749
f 1814/1814 1821/1821 1823/1823
f 1767/1767 1822/1822 1765/1765
f 1822/1822 1821/1821 1820/1820
f 1820/1820 1765/1765 1822/1822
f 1814/1814 1815/1815 1821/1821
f 1817/1817 1820/1820 1821/1821
f 1820/1820 1762/1762 1764/1764
f 1820/1820 1817/1817 1819/1819
f 1762/1762 1820/1820 1819/1819
f 1819/1819 1688/1688 1762/1762
f 1688/1688 1819/1819 1687/1687
f 1817/1817 1687/1687 1819/1819
f 1818/1818 1806/1806 1808/1808
f 1724/1724 1828/1828 1827/1827
f 1827/1827 1800/1800 1806/1806
f 1818/1818 1827/1827 1806/1806
f 1755/1755 1709/1709 1708/1708
f 1708/1708 1754/1754 1755/1755
f 1754/1754 1708/1708 1707/1707
f 1753/1753 1754/1754 1752/1752
f 1707/1707 1752/1752 1754/1754
f 1750/1750 1751/1751 1753/1753
f 1769/1769 1766/1766 1768/1768
f 1769/1769 1767/1767 1766/1766
f 1750/1750 1752/1752 1706/1706
f 1749/1749 1751/1751 1750/1750
f 1749/1749 1747/1747 1751/1751
f 1705/1705 1750/1750 1706/1706
f 1807/1807 1810/1810 1812/1812
f 1684/1684 1811/1811 1683/1683
f 1810/1810 1809/1809 1811/1811
f 1821/1821 1822/1822 1823/1823
f 1687/1687 1817/1817 1686/1686
f 1815/1815 1686/1686 1817/1817
f 1808/1808 1807/1807 1816/1816
f 1812/1812 1816/1816 1807/1807
f 1686/1686 1815/1815 1685/1685
f 1813/1813 1815/1815 1814/1814
f 1826/1826 1824/1824 1724/1724
f 1826/1826 1812/1812 1825/1825
f 1814/1814 1811/1811 1813/1813
f 1811/1811 1814/1814 1810/1810
f 1685/1685 1813/1813 1684/1684
f 1811/1811 1684/1684 1813/1813
f 1743/1743 1740/1740 1739/1739
f 1709/1709 1755/1755 1757/1757
f 1754/1754 1756/1756 1755/1755
f 1756/1756 1754/1754 1753/1753
f 1810/1810 1805/1805 1809/1809
f 1805/1805 1810/1810 1807/1807
f 1683/1683 1809/1809 1682/1682
f 1805/1805 1682/1682 1809/1809
f 1807/1807 1808/1808 1804/1804
f 1806/1806 1804/1804 1808/1808
f 1817/1817 1821/1821 1815/1815
f 1764/1764 1765/1765 1820/1820
f 1798/1798 1806/1806 1800/1800
f 1804/1804 1806/1806 1802/1802
f 1806/1806 1798/1798 1802/1802
f 1681/1681 1682/1682 1805/1805
f 1803/1803 1681/1681 1805/1805
f 1799/1799 1804/1804 1802/1802
f 1801/1801 1803/1803 1804/1804
f 1818/1818 1808/1808 1816/1816
f 1803/1803 1680/1680 1681/1681
f 1801/1801 1680/1680 1803/1803
f 1798/1798 1799/1799 1802/1802
f 1801/1801 1679/1679 1680/1680
f 1801/1801 1678/1678 1679/1679
f 1799/1799 1678/1678 1801/1801
f 1813/1813 1685/1685 1815/1815
f 1812/1812 1810/1810 1814/1814
f 1799/1799 1676/1676 1677/1677
f 1799/1799 1798/1798 1796/1796
f 1796/1796 1676/1676 1799/1799
f 1797/1797 1796/1796 1798/1798
f 1798/1798 1795/1795 1797/1797
f 1676/1676 1796/1796 1675/1675
f 1795/1795 1793/1793 1797/1797
f 1809/1809 1683/1683 1811/1811
f 1794/1794 1797/1797 1793/1793
f 1675/1675 1796/1796 1674/1674
f 1794/1794 1674/1674 1796/1796
f 1793/1793 1795/1795 1791/1791
f 1674/1674 1794/1794 1673/1673
f 1794/1794 1672/1672 1673/1673
f 1805/1805 1807/1807 1803/1803
f 1804/1804 1803/1803 1807/1807
f 1791/1791 1788/1788 1793/1793
f 1790/1790 1792/1792 1793/1793
f 1790/1790 1793/1793 1788/1788
f 1672/1672 1792/1792 1671/1671
f 1790/1790 1671/1671 1792/1792
f 1786/1786 1791/1791 1784/1784
f 1788/1788 1791/1791 1786/1786
f 1804/1804 1799/1799 1801/1801
f 1788/1788 1789/1789 1790/1790
f 1789/1789 1670/1670 1790/1790
f 1670/1670 1789/1789 1669/1669
f 1789/1789 1788/1788 1787/1787
f 1787/1787 1669/1669 1789/1789
f 1787/1787 1788/1788 1785/1785
f 1795/1795 1798/1798 1800/1800
f 1799/1799 1677/1677 1678/1678
f 1778/1778 1668/1668 1787/1787
f 1785/1785 1778/1778 1787/1787
f 1785/1785 1786/1786 1783/1783
f 1784/1784 1783/1783 1786/1786
f 1779/1779 1778/1778 1785/1785
f 1779/1779 1785/1785 1783/1783
f 1784/1784 1724/1724 1781/1781
f 1796/1796 1797/1797 1794/1794
f 1781/1781 1782/1782 1784/1784
f 1782/1782 1779/1779 1783/1783
f 1724/1724 1722/1722 1781/1781
f 1781/1781 1780/1780 1782/1782
f 1780/1780 1779/1779 1782/1782
f 1717/1717 1781/1781 1722/1722
f 1793/1793 1792/1792 1794/1794
f 1672/1672 1794/1794 1792/1792
f 1717/1717 1777/1777 1780/1780
f 1779/1779 1776/1776 1778/1778
f 1775/1775 1779/1779 1777/1777
f 1779/1779 1775/1775 1776/1776
f 1778/1778 1667/1667 1668/1668
f 1667/1667 1778/1778 1776/1776
f 1777/1777 1717/1717 1716/1716
f 1671/1671 1790/1790 1670/1670
f 1711/1711 1757/1757 1759/1759
f 1751/1751 1758/1758 1753/1753
f 1758/1758 1756/1756 1753/1753
f 1757/1757 1711/1711 1709/1709
f 1781/1781 1717/1717 1780/1780
f 1779/1779 1780/1780 1777/1777
f 1786/1786 1785/1785 1788/1788
f 1669/1669 1787/1787 1668/1668
f 1713/1713 1777/1777 1716/1716
f 1777/1777 1713/1713 1775/1775
f 1666/1666 1667/1667 1776/1776
f 1775/1775 1666/1666 1776/1776
f 1775/1775 1713/1713 1665/1665
f 1666/1666 1775/1775 1664/1664
f 1775/1775 1665/1665 1664/1664
f 1782/1782 1783/1783 1784/1784
f 1768/1768 1756/1756 1770/1770
f 1769/1769 1724/1724 1767/1767
f 1751/1751 1747/1747 1774/1774
f 1745/1745 1774/1774 1747/1747
f 1750/1750 1705/1705 1749/1749
f 1764/1764 1763/1763 1765/1765
f 1762/1762 1763/1763 1764/1764
f 1763/1763 1759/1759 1760/1760
f 1763/1763 1762/1762 1761/1761
f 1759/1759 1763/1763 1761/1761
f 1688/1688 1761/1761 1762/1762
f 1761/1761 1688/1688 1710/1710
f 1710/1710 1759/1759 1761/1761
f 1757/1757 1760/1760 1759/1759
f 1760/1760 1766/1766 1763/1763
f 1763/1763 1766/1766 1765/1765
f 1774/1774 1745/1745 1772/1772
f 1758/1758 1751/1751 1773/1773
f 1772/1772 1771/1771 1773/1773
f 1773/1773 1771/1771 1758/1758
f 1744/1744 1772/1772 1745/1745
f 1756/1756 1768/1768 1760/1760
f 1766/1766 1760/1760 1768/1768
f 1767/1767 1765/1765 1766/1766
f 1755/1755 1756/1756 1757/1757
f 1772/1772 1744/1744 1724/1724
f 1771/1771 1772/1772 1724/1724
f 1771/1771 1770/1770 1758/1758
f 1771/1771 1724/1724 1769/1769
f 1771/1771 1768/1768 1770/1770
f 1768/1768 1771/1771 1769/1769
f 1756/1756 1758/1758 1770/1770
f 1715/1715 1717/1717 1720/1720
f 1691/1691 1719/1719 1692/1692
f 1718/1718 1719/1719 1714/1714
f 1719/1719 1691/1691 1714/1714
f 1715/1715 1718/1718 1712/1712
f 1690/1690 1714/1714 1691/1691
f 1735/1735 1730/1730 1733/1733
f 1732/1732 1735/1735 1734/1734
f 1735/1735 1732/1732 1730/1730
f 1734/1734 1696/1696 1695/1695
f 1745/1745 1746/1746 1740/1740
f 1741/1741 1740/1740 1746/1746
f 1730/1730 1728/1728 1733/1733
f 1732/1732 1695/1695 1694/1694
f 1730/1730 1732/1732 1731/1731
f 1732/1732 1694/1694 1731/1731
f 1718/1718 1725/1725 1727/1727
f 1731/1731 1693/1693 1729/1729
f 1729/1729 1692/1692 1719/1719
f 1713/1713 1715/1715 1712/1712
f 1727/1727 1719/1719 1718/1718
f 1736/1736 1696/1696 1734/1734
f 1729/1729 1693/1693 1692/1692
f 1729/1729 1727/1727 1730/1730

