# https://github.com/mikedh/trimesh
mtllib material.mtl

o palm_R.obj
usemtl M_UE4Man_ChestLogo
v 0.28176706 0.07092173 0.05973674
v 0.29578822 0.07364245 0.04358650
v 0.29911678 0.06194790 0.05868519
v 0.30569368 -0.01029365 0.07425452
v 0.30569368 -0.01029365 0.07425452
v 0.30617517 -0.00807719 0.07452024
v 0.30617517 -0.00807719 0.07452024
v 0.30459719 -0.00982241 0.07556761
v 0.30459719 -0.00982241 0.07556761
v 0.30493396 -0.00762324 0.07562269
v 0.30493396 -0.00762324 0.07562269
v 0.30685049 -0.00642775 0.07687760
v 0.30685049 -0.00642775 0.07687760
v 0.30792337 -0.00713818 0.07575227
v 0.30792337 -0.00713818 0.07575227
v 0.31050032 -0.00747608 0.07769681
v 0.31050032 -0.00747608 0.07769681
v 0.30984407 -0.00668411 0.07894732
v 0.31267589 -0.00993197 0.08133186
v 0.31310385 -0.01121341 0.07998551
v 0.31310385 -0.01121341 0.07998551
v 0.31054180 -0.00208835 0.07928885
v 0.31684774 -0.01262604 0.08069242
v 0.31684774 -0.01262604 0.08069242
v 0.30471914 -0.00228541 0.07528437
v 0.30471914 -0.00228541 0.07528437
v 0.31784170 -0.01068102 0.08331443
v 0.32081621 -0.01121061 0.08196021
v 0.32207673 -0.01337139 0.07359804
v 0.32207673 -0.01337139 0.07359804
v 0.31340783 0.00125112 0.08022488
v 0.32453745 -0.01173215 0.07668699
v 0.32520669 -0.01173096 0.07332242
v 0.31694096 0.00118168 0.07802726
v 0.32095915 0.00058384 0.07258464
v 0.30563670 0.01722558 0.07532633
v 0.29871791 0.01259501 0.07070089
v 0.29871791 0.01259501 0.07070089
v 0.29896765 0.01567258 0.07077981
v 0.29896765 0.01567258 0.07077981
v 0.31116741 0.01622190 0.07884480
v 0.31588905 0.01746716 0.07647527
v 0.30354589 0.02011593 0.07379879
v 0.29881352 0.01784529 0.07060779
v 0.29881352 0.01784529 0.07060779
v 0.29987364 0.02027614 0.07126463
v 0.29987364 0.02027614 0.07126463
v 0.31033521 0.01759036 0.07660771
v 0.30209702 0.02087302 0.07277800
v 0.30650633 0.01766033 0.07324935
v 0.30440288 0.02024634 0.07181932
v 0.30283123 0.02100940 0.07079590
v 0.30042391 0.02022906 0.06931163
v 0.30042391 0.02022906 0.06931163
v 0.30422395 0.01882179 0.07107438
v 0.30095499 0.01606150 0.06880117
v 0.30095499 0.01606150 0.06880117
v 0.30605214 0.01653524 0.07237566
v 0.30143755 0.01406367 0.06905151
v 0.30143755 0.01406367 0.06905151
v 0.30259150 0.00932176 0.06748999
v 0.30259150 0.00932176 0.06748999
v 0.30905121 0.01547100 0.07384134
v 0.31190603 0.01555540 0.07406164
v 0.30747407 0.00865663 0.06118489
v 0.30747407 0.00865663 0.06118489
v 0.31408852 0.01813902 0.07522453
v 0.31703942 0.01482357 0.06709708
v 0.31911259 0.01747377 0.06804992
v 0.32124370 0.01670374 0.06921006
v 0.31596296 0.01448567 0.06446422
v 0.30908030 0.01300503 0.05900157
v 0.30908030 0.01300503 0.05900157
v 0.32194250 0.00006147 0.06883920
v 0.32067269 0.01550157 0.06416000
v 0.31782048 0.01643474 0.06495727
v 0.31673544 0.01569290 0.06056930
v 0.31494563 0.01648827 0.06211866
v 0.31386822 0.01545186 0.06209053
v 0.30889660 0.01496030 0.05834533
v 0.30889660 0.01496030 0.05834533
v 0.31231158 0.01769997 0.06042076
v 0.30966275 0.01906545 0.05718125
v 0.30966275 0.01906545 0.05718125
v 0.31334942 0.01898010 0.06023563
v 0.31184619 0.01975520 0.05888403
v 0.31133836 0.01879676 0.05611266
v 0.31352502 0.01927192 0.05759538
v 0.31468695 0.01845093 0.05860616
v 0.31018549 0.01672007 0.05542506
v 0.31023114 0.01408918 0.05582548
v 0.30858772 0.01694019 0.05642332
v 0.30871921 0.01428796 0.05683244
v 0.30857759 0.01232256 0.05699981
v 0.30980223 0.01134123 0.05604697
v 0.30428081 0.00916798 0.05985046
v 0.32004040 -0.00331502 0.06659521
v 0.30011719 0.00973667 0.06524254
v 0.32166427 -0.01121341 0.06913687
v 0.29931992 0.01361127 0.06924094
v 0.32038849 -0.01225208 0.07010199
v 0.29939955 0.01558550 0.06915761
v 0.31896799 -0.00799327 0.06657661
v 0.29928547 0.01776863 0.06879927
v 0.29927366 0.00782175 0.06544078
v 0.30300348 -0.00286953 0.07393087
v 0.30443614 0.00711061 0.05869306
v 0.30340975 -0.00970326 0.07442547
v 0.30350393 -0.00438176 0.06935347
v 0.30815583 -0.00503872 0.06310595
v 0.31195217 -0.00406651 0.06120981
v 0.30389159 -0.01012843 0.07007552
v 0.30837339 -0.01076739 0.06399477
v 0.30517393 -0.01037489 0.07133449
v 0.31164640 -0.01088129 0.06234849
v 0.30980962 -0.01092975 0.06462635
v 0.30512958 -0.00662379 0.07181252
v 0.31069487 -0.00741713 0.06426240
v 0.31046670 -0.00330435 0.07506217
v 0.31589597 -0.00407832 0.06769610
v 0.31780689 -0.00851779 0.06778396
v 0.31522077 -0.00817846 0.06585170
v 0.31604808 -0.00774007 0.06440021
v 0.31343251 -0.00911193 0.06467379
v 0.31285470 -0.01136927 0.06468202
v 0.31337970 -0.01113270 0.06304217
v 0.31414967 -0.00893705 0.06311918
v 0.31542295 -0.00439780 0.06322897
v 0.32735890 -0.01553617 0.05276550
v 0.32735890 -0.01553617 0.05276550
v 0.32794958 -0.01332091 0.05267633
v 0.32794958 -0.01332091 0.05267633
v 0.32679146 -0.01492702 0.05434192
v 0.32679146 -0.01492702 0.05434192
v 0.32717221 -0.01273631 0.05410589
v 0.32717221 -0.01273631 0.05410589
v 0.32943886 -0.01154404 0.05453099
v 0.32943886 -0.01154404 0.05453099
v 0.33004444 -0.01237910 0.05315794
v 0.33004444 -0.01237910 0.05315794
v 0.33314210 -0.01270686 0.05412317
v 0.33314210 -0.01270686 0.05412317
v 0.33297437 -0.01180081 0.05546368
v 0.33384329 -0.00720774 0.05518545
v 0.32696002 -0.00740336 0.05344523
v 0.32696002 -0.00740336 0.05344523
v 0.33640652 -0.01502513 0.05698193
v 0.33631604 -0.01641737 0.05566824
v 0.33631604 -0.01641737 0.05566824
v 0.34006160 -0.01795696 0.05515076
v 0.34006160 -0.01795696 0.05515076
v 0.32765430 0.01364918 0.05118049
v 0.31943911 0.00901921 0.04955793
v 0.31943911 0.00901921 0.04955793
v 0.31975752 0.01209749 0.04932917
v 0.31975752 0.01209749 0.04932917
v 0.33693700 -0.00393276 0.05481554
v 0.34194904 -0.01588099 0.05712141
v 0.34427088 -0.01663755 0.05486251
v 0.34250801 -0.01941358 0.04673315
v 0.34250801 -0.01941358 0.04673315
v 0.34593397 -0.01768003 0.04866041
v 0.34539490 -0.01793258 0.04526557
v 0.33950132 -0.00431012 0.05153490
v 0.33407372 0.01262452 0.05264009
v 0.34138387 -0.00545405 0.04507698
v 0.33771675 0.01353563 0.04868604
v 0.33253377 0.01389684 0.05072917
v 0.33559650 0.01420869 0.04808773
v 0.34021145 0.01211567 0.04005064
v 0.33781284 0.01290621 0.03964520
v 0.34099811 -0.00627039 0.04125644
v 0.33788913 0.01063342 0.03558506
v 0.33308809 0.01164068 0.04793323
v 0.33549767 0.01173402 0.03725875
v 0.33547955 0.01027943 0.03965510
v 0.33032053 0.01166113 0.04872275
v 0.33354061 0.00982822 0.03757680
v 0.32429450 0.00414266 0.03784908
v 0.32429450 0.00414266 0.03784908
v 0.32190781 0.00538732 0.04542495
v 0.32190781 0.00538732 0.04542495
v 0.33075648 0.01074143 0.03600408
v 0.32512432 0.00830324 0.03493322
v 0.32512432 0.00830324 0.03493322
v 0.32475751 0.01023103 0.03424252
v 0.32475751 0.01023103 0.03424252
v 0.32700329 0.01276417 0.04831053
v 0.32145160 0.01028003 0.04696024
v 0.32145160 0.01028003 0.04696024
v 0.32094591 0.01228704 0.04675175
v 0.32094591 0.01228704 0.04675175
v 0.32874816 0.01295902 0.03481616
v 0.32514733 0.01424350 0.03259338
v 0.32514733 0.01424350 0.03259338
v 0.33180004 0.01173706 0.03558374
v 0.32781094 0.01494600 0.03338827
v 0.32634776 0.01384129 0.03102613
v 0.32968443 0.01418783 0.03419198
v 0.33293074 0.01077367 0.03356184
v 0.32893365 0.01431538 0.03162802
v 0.33036595 0.01350500 0.03223289
v 0.32498425 0.01176698 0.03092576
v 0.33835738 -0.00971328 0.04006649
v 0.32511943 0.00915255 0.03147126
v 0.34061187 -0.01752930 0.04251231
v 0.32383173 0.01211323 0.03240324
v 0.32405036 0.00947453 0.03292883
v 0.32393974 0.00752081 0.03327347
v 0.32474297 0.00642993 0.03202165
v 0.32083004 0.00470753 0.03766669
v 0.32053536 0.00257052 0.03666914
v 0.33281367 -0.01080881 0.03857971
v 0.32884746 -0.01045178 0.03785325
v 0.31804019 0.00389923 0.04475511
v 0.31880038 0.00577135 0.04414130
v 0.31951492 0.00992544 0.04790498
v 0.31959670 0.01189561 0.04766012
v 0.31959158 0.01427080 0.04906822
v 0.31959158 0.01427080 0.04906822
v 0.31940358 0.01406647 0.04720927
v 0.32069939 0.01651551 0.04712296
v 0.32069939 0.01651551 0.04712296
v 0.32086342 0.01670201 0.04914690
v 0.32086342 0.01670201 0.04914690
v 0.32486075 -0.00799923 0.05281056
v 0.32527750 -0.01482879 0.05366875
v 0.32371038 -0.00984006 0.04845155
v 0.32590943 -0.01112561 0.04102255
v 0.32421106 -0.01556502 0.04944528
v 0.32630795 -0.01681362 0.04223038
v 0.32585209 -0.01578735 0.05020560
v 0.32881802 -0.01718687 0.03956140
v 0.32787769 -0.01700024 0.04234112
v 0.32605212 -0.01199703 0.05037762
v 0.32865637 -0.01354717 0.04141916
v 0.33227854 -0.00870220 0.05133189
v 0.33481877 -0.01021467 0.04259194
v 0.33656078 -0.01474242 0.04236127
v 0.33345860 -0.01441191 0.04141069
v 0.33972424 -0.01844691 0.04394127
v 0.33724600 -0.01435028 0.04078437
v 0.33374255 -0.01410715 0.03972603
v 0.33134502 -0.01534282 0.04099322
v 0.33148401 -0.01530360 0.03927029
v 0.33068722 -0.01747219 0.03963507
v 0.33075791 -0.01757644 0.04137660
v 0.32775646 0.01392491 0.04889537
v 0.32520395 0.01654072 0.05026663
v 0.32486838 0.01505329 0.04756070
v 0.32532280 0.01651783 0.04809881
v 0.32349675 0.01729847 0.04975630
v 0.32349902 0.01728655 0.04762829
v 0.32925969 -0.01823758 0.02458550
v 0.32925969 -0.01823758 0.02458550
v 0.32993072 -0.01606016 0.02431537
v 0.32993072 -0.01606016 0.02431537
v 0.32905691 -0.01757036 0.02622605
v 0.32905691 -0.01757036 0.02622605
v 0.32949143 -0.01540862 0.02585543
v 0.32949143 -0.01540862 0.02585543
v 0.33185404 -0.01433544 0.02577866
v 0.33185404 -0.01433544 0.02577866
v 0.33212441 -0.01522695 0.02433563
v 0.33212441 -0.01522695 0.02433563
v 0.33533328 -0.01570778 0.02466250
v 0.33533328 -0.01570778 0.02466250
v 0.33548802 -0.01477026 0.02598287
v 0.33651226 -0.01023768 0.02540375
v 0.32941776 -0.01008444 0.02510000
v 0.32941776 -0.01008444 0.02510000
v 0.33899074 -0.01815163 0.02686561
v 0.33856457 -0.01955961 0.02563776
v 0.33856457 -0.01955961 0.02563776
v 0.34204357 -0.02131216 0.02441646
v 0.34204357 -0.02131216 0.02441646
v 0.33054739 0.01131959 0.02216805
v 0.32195132 0.00712140 0.02237547
v 0.32195132 0.00712140 0.02237547
v 0.32237118 0.01017292 0.02199937
v 0.32237118 0.01017292 0.02199937
v 0.33962672 -0.00714527 0.02432192
v 0.34439510 -0.01930885 0.02590395
v 0.34616678 -0.02023201 0.02324427
v 0.34264713 -0.02304946 0.01572276
v 0.34264713 -0.02304946 0.01572276
v 0.34144633 -0.00772099 0.02060200
v 0.34647673 -0.02147369 0.01686610
v 0.34524530 -0.02175586 0.01365925
v 0.33706968 0.00996877 0.02232588
v 0.34191340 -0.00908057 0.01393176
v 0.33987182 0.01060791 0.01769162
v 0.33523875 0.01129003 0.02073098
v 0.33771067 0.01138623 0.01751615
v 0.34047979 0.00890066 0.00877393
v 0.33809190 0.00981487 0.00884033
v 0.33722466 0.00746997 0.00491537
v 0.34071677 -0.00994174 0.01029349
v 0.33528298 0.00873007 0.00700665
v 0.33771902 -0.01325439 0.00976146
v 0.33197158 0.00784756 0.00393499
v 0.34002798 -0.02113830 0.01192153
v 0.33568018 0.00732119 0.00939740
v 0.33940523 -0.02198033 0.01352609
v 0.33509737 0.00895788 0.01794625
v 0.33617669 -0.01813559 0.01251484
v 0.33654516 -0.01780979 0.01082123
v 0.33474856 -0.01351534 0.01296450
v 0.33296674 -0.01765154 0.01220311
v 0.33291643 -0.01739256 0.01048792
v 0.33412188 -0.01171141 0.02199102
v 0.32767385 -0.01467453 0.02241195
v 0.32831650 -0.01652347 0.01315940
v 0.32725232 -0.01845042 0.02239192
v 0.33076816 -0.01847182 0.01224912
v 0.32756930 -0.01991163 0.01431788
v 0.33015984 -0.02066253 0.01280678
v 0.32974117 -0.02058529 0.01111341
v 0.32791274 -0.02019887 0.01141191
v 0.33055490 -0.01847063 0.01053322
v 0.33194059 -0.01406895 0.00946010
v 0.32793277 -0.01350676 0.00954212
v 0.32343357 0.00393505 0.00420941
v 0.32602137 -0.01964079 0.01452209
v 0.32567208 -0.01396166 0.01325859
v 0.32007235 0.00039579 0.00972069
v 0.32550400 -0.01815163 0.02197362
v 0.32510060 -0.01242612 0.02093936
v 0.32744449 -0.01740085 0.02587093
v 0.32720607 -0.01057492 0.02492083
v 0.31934732 0.00200237 0.01810313
v 0.32005971 0.00381871 0.01729513
v 0.32067149 0.00253065 0.01057662
v 0.32173436 0.00799282 0.02071632
v 0.32334011 0.00328685 0.01793326
v 0.32334011 0.00328685 0.01793326
v 0.32406729 0.00177915 0.01006962
v 0.32406729 0.00177915 0.01006962
v 0.32345336 0.00822343 0.01938916
v 0.32345336 0.00822343 0.01938916
v 0.32449406 0.00583561 0.00692881
v 0.32449406 0.00583561 0.00692881
v 0.32186359 0.00995083 0.02040399
v 0.32301753 0.01025118 0.01923038
v 0.32301753 0.01025118 0.01923038
v 0.32226520 0.01234723 0.02171577
v 0.32226520 0.01234723 0.02171577
v 0.32169240 0.01212092 0.01993991
v 0.32306498 0.01449282 0.01952339
v 0.32306498 0.01449282 0.01952339
v 0.32364720 0.01470561 0.02146591
v 0.32364720 0.01470561 0.02146591
v 0.32295817 0.00509043 0.00556637
v 0.32309454 0.00702859 0.00515092
v 0.32409185 0.00776823 0.00627209
v 0.32409185 0.00776823 0.00627209
v 0.32382661 0.00662263 0.00351680
v 0.32290655 0.00966562 0.00460566
v 0.32433897 0.01172335 0.00446464
v 0.32433897 0.01172335 0.00446464
v 0.32517307 0.01122792 0.00269891
v 0.32371503 0.00923045 0.00293578
v 0.32933062 0.01069219 0.00307597
v 0.32784777 0.01156939 0.00275088
v 0.32714039 0.01229180 0.00468339
v 0.32909792 0.01144595 0.00511218
v 0.33132654 0.00890745 0.00611580
v 0.32824772 0.01028176 0.00594772
v 0.33034175 0.00797833 0.00676692
v 0.33333820 0.00694097 0.00776852
v 0.33255332 0.00914462 0.01927889
v 0.32928150 0.01042135 0.01951588
v 0.33019560 0.01154895 0.01990272
v 0.32715672 0.01281114 0.01914896
v 0.32811111 0.01432527 0.02168740
v 0.32778435 0.01425762 0.01954211
v 0.32594412 0.01511712 0.01942898
v 0.32637613 0.01516671 0.02151216
v 0.32701724 -0.00536858 -0.00697803
v 0.32701724 -0.00536858 -0.00697803
v 0.32679885 -0.00681000 -0.00524699
v 0.32679885 -0.00681000 -0.00524699
v 0.32676213 -0.00734125 -0.00671243
v 0.32676213 -0.00734125 -0.00671243
v 0.32683747 -0.00487964 -0.00555836
v 0.32683747 -0.00487964 -0.00555836
v 0.32869571 -0.00364940 -0.00599300
v 0.32869571 -0.00364940 -0.00599300
v 0.32877868 -0.00436847 -0.00730931
v 0.32877868 -0.00436847 -0.00730931
v 0.33228868 -0.00380795 -0.00637554
v 0.33203846 -0.00462245 -0.00751494
v 0.33203846 -0.00462245 -0.00751494
v 0.33250027 0.00025125 -0.00687825
v 0.32599061 -0.00027333 -0.00599205
v 0.32599061 -0.00027333 -0.00599205
v 0.33582752 -0.00629835 -0.00635373
v 0.33542126 -0.00755577 -0.00738465
v 0.33542126 -0.00755577 -0.00738465
v 0.33836907 -0.00861399 -0.00909947
v 0.33836907 -0.00861399 -0.00909947
v 0.32423561 0.01818324 -0.00780379
v 0.31749814 0.01345386 -0.00629508
v 0.31749814 0.01345386 -0.00629508
v 0.31741434 0.01615216 -0.00657498
v 0.31741434 0.01615216 -0.00657498
v 0.33457118 0.00333674 -0.00822782
v 0.34038084 -0.00659965 -0.00815724
v 0.34152525 -0.00713997 -0.01077699
v 0.33755534 -0.00993328 -0.01671528
v 0.33755534 -0.00993328 -0.01671528
v 0.33552640 0.00311609 -0.01175081
v 0.34081155 -0.00809638 -0.01634025
v 0.33923488 -0.00845783 -0.01888393
v 0.33490890 0.00208135 -0.01759564
v 0.33335608 0.00122876 -0.02053689
v 0.32995814 0.01784314 -0.00884949
v 0.33058279 0.01751997 -0.02108728
v 0.33143609 0.01880999 -0.01327991
v 0.32731574 0.01591511 -0.02388202
v 0.32845848 0.01800610 -0.02058231
v 0.32947772 0.01921017 -0.01302647
v 0.32796233 0.01877280 -0.00984847
v 0.32681733 0.01553453 -0.01978134
v 0.32588535 0.01673229 -0.02170693
v 0.32763498 0.01677127 -0.01229702
v 0.32350867 0.01836474 -0.00967442
v 0.32569116 0.01659252 -0.01070773
v 0.31776851 0.00925244 -0.01740252
v 0.31776851 0.00925244 -0.01740252
v 0.31835859 0.01036759 -0.01048480
v 0.31835859 0.01036759 -0.01048480
v 0.32280331 0.01727749 -0.00988995
v 0.31810849 0.01463528 -0.00907146
v 0.31810849 0.01463528 -0.00907146
v 0.32459026 0.01492734 -0.02078496
v 0.32064479 0.01907916 -0.00974595
v 0.31746309 0.01633622 -0.00905549
v 0.31746309 0.01633622 -0.00905549
v 0.31703656 0.02000864 -0.00865304
v 0.31703656 0.02000864 -0.00865304
v 0.31938427 0.02091653 -0.00920903
v 0.31784766 0.02024300 -0.00708221
v 0.31784766 0.02024300 -0.00708221
v 0.32106965 0.02040584 -0.00946342
v 0.32011300 0.02098889 -0.00749802
v 0.31700855 0.01802327 -0.00671767
v 0.31700855 0.01802327 -0.00671767
v 0.32171779 0.02047951 -0.00768017
v 0.32174581 0.01545568 -0.02108454
v 0.31707876 0.01285519 -0.02001356
v 0.31707876 0.01285519 -0.02001356
v 0.32235187 0.01639302 -0.02177786
v 0.31954401 0.01719220 -0.02133667
v 0.31638544 0.01448412 -0.02043354
v 0.31638544 0.01448412 -0.02043354
v 0.31579166 0.01795991 -0.02187525
v 0.31579166 0.01795991 -0.02187525
v 0.32264262 0.01558496 -0.02379726
v 0.31813591 0.01880594 -0.02215194
v 0.31624716 0.01765920 -0.02355086
v 0.31997460 0.01831789 -0.02215563
v 0.31848210 0.01829465 -0.02395677
v 0.31529706 0.01574238 -0.02317058
v 0.31990402 0.01772041 -0.02396833
v 0.31485384 0.01599546 -0.02158391
v 0.31581324 0.01349314 -0.02279042
v 0.31543201 0.01373114 -0.02124881
v 0.31562691 0.01203169 -0.02094244
v 0.31593126 0.01110919 -0.02223050
v 0.31488722 0.00946404 -0.01635169
v 0.31448906 0.00755121 -0.01706134
v 0.31539958 0.01041789 -0.01044296
v 0.31516057 0.00874574 -0.00969588
v 0.31691425 0.01420064 -0.00764572
v 0.31672900 0.01591493 -0.00786184
v 0.31623643 0.01777644 -0.00814771
v 0.32414358 -0.00097708 -0.00578069
v 0.32188075 -0.00279789 -0.00889563
v 0.32534855 -0.00686435 -0.00526558
v 0.32119458 -0.00395910 -0.01563083
v 0.32310575 -0.00771289 -0.00829541
v 0.32469850 -0.00775401 -0.00825142
v 0.32239812 -0.00323187 -0.01918839
v 0.32240837 -0.00884382 -0.01482319
v 0.32585018 -0.00320701 -0.01997410
v 0.32353013 -0.00904749 -0.01783573
v 0.32540339 -0.00720512 -0.01898085
v 0.33112543 -0.00201260 -0.02059793
v 0.32726544 -0.00597106 -0.01938819
v 0.33442896 -0.00856649 -0.01944505
v 0.33087462 -0.00611656 -0.01965856
v 0.32764321 -0.00620984 -0.01793765
v 0.33428770 -0.00939410 -0.01799463
v 0.33090180 -0.00646620 -0.01815652
v 0.32588785 -0.00719999 -0.01754819
v 0.32899421 -0.00253485 -0.01739418
v 0.32507461 -0.00914548 -0.01842259
v 0.32573848 -0.00917982 -0.01704775
v 0.32373219 -0.00583778 -0.01627051
v 0.32371777 -0.00887851 -0.01527642
v 0.32983905 -0.00116484 -0.00948667
v 0.32459777 -0.00443362 -0.00816511
v 0.25215262 0.04771514 0.07359828
v 0.25215262 0.04771514 0.07359828
v 0.25025945 0.04620118 0.07806326
v 0.25025945 0.04620118 0.07806326
v 0.25215643 0.04462738 0.07579220
v 0.25215643 0.04462738 0.07579220
v 0.25215643 0.04462738 0.07579220
v 0.24792450 0.04885562 0.07876147
v 0.24792450 0.04885562 0.07876147
v 0.24744671 0.05174859 0.07759822
v 0.24446302 0.05038257 0.08241356
v 0.24446302 0.05038257 0.08241356
v 0.25187665 0.06220706 0.06255067
v 0.25187665 0.06220706 0.06255067
v 0.24349576 0.05322738 0.08242417
v 0.24257975 0.04919334 0.08602632
v 0.24257975 0.04919334 0.08602632
v 0.24806457 0.07152410 0.06568016
v 0.25114673 0.06502540 0.06073631
v 0.25114673 0.06502540 0.06073631
v 0.24361818 0.07508548 0.06935943
v 0.23632162 0.05264266 0.08792854
v 0.23674482 0.04895301 0.08970929
v 0.23674482 0.04895301 0.08970929
v 0.24696606 0.07400639 0.06360305
v 0.24744623 0.06609566 0.05936779
v 0.24744623 0.06609566 0.05936779
v 0.24504750 0.07315881 0.06175114
v 0.24504750 0.07315881 0.06175114
v 0.24268013 0.07793291 0.06656970
v 0.23995870 0.07682724 0.06518472
v 0.23995870 0.07682724 0.06518472
v 0.23560661 0.07949777 0.07075192
v 0.23460489 0.07788534 0.06775142
v 0.23460489 0.07788534 0.06775142
v 0.23610502 0.07772417 0.07343794
v 0.22702211 0.07742913 0.06843294
v 0.22810310 0.07577796 0.06586565
v 0.22810310 0.07577796 0.06586565
v 0.22638386 0.07543524 0.07099379
v 0.22393482 0.07228608 0.06189788
v 0.22393482 0.07228608 0.06189788
v 0.21983212 0.06939800 0.06470788
v 0.22084087 0.07214136 0.06260837
v 0.22132843 0.06739516 0.05628098
v 0.22461146 0.06858714 0.05713810
v 0.22461146 0.06858714 0.05713810
v 0.22429174 0.04463322 0.08093823
v 0.22519880 0.04197307 0.08293952
v 0.22562521 0.06138880 0.05125786
v 0.22857302 0.06359227 0.05199266
v 0.22857302 0.06359227 0.05199266
v 0.23155802 0.05915423 0.05030037
v 0.23155802 0.05915423 0.05030037
v 0.22122281 0.06328936 0.05770744
v 0.22965341 0.05594619 0.04877699
v 0.23826211 0.05595203 0.05261422
v 0.23826211 0.05595203 0.05261422
v 0.22643858 0.05686803 0.05339290
v 0.22605961 0.04236717 0.07255865
v 0.23028320 0.04144211 0.06675185
v 0.23027127 0.05223437 0.05031646
v 0.23860305 0.05211623 0.05015350
v 0.23498338 0.03728802 0.06292642
v 0.23876494 0.04953702 0.05076302
v 0.23181003 0.03889914 0.06806887
v 0.24084156 0.03788991 0.06268812
v 0.22780913 0.04031821 0.07293821
v 0.23573046 0.03515155 0.06460608
v 0.22671812 0.03943832 0.07672716
v 0.23011141 0.04119785 0.07433868
v 0.22748809 0.04127510 0.08281590
v 0.22905188 0.03986688 0.07794977
v 0.22980600 0.04564817 0.07454897
v 0.23404866 0.03984995 0.06951536
v 0.23403972 0.03570337 0.06790114
v 0.23685234 0.04165299 0.06727816
v 0.23632913 0.03642078 0.06918062
v 0.23614674 0.03481360 0.06545771
v 0.24132090 0.03587563 0.06511153
v 0.23956268 0.03562148 0.06685651
v 0.25071018 0.04411168 0.06956995
v 0.23896938 0.05101402 0.07984043
v 0.25075095 0.04178090 0.07192994
v 0.24866741 0.05500062 0.05779756
v 0.24990838 0.04230364 0.07442237
v 0.24761360 0.05722208 0.05679704
v 0.24486416 0.05925293 0.05697192
v 0.23958712 0.06566973 0.06596030
v 0.23102515 0.06195410 0.06168152
v 0.23326700 0.07302482 0.06920208
v 0.22657841 0.06943674 0.06467510
v 0.24540620 0.04700763 0.07324101
v 0.24831050 0.04425557 0.07714106
v 0.24587482 0.04732497 0.07782949
v 0.24242550 0.04862793 0.08146847
v 0.24115675 0.04712136 0.08512844
v 0.23704093 0.04692872 0.08846069
v 0.31077998 0.05306633 -0.02666782
v 0.31077998 0.05306633 -0.02666782
v 0.31628674 0.05487950 -0.01307260
v 0.31628674 0.05487950 -0.01307260
v 0.31395929 0.05483217 -0.01241445
v 0.31395929 0.05483217 -0.01241445
v 0.31342524 0.05350418 -0.02834009
v 0.30964845 0.05223735 -0.02837502
v 0.30964845 0.05223735 -0.02837502
v 0.31822842 0.05578263 -0.01260232
v 0.31822842 0.05578263 -0.01260232
v 0.30632108 0.04804309 -0.03230511
v 0.30632108 0.04804309 -0.03230511
v 0.30504530 0.04792876 -0.02965187
v 0.30504530 0.04792876 -0.02965187
v 0.31195050 0.05223556 -0.03048252
v 0.30607777 0.04879613 -0.03359961
v 0.30607777 0.04879613 -0.03359961
v 0.31400114 0.05454369 -0.02922665
v 0.31208127 0.05403252 -0.03166555
v 0.31004053 0.05733712 -0.03447579
v 0.30118876 0.05337544 -0.03587591
v 0.30118876 0.05337544 -0.03587591
v 0.31178682 0.05896051 -0.03156172
v 0.29810446 0.07059140 -0.03705966
v 0.28962963 0.06536777 -0.03872894
v 0.28962963 0.06536777 -0.03872894
v 0.31605404 0.06221552 -0.01478552
v 0.30034464 0.07279296 -0.03439640
v 0.27607732 0.09692128 -0.04183315
v 0.26817959 0.09229381 -0.04276906
v 0.26817959 0.09229381 -0.04276906
v 0.27957338 0.09922238 -0.03811966
v 0.30892580 0.07748981 -0.01393234
v 0.31802099 0.06392963 -0.00461625
v 0.32022029 0.05796047 -0.00373720
v 0.32022029 0.05796047 -0.00373720
v 0.26519268 0.10866351 -0.04357373
v 0.25766175 0.10370369 -0.04353618
v 0.25766175 0.10370369 -0.04353618
v 0.31872051 0.06701310 0.01385332
v 0.32206314 0.06126352 0.01620389
v 0.32206314 0.06126352 0.01620389
v 0.25510841 0.11827703 -0.04542481
v 0.24893444 0.11303385 -0.04631578
v 0.24893444 0.11303385 -0.04631578
v 0.24339073 0.12005623 -0.05100261
v 0.24339073 0.12005623 -0.05100261
v 0.26990824 0.11155648 -0.03935300
v 0.24894255 0.12514086 -0.04905449
v 0.28845661 0.10278673 -0.02162897
v 0.24187415 0.13249107 -0.05417286
v 0.23607534 0.12855132 -0.05621718
v 0.23607534 0.12855132 -0.05621718
v 0.25580638 0.13212652 -0.04457485
v 0.23717015 0.13687237 -0.05650698
v 0.23194843 0.13303967 -0.05775415
v 0.23194843 0.13303967 -0.05775415
v 0.24955171 0.13608356 -0.05018317
v 0.23318213 0.14080425 -0.05427789
v 0.22715109 0.13680513 -0.05484532
v 0.22715109 0.13680513 -0.05484532
v 0.24151724 0.13823767 -0.05423080
v 0.23053139 0.14211877 -0.05022644
v 0.22556942 0.13815708 -0.05114578
v 0.22556942 0.13815708 -0.05114578
v 0.23888605 0.14251156 -0.05165552
v 0.23639839 0.14377339 -0.04778599
v 0.23183613 0.14013822 -0.04726790
v 0.22716349 0.13635440 -0.04797720
v 0.22716349 0.13635440 -0.04797720
v 0.23562699 0.13343234 -0.04111349
v 0.23562699 0.13343234 -0.04111349
v 0.23610204 0.14152343 -0.04582106
v 0.23980528 0.14150388 -0.04397832
v 0.24106472 0.14367278 -0.04538130
v 0.24312835 0.14015670 -0.04121124
v 0.24795168 0.13635118 -0.03605234
v 0.23646742 0.12684126 -0.03524481
v 0.23646742 0.12684126 -0.03524481
v 0.24595397 0.14197166 -0.04247748
v 0.24405234 0.14246066 -0.04869341
v 0.25069087 0.13896461 -0.03778099
v 0.24539905 0.13789387 -0.05258500
v 0.24886029 0.14061828 -0.04555916
v 0.25425213 0.13769527 -0.04062079
v 0.25417953 0.13791163 -0.03337323
v 0.25167149 0.13518591 -0.03067528
v 0.26139658 0.13017554 -0.03891753
v 0.25876384 0.13581796 -0.03554284
v 0.25627916 0.13829036 -0.02799784
v 0.25353592 0.13659592 -0.02102279
v 0.23500817 0.11400194 -0.01124381
v 0.23500817 0.11400194 -0.01124381
v 0.26226657 0.13610597 -0.02807926
v 0.24746793 0.13945515 -0.00334596
v 0.23380190 0.14269812 0.00354589
v 0.23380190 0.14269812 0.00354589
v 0.25668829 0.14044471 -0.01727115
v 0.25261086 0.14179619 -0.00595354
v 0.26209038 0.13811143 -0.01561772
v 0.26545315 0.13189395 -0.02649020
v 0.25768870 0.14068659 -0.00242208
v 0.27809184 0.11569603 -0.02315687
v 0.26510232 0.13321490 -0.01429211
v 0.24593704 0.14341016 0.00087048
v 0.25117212 0.13687999 0.01101113
v 0.23841124 0.14447243 0.00481797
v 0.25013750 0.14253695 0.00685466
v 0.24136334 0.14459927 0.01094700
v 0.23463553 0.14814217 0.00541080
v 0.22695356 0.15039761 0.00079359
v 0.22695356 0.15039761 0.00079359
v 0.23407345 0.15041132 0.01074983
v 0.23973959 0.13760896 0.01862205
v 0.23150223 0.14736338 0.01448561
v 0.22883230 0.15611179 0.00763954
v 0.23024195 0.15452357 0.00231756
v 0.22178190 0.15581305 -0.00236033
v 0.22531300 0.15435655 0.01215483
v 0.22406476 0.15961344 -0.00107967
v 0.22168725 0.16051789 0.00328637
v 0.21977776 0.15813370 0.00811459
v 0.21733146 0.14215334 0.01651503
v 0.21314126 0.15122421 0.01063217
v 0.21569436 0.15907271 0.00581051
v 0.21896070 0.16059895 -0.00312053
v 0.21662062 0.16137667 0.00112964
v 0.21055132 0.15779586 0.00353814
v 0.21357887 0.15977843 -0.00566911
v 0.21127635 0.16042931 -0.00153505
v 0.21384519 0.15751679 -0.00570392
v 0.20799332 0.15662892 -0.00697266
v 0.20561379 0.15689154 -0.00271820
v 0.20409029 0.15175791 0.00206698
v 0.19952219 0.14887734 -0.00482213
v 0.20984917 0.15313645 -0.00678288
v 0.20211094 0.14935489 -0.00822865
v 0.21130818 0.14586671 -0.00567614
v 0.20491355 0.14638896 -0.00818573
v 0.20056551 0.14422603 -0.00902807
v 0.20397406 0.13882084 -0.00770282
v 0.21656125 0.13948138 -0.00220918
v 0.22215813 0.13337012 -0.00161945
v 0.20782846 0.12852330 -0.00406586
v 0.20048063 0.13549323 -0.00779187
v 0.21176189 0.12140961 -0.00403821
v 0.20458918 0.12599428 -0.00443505
v 0.19794887 0.14354832 -0.00541078
v 0.20149701 0.12572701 -0.00183879
v 0.20011788 0.14510818 0.00068129
v 0.19766610 0.13448031 -0.00421237
v 0.19837516 0.13974745 -0.00047683
v 0.20160049 0.13901205 0.00402058
v 0.19876724 0.13424487 0.00085319
v 0.20530062 0.13080795 0.00752986
v 0.22200554 0.12949367 0.02169395
v 0.20141452 0.12562294 0.00298739
v 0.21013826 0.11770601 0.01212359
v 0.24000257 0.12712248 0.02827753
v 0.20673769 0.11642869 -0.00086247
v 0.22484749 0.12207992 0.02692331
v 0.20834368 0.11201174 0.00458265
v 0.21331363 0.10865064 0.01588739
v 0.20814472 0.11909611 -0.00407230
v 0.21241491 0.11107762 -0.00797616
v 0.21687835 0.11354180 -0.00833022
v 0.21219438 0.10751410 -0.00590872
v 0.21589606 0.10718627 -0.01471757
v 0.21979218 0.11023481 -0.01387142
v 0.22179943 0.10932393 -0.01936828
v 0.22491329 0.10963865 -0.03055142
v 0.21861737 0.10560639 -0.02177416
v 0.21679037 0.10368951 -0.01379918
v 0.22489446 0.11426265 -0.03780698
v 0.22271221 0.10695775 -0.03196727
v 0.22035020 0.10201831 -0.02189969
v 0.22394531 0.11883862 -0.04154085
v 0.22414165 0.11109765 -0.04006337
v 0.22283428 0.11488421 -0.04347455
v 0.22286182 0.12292512 -0.04478561
v 0.22626930 0.10859771 -0.04392075
v 0.22137182 0.12005968 -0.04713439
v 0.22306293 0.12734719 -0.04675030
v 0.22469323 0.11270387 -0.04742109
v 0.22481948 0.13238878 -0.04760694
v 0.22163015 0.12644012 -0.04882895
v 0.22295039 0.13264830 -0.05018269
v 0.22288554 0.12545998 -0.05296360
v 0.22444313 0.13195617 -0.05448841
v 0.22863489 0.12913258 -0.05798971
v 0.22272998 0.11852510 -0.05034207
v 0.22695594 0.12242944 -0.05658041
v 0.22984725 0.11741157 -0.05489646
v 0.22622483 0.11731584 -0.05487751
v 0.22840851 0.11208232 -0.05184494
v 0.23430436 0.11068983 -0.05028366
v 0.23123174 0.10778876 -0.04775917
v 0.24069756 0.10450287 -0.04401182
v 0.23644369 0.10211439 -0.04125010
v 0.22637563 0.10629554 -0.04092168
v 0.24724727 0.09336920 -0.04098295
v 0.22482901 0.10250015 -0.03283953
v 0.22925585 0.09558423 -0.03129148
v 0.22385042 0.09515507 -0.01798736
v 0.23663145 0.08734746 -0.02994513
v 0.22097247 0.09668215 -0.01111721
v 0.24347776 0.09082504 -0.03820895
v 0.23323458 0.08646901 -0.01598023
v 0.24744194 0.07283182 -0.02748834
v 0.25655502 0.08123977 -0.04110109
v 0.25294154 0.07730289 -0.03721737
v 0.27902930 0.05504902 -0.03622447
v 0.27460151 0.05252917 -0.03287219
v 0.27298802 0.04861756 -0.01984560
v 0.29102677 0.04443856 -0.03290497
v 0.28687542 0.04264183 -0.02927660
v 0.28563243 0.03993018 -0.02123355
v 0.29285472 0.03707595 -0.02810775
v 0.30092257 0.04415722 -0.03373693
v 0.29600053 0.04054423 -0.03163897
v 0.30124705 0.04354663 -0.03257131
v 0.29735892 0.03973086 -0.03104674
v 0.29470413 0.03637893 -0.02748012
v 0.29882901 0.04093845 -0.02847766
v 0.30150264 0.04445966 -0.02985453
v 0.29205411 0.03493996 -0.01992082
v 0.29637378 0.03816457 -0.02600764
v 0.28646832 0.03865750 -0.01299273
v 0.29404634 0.03416379 -0.01972686
v 0.29476946 0.03352030 -0.01208138
v 0.29629248 0.03726609 -0.01917099
v 0.29621404 0.03780277 -0.01127349
v 0.28551977 0.05045898 -0.03154885
v 0.28512090 0.04893036 -0.01196467
v 0.29013055 0.05649645 -0.03307699
v 0.29340237 0.05453284 -0.01074814
v 0.29774051 0.03934283 -0.00953340
v 0.29965919 0.06249375 -0.02939378
v 0.30491751 0.06692751 -0.01377594
v 0.31212502 0.05315037 -0.01053881
v 0.30250757 0.04364855 -0.00944649
v 0.31386226 0.05182905 -0.01078021
v 0.30442517 0.04152115 -0.00954758
v 0.31492608 0.05142327 -0.00988387
v 0.30489939 0.04133506 -0.00851130
v 0.29934900 0.03693361 -0.00975334
v 0.31587451 0.05224235 -0.00478922
v 0.29965525 0.03611381 -0.00873386
v 0.29393118 0.03282733 -0.01099609
v 0.30464845 0.04091890 -0.00441145
v 0.28937262 0.03956397 -0.00239443
v 0.29569345 0.03454621 -0.00178634
v 0.29997485 0.03604539 -0.00356280
v 0.27564436 0.05045421 0.00349964
v 0.29035943 0.04167564 0.01173688
v 0.29774683 0.03614218 -0.00107121
v 0.30001646 0.03715022 -0.00211965
v 0.30431526 0.04152806 -0.00294923
v 0.29813069 0.03881724 -0.00093423
v 0.29940432 0.03908165 -0.00208019
v 0.29795855 0.03887768 0.01137806
v 0.29633396 0.03769167 0.01228739
v 0.29846161 0.04179020 0.01084746
v 0.28956502 0.04241545 0.02082110
v 0.28640121 0.05387886 0.00890554
v 0.27322739 0.04891176 0.01764728
v 0.28674071 0.05043025 -0.00539099
v 0.30247443 0.04333503 -0.00355827
v 0.29217117 0.05484445 -0.00665854
v 0.31367295 0.05370386 -0.00321900
v 0.31505340 0.05277307 -0.00336360
v 0.30606263 0.06847496 -0.00670122
v 0.31882196 0.05688412 -0.00256812
v 0.31623285 0.05576236 -0.00145208
v 0.32161587 0.05973466 0.01513673
v 0.30829971 0.07251365 0.01295711
v 0.29657083 0.06024559 0.01204301
v 0.31778687 0.05934174 0.01464737
v 0.29956549 0.04269440 0.01272059
v 0.30652791 0.04822762 0.01424767
v 0.31797128 0.05676193 0.01578201
v 0.30070465 0.04041107 0.01301528
v 0.30798798 0.04665108 0.01430620
v 0.30028539 0.03973968 0.01444055
v 0.31855887 0.05656977 0.01676084
v 0.30812770 0.04630978 0.01516486
v 0.31782907 0.05706270 0.02229012
v 0.32067626 0.06161113 0.02388049
v 0.32067626 0.06161113 0.02388049
v 0.30752152 0.04673798 0.02018488
v 0.31974834 0.06059881 0.02473737
v 0.29964679 0.04077084 0.02114631
v 0.31674069 0.05735476 0.02300097
v 0.31345099 0.06258686 0.04174675
v 0.31380790 0.06362458 0.04286862
v 0.31380790 0.06362458 0.04286862
v 0.30721849 0.04717226 0.02104009
v 0.31704086 0.05994494 0.02497948
v 0.30599254 0.04866596 0.02088727
v 0.29908341 0.04143996 0.02157689
v 0.29534643 0.03896232 0.02143551
v 0.29649776 0.03983660 0.02282299
v 0.29248624 0.03908737 0.03192044
v 0.29539304 0.04306038 0.02276898
v 0.28747326 0.04153557 0.03008832
v 0.29426830 0.04018243 0.03131236
v 0.27173870 0.04572935 0.02942456
v 0.29530471 0.04314382 0.03090156
v 0.26344555 0.04928978 0.01569367
v 0.29611319 0.04226871 0.03297103
v 0.25264817 0.05737741 0.00609482
v 0.29538983 0.04173560 0.03402139
v 0.30185586 0.04940541 0.03722645
v 0.30081146 0.05124314 0.03643311
v 0.29239910 0.04208691 0.03948427
v 0.28390854 0.05527003 0.02829278
v 0.28942257 0.03931554 0.03857816
v 0.28621572 0.05416365 0.01897181
v 0.28411847 0.04202016 0.03600300
v 0.29529803 0.06028373 0.01697315
v 0.28976839 0.06305654 0.03429330
v 0.30747383 0.07316573 0.02089346
v 0.30080133 0.07552691 0.03900827
v 0.31126993 0.06186219 0.04029585
v 0.31084197 0.05950160 0.04160954
v 0.31062930 0.05927808 0.04297126
v 0.30165034 0.04920371 0.03865040
v 0.30756133 0.05960281 0.04765988
v 0.30943316 0.06391497 0.05081166
v 0.30943316 0.06391497 0.05081166
v 0.30861347 0.06283302 0.05078710
v 0.30861347 0.06283302 0.05078710
v 0.29898685 0.04932697 0.04220212
v 0.30679959 0.05976303 0.04798461
v 0.30609017 0.06249888 0.04920674
v 0.30609017 0.06249888 0.04920674
v 0.29834073 0.04972644 0.04255200
v 0.30433481 0.06032725 0.04644824
v 0.29189079 0.04267497 0.03986538
v 0.28788322 0.06302126 0.03762687
v 0.29691833 0.05114455 0.04199852
v 0.29164224 0.04450281 0.04023064
v 0.28187853 0.05613168 0.03598703
v 0.29004949 0.04302712 0.04096747
v 0.28996175 0.04036863 0.03964246
v 0.28722017 0.04152770 0.04463078
v 0.28469711 0.03903575 0.04383362
v 0.28571742 0.03952344 0.04436506
v 0.28466409 0.04113872 0.04898931
v 0.28040391 0.04187472 0.04022027
v 0.28211015 0.03867467 0.04933537
v 0.28115910 0.03850849 0.04866971
v 0.26653224 0.04366214 0.04045249
v 0.27616149 0.04143269 0.04640103
v 0.27835196 0.04163153 0.05582345
v 0.27375537 0.04354019 0.05408062
v 0.28016775 0.04136212 0.05614806
v 0.27987807 0.04871817 0.06324578
v 0.28271096 0.04334958 0.05501784
v 0.28167813 0.04782768 0.06288363
v 0.27404278 0.05470581 0.04926253
v 0.28329640 0.04815622 0.06058634
v 0.27379971 0.06073923 0.05768848
v 0.28714460 0.05351539 0.06313206
v 0.28658002 0.05422993 0.06614758
v 0.30114620 0.06338246 0.06036616
v 0.29622846 0.06140156 0.06153108
v 0.29291599 0.05937381 0.06395937
v 0.29769307 0.06294770 0.06363476
v 0.29381579 0.06103153 0.06648577
v 0.28542011 0.05529041 0.06656767
v 0.29311543 0.06250055 0.06665863
v 0.29737752 0.06447585 0.06400026
v 0.30121546 0.06496973 0.06092418
v 0.29781883 0.07171626 0.05872727
v 0.29376393 0.07112546 0.06170453
v 0.30711311 0.07115503 0.04949785
v 0.28409355 0.08747645 0.05188895
v 0.31147926 0.07012649 0.04083456
v 0.29883807 0.08355982 0.04523660
v 0.31781488 0.06834932 0.02263511
v 0.30221313 0.08136113 0.04072166
v 0.30842143 0.08033331 0.01938261
v 0.31023150 0.07903238 0.00796557
v 0.30059093 0.08286793 0.03931571
v 0.31002134 0.07787593 -0.00824689
v 0.30595475 0.08146138 0.01896752
v 0.30843335 0.08096154 0.00732661
v 0.30690330 0.08083947 -0.01071333
v 0.30766481 0.07958431 -0.00752841
v 0.28874057 0.10263415 -0.01854002
v 0.30196756 0.08194239 -0.00877010
v 0.28883737 0.10139008 -0.01494621
v 0.27663510 0.11746736 -0.01017748
v 0.28854280 0.10159702 -0.00612747
v 0.30259615 0.08010514 -0.00533043
v 0.30227369 0.08134015 0.00554956
v 0.30053824 0.08252437 0.01796735
v 0.26306933 0.12232561 0.02552069
v 0.27754849 0.10741039 0.02687050
v 0.29526156 0.08351989 0.03335095
v 0.29374378 0.08494110 0.03510262
v 0.27686446 0.10932000 0.03128828
v 0.29813307 0.08459897 0.04113854
v 0.27395480 0.10938771 0.03458715
v 0.25170892 0.12646921 0.02600635
v 0.25134426 0.11940308 0.03487993
v 0.26136439 0.10971649 0.04018403
v 0.27131813 0.09245486 0.05282451
v 0.23912948 0.12129648 0.03517068
v 0.24980884 0.11525853 0.03326405
v 0.22692435 0.11693950 0.03232146
v 0.24020737 0.11657400 0.03382445
v 0.23050850 0.11377378 0.03121437
v 0.21654194 0.10747142 0.02423574
v 0.22156125 0.10543020 0.02402771
v 0.24801081 0.11411412 0.02053071
v 0.22919815 0.10377271 0.01141168
v 0.21978467 0.10157283 0.02081383
v 0.21462887 0.10269947 0.02050842
v 0.21903437 0.09696300 0.01812173
v 0.21235269 0.10331435 0.01213707
v 0.21355014 0.09768744 0.01738966
v 0.21597880 0.10148092 -0.00220834
v 0.21842378 0.09186847 0.00596965
v 0.22839468 0.08736892 -0.00689613
v 0.21677094 0.08683129 0.01435185
v 0.23992079 0.06637414 -0.00129520
v 0.24488562 0.06933124 -0.01016556
v 0.23618012 0.06526549 0.00749148
v 0.24728339 0.05710633 0.01406110
v 0.23204106 0.06576891 0.01728500
v 0.25645655 0.04985614 0.02283944
v 0.24164789 0.05878313 0.02308382
v 0.24932473 0.05270631 0.03109158
v 0.24308103 0.06453247 0.02324153
v 0.25004666 0.05778916 0.03055871
v 0.25841695 0.04884572 0.04380179
v 0.25966209 0.05415674 0.04285575
v 0.23418527 0.07218464 0.01813329
v 0.25734442 0.05857546 0.01934768
v 0.22133678 0.08759065 0.01607371
v 0.24430531 0.07132335 0.00807680
v 0.22717541 0.09566052 0.00514139
v 0.22933167 0.08766647 0.00415374
v 0.26536744 0.10481031 0.02357543
v 0.27517586 0.08817454 0.03522087
v 0.25837606 0.10688062 0.03727222
v 0.26820200 0.09013338 0.04900325
v 0.27871912 0.08207793 0.03935219
v 0.27273303 0.08127446 0.05453862
v 0.27475744 0.08181925 0.06008924
v 0.27764064 0.06778975 0.04582048
v 0.28274673 0.07578464 0.06113471
v 0.27072912 0.06875296 0.05979157
v 0.27235478 0.06774206 0.06434382
v 0.28928512 0.06905313 0.06426419
v 0.27724248 0.06339891 0.06444884
v 0.28156393 0.05946477 0.06437350
v 0.26659220 0.05811711 0.05990089
v 0.27198523 0.05424912 0.06054045
v 0.27705997 0.05102308 0.06182111
v 0.26703041 0.04757030 0.05315293
v 0.26100891 0.05206163 0.05316545
v 0.26616865 0.06063838 0.05540181
v 0.26125997 0.05570729 0.05046381
v 0.27338403 0.06014533 0.04164506
v 0.26803022 0.05479927 0.03336323
v 0.24394422 0.01555957 0.09769774
v 0.24394422 0.01555957 0.09769774
v 0.24175852 0.01333101 0.09554614
v 0.24175852 0.01333101 0.09554614
v 0.24419182 0.01472355 0.09647299
v 0.24419182 0.01472355 0.09647299
v 0.24094289 0.01371355 0.09660793
v 0.24156635 0.01686670 0.10204471
v 0.24156635 0.01686670 0.10204471
v 0.23960202 0.01226200 0.09383501
v 0.23960202 0.01226200 0.09383501
v 0.23800438 0.01452084 0.10096849
v 0.23796302 0.01964255 0.10592295
v 0.23796302 0.01964255 0.10592295
v 0.23796302 0.01964255 0.10592295
v 0.23439186 0.01718481 0.10472466
v 0.23439186 0.01718481 0.10472466
v 0.23484295 0.01326086 0.09818138
v 0.23101049 0.01604189 0.10197342
v 0.23823589 0.01249833 0.09441734
v 0.23736339 0.01352705 0.09046198
v 0.23901861 0.01324124 0.08964969
v 0.23901861 0.01324124 0.08964969
v 0.24053567 0.02240761 0.07579936
v 0.24053567 0.02240761 0.07579936
v 0.23436313 0.01388801 0.09273590
v 0.23680359 0.02458437 0.07328475
v 0.24041074 0.02520557 0.07603050
v 0.24041074 0.02520557 0.07603050
v 0.23782986 0.02675886 0.07337357
v 0.23782986 0.02675886 0.07337357
v 0.23442810 0.02919562 0.07106007
v 0.23442810 0.02919562 0.07106007
v 0.23177069 0.02959736 0.07075621
v 0.23207968 0.03077395 0.06951238
v 0.23393887 0.03165002 0.06974710
v 0.23393887 0.03165002 0.06974710
v 0.23245853 0.03437479 0.06984068
v 0.23245853 0.03437479 0.06984068
v 0.23061507 0.03337534 0.06953407
v 0.23072916 0.03606589 0.07205297
v 0.23072916 0.03606589 0.07205297
v 0.22861856 0.03499491 0.07167734
v 0.22942334 0.03553350 0.07427228
v 0.22942334 0.03553350 0.07427228
v 0.22808283 0.03250630 0.07360769
v 0.22772222 0.03455050 0.07340480
v 0.22685545 0.03253372 0.07657445
v 0.22897642 0.03350480 0.07779122
v 0.22897642 0.03350480 0.07779122
v 0.22811096 0.03533871 0.08488513
v 0.22811096 0.03533871 0.08488513
v 0.23157662 0.01528473 0.09654153
v 0.22683399 0.02999885 0.07882799
v 0.22559338 0.03548284 0.08559896
v 0.23073142 0.03967483 0.09077014
v 0.23224705 0.03888078 0.08895398
v 0.23224705 0.03888078 0.08895398
v 0.22491651 0.03314753 0.08737982
v 0.23836904 0.04227777 0.09308136
v 0.23831027 0.04146381 0.09107054
v 0.23831027 0.04146381 0.09107054
v 0.22948318 0.01791920 0.10120357
v 0.23021691 0.03779574 0.09341110
v 0.23264712 0.01963623 0.10547293
v 0.23762613 0.02215822 0.10583712
v 0.23880690 0.04054017 0.09550489
v 0.24606817 0.04051562 0.09040965
v 0.24598807 0.04299612 0.08809758
v 0.24437421 0.04171403 0.08634294
v 0.24437421 0.04171403 0.08634294
v 0.24216097 0.02096124 0.10262359
v 0.24709755 0.04489334 0.08424986
v 0.24543052 0.04406936 0.08317543
v 0.24543052 0.04406936 0.08317543
v 0.24822252 0.04325946 0.08489347
v 0.24513190 0.01966388 0.09892465
v 0.24782270 0.04524620 0.08242358
v 0.25131410 0.04003091 0.08169855
v 0.24642628 0.01838751 0.09567035
v 0.25134867 0.03261562 0.08210076
v 0.24680155 0.01741560 0.09412242
v 0.25053209 0.02783508 0.08174575
v 0.24295467 0.01493467 0.09217609
v 0.24556022 0.02485628 0.07897700
v 0.24854391 0.02963312 0.08090235
v 0.24441391 0.02730973 0.07868196
v 0.24957388 0.03331788 0.08051301
v 0.24787157 0.03311999 0.08268381
v 0.24264961 0.02776177 0.08119179
v 0.25074166 0.03789575 0.08013965
v 0.24907582 0.03832538 0.08005036
v 0.25134795 0.04105945 0.08029593
v 0.25016516 0.04030354 0.07877649
v 0.24995249 0.04369850 0.08035756
v 0.24864095 0.04300471 0.07884468
v 0.24635142 0.04439540 0.08073426
v 0.24855214 0.04081257 0.07865144
v 0.24754017 0.04243322 0.07917655
v 0.24606865 0.04318745 0.08080925
v 0.24548643 0.04198237 0.08276094
v 0.24445265 0.04002352 0.08578361
v 0.24330538 0.03325279 0.08980406
v 0.23815041 0.02984746 0.08662284
v 0.23302048 0.02811618 0.08341886
v 0.23725241 0.02762504 0.07559718
v 0.23047560 0.03257711 0.07805098
v 0.23459762 0.03060980 0.07202877
v 0.23108762 0.03430898 0.07478500
v 0.23406857 0.03309412 0.07062686
v 0.23154169 0.03544612 0.07275988
v 0.23285859 0.03460868 0.07103814
v 0.21636646 0.09046931 0.02144552
v 0.21636646 0.09046931 0.02144552
v 0.21959477 0.09770735 0.02003230
v 0.21959477 0.09770735 0.02003230
v 0.22010272 0.09209223 0.01771177
v 0.22010272 0.09209223 0.01771177
v 0.21566265 0.09669967 0.02347733
v 0.21662837 0.07263763 0.05280865
v 0.21662837 0.07263763 0.05280865
v 0.22106403 0.10250719 0.02315081
v 0.22106403 0.10250719 0.02315081
v 0.21782404 0.10187478 0.02670754
v 0.21795576 0.07624681 0.05741013
v 0.21715491 0.07060404 0.05594076
v 0.21715491 0.07060404 0.05594076
v 0.21715491 0.07060404 0.05594076
v 0.22518509 0.10918648 0.03199221
v 0.22788530 0.10890396 0.02771176
v 0.22788530 0.10890396 0.02771176
v 0.21804159 0.07367880 0.06015755
v 0.23484319 0.11499710 0.03563584
v 0.23714226 0.11405618 0.03248740
v 0.23714226 0.11405618 0.03248740
v 0.22439891 0.08186038 0.06410004
v 0.24147230 0.11593492 0.03844679
v 0.24311727 0.11398251 0.03372193
v 0.24311727 0.11398251 0.03372193
v 0.21991592 0.07013352 0.05644275
v 0.21991592 0.07013352 0.05644275
v 0.22050100 0.07231827 0.06013430
v 0.22050100 0.07231827 0.06013430
v 0.22413009 0.07914932 0.06648470
v 0.22564428 0.07733233 0.06594373
v 0.22564428 0.07733233 0.06594373
v 0.23266404 0.08323367 0.06971611
v 0.23347550 0.08101661 0.06849099
v 0.23347550 0.08101661 0.06849099
v 0.23246532 0.08610149 0.06767107
v 0.24036782 0.08417876 0.06845332
v 0.24035471 0.08146067 0.06637562
v 0.24035471 0.08146067 0.06637562
v 0.24924153 0.07813342 0.06211985
v 0.24924153 0.07813342 0.06211985
v 0.24050432 0.08703394 0.06690825
v 0.24824148 0.11366875 0.04024375
v 0.24908727 0.11109395 0.03515948
v 0.24908727 0.11109395 0.03515948
v 0.25716847 0.10220785 0.03930534
v 0.25716847 0.10220785 0.03930534
v 0.25772422 0.10371227 0.04487015
v 0.26483827 0.08918698 0.04814101
v 0.26483827 0.08918698 0.04814101
v 0.25273328 0.08274420 0.06281842
v 0.26463216 0.09084828 0.05267061
v 0.26839011 0.07876225 0.05518890
v 0.26839011 0.07876225 0.05518890
v 0.25148671 0.08029802 0.06404401
v 0.25407391 0.07664485 0.06392468
v 0.25193208 0.07503577 0.06141687
v 0.25193208 0.07503577 0.06141687
v 0.25783997 0.07754393 0.06320275
v 0.25570076 0.07299276 0.06470479
v 0.25259381 0.07019551 0.06150890
v 0.25259381 0.07019551 0.06150890
v 0.26744657 0.08021648 0.05950547
v 0.25968998 0.07098289 0.06443466
v 0.26620274 0.06816681 0.06344391
v 0.26887994 0.06569000 0.05919851
v 0.26887994 0.06569000 0.05919851
v 0.25839823 0.06547327 0.06170238
v 0.26476329 0.06220217 0.06123031
v 0.26738005 0.06111927 0.05843533
v 0.26487713 0.06308563 0.05490972
v 0.26487713 0.06308563 0.05490972
v 0.26246255 0.05374034 0.04963542
v 0.26107400 0.05931659 0.04849363
v 0.26107400 0.05931659 0.04849363
v 0.25979703 0.05799814 0.04507721
v 0.25979703 0.05799814 0.04507721
v 0.25773149 0.05252500 0.05065943
v 0.25053101 0.05395050 0.05066730
v 0.24524563 0.05587359 0.04986573
v 0.25954335 0.05198355 0.04539896
v 0.25530046 0.05171390 0.04592753
v 0.25219792 0.05592664 0.03459335
v 0.25334256 0.06077202 0.03661181
v 0.24829381 0.05222566 0.04574288
v 0.24848645 0.05465682 0.03609038
v 0.24390846 0.05999525 0.02800144
v 0.24499994 0.06416781 0.02959062
v 0.24105781 0.05836840 0.03012658
v 0.25198191 0.06971653 0.04464699
v 0.23352593 0.06781073 0.02223910
v 0.23639482 0.07153518 0.02377344
v 0.25822550 0.07625218 0.04853667
v 0.23681706 0.08854730 0.03618432
v 0.24582475 0.09880574 0.03906597
v 0.24016743 0.10915013 0.03334130
v 0.23167627 0.10287256 0.03139390
v 0.22565025 0.09679194 0.02780915
v 0.22508352 0.09019180 0.02030481
v 0.22898977 0.08298798 0.01973392
v 0.22186559 0.08630116 0.01692165
v 0.22507494 0.07954760 0.01792468
v 0.21828478 0.08488841 0.02112664
v 0.22220426 0.07681258 0.02235032
v 0.23077958 0.06599553 0.02506913
v 0.21814387 0.06762571 0.04815162
v 0.23945671 0.05381806 0.04183711
v 0.22529524 0.06093652 0.04333604
v 0.24401539 0.05265517 0.04670871
v 0.23891776 0.05380280 0.04520906
v 0.22548931 0.06098206 0.04626895
v 0.23956865 0.05741139 0.04783166
v 0.21841496 0.06709535 0.05188061
v 0.22147768 0.06751485 0.05290807
v 0.22747701 0.06362612 0.04883469
v 0.22349947 0.07426269 0.05157186
v 0.22842997 0.07119866 0.04802145
v 0.22793859 0.07899471 0.05953933
v 0.23504203 0.08251400 0.06184913
v 0.24028891 0.08267648 0.05953814
v 0.24194103 0.06670768 0.04622615
v 0.24892848 0.07978053 0.05537654
v 0.24774163 0.06649263 0.04595018
v 0.25341290 0.07622881 0.05246092
v 0.30553501 0.02017243 0.05018259
v 0.30553501 0.02017243 0.05018259
v 0.30553501 0.02017243 0.05018259
v 0.30833309 0.01794810 0.05173660
v 0.30833309 0.01794810 0.05173660
v 0.30574840 0.01774843 0.05068398
v 0.30574840 0.01774843 0.05068398
v 0.30693024 0.01649310 0.05428840
v 0.30373567 0.01632382 0.05417992
v 0.30911487 0.02030130 0.05522944
v 0.31003397 0.02062078 0.05243958
v 0.31003397 0.02062078 0.05243958
v 0.31393891 0.02367051 0.05527330
v 0.31393891 0.02367051 0.05527330
v 0.30441373 0.02050622 0.05473174
v 0.31224530 0.02294107 0.05784107
v 0.31666177 0.02206881 0.05733717
v 0.31666177 0.02206881 0.05733717
v 0.31061595 0.02766438 0.05890525
v 0.31467741 0.02114446 0.05979551
v 0.31783503 0.02108736 0.05865932
v 0.31783503 0.02108736 0.05865932
v 0.31537145 0.02549775 0.06206311
v 0.31617659 0.01973207 0.06099845
v 0.30474609 0.02833052 0.06790257
v 0.31835120 0.02081676 0.06479932
v 0.31943196 0.02067752 0.06497372
v 0.32159656 0.02340253 0.06583704
v 0.32159656 0.02340253 0.06583704
v 0.31478589 0.02477069 0.07583953
v 0.30901187 0.02638431 0.07136620
v 0.31244343 0.02208216 0.07341863
v 0.31290835 0.02201326 0.07453693
v 0.30802386 0.02125282 0.07305957
v 0.30665439 0.02295144 0.07536090
v 0.30637556 0.02188332 0.07210637
v 0.30416268 0.02428873 0.07023932
v 0.30503934 0.02398308 0.07471527
v 0.30255705 0.02539261 0.07272876
v 0.30558556 0.02563830 0.07479144
v 0.29988354 0.02141733 0.06780613
v 0.30800479 0.03555365 0.07047559
v 0.29724758 0.02185555 0.06364990
v 0.29604452 0.01773705 0.06391264
v 0.29876917 0.01814003 0.06722535
v 0.29658788 0.01909084 0.06908167
v 0.30070251 0.01684572 0.05267323
v 0.29398685 0.01929446 0.06697417
v 0.29377597 0.01782812 0.06224907
v 0.30005854 0.01897629 0.05187667
v 0.29292541 0.02000160 0.06163789
v 0.29187792 0.03664167 0.04547108
v 0.29853075 0.04153414 0.04271163
v 0.29853075 0.04153414 0.04271163
v 0.28549104 0.03755744 0.05513443
v 0.29353159 0.02207072 0.06651534
v 0.29056912 0.04056389 0.04572357
v 0.29613310 0.04639895 0.04168750
v 0.29613310 0.04639895 0.04168750
v 0.28564089 0.04126103 0.05328406
v 0.29210382 0.04311843 0.04727198
v 0.29521888 0.04758127 0.04327489
v 0.29521888 0.04758127 0.04327489
v 0.28573602 0.04345854 0.06121744
v 0.28783839 0.04377611 0.05346550
v 0.28783839 0.04377611 0.05346550
v 0.28439575 0.04816623 0.05866695
v 0.28565853 0.04902513 0.05711151
v 0.28565853 0.04902513 0.05711151
v 0.29004245 0.05744167 0.06016172
v 0.29004245 0.05744167 0.06016172
v 0.29872268 0.04775615 0.05087472
v 0.29995888 0.05594476 0.04581107
v 0.29995888 0.05594476 0.04581107
v 0.30147165 0.05826874 0.04788817
v 0.30147165 0.05826874 0.04788817
v 0.30261868 0.06171115 0.05312682
v 0.30261868 0.06171115 0.05312682
v 0.29394119 0.04849048 0.05781330
v 0.29834145 0.06237049 0.05933774
v 0.29834145 0.06237049 0.05933774
v 0.29273480 0.05959065 0.06053771
v 0.29273480 0.05959065 0.06053771
v 0.28924912 0.05762191 0.06193865
v 0.29173940 0.05986817 0.06257595
v 0.28995364 0.05311651 0.06486095
v 0.29229909 0.05643626 0.06591929
v 0.29741519 0.03311057 0.06971062
v 0.29924982 0.03482397 0.07086957
v 0.30107241 0.06093414 0.06354702
v 0.30231422 0.02695425 0.07257522
v 0.30736666 0.05997486 0.05442525
v 0.31463342 0.03432961 0.06078352
v 0.29768472 0.02259476 0.06981100
v 0.31706434 0.02374048 0.05763353
v 0.31380551 0.02521940 0.05495132
v 0.31151813 0.03286822 0.05276645
v 0.30960673 0.03127296 0.05136324
v 0.30388158 0.05102356 0.04471899
v 0.30601829 0.05437429 0.04607976
v 0.30134576 0.05580135 0.04444159
v 0.30303901 0.05816574 0.04622806
v 0.31333678 -0.03608780 0.07787610
v 0.31333678 -0.03608780 0.07787610
v 0.32048624 -0.04028408 0.07567061
v 0.32048624 -0.04028408 0.07567061
v 0.31767529 -0.04008506 0.07972337
v 0.31767529 -0.04008506 0.07972337
v 0.31757944 -0.03637235 0.07178129
v 0.30862253 -0.02427153 0.07465864
v 0.30862253 -0.02427153 0.07465864
v 0.31916540 -0.03642635 0.07203294
v 0.32194107 -0.04016726 0.07636345
v 0.32194107 -0.04016726 0.07636345
v 0.31375485 -0.02450214 0.06740285
v 0.32666939 -0.03632896 0.07809986
v 0.32631605 -0.03874980 0.07891906
v 0.32631605 -0.03874980 0.07891906
v 0.32631605 -0.03874980 0.07891906
v 0.31471770 -0.02381222 0.06627465
v 0.31369537 -0.02248417 0.06764163
v 0.30881375 -0.02231078 0.07449950
v 0.30881375 -0.02231078 0.07449950
v 0.32222467 -0.01703398 0.06784130
v 0.31616777 -0.01744114 0.06410075
v 0.32582849 -0.02963703 0.07601095
v 0.32623881 -0.02956770 0.07822670
v 0.32586747 -0.01663260 0.07240523
v 0.32710379 -0.03655385 0.08017469
v 0.32283502 -0.03845142 0.08400823
v 0.32578843 -0.01611774 0.07516111
v 0.32436281 -0.03637801 0.08396841
v 0.32261079 -0.02934836 0.08336462
v 0.32064050 -0.01563154 0.08277513
v 0.32206302 -0.03592442 0.08478952
v 0.32004946 -0.02920912 0.08438445
v 0.31884020 -0.03993808 0.08084715
v 0.31412213 -0.03608798 0.07927764
v 0.30771893 -0.02347349 0.07593072
v 0.31210094 -0.01653646 0.08204854
v 0.30642074 -0.01696287 0.07775939
v 0.30673807 -0.01669745 0.07657088
v 0.30673807 -0.01669745 0.07657088
v 0.31758922 -0.01630132 0.08376134
v 0.30616420 -0.01482426 0.07771791
v 0.30652791 -0.01473628 0.07631076
v 0.30652791 -0.01473628 0.07631076
v 0.30751818 -0.01247744 0.07688333
v 0.30751818 -0.01247744 0.07688333
v 0.30692309 -0.01464377 0.07874132
v 0.30696672 -0.01272260 0.07839800
v 0.30922359 -0.01188849 0.07773388
v 0.30922359 -0.01188849 0.07773388
v 0.30871921 -0.01200824 0.07933916
v 0.31054753 -0.01250045 0.07887341
v 0.31054753 -0.01250045 0.07887341
v 0.30933421 -0.01392745 0.08033706
v 0.30974072 -0.01252888 0.08015169
v 0.31231981 -0.01455371 0.07983066
v 0.31231981 -0.01455371 0.07983066
v 0.31129234 -0.01439701 0.08136357
v 0.31713885 -0.01404487 0.08164812
v 0.31713885 -0.01404487 0.08164812
v 0.31727725 -0.01439367 0.08295442
v 0.31907933 -0.01369266 0.08101500
v 0.31907933 -0.01369266 0.08101500
v 0.31999033 -0.01390331 0.08193553
v 0.32363671 -0.01431195 0.07434739
v 0.32363671 -0.01431195 0.07434739
v 0.32478779 -0.01437144 0.07483269
v 0.32506507 -0.01469992 0.07231296
v 0.32305782 -0.01468663 0.07298113
v 0.32305782 -0.01468663 0.07298113
v 0.32029980 -0.01494228 0.06874574
v 0.32029980 -0.01494228 0.06874574
v 0.32136458 -0.01489197 0.06723119
v 0.31883639 -0.01290469 0.06733848
v 0.31883639 -0.01290469 0.06733848
v 0.31973713 -0.01302008 0.06612981
v 0.31922000 -0.01360951 0.06526984
v 0.31749004 -0.01445095 0.06405593
v 0.31864374 -0.01242422 0.06526006
v 0.31601327 -0.01522605 0.06373740
v 0.31701081 -0.01312153 0.06411685
v 0.31733173 -0.01220958 0.06630136
v 0.31578046 -0.01286070 0.06507839
v 0.31518214 -0.01710956 0.06505097
v 0.31483477 -0.01505964 0.06457628
v 0.31542533 -0.01365648 0.06589247
v 0.31705301 -0.01299189 0.06692196
v 0.31801837 -0.01410906 0.06769324
v 0.31515687 -0.01480191 0.06570853
v 0.31520909 -0.01647274 0.06590963
v 0.31949084 -0.01586817 0.06899501
v 0.32003229 -0.02065359 0.07167150
v 0.31503695 -0.02040015 0.07874979
v 0.31223124 -0.01551627 0.07903100
v 0.30773943 -0.01609932 0.07623983
v 0.31054478 -0.01374649 0.07804073
v 0.30746096 -0.01447742 0.07601262
v 0.30793231 -0.01339363 0.07641471
v 0.30951482 -0.01262568 0.07736386
v 0.33936399 -0.04383509 0.05740536
v 0.33936399 -0.04383509 0.05740536
v 0.34503096 -0.04900329 0.05338968
v 0.34503096 -0.04900329 0.05338968
v 0.34371799 -0.04829310 0.05809499
v 0.34371799 -0.04829310 0.05809499
v 0.34135359 -0.04488932 0.05032290
v 0.33282655 -0.03035764 0.05409933
v 0.33282655 -0.03035764 0.05409933
v 0.34293121 -0.04502486 0.05005051
v 0.34663575 -0.04892437 0.05355824
v 0.34663575 -0.04892437 0.05355824
v 0.33548039 -0.03166501 0.04508794
v 0.35306256 -0.04641096 0.05351604
v 0.35291558 -0.04872905 0.05463923
v 0.35291558 -0.04872905 0.05463923
v 0.35291558 -0.04872905 0.05463923
v 0.33536714 -0.02947997 0.04567636
v 0.33302193 -0.02843271 0.05369485
v 0.33302193 -0.02843271 0.05369485
v 0.33583682 -0.03097819 0.04418911
v 0.35088556 -0.03977232 0.05107511
v 0.34366911 -0.02459364 0.04256238
v 0.33670848 -0.02491282 0.04104782
v 0.35200375 -0.03954910 0.05301977
v 0.34927517 -0.02403377 0.04576624
v 0.35414737 -0.04649334 0.05534948
v 0.35131460 -0.04779230 0.06052710
v 0.35012453 -0.02329175 0.04833413
v 0.34855383 -0.02206741 0.04574967
v 0.34519213 -0.04813062 0.05875994
v 0.35281437 -0.04583220 0.05979050
v 0.34056633 -0.04377179 0.05846931
v 0.35092967 -0.04516552 0.06126441
v 0.35027736 -0.03867750 0.05900908
v 0.34820049 -0.03829037 0.06078566
v 0.34778755 -0.02185469 0.05711962
v 0.33241957 -0.02940183 0.05551077
v 0.33880513 -0.02228604 0.05916382
v 0.33201926 -0.02269344 0.05701269
v 0.33193677 -0.02254699 0.05576552
v 0.33193677 -0.02254699 0.05576552
v 0.34520953 -0.02224331 0.05910290
v 0.34695702 -0.02016245 0.05637086
v 0.34471505 -0.02039181 0.05825759
v 0.34913223 -0.02151714 0.04817809
v 0.34580177 -0.01996915 0.05577947
v 0.34580177 -0.01996915 0.05577947
v 0.34788840 -0.02142333 0.04808904
v 0.34788840 -0.02142333 0.04808904
v 0.34416657 -0.02014248 0.05703915
v 0.34416657 -0.02014248 0.05703915
v 0.34687977 -0.02187006 0.04702807
v 0.34687977 -0.02187006 0.04702807
v 0.33789020 -0.02016203 0.05857135
v 0.33835023 -0.02050917 0.05681134
v 0.33835023 -0.02050917 0.05681134
v 0.34272998 -0.02245753 0.04205693
v 0.34222179 -0.02231537 0.04383195
v 0.34222179 -0.02231537 0.04383195
v 0.34044748 -0.02030914 0.04278267
v 0.34044748 -0.02030914 0.04278267
v 0.34089606 -0.02058058 0.04136468
v 0.34010499 -0.02120356 0.04078115
v 0.33804434 -0.02202784 0.04028286
v 0.33959847 -0.01998840 0.04084254
v 0.33651918 -0.02272932 0.04053832
v 0.33765751 -0.02066969 0.04036499
v 0.33610230 -0.02444182 0.04222883
v 0.33568876 -0.02241926 0.04169346
v 0.33643191 -0.02374022 0.04296542
v 0.33871024 -0.01960520 0.04222668
v 0.33682161 -0.02025233 0.04164315
v 0.33672708 -0.02095454 0.04260231
v 0.33862441 -0.02031462 0.04297770
v 0.33975094 -0.02142511 0.04349996
v 0.33637398 -0.02209149 0.04262889
v 0.34150856 -0.02316372 0.04442013
v 0.34273594 -0.02773951 0.04723252
v 0.34035831 -0.02658747 0.05548740
v 0.33797067 -0.02152614 0.05618227
v 0.33279341 -0.02204357 0.05507053
v 0.33172005 -0.02060406 0.05539633
v 0.33172005 -0.02060406 0.05539633
v 0.33611386 -0.01973783 0.05562378
v 0.33643311 -0.01843076 0.05628384
v 0.33643311 -0.01843076 0.05628384
v 0.33251148 -0.02043121 0.05478776
v 0.33312576 -0.01935087 0.05490662
v 0.33292049 -0.01837479 0.05539180
v 0.33292049 -0.01837479 0.05539180
v 0.33495777 -0.01861189 0.05521096
v 0.33482974 -0.01782970 0.05558110
v 0.33482974 -0.01782970 0.05558110
v 0.33183675 -0.02055328 0.05684675
v 0.33288973 -0.01845931 0.05701984
v 0.33289569 -0.02033918 0.05754579
v 0.33487766 -0.01778518 0.05726660
v 0.33572071 -0.01965223 0.05819453
v 0.33609121 -0.01830272 0.05775083
v 0.32060927 0.01335968 0.02772845
v 0.32060927 0.01335968 0.02772845
v 0.32060927 0.01335968 0.02772845
v 0.32378858 0.01114388 0.02875794
v 0.32378858 0.01114388 0.02875794
v 0.32094567 0.01090981 0.02837432
v 0.32094567 0.01090981 0.02837432
v 0.32302814 0.00988610 0.03176678
v 0.31981378 0.00977160 0.03247214
v 0.32544785 0.01381977 0.03184069
v 0.32566469 0.01390458 0.02881003
v 0.32566469 0.01390458 0.02881003
v 0.33027499 0.01717557 0.03039850
v 0.33027499 0.01717557 0.03039850
v 0.32063335 0.01408990 0.03250493
v 0.32922953 0.01666911 0.03343595
v 0.33350795 0.01564069 0.03190208
v 0.33350795 0.01564069 0.03190208
v 0.32787603 0.02163203 0.03451062
v 0.33214443 0.01493175 0.03491975
v 0.33500927 0.01471521 0.03300477
v 0.33500927 0.01471521 0.03300477
v 0.33341091 0.01956232 0.03664053
v 0.32477945 0.02236397 0.04437781
v 0.33394056 0.01354791 0.03585781
v 0.33706539 0.01491810 0.03900350
v 0.33818715 0.01476641 0.03891803
v 0.34056645 0.01758380 0.03900934
v 0.34056645 0.01758380 0.03900934
v 0.32990258 0.02055485 0.04691590
v 0.33383673 0.01623507 0.04845453
v 0.33458131 0.01624407 0.04945589
v 0.33678430 0.01913579 0.05005325
v 0.32933658 0.01544978 0.04927183
v 0.32855004 0.01740487 0.05176235
v 0.32745355 0.01605500 0.04868425
v 0.32477992 0.01841910 0.04718209
v 0.32677799 0.01844521 0.05143894
v 0.32380431 0.01978440 0.04996778
v 0.32734376 0.02013703 0.05124093
v 0.31989711 0.01537092 0.04607082
v 0.32868403 0.02990718 0.04552306
v 0.31622439 0.01554348 0.04256106
v 0.31508582 0.01136716 0.04346431
v 0.31863611 0.01198764 0.04604352
v 0.31692713 0.01315738 0.04835630
v 0.31641024 0.01025052 0.03168953
v 0.31380337 0.01325275 0.04689444
v 0.31240504 0.01137544 0.04237009
v 0.31140536 0.01357324 0.04179514
v 0.31557005 0.01238514 0.03088225
v 0.30581945 0.03015990 0.02509643
v 0.31165772 0.03735669 0.01926220
v 0.31165772 0.03735669 0.01926220
v 0.30170363 0.03247948 0.03623391
v 0.31323701 0.01607229 0.04632236
v 0.30426710 0.03675540 0.02447260
v 0.30893891 0.04245408 0.01841773
v 0.30893891 0.04245408 0.01841773
v 0.30116444 0.03822024 0.03341175
v 0.30624407 0.03954287 0.02544368
v 0.30841225 0.04385121 0.02017523
v 0.30841225 0.04385121 0.02017523
v 0.30331247 0.04118807 0.04131223
v 0.30346816 0.04083903 0.03281797
v 0.30346816 0.04083903 0.03281797
v 0.30128425 0.04597111 0.03864838
v 0.30217903 0.04672117 0.03665997
v 0.30217903 0.04672117 0.03665997
v 0.30854171 0.05578621 0.03851045
v 0.30854171 0.05578621 0.03851045
v 0.31396883 0.04458459 0.02703000
v 0.31464487 0.05333562 0.02119792
v 0.31464487 0.05333562 0.02119792
v 0.31675666 0.05588968 0.02276267
v 0.31675666 0.05588968 0.02276267
v 0.31937497 0.05979998 0.02758897
v 0.31937497 0.05979998 0.02758897
v 0.31085604 0.04603441 0.03529228
v 0.31674832 0.06087263 0.03507699
v 0.31674832 0.06087263 0.03507699
v 0.31138116 0.05805226 0.03802169
v 0.31138116 0.05805226 0.03802169
v 0.30822914 0.05608018 0.04053272
v 0.31093519 0.05846508 0.04036141
v 0.30979174 0.05147298 0.04355885
v 0.31246203 0.05501623 0.04379810
v 0.32072108 0.05955894 0.03867842
v 0.31788462 0.02761073 0.04759861
v 0.32004815 0.02937634 0.04816557
v 0.32459133 0.05799313 0.02767695
v 0.33236259 0.02853151 0.03482152
v 0.32352513 0.02137835 0.04974652
v 0.31820815 0.01678528 0.04851712
v 0.33398550 0.01736988 0.03195776
v 0.33006280 0.01874085 0.02998341
v 0.32724040 0.02645750 0.02774979
v 0.32494252 0.02479358 0.02694286
v 0.31836777 0.04804201 0.01925648
v 0.32090967 0.05163605 0.01986063
v 0.31567650 0.05309708 0.01942230
v 0.31789082 0.05567641 0.02063836
v 0.31729143 0.01141633 0.00094594
v 0.31729143 0.01141633 0.00094594
v 0.31729143 0.01141633 0.00094594
v 0.32019180 0.00922139 0.00148428
v 0.32019180 0.00922139 0.00148428
v 0.31741970 0.00932844 0.00184847
v 0.31741970 0.00932844 0.00184847
v 0.32010358 0.00807466 0.00452961
v 0.31727570 0.00833286 0.00600673
v 0.32282465 0.01158948 0.00389422
v 0.32226711 0.01166739 0.00099362
v 0.32226711 0.01166739 0.00099362
v 0.32733720 0.01427735 0.00124146
v 0.32733720 0.01427735 0.00124146
v 0.31853955 0.01240499 0.00572814
v 0.32707637 0.01388879 0.00436796
v 0.33055490 0.01240976 0.00187160
v 0.33055490 0.01240976 0.00187160
v 0.32665437 0.01882823 0.00560106
v 0.32997006 0.01186289 0.00506450
v 0.33212774 0.01133449 0.00254847
v 0.33212774 0.01133449 0.00254847
v 0.33211404 0.01617272 0.00624956
v 0.33172339 0.01031227 0.00552345
v 0.33659428 0.01097341 0.00729264
v 0.33915466 0.01341535 0.00671042
v 0.33915466 0.01341535 0.00671042
v 0.33558839 0.01124956 0.00765289
v 0.33582895 0.01356752 0.01862765
v 0.33488041 0.01365252 0.01787640
v 0.33836215 0.01609828 0.01856280
v 0.33131796 0.01828940 0.01732481
v 0.33080691 0.01341172 0.01979936
v 0.33092898 0.01537259 0.02228893
v 0.32610803 0.02064820 0.01619543
v 0.32897275 0.01421870 0.01970960
v 0.32637065 0.01682134 0.01891995
v 0.32931488 0.01658471 0.02240873
v 0.32632452 0.01823302 0.02174831
v 0.32998448 0.01815320 0.02203990
v 0.32119315 0.01445474 0.01918353
v 0.33094781 0.02737076 0.01545132
v 0.31690126 0.01507248 0.01681460
v 0.31559413 0.01116802 0.01804865
v 0.31962603 0.01133640 0.01955665
v 0.31875461 0.01264776 0.02213121
v 0.31396144 0.00919612 0.00612129
v 0.31548494 0.01311280 0.02154697
v 0.31282037 0.01149525 0.01769925
v 0.31321734 0.01135941 0.00552560
v 0.31199377 0.01373644 0.01736058
v 0.30762284 0.03633554 -0.00584041
v 0.30762284 0.03633554 -0.00584041
v 0.31520312 0.01558383 0.02076305
v 0.30208867 0.03512151 0.01171149
v 0.30275529 0.03266270 0.00037480
v 0.30213087 0.03674324 0.00072254
v 0.30551952 0.04142602 -0.00619732
v 0.30551952 0.04142602 -0.00619732
v 0.30166691 0.03863771 0.00956167
v 0.30447024 0.03913648 0.00100268
v 0.30562728 0.04282839 -0.00453149
v 0.30562728 0.04282839 -0.00453149
v 0.30587571 0.04129548 0.01611901
v 0.30390137 0.04080744 0.00834239
v 0.30390137 0.04080744 0.00834239
v 0.30391853 0.04597826 0.01394976
v 0.30432683 0.04654117 0.01188386
v 0.30432683 0.04654117 0.01188386
v 0.31242102 0.04296584 0.00035633
v 0.31179135 0.05054493 -0.00567566
v 0.31179135 0.05054493 -0.00567566
v 0.31435006 0.05274732 -0.00489687
v 0.31435006 0.05274732 -0.00489687
v 0.31826060 0.05630775 -0.00134181
v 0.31826060 0.05630775 -0.00134181
v 0.31178086 0.04483600 0.00858069
v 0.31769031 0.05798335 0.00601829
v 0.31769031 0.05798335 0.00601829
v 0.31316417 0.05614288 0.01010836
v 0.31316417 0.05614288 0.01010836
v 0.31044167 0.05439503 0.01135005
v 0.31044167 0.05439503 0.01135005
v 0.31064981 0.05480261 0.01325000
v 0.31226032 0.05043705 0.01602174
v 0.31333583 0.05669279 0.01231981
v 0.31513363 0.05343468 0.01538933
v 0.32198685 0.05642958 0.00854124
v 0.32124584 0.02636535 0.02029408
v 0.32350259 0.02796717 0.02009345
v 0.32618993 0.01980527 0.02157355
v 0.32040208 0.01599897 0.02187253
v 0.32283610 0.05397601 -0.00227546
v 0.33177930 0.02457042 0.00401283
v 0.31487625 0.05230911 -0.00707733
v 0.31700891 0.04811795 -0.00815402
v 0.31230086 0.05011184 -0.00751208
v 0.31416386 0.04503973 -0.00788044
v 0.32499021 0.02307935 -0.00125967
v 0.32254427 0.02169891 -0.00125729
v 0.33121114 0.01402278 0.00176204
v 0.32721251 0.01581551 0.00086857
v 0.33617371 -0.04482047 0.02684976
v 0.33617371 -0.04482047 0.02684976
v 0.34028500 -0.05007075 0.02087964
v 0.34028500 -0.05007075 0.02087964
v 0.34054726 -0.04921942 0.02632106
v 0.34054726 -0.04921942 0.02632106
v 0.33584696 -0.04607903 0.01892925
v 0.33121222 -0.03306590 0.02564050
v 0.33121222 -0.03306590 0.02564050
v 0.33727735 -0.04631393 0.01821006
v 0.34188240 -0.05008809 0.02057184
v 0.34188240 -0.05008809 0.02057184
v 0.33096378 -0.03449969 0.01644517
v 0.34742587 -0.04703371 0.01884092
v 0.34748345 -0.04934554 0.02002586
v 0.34748345 -0.04934554 0.02002586
v 0.34748345 -0.04934554 0.02002586
v 0.33117884 -0.03246389 0.01641012
v 0.33138948 -0.03114645 0.02514411
v 0.33138948 -0.03114645 0.02514411
v 0.33111149 -0.03401135 0.01487876
v 0.34557336 -0.04056792 0.01666988
v 0.33852714 -0.02808516 0.01086176
v 0.33137005 -0.02799384 0.01144100
v 0.34723097 -0.04039542 0.01821185
v 0.34900134 -0.04716741 0.02029313
v 0.34622543 -0.02699028 0.01461245
v 0.34916466 -0.04636608 0.02548707
v 0.34782773 -0.04823898 0.02668489
v 0.34748071 -0.03934567 0.02500678
v 0.34782022 -0.04556857 0.02743984
v 0.34461492 -0.02770589 0.01240505
v 0.34216922 -0.04914038 0.02652753
v 0.33764523 -0.04482113 0.02752257
v 0.34602421 -0.03881489 0.02731455
v 0.33128744 -0.03206836 0.02709461
v 0.33889788 -0.02527462 0.02856852
v 0.33171719 -0.02528791 0.02848578
v 0.33128112 -0.02514617 0.02730418
v 0.33128112 -0.02514617 0.02730418
v 0.33161300 -0.02312689 0.02832390
v 0.33107334 -0.02318303 0.02696157
v 0.33107334 -0.02318303 0.02696157
v 0.33284825 -0.02297048 0.02868296
v 0.33279389 -0.02108477 0.02812947
v 0.33235162 -0.02101539 0.02654959
v 0.33235162 -0.02101539 0.02654959
v 0.33427423 -0.02058230 0.02616097
v 0.33427423 -0.02058230 0.02616097
v 0.33481615 -0.02052645 0.02777005
v 0.33598869 -0.02127861 0.02638603
v 0.33598869 -0.02127861 0.02638603
v 0.33579426 -0.02244698 0.02846647
v 0.33609646 -0.02111660 0.02789594
v 0.33796304 -0.02308850 0.02820982
v 0.33787101 -0.02348052 0.02638865
v 0.33787101 -0.02348052 0.02638865
v 0.34327906 -0.02333318 0.02500785
v 0.34327906 -0.02333318 0.02500785
v 0.34414929 -0.02360700 0.02602829
v 0.34449309 -0.02326946 0.02331246
v 0.34449309 -0.02326946 0.02331246
v 0.34476894 -0.02549140 0.02674640
v 0.34576672 -0.02352916 0.02355028
v 0.34669011 -0.02527468 0.02407313
v 0.34532421 -0.02514707 0.01470579
v 0.34410685 -0.02497755 0.01498033
v 0.34410685 -0.02497755 0.01498033
v 0.34402626 -0.02568524 0.01254881
v 0.34280103 -0.02537398 0.01426388
v 0.34280103 -0.02537398 0.01426388
v 0.33763402 -0.02569585 0.01244868
v 0.33763402 -0.02569585 0.01244868
v 0.33759540 -0.02588473 0.01059354
v 0.33573228 -0.02357970 0.01190330
v 0.33573228 -0.02357970 0.01190330
v 0.33573359 -0.02389197 0.01041318
v 0.33476680 -0.02447485 0.01009775
v 0.33259242 -0.02518188 0.01023997
v 0.33436554 -0.02322178 0.01027323
v 0.33116096 -0.02579175 0.01094903
v 0.33232039 -0.02379231 0.01039697
v 0.33115881 -0.02747349 0.01274372
v 0.33071750 -0.02541964 0.01229633
v 0.33173090 -0.02678202 0.01333929
v 0.33393770 -0.02277075 0.01185621
v 0.33191388 -0.02331100 0.01186157
v 0.33206433 -0.02400295 0.01283158
v 0.33166879 -0.02512400 0.01298953
v 0.33403533 -0.02347241 0.01262320
v 0.33520978 -0.02465306 0.01282657
v 0.33707255 -0.02650009 0.01324512
v 0.33882039 -0.03115116 0.01571525
v 0.33907514 -0.02972423 0.02468384
v 0.33726483 -0.02448474 0.02591933
v 0.33192986 -0.02469836 0.02637161
v 0.33541530 -0.02257846 0.02587665
v 0.33424514 -0.02137952 0.02578712
v 0.33235233 -0.02201323 0.02604736
v 0.33166617 -0.02306263 0.02613998
v 0.31080800 0.01857372 -0.02368163
v 0.31080800 0.01857372 -0.02368163
v 0.31080800 0.01857372 -0.02368163
v 0.31363075 0.01671942 -0.02411973
v 0.31363075 0.01671942 -0.02411973
v 0.31134909 0.01651276 -0.02326654
v 0.31134909 0.01651276 -0.02326654
v 0.31427675 0.01574154 -0.02152812
v 0.31214970 0.01566918 -0.01971399
v 0.31607013 0.01907976 -0.02254342
v 0.31502300 0.01906188 -0.02490305
v 0.31502300 0.01906188 -0.02490305
v 0.31877821 0.02149673 -0.02546286
v 0.31877821 0.02149673 -0.02546286
v 0.31272166 0.01933475 -0.02013170
v 0.31921237 0.02115793 -0.02275597
v 0.32182162 0.02023406 -0.02558516
v 0.32182162 0.02023406 -0.02558516
v 0.31856292 0.02540405 -0.02154325
v 0.32201188 0.01972325 -0.02276110
v 0.32339900 0.01947935 -0.02533339
v 0.32339900 0.01947935 -0.02533339
v 0.32358866 0.02370329 -0.02210068
v 0.31997889 0.02701183 -0.01238595
v 0.32375055 0.01857419 -0.02273797
v 0.32813960 0.01969381 -0.02217208
v 0.32992380 0.02208502 -0.02312826
v 0.32992380 0.02208502 -0.02312826
v 0.32733052 0.01982649 -0.02166449
v 0.33128505 0.02442451 -0.01283764
v 0.32847446 0.02191861 -0.01278185
v 0.32485574 0.02554507 -0.01248037
v 0.32943195 0.02195485 -0.01232897
v 0.32543653 0.02128191 -0.01035284
v 0.32581490 0.02301605 -0.00822495
v 0.32378238 0.02178056 -0.01005792
v 0.32114833 0.02374621 -0.01017963
v 0.32434385 0.02389176 -0.00778793
v 0.32151037 0.02498873 -0.00773942
v 0.32466763 0.02532132 -0.00820731
v 0.31737595 0.02151497 -0.00915956
v 0.32119256 0.02633567 -0.00783633
v 0.31322032 0.02156229 -0.01032828
v 0.31706708 0.02279015 -0.00669025
v 0.31646293 0.01864393 -0.00858640
v 0.31608909 0.01970751 -0.00620269
v 0.31278020 0.01804538 -0.00908565
v 0.30927914 0.01605691 -0.01895498
v 0.31316274 0.01974900 -0.00605403
v 0.31033390 0.01802339 -0.00883614
v 0.30830019 0.01784600 -0.01928162
v 0.30932682 0.01987322 -0.00892662
v 0.30009955 0.03087480 -0.02031826
v 0.30258077 0.03467591 -0.02642321
v 0.30258077 0.03467591 -0.02642321
v 0.31247371 0.02212615 -0.00633203
v 0.30181878 0.03232653 -0.01099717
v 0.29922026 0.03433843 -0.01974260
v 0.30020755 0.03886290 -0.02611588
v 0.30020755 0.03886290 -0.02611588
v 0.30547040 0.03784807 -0.00767206
v 0.30100375 0.03666504 -0.01987456
v 0.30048769 0.04006751 -0.02466701
v 0.30048769 0.04006751 -0.02466701
v 0.30064839 0.03543611 -0.01243352
v 0.30203908 0.03761573 -0.01379572
v 0.30203908 0.03761573 -0.01379572
v 0.30290621 0.04180463 -0.00868522
v 0.30271345 0.04244204 -0.01046967
v 0.30271345 0.04244204 -0.01046967
v 0.31452625 0.03087182 -0.00710629
v 0.30997580 0.04644807 -0.00848972
v 0.30758863 0.05019827 -0.01011228
v 0.30700558 0.04992111 -0.01169311
v 0.30700558 0.04992111 -0.01169311
v 0.31789749 0.03307624 -0.00785576
v 0.31196504 0.04938228 -0.00943910
v 0.30945020 0.05216904 -0.01135599
v 0.30883735 0.05178864 -0.01321780
v 0.30883735 0.05178864 -0.01321780
v 0.31150287 0.05407579 -0.01753758
v 0.31150287 0.05407579 -0.01753758
v 0.31582897 0.05305929 -0.01651405
v 0.32331174 0.03343792 -0.01329600
v 0.31431323 0.05158229 -0.02571951
v 0.31039744 0.05308993 -0.02393257
v 0.31039744 0.05308993 -0.02393257
v 0.32200711 0.03125842 -0.02329349
v 0.30882054 0.04594739 -0.02979182
v 0.32217997 0.02170296 -0.02578031
v 0.31537264 0.02929504 -0.02649306
v 0.31843358 0.02281315 -0.02573084
v 0.31199330 0.02716370 -0.02578448
v 0.30679231 0.04296429 -0.02911555
v 0.30476933 0.04715164 -0.02823972
v 0.30466312 0.04744609 -0.02656101
v 0.30466312 0.04744609 -0.02656101
v 0.30680316 0.04933222 -0.02829432
v 0.30675131 0.04962440 -0.02631961
v 0.30675131 0.04962440 -0.02631961
v 0.30718892 0.04086311 -0.02184736
v 0.30833059 0.04193170 -0.01506936
v 0.33371359 -0.02788054 -0.00759779
v 0.33371359 -0.02788054 -0.00759779
v 0.33747428 -0.03203176 -0.01406883
v 0.33747428 -0.03203176 -0.01406883
v 0.33775263 -0.03163825 -0.00809895
v 0.33775263 -0.03163825 -0.00809895
v 0.33338350 -0.02834951 -0.01494311
v 0.32866924 -0.01820056 -0.00808870
v 0.32866924 -0.01820056 -0.00808870
v 0.33478361 -0.02843480 -0.01569783
v 0.33938831 -0.03191708 -0.01447605
v 0.33938831 -0.03191708 -0.01447605
v 0.32838553 -0.01859264 -0.01570045
v 0.32848447 -0.01685779 -0.01555144
v 0.32873147 -0.01652496 -0.00834023
v 0.32873147 -0.01652496 -0.00834023
v 0.32845920 -0.01803439 -0.01698600
v 0.34368747 -0.02839796 -0.01516842
v 0.34386867 -0.03062086 -0.01430892
v 0.34386867 -0.03062086 -0.01430892
v 0.33444255 -0.01234667 -0.01997696
v 0.34193247 -0.02216755 -0.01653050
v 0.34517258 -0.02858602 -0.01388036
v 0.34348171 -0.02208065 -0.01513230
v 0.34529095 -0.02831237 -0.00955163
v 0.34417217 -0.03019993 -0.00861382
v 0.34370368 -0.02172910 -0.00931655
v 0.34069162 -0.01153450 -0.01686441
v 0.33930605 -0.01201354 -0.01877223
v 0.34406381 -0.02783255 -0.00766515
v 0.33970540 -0.03147136 -0.00787841
v 0.33517593 -0.02787708 -0.00696658
v 0.34239333 -0.02153210 -0.00712930
v 0.32872217 -0.01748215 -0.00676905
v 0.32843798 -0.01164381 -0.00597226
v 0.32843798 -0.01164381 -0.00597226
v 0.33494776 -0.01153819 -0.00503503
v 0.33958250 -0.01142065 -0.00673067
v 0.32883876 -0.01184975 -0.00499116
v 0.32865828 -0.01001136 -0.00493323
v 0.32817381 -0.00996129 -0.00608348
v 0.32817381 -0.00996129 -0.00608348
v 0.32971006 -0.00985782 -0.00463497
v 0.32957524 -0.00821559 -0.00493418
v 0.32916396 -0.00803594 -0.00625895
v 0.32916396 -0.00803594 -0.00625895
v 0.33077377 -0.00755279 -0.00658022
v 0.33077377 -0.00755279 -0.00658022
v 0.33126538 -0.00762479 -0.00522112
v 0.33226507 -0.00808834 -0.00647937
v 0.33226507 -0.00808834 -0.00647937
v 0.33218997 -0.00926946 -0.00481879
v 0.33238094 -0.00808041 -0.00518774
v 0.33405584 -0.00969671 -0.00512825
v 0.33395641 -0.00987111 -0.00670444
v 0.33395641 -0.00987111 -0.00670444
v 0.33819144 -0.00950442 -0.00798618
v 0.33819144 -0.00950442 -0.00798618
v 0.33896368 -0.00978927 -0.00716030
v 0.33918684 -0.00924830 -0.00943588
v 0.33918684 -0.00924830 -0.00943588
v 0.34115332 -0.01091831 -0.00900625
v 0.34028571 -0.00943463 -0.00927805
v 0.33985155 -0.01002179 -0.01660596
v 0.33881479 -0.00995480 -0.01633870
v 0.33881479 -0.00995480 -0.01633870
v 0.33872550 -0.01034175 -0.01846026
v 0.33770567 -0.01028274 -0.01696013
v 0.33770567 -0.01028274 -0.01696013
v 0.33361750 -0.01050376 -0.01840483
v 0.33361750 -0.01050376 -0.01840483
v 0.33355444 -0.01050101 -0.01999234
v 0.33190220 -0.00874637 -0.01864683
v 0.33190220 -0.00874637 -0.01864683
v 0.33188551 -0.00887851 -0.01993691
v 0.33108061 -0.00938521 -0.02024077
v 0.33069175 -0.00835769 -0.01997363
v 0.32926291 -0.01008915 -0.02014874
v 0.32836264 -0.01262717 -0.01936339
v 0.32897800 -0.00893895 -0.01988708
v 0.32808464 -0.01072936 -0.01957964
v 0.32818835 -0.01231133 -0.01821004
v 0.32771986 -0.01055281 -0.01839816
v 0.32865887 -0.01175450 -0.01765298
v 0.33034151 -0.00813465 -0.01858555
v 0.32864230 -0.00867884 -0.01859700
v 0.33046907 -0.00879203 -0.01800024
v 0.32881838 -0.00934385 -0.01783966
v 0.32853108 -0.01032321 -0.01779996
v 0.33152049 -0.00975876 -0.01795255
v 0.33318906 -0.01127891 -0.01779305
v 0.33491676 -0.01535820 -0.01614522
v 0.33520144 -0.01495169 -0.00872623
v 0.33347231 -0.01070522 -0.00718199
v 0.32895237 -0.01115452 -0.00673245
v 0.33182018 -0.00916778 -0.00701784
v 0.33077388 -0.00819545 -0.00696765
v 0.32919520 -0.00883566 -0.00677370
v 0.32865625 -0.00976126 -0.00677811
v 0.30563908 0.03059573 0.06763185
v 0.31366366 0.02733929 0.06860090
v 0.30803555 0.03035553 0.06429792
v 0.30198675 0.02812214 0.06008888
v 0.31126862 0.02757950 0.07193316
v 0.31623810 0.02048500 0.07098413
v 0.29958957 0.02836259 0.06342376
v 0.31384438 0.02072508 0.07431472
v 0.30527192 0.02829738 0.06788684
v 0.30976444 0.02589030 0.07131995
v 0.29595130 0.02192469 0.06127764
v 0.29834800 0.02168436 0.05794300
v 0.29882162 0.01405419 0.05886448
v 0.30044454 0.02651496 0.06452824
v 0.29642575 0.01429428 0.06219793
v 0.30318635 0.00880213 0.06242217
v 0.29754060 0.02137716 0.06281568
v 0.30079179 0.00904234 0.06575383
v 0.30939954 0.00838555 0.06695128
v 0.29791933 0.01528795 0.06355048
v 0.30140322 0.01109661 0.06638886
v 0.30700594 0.00862564 0.07028152
v 0.30636209 0.01076402 0.07000268
v 0.31216090 0.01323952 0.07366253
v 0.31455415 0.01299955 0.07033278
v 0.31047576 0.01444627 0.07270087
v 0.31181949 0.02042003 0.07322122
v 0.30683773 0.02021702 0.07380856
v 0.30605608 0.01674004 0.07350517
v 0.30077427 0.01479043 0.06983257
v 0.30366152 0.01459689 0.07193495
v 0.29874533 0.01723017 0.06818176
v 0.30173617 0.01706101 0.07017244
v 0.30325049 0.01695956 0.07127548
v 0.30450648 0.01808383 0.07209934
v 0.30067235 0.01834090 0.06930626
v 0.30491679 0.01990779 0.07225836
v 0.30428904 0.02157791 0.07167817
v 0.29852455 0.02077456 0.06775511
v 0.30564063 0.02340109 0.07270325
v 0.30291718 0.02231295 0.07063020
v 0.30302494 0.02480228 0.07070626
v 0.30021458 0.02376504 0.06875206
v 0.30055636 0.02019997 0.06908203
v 0.30144303 0.02176864 0.06960500
v 0.31181472 0.00812204 0.06363846
v 0.30560260 0.00853838 0.05910803
v 0.31696909 0.01273592 0.06702019
v 0.30123907 0.01379026 0.05554856
v 0.30654352 0.01055820 0.05928768
v 0.31150144 0.01022579 0.06290282
v 0.31865352 0.02022131 0.06767083
v 0.31561487 0.01390804 0.06560160
v 0.31608027 0.02707560 0.06528593
v 0.31695908 0.01988168 0.06612111
v 0.31045323 0.03009148 0.06098128
v 0.31490510 0.02535184 0.06421829
v 0.31041401 0.02775879 0.06078340
v 0.30440527 0.02785809 0.05677129
v 0.30076640 0.02142019 0.05462576
v 0.30558723 0.02597637 0.05742372
v 0.30306094 0.01474942 0.05644752
v 0.30268305 0.02083857 0.05571152
v 0.30762439 0.01982136 0.05518390
v 0.30784362 0.01627721 0.05561329
v 0.30986958 0.01383777 0.05726768
v 0.31065708 0.01612665 0.05784858
v 0.31275457 0.01364435 0.05937291
v 0.30959409 0.01740636 0.05698098
v 0.31217068 0.01602520 0.05895246
v 0.31514865 0.01578767 0.06094397
v 0.31342655 0.01714946 0.05977667
v 0.31593149 0.01926453 0.06124581
v 0.31383722 0.01897331 0.05993498
v 0.31473702 0.02244826 0.06013704
v 0.31321018 0.02064355 0.05935372
v 0.31183928 0.02137847 0.05830468
v 0.31212371 0.02384932 0.05813659
v 0.30931490 0.02281184 0.05618037
v 0.30947917 0.01926549 0.05675591
v 0.31036585 0.02083416 0.05727864
v 0.31261521 -0.00450866 0.07476486
v 0.31911247 -0.00706612 0.07515419
v 0.31473988 -0.00472288 0.07181145
v 0.31004077 -0.00645797 0.06854142
v 0.31698864 -0.00685196 0.07810617
v 0.32111233 -0.01239102 0.07700563
v 0.30791550 -0.00624357 0.07149578
v 0.31898969 -0.01217692 0.07995630
v 0.31231218 -0.00629233 0.07498778
v 0.31580227 -0.00816237 0.07765473
v 0.30508893 -0.01124512 0.06982864
v 0.30721419 -0.01145922 0.06687451
v 0.30758196 -0.01738690 0.06759037
v 0.30856198 -0.00767694 0.07237865
v 0.30545800 -0.01717274 0.07054342
v 0.31097286 -0.02146702 0.07035423
v 0.30630606 -0.01166831 0.07104827
v 0.30884975 -0.02125286 0.07330574
v 0.31579977 -0.02179061 0.07387281
v 0.30659991 -0.01639889 0.07161892
v 0.30930656 -0.01965509 0.07382382
v 0.30702561 -0.01486735 0.07551564
v 0.30685383 -0.01211391 0.07518424
v 0.30816668 -0.00979071 0.07595886
v 0.30860179 -0.01676284 0.07679785
v 0.31035023 -0.00898491 0.07747687
v 0.31315904 -0.01991348 0.07663120
v 0.31238239 -0.01007347 0.07902802
v 0.31027609 -0.01091979 0.07740451
v 0.30913072 -0.01134251 0.07660807
v 0.30844193 -0.01256125 0.07620181
v 0.30853193 -0.01400553 0.07637573
v 0.31134170 -0.01149075 0.07821847
v 0.30935877 -0.01499979 0.07704879
v 0.31182938 -0.01278834 0.07866908
v 0.31053513 -0.01507871 0.07790555
v 0.31084483 -0.01691322 0.07843102
v 0.31151074 -0.01420532 0.07854546
v 0.31270521 -0.01524823 0.07965077
v 0.31331223 -0.01254706 0.07988657
v 0.31739884 -0.01241206 0.07913161
v 0.31635516 -0.01705288 0.07872749
v 0.31768208 -0.01799224 0.07944954
v 0.31980425 -0.01820623 0.07649959
v 0.31367725 -0.02157657 0.07682301
v 0.31793874 -0.02202289 0.07093597
v 0.31311291 -0.02169947 0.06741620
v 0.32194298 -0.01843856 0.07356323
v 0.30972331 -0.01761954 0.06465090
v 0.31386190 -0.02013229 0.06753100
v 0.31771343 -0.02039062 0.07033957
v 0.32325190 -0.01262342 0.07406856
v 0.32090896 -0.01752989 0.07243622
v 0.32125300 -0.00729858 0.07221557
v 0.32195323 -0.01288925 0.07283963
v 0.31688135 -0.00495558 0.06887139
v 0.32035785 -0.00863950 0.07136131
v 0.31686872 -0.00676958 0.06869281
v 0.31218284 -0.00669067 0.06560052
v 0.30935591 -0.01169203 0.06393386
v 0.31311911 -0.00815444 0.06608284
v 0.31115645 -0.01687621 0.06532444
v 0.31086319 -0.01214574 0.06475259
v 0.31491810 -0.01295863 0.06404389
v 0.31508809 -0.01571195 0.06437768
v 0.31666225 -0.01760708 0.06566299
v 0.31726425 -0.01582794 0.06612743
v 0.31890314 -0.01775728 0.06729878
v 0.31643849 -0.01483379 0.06545342
v 0.31844013 -0.01590680 0.06698514
v 0.32076305 -0.01609235 0.06851936
v 0.31941574 -0.01503341 0.06762541
v 0.32137101 -0.01339118 0.06875361
v 0.31973475 -0.01361643 0.06774832
v 0.32044333 -0.01091789 0.06789197
v 0.31924766 -0.01231884 0.06729675
v 0.31818264 -0.01174800 0.06648172
v 0.31841319 -0.00982945 0.06633771
v 0.31623119 -0.01063542 0.06481792
v 0.31634908 -0.01338945 0.06527854
v 0.31703776 -0.01217078 0.06568481
v 0.32760661 0.02178796 -0.01946746
v 0.32339304 0.02641888 -0.01632940
v 0.32785218 0.02216013 -0.01620542
v 0.32854622 0.01606329 -0.01558744
v 0.32314747 0.02604647 -0.01959311
v 0.31725567 0.02684684 -0.01590144
v 0.32830065 0.01569118 -0.01884793
v 0.31700998 0.02647431 -0.01916610
v 0.32490521 0.01060916 -0.01802443
v 0.32515054 0.01098110 -0.01476466
v 0.32593220 0.02093978 -0.01947164
v 0.32648605 0.01607425 -0.01897763
v 0.31900852 0.00891961 -0.01738225
v 0.31925409 0.00929166 -0.01412212
v 0.31361585 0.01178546 -0.01396035
v 0.32377606 0.01201846 -0.01832067
v 0.31337040 0.01141323 -0.01722192
v 0.31907051 0.01067014 -0.01780807
v 0.32340139 0.01652141 -0.02151834
v 0.31062811 0.01692314 -0.01761841
v 0.31087380 0.01729549 -0.01435517
v 0.31231135 0.02324386 -0.01512181
v 0.32182425 0.01416088 -0.02113532
v 0.31206554 0.02287121 -0.01838624
v 0.31352978 0.02180441 -0.01860808
v 0.31747537 0.02467985 -0.01923048
v 0.32237344 0.02433844 -0.01957141
v 0.32100766 0.02133138 -0.02186631
v 0.31815653 0.02153011 -0.02166854
v 0.31238263 0.01705743 -0.01799559
v 0.31586009 0.01985641 -0.02130615
v 0.31457072 0.01266022 -0.01767968
v 0.31519240 0.01709361 -0.02094876
v 0.31646615 0.01453425 -0.02076351
v 0.31717556 0.01731081 -0.02100455
v 0.31752580 0.01876016 -0.02119183
v 0.31873053 0.01963813 -0.02138196
v 0.32022613 0.01953395 -0.02148592
v 0.32131260 0.01849635 -0.02145504
v 0.31784373 0.01596828 -0.02090775
v 0.32307904 0.01935334 -0.02180706
v 0.32148176 0.01701070 -0.02130388
v 0.31921786 0.01536067 -0.02094673
v 0.32065433 0.01577230 -0.02110313
v 0.31908529 0.01337595 -0.02083718
v 0.32880562 0.01640989 -0.01232516
v 0.32540994 0.01132752 -0.01150321
v 0.32811170 0.02250691 -0.01294159
v 0.31951373 0.00963815 -0.01086020
v 0.32365268 0.02676578 -0.01306390
v 0.32702559 0.01684220 -0.01200699
v 0.32647174 0.02170797 -0.01249944
v 0.31751531 0.02719386 -0.01263510
v 0.32291334 0.02510674 -0.01259755
v 0.31257122 0.02359064 -0.01185559
v 0.31801527 0.02544828 -0.01225554
v 0.32403391 0.02071257 -0.00946998
v 0.32196277 0.02269097 -0.00952589
v 0.31406968 0.02257283 -0.01163339
v 0.31113356 0.01764233 -0.01109027
v 0.31387561 0.01213206 -0.01069724
v 0.31292241 0.01782574 -0.01102232
v 0.31681531 0.02121623 -0.00896417
v 0.31511062 0.01342834 -0.01070808
v 0.31911200 0.02288981 -0.00932609
v 0.31614750 0.01845308 -0.00860940
v 0.31966727 0.02097125 -0.00928043
v 0.31846255 0.02009340 -0.00909053
v 0.32116287 0.02086718 -0.00938498
v 0.31811231 0.01864405 -0.00890421
v 0.32224923 0.01982935 -0.00935542
v 0.31742113 0.01589335 -0.00842785
v 0.32241839 0.01834352 -0.00920533
v 0.31878036 0.01730127 -0.00880860
v 0.32015424 0.01669355 -0.00884842
v 0.31961005 0.01143809 -0.01083778
v 0.32003992 0.01473476 -0.00850438
v 0.32431560 0.01278628 -0.01135086
v 0.32159107 0.01710512 -0.00900518
v 0.32277888 0.01551951 -0.00880324
v 0.32435625 0.01788021 -0.00918459
v 0.23537510 0.08897205 0.05588223
v 0.23623365 0.08375604 0.04499568
v 0.23015779 0.08579917 0.05250991
v 0.22707861 0.08187194 0.06103314
v 0.24145239 0.08692963 0.04836918
v 0.24246340 0.07669862 0.04200698
v 0.23229330 0.08504315 0.06440390
v 0.24768179 0.07987185 0.04538013
v 0.24191647 0.08492692 0.05053569
v 0.25114840 0.07110114 0.04831375
v 0.24593204 0.06792874 0.04494155
v 0.24501651 0.06155057 0.05242694
v 0.24688810 0.07929452 0.04815043
v 0.23706716 0.08655699 0.05653180
v 0.24627226 0.08401568 0.05654896
v 0.24965518 0.07229526 0.05049194
v 0.23460859 0.08342214 0.06333316
v 0.25023001 0.06472118 0.05579711
v 0.24014538 0.06054802 0.06096018
v 0.24892300 0.06720431 0.05646468
v 0.25077456 0.07666214 0.05652238
v 0.24535673 0.06371732 0.06432904
v 0.24503439 0.06640334 0.06327392
v 0.23880857 0.06855936 0.06991721
v 0.23359757 0.06539042 0.06654860
v 0.25034660 0.07369752 0.05999745
v 0.23364931 0.07698162 0.06994666
v 0.22843724 0.07381184 0.06657744
v 0.23980885 0.07026787 0.06773366
v 0.23569124 0.07698889 0.06775702
v 0.24808162 0.07323070 0.06395973
v 0.24503940 0.07547958 0.06655503
v 0.24201554 0.08313759 0.06399549
v 0.24264377 0.07939215 0.06656934
v 0.24550646 0.07705136 0.06381453
v 0.24710208 0.07587166 0.06245304
v 0.24424964 0.07910378 0.06382192
v 0.24828976 0.07611652 0.06037427
v 0.24851399 0.07767124 0.05855108
v 0.24391943 0.08106835 0.06247152
v 0.24467080 0.08202584 0.06039537
v 0.24344843 0.08496375 0.06003834
v 0.24766963 0.07980843 0.05783642
v 0.24615162 0.08152826 0.05856455
v 0.24916571 0.08073707 0.05516041
v 0.23723941 0.07349594 0.03866995
v 0.23100918 0.08055349 0.04165865
v 0.24070995 0.06472762 0.04160632
v 0.22493475 0.08259745 0.04917360
v 0.23076385 0.07811732 0.04336930
v 0.22185844 0.07867189 0.05769850
v 0.22591572 0.07974835 0.04936636
v 0.22321933 0.07061334 0.06324459
v 0.22345989 0.07661505 0.05616916
v 0.22838109 0.06219263 0.06321670
v 0.22454541 0.07018347 0.06059481
v 0.23492819 0.05734987 0.05762769
v 0.22866409 0.06346317 0.06057240
v 0.23979705 0.05835087 0.04909302
v 0.23388928 0.05959828 0.05611206
v 0.23777562 0.06039782 0.04930163
v 0.23850482 0.06548698 0.04332698
v 0.23573559 0.07248504 0.04098404
v 0.23104399 0.06461532 0.04384388
v 0.23062187 0.06165416 0.04732252
v 0.22653669 0.07196553 0.04386736
v 0.22943085 0.06868739 0.04247905
v 0.22371596 0.07291563 0.04735852
v 0.22680133 0.06971343 0.04613055
v 0.22831934 0.06799383 0.04540242
v 0.22532147 0.07021172 0.04796184
v 0.22228854 0.07109292 0.05131949
v 0.22916525 0.06585748 0.04611791
v 0.22457212 0.06925531 0.05003918
v 0.22292226 0.06735058 0.05389668
v 0.22490400 0.06729193 0.05139090
v 0.22894328 0.06430395 0.04794265
v 0.22616177 0.06524010 0.05138410
v 0.22775703 0.06406016 0.05002225
v 0.22532051 0.06343980 0.05388416
v 0.22836130 0.06118996 0.05128790
v 0.23718231 0.05212398 0.07979311
v 0.23779696 0.04838939 0.07199849
v 0.23344677 0.04985232 0.07737852
v 0.23124235 0.04704030 0.08348108
v 0.24153345 0.05066164 0.07441391
v 0.24225729 0.04333623 0.06985844
v 0.23497587 0.04931088 0.08589448
v 0.24599355 0.04560847 0.07227386
v 0.24186593 0.04922767 0.07596518
v 0.24847572 0.03932865 0.07437421
v 0.24474090 0.03705723 0.07195974
v 0.24408525 0.03249056 0.07731915
v 0.24542540 0.04519494 0.07425726
v 0.23839372 0.05039485 0.08025814
v 0.24498444 0.04857524 0.08027054
v 0.24740654 0.04018362 0.07593359
v 0.23663335 0.04815025 0.08512784
v 0.24781817 0.03476067 0.07973219
v 0.24059754 0.03177269 0.08342887
v 0.24688237 0.03653844 0.08021010
v 0.24820810 0.04331024 0.08025146
v 0.24432903 0.03404207 0.08584083
v 0.24409836 0.03596504 0.08508540
v 0.23964065 0.03750880 0.08984185
v 0.23590964 0.03523989 0.08743025
v 0.24790161 0.04118772 0.08273948
v 0.23594683 0.04353900 0.08986295
v 0.23221486 0.04126949 0.08745087
v 0.24035686 0.03873189 0.08827866
v 0.23740869 0.04354413 0.08829523
v 0.24627989 0.04085333 0.08557642
v 0.24410182 0.04246349 0.08743478
v 0.24193674 0.04794665 0.08560205
v 0.24238651 0.04526491 0.08744491
v 0.24443620 0.04358895 0.08547247
v 0.24557870 0.04274423 0.08449758
v 0.24353617 0.04505832 0.08547784
v 0.24642914 0.04291959 0.08300925
v 0.24658960 0.04403277 0.08170379
v 0.24329990 0.04646499 0.08451093
v 0.24383777 0.04715057 0.08302427
v 0.24296277 0.04925401 0.08276881
v 0.24598497 0.04556294 0.08119226
v 0.24489813 0.04679425 0.08171381
v 0.24705606 0.04622789 0.07927633
v 0.23851698 0.04104347 0.06746949
v 0.23405641 0.04609640 0.06960917
v 0.24100202 0.03476532 0.06957162
v 0.22970730 0.04755981 0.07498992
v 0.23388069 0.04435201 0.07083405
v 0.22750443 0.04474909 0.08109356
v 0.23040956 0.04551990 0.07512785
v 0.22847896 0.03897936 0.08506430
v 0.22865098 0.04327650 0.07999838
v 0.23217457 0.03295036 0.08504439
v 0.22942835 0.03867157 0.08316720
v 0.23686224 0.02948303 0.08104290
v 0.23237723 0.03386004 0.08315123
v 0.24034851 0.03019984 0.07493223
v 0.23611837 0.03109284 0.07995773
v 0.23890107 0.03166528 0.07508124
v 0.23942321 0.03530903 0.07080365
v 0.23744028 0.04031952 0.06912626
v 0.23408132 0.03468497 0.07117368
v 0.23377889 0.03256483 0.07366456
v 0.23085409 0.03994758 0.07119061
v 0.23292630 0.03760047 0.07019676
v 0.22883444 0.04062779 0.07369030
v 0.23104363 0.03833516 0.07281114
v 0.23213046 0.03710396 0.07228971
v 0.22998398 0.03869183 0.07412208
v 0.22781258 0.03932281 0.07652617
v 0.23273616 0.03557427 0.07280196
v 0.22944754 0.03800709 0.07560957
v 0.22826617 0.03664334 0.07837142
v 0.22968512 0.03660126 0.07657743
v 0.23257714 0.03446193 0.07410837
v 0.23058575 0.03513224 0.07657255
v 0.23172777 0.03428741 0.07559753
v 0.22998326 0.03384323 0.07836259
v 0.23216050 0.03223236 0.07650352
v 0.29372137 0.05778404 -0.01831554
v 0.28912919 0.05062897 -0.02238893
v 0.28955954 0.05099459 -0.01745390
v 0.29074591 0.04308589 -0.01699447
v 0.29329138 0.05741866 -0.02325081
v 0.30128496 0.06027777 -0.01917612
v 0.29031580 0.04272051 -0.02192759
v 0.30085498 0.05991252 -0.02411007
v 0.29629629 0.03739376 -0.02208268
v 0.29672604 0.03775878 -0.01715218
v 0.30470174 0.03750582 -0.01785313
v 0.30828088 0.05694361 -0.02456449
v 0.30871075 0.05730875 -0.01963293
v 0.31252402 0.05026622 -0.01947247
v 0.30666738 0.05510898 -0.02462934
v 0.31209438 0.04990132 -0.02440154
v 0.31051105 0.04208048 -0.02369749
v 0.31094068 0.04244550 -0.01876949
v 0.30971068 0.04948862 -0.02449988
v 0.30427211 0.03714104 -0.02278172
v 0.30844706 0.04324730 -0.02393841
v 0.30346816 0.03930528 -0.02320742
v 0.30553477 0.04868586 -0.02817201
v 0.30479973 0.04505320 -0.02784430
v 0.29710310 0.03950710 -0.02264892
v 0.30376332 0.05195697 -0.02824913
v 0.29233044 0.04375823 -0.02252447
v 0.29819661 0.04287608 -0.02709579
v 0.29138344 0.05006964 -0.02289211
v 0.29541867 0.04535027 -0.02702521
v 0.29470509 0.05548794 -0.02357983
v 0.29486697 0.04902370 -0.02724062
v 0.30074113 0.05747826 -0.02426599
v 0.29680043 0.05217750 -0.02764117
v 0.30031388 0.05333598 -0.02803945
v 0.29741114 0.04850609 -0.02724873
v 0.29842513 0.05016048 -0.02745878
v 0.30026811 0.05076821 -0.02766799
v 0.29770010 0.04657920 -0.02713608
v 0.30207782 0.05004473 -0.02777838
v 0.30300682 0.04832871 -0.02773844
v 0.29915755 0.04528125 -0.02717351
v 0.30262106 0.04642327 -0.02756678
v 0.30110067 0.04521949 -0.02734362
v 0.30190151 0.04275866 -0.02741920
v 0.30174463 0.06061907 -0.01424300
v 0.29418128 0.05812557 -0.01338111
v 0.30917018 0.05764992 -0.01470243
v 0.29001909 0.05133565 -0.01251983
v 0.31298321 0.05060740 -0.01454424
v 0.29565542 0.05624302 -0.01303934
v 0.31139963 0.04278643 -0.01384245
v 0.29120546 0.04342718 -0.01206230
v 0.29233378 0.05082448 -0.01235198
v 0.29718524 0.03809996 -0.01222252
v 0.29328066 0.04451294 -0.01198625
v 0.30516070 0.03784688 -0.01292562
v 0.29805320 0.04026158 -0.01211344
v 0.30441790 0.04005964 -0.01267396
v 0.30939692 0.04400177 -0.01340555
v 0.29709976 0.04668589 -0.00837790
v 0.29987758 0.04421122 -0.00845396
v 0.30358201 0.04409344 -0.00878166
v 0.31066042 0.05024321 -0.01396584
v 0.30647998 0.04638798 -0.00920795
v 0.30274921 0.04652901 -0.00906073
v 0.30426961 0.04773255 -0.00928425
v 0.30080622 0.04659076 -0.00888919
v 0.30465525 0.04963823 -0.00945496
v 0.29934900 0.04788883 -0.00884985
v 0.30721539 0.05002077 -0.00953316
v 0.30372637 0.05135436 -0.00949322
v 0.30544418 0.05329223 -0.00960528
v 0.30761736 0.05586357 -0.01409279
v 0.30169147 0.05823310 -0.01372682
v 0.30191701 0.05207796 -0.00938105
v 0.30199545 0.05467172 -0.00939046
v 0.29848223 0.05351348 -0.00898921
v 0.29905992 0.04981585 -0.00896107
v 0.30007404 0.05147035 -0.00917088
v 0.29654878 0.05035968 -0.00858938
v 0.29853933 0.06556316 0.05466093
v 0.30159038 0.05806513 0.05742181
v 0.30435758 0.05751891 0.05293799
v 0.29966074 0.04973514 0.05722810
v 0.30130785 0.06501658 0.05017484
v 0.29193538 0.06872065 0.05023743
v 0.30242723 0.04918893 0.05274523
v 0.29470509 0.06817360 0.04574920
v 0.29993766 0.06305082 0.04914106
v 0.28763896 0.06551321 0.04173161
v 0.28486841 0.06606002 0.04622115
v 0.28064531 0.05882676 0.04449118
v 0.29466789 0.06557043 0.04560972
v 0.28341561 0.05827971 0.04000188
v 0.30237191 0.05706723 0.05134560
v 0.28401130 0.04985805 0.04136969
v 0.28124183 0.05040474 0.04585708
v 0.28902882 0.06344719 0.04240383
v 0.28914707 0.04418869 0.04519464
v 0.28637927 0.04473527 0.04967977
v 0.28613382 0.05095346 0.04211439
v 0.29642027 0.04392441 0.04968740
v 0.29365342 0.04447062 0.05417062
v 0.29023283 0.04642899 0.04516638
v 0.29603773 0.04621811 0.04875113
v 0.30083173 0.05041952 0.05119158
v 0.29405742 0.04988809 0.04196430
v 0.30022519 0.05221112 0.04547311
v 0.29167264 0.05252154 0.04018606
v 0.29743498 0.04976554 0.04405225
v 0.29496878 0.05245598 0.04244436
v 0.29674082 0.05239160 0.04353930
v 0.29371744 0.05383737 0.04151214
v 0.29820448 0.05367441 0.04428459
v 0.29139655 0.05643351 0.03954972
v 0.30112224 0.05608018 0.04556192
v 0.29867500 0.05570419 0.04433120
v 0.29970651 0.05956276 0.04427708
v 0.29793196 0.05753095 0.04365779
v 0.29632335 0.05830033 0.04257906
v 0.29664009 0.06102927 0.04222001
v 0.29335850 0.05979343 0.04035295
v 0.29357236 0.05588944 0.04117859
v 0.29460161 0.05765195 0.04160012
v 0.28565841 0.05767448 0.04102338
v 0.28919070 0.06924184 0.05474437
v 0.29579609 0.06608422 0.05916549
v 0.28212290 0.06658180 0.05072928
v 0.29884856 0.05858607 0.06192435
v 0.29404896 0.06419153 0.05874659
v 0.28877800 0.06671150 0.05521763
v 0.27790015 0.05934806 0.04899896
v 0.28313797 0.06458838 0.05201305
v 0.27849811 0.05092616 0.05036331
v 0.27976792 0.05881555 0.05063237
v 0.28363662 0.04525621 0.05418361
v 0.28024429 0.05209441 0.05172146
v 0.28434485 0.04756959 0.05477096
v 0.29091197 0.04499145 0.05867256
v 0.29015082 0.04735847 0.05835379
v 0.28363901 0.05190642 0.05895890
v 0.29691976 0.05025573 0.06172944
v 0.29648488 0.05820771 0.06094886
v 0.29494517 0.05155976 0.06079377
v 0.28980988 0.05422874 0.06246270
v 0.29070538 0.05809815 0.06255377
v 0.28701919 0.05178340 0.06104291
v 0.28798693 0.05565377 0.06095172
v 0.28475004 0.05443545 0.05911315
v 0.28652292 0.05437095 0.06020678
v 0.28845685 0.05768354 0.06099916
v 0.28349775 0.05581708 0.05818261
v 0.28125113 0.05454035 0.05718578
v 0.28097301 0.05845268 0.05655302
v 0.28293436 0.06181271 0.05735684
v 0.28335207 0.05786927 0.05785049
v 0.28438085 0.05963190 0.05827213
v 0.28610330 0.06028016 0.05925025
v 0.28621774 0.06304832 0.05922128
v 0.28928691 0.06158121 0.06127370
v 0.28771275 0.05951054 0.06032730
v 0.32952803 -0.01756178 0.04240967
v 0.32822340 -0.01716481 0.04584063
v 0.33239430 -0.01336347 0.04698981
v 0.32722455 -0.02283083 0.04609943
v 0.33369892 -0.01376037 0.04355861
v 0.33778530 -0.01320498 0.04900933
v 0.32852882 -0.02322768 0.04266978
v 0.33908957 -0.01360188 0.04557909
v 0.33116835 -0.02810656 0.04421724
v 0.32986491 -0.02770995 0.04764510
v 0.34317797 -0.01716070 0.04752553
v 0.34187406 -0.01676397 0.05095411
v 0.33858889 -0.01526354 0.04530622
v 0.33428686 -0.01538990 0.04369415
v 0.33095830 -0.01842372 0.04277719
v 0.33625620 -0.01828252 0.04150129
v 0.33016091 -0.02294527 0.04298438
v 0.33431893 -0.02004825 0.04096783
v 0.33226770 -0.02683912 0.04421879
v 0.33385437 -0.02267997 0.04108943
v 0.33621197 -0.02991574 0.04632796
v 0.33490902 -0.02951942 0.04975439
v 0.33999675 -0.02741240 0.05144037
v 0.33508008 -0.02494620 0.04180921
v 0.34129947 -0.02780871 0.04801441
v 0.33629292 -0.02828305 0.04590286
v 0.34405058 -0.02277128 0.04848732
v 0.34274738 -0.02237491 0.05191422
v 0.34035319 -0.02660154 0.04724861
v 0.34185177 -0.01810359 0.04685915
v 0.34254854 -0.02258138 0.04762627
v 0.33876007 -0.01820885 0.04244042
v 0.34065860 -0.01986180 0.04334558
v 0.33809918 -0.01995151 0.04253198
v 0.33678573 -0.01999013 0.04203964
v 0.33576947 -0.02091651 0.04175962
v 0.33909529 -0.02081858 0.04300655
v 0.33552592 -0.02229689 0.04182328
v 0.34106367 -0.02246802 0.04379333
v 0.33930796 -0.02218573 0.04324103
v 0.33616894 -0.02348571 0.04220046
v 0.33739787 -0.02392660 0.04271496
v 0.33742254 -0.02578657 0.04279066
v 0.33863753 -0.02341311 0.04312600
v 0.33978575 -0.02480780 0.04357422
v 0.33649426 -0.01283072 0.05244709
v 0.33110278 -0.01298885 0.05042852
v 0.34058362 -0.01638983 0.05439020
v 0.33908027 -0.01728009 0.05419327
v 0.34145778 -0.02200083 0.05534864
v 0.33870738 -0.02703844 0.05487407
v 0.33977764 -0.02175801 0.05495859
v 0.33361953 -0.02914535 0.05318845
v 0.33758264 -0.02577816 0.05457998
v 0.32857495 -0.02733587 0.05108047
v 0.33352214 -0.02745967 0.05323471
v 0.33616107 -0.02101110 0.05676712
v 0.32593387 -0.02245651 0.04953660
v 0.32949656 -0.02601563 0.05155219
v 0.32693213 -0.01679044 0.04927910
v 0.32738894 -0.02212165 0.05031956
v 0.33017665 -0.02348910 0.05478514
v 0.33151441 -0.01456611 0.05103088
v 0.32818597 -0.01759993 0.05011369
v 0.33581680 -0.01443975 0.05264200
v 0.33135026 -0.01682453 0.05448426
v 0.33575457 -0.01840459 0.05632282
v 0.33385461 -0.01675116 0.05542136
v 0.32941287 -0.01859044 0.05395020
v 0.33328896 -0.01852207 0.05526079
v 0.33197539 -0.01856069 0.05476905
v 0.33095914 -0.01948707 0.05448903
v 0.32894939 -0.02122246 0.05406905
v 0.33071583 -0.02086757 0.05455161
v 0.33135968 -0.02205657 0.05492760
v 0.33428567 -0.01938932 0.05573405
v 0.33449870 -0.02075659 0.05596746
v 0.33258885 -0.02249746 0.05544103
v 0.33252018 -0.02432983 0.05576337
v 0.33382862 -0.02198415 0.05585171
v 0.33488362 -0.02335106 0.05654622
v 0.34072488 -0.01708846 0.01817800
v 0.34319919 -0.02231573 0.01918531
v 0.34332889 -0.02298217 0.01548625
v 0.34167498 -0.02790760 0.02011896
v 0.34085458 -0.01775508 0.01447702
v 0.33540993 -0.01467137 0.01756812
v 0.34180468 -0.02857368 0.01642169
v 0.33553963 -0.01533835 0.01386620
v 0.33959788 -0.01902829 0.01439787
v 0.32987087 -0.01686262 0.01393963
v 0.32974129 -0.01619564 0.01764132
v 0.32637125 -0.02094816 0.01836313
v 0.33535617 -0.01709966 0.01391066
v 0.32650095 -0.02161484 0.01466299
v 0.32687693 -0.02670483 0.01939596
v 0.33083230 -0.01831608 0.01396919
v 0.32700651 -0.02737110 0.01569773
v 0.32814294 -0.02210860 0.01454605
v 0.33261698 -0.02114980 0.01138795
v 0.33115094 -0.03143834 0.01655973
v 0.33102136 -0.03077243 0.02025653
v 0.32854646 -0.02670257 0.01537121
v 0.33128625 -0.02603077 0.01220656
v 0.33185392 -0.02994858 0.01605869
v 0.33699518 -0.03191333 0.01684559
v 0.33686584 -0.03124748 0.02054204
v 0.33651798 -0.03032760 0.01628686
v 0.34035605 -0.02766232 0.01594878
v 0.34157246 -0.02319984 0.01520277
v 0.33815997 -0.02658926 0.01254357
v 0.33321148 -0.02791987 0.01260794
v 0.33592623 -0.02814047 0.01274098
v 0.33886808 -0.02399205 0.01210798
v 0.33299952 -0.02521269 0.01225985
v 0.33771914 -0.02156429 0.01163805
v 0.33697670 -0.02414321 0.01220835
v 0.33660525 -0.02550571 0.01243640
v 0.33637386 -0.02286963 0.01196219
v 0.33525019 -0.02044182 0.01135374
v 0.33507889 -0.02228080 0.01181317
v 0.33369761 -0.02265219 0.01183117
v 0.33287638 -0.02381002 0.01200760
v 0.33105152 -0.02335708 0.01172484
v 0.33400958 -0.02620368 0.01247014
v 0.33543342 -0.02631937 0.01253987
v 0.33528393 -0.01403157 0.02127493
v 0.34059888 -0.01644878 0.02188374
v 0.32961505 -0.01555602 0.02134789
v 0.34307330 -0.02167647 0.02288927
v 0.32624524 -0.02030866 0.02206827
v 0.34154909 -0.02726858 0.02382113
v 0.32675093 -0.02606569 0.02309919
v 0.33089548 -0.03013341 0.02395810
v 0.33673995 -0.03060858 0.02424325
v 0.34129947 -0.02180485 0.02311195
v 0.34008306 -0.02626769 0.02385617
v 0.33624499 -0.02893309 0.02419330
v 0.33158093 -0.02855407 0.02396561
v 0.33544343 -0.02567314 0.02673031
v 0.32827347 -0.02530776 0.02327968
v 0.33272856 -0.02545242 0.02659811
v 0.32786983 -0.02071331 0.02245642
v 0.33080309 -0.02356266 0.02620007
v 0.33252566 -0.02279185 0.02598501
v 0.33055919 -0.01692067 0.02188111
v 0.33353573 -0.02378313 0.02619411
v 0.33508318 -0.01570408 0.02182282
v 0.33213370 -0.01868044 0.02538849
v 0.33056849 -0.02088832 0.02572227
v 0.33240264 -0.02138905 0.02573408
v 0.33932477 -0.01763301 0.02230896
v 0.33723562 -0.01909529 0.02563692
v 0.33476680 -0.01797234 0.02535475
v 0.33322375 -0.02023105 0.02555872
v 0.33460491 -0.01985954 0.02554096
v 0.33590000 -0.02044849 0.02568913
v 0.33838504 -0.02152382 0.02610291
v 0.33767718 -0.02412163 0.02653469
v 0.33650296 -0.02172236 0.02593399
v 0.33613151 -0.02308504 0.02616085
v 0.33495968 -0.02389889 0.02626360
v 0.33246892 -0.01670920 -0.01213037
v 0.33229809 -0.01708488 -0.01538609
v 0.33666914 -0.01382063 -0.01267539
v 0.32737010 -0.01622419 -0.01191436
v 0.33649808 -0.01419638 -0.01593195
v 0.33800500 -0.00891005 -0.01329469
v 0.32719904 -0.01659994 -0.01517045
v 0.33783405 -0.00928609 -0.01655280
v 0.32358711 -0.01296847 -0.01538609
v 0.32375806 -0.01259254 -0.01212870
v 0.33568066 -0.00465147 -0.01695799
v 0.33585172 -0.00427525 -0.01369833
v 0.33121675 -0.00208484 -0.01369750
v 0.32315200 -0.00788967 -0.01593207
v 0.32332318 -0.00751357 -0.01267289
v 0.32626885 -0.00336372 -0.01329254
v 0.32609754 -0.00374006 -0.01655292
v 0.33104532 -0.00246106 -0.01695811
v 0.33456343 -0.00574474 -0.01700222
v 0.33086436 -0.00399672 -0.01700210
v 0.32691568 -0.00501739 -0.01667880
v 0.32456487 -0.00832908 -0.01618361
v 0.33053487 -0.00676595 -0.01939701
v 0.32823663 -0.00735991 -0.01920866
v 0.32491189 -0.01238226 -0.01574837
v 0.32686847 -0.00928740 -0.01891958
v 0.32779461 -0.01528041 -0.01557671
v 0.32707041 -0.01164656 -0.01866495
v 0.32847064 -0.00971519 -0.01883553
v 0.32918828 -0.00870405 -0.01898693
v 0.33039396 -0.00839244 -0.01908576
v 0.33268803 -0.00778328 -0.01939653
v 0.33152323 -0.00892608 -0.01908564
v 0.32857662 -0.01095264 -0.01870238
v 0.33204811 -0.01005535 -0.01898669
v 0.32874840 -0.01333325 -0.01856398
v 0.32945674 -0.01183741 -0.01864957
v 0.33172243 -0.01125179 -0.01883518
v 0.33069914 -0.01195567 -0.01870214
v 0.33368831 -0.00993602 -0.01920723
v 0.33306771 -0.01221679 -0.01891791
v 0.33111709 -0.01355849 -0.01866387
v 0.33186382 -0.01566737 -0.01574885
v 0.33521550 -0.01336228 -0.01618432
v 0.33628183 -0.00944351 -0.01667928
v 0.33139103 -0.00173245 -0.01043438
v 0.32644313 -0.00301145 -0.01002954
v 0.33602613 -0.00392299 -0.01043605
v 0.32349747 -0.00716137 -0.00941133
v 0.33817905 -0.00855796 -0.01003407
v 0.33493238 -0.00496672 -0.01003610
v 0.33684319 -0.01346867 -0.00941645
v 0.33665066 -0.00866561 -0.00971483
v 0.33558458 -0.01258449 -0.00922142
v 0.33264309 -0.01635729 -0.00887202
v 0.32754403 -0.01587223 -0.00865578
v 0.33223265 -0.01488982 -0.00878679
v 0.32393234 -0.01224052 -0.00886868
v 0.32816332 -0.01450269 -0.00861429
v 0.32528084 -0.01160436 -0.00878464
v 0.32940107 -0.01195721 -0.00624489
v 0.33176952 -0.01218258 -0.00634562
v 0.32493394 -0.00755100 -0.00921809
v 0.33372050 -0.01084076 -0.00659799
v 0.32728463 -0.00423919 -0.00971185
v 0.32772320 -0.01027022 -0.00634300
v 0.32752126 -0.00791071 -0.00659405
v 0.33123332 -0.00321852 -0.01003491
v 0.32888978 -0.00598292 -0.00688051
v 0.33334082 -0.00640647 -0.00706970
v 0.33118802 -0.00538884 -0.00706827
v 0.32982867 -0.00735395 -0.00689911
v 0.33434110 -0.00855957 -0.00688397
v 0.33103436 -0.00704222 -0.00699769
v 0.33216351 -0.00757597 -0.00699817
v 0.33268827 -0.00870542 -0.00690042
v 0.33236283 -0.00990199 -0.00675010
v 0.32911080 -0.00836508 -0.00674855
v 0.33133929 -0.01060592 -0.00661766
v 0.33009689 -0.01048766 -0.00656485
v 0.32921665 -0.00960271 -0.00661658
v 0.32216137 0.02128811 0.03427804
v 0.31649762 0.01606883 0.03701712
v 0.32080608 0.02179153 0.03784956
v 0.32745379 0.02341767 0.04012407
v 0.31785267 0.01556523 0.03344584
v 0.31654399 0.00892682 0.03801633
v 0.32880848 0.02291412 0.03655351
v 0.31789869 0.00842334 0.03444649
v 0.33468395 0.01968284 0.03920771
v 0.33332985 0.02018602 0.04277648
v 0.32854050 0.02073939 0.03646923
v 0.32323557 0.01944168 0.03465355
v 0.33703845 0.01310582 0.04099871
v 0.33568495 0.01360865 0.04456569
v 0.33341711 0.00676347 0.04465450
v 0.33322972 0.01816042 0.03858698
v 0.33477038 0.00626065 0.04108823
v 0.33510869 0.01291145 0.04001571
v 0.32913094 0.01690723 0.03380788
v 0.32894080 0.00235034 0.03943468
v 0.32758730 0.00285311 0.04300118
v 0.32092350 0.00370760 0.04037965
v 0.33185952 0.01540638 0.03504194
v 0.32227772 0.00320448 0.03681172
v 0.32332891 0.00500984 0.03667451
v 0.32864659 0.00432803 0.03876747
v 0.33329874 0.00744875 0.04008699
v 0.31983381 0.00917484 0.03478755
v 0.32609659 0.00775208 0.03392924
v 0.31979721 0.01487447 0.03398944
v 0.32406300 0.01017620 0.03282953
v 0.32404178 0.01349355 0.03236390
v 0.32604354 0.01615186 0.03275026
v 0.32709997 0.01423378 0.03356410
v 0.32871955 0.01463015 0.03411866
v 0.32605022 0.01283933 0.03336133
v 0.32606118 0.01109917 0.03360523
v 0.33015149 0.01384272 0.03476561
v 0.32712835 0.00982751 0.03418184
v 0.33295291 0.01235135 0.03587473
v 0.33072489 0.01224018 0.03520227
v 0.33189922 0.00917192 0.03591693
v 0.32919162 0.00735547 0.03514851
v 0.33017224 0.01057233 0.03522409
v 0.32875198 0.00961949 0.03482128
v 0.32612079 0.02389748 0.04370595
v 0.33199757 0.02066548 0.04635669
v 0.31947272 0.02227147 0.04143251
v 0.33435314 0.01408799 0.04814411
v 0.33035963 0.01921041 0.04622472
v 0.32566970 0.02178962 0.04410888
v 0.31516426 0.01654865 0.04059983
v 0.32036441 0.02049191 0.04229427
v 0.31521123 0.00940646 0.04159761
v 0.31692606 0.01592471 0.04162980
v 0.31959170 0.00418694 0.04395915
v 0.31696337 0.01022495 0.04242648
v 0.32045906 0.00605966 0.04431153
v 0.32625597 0.00333239 0.04657925
v 0.32101887 0.00960971 0.04744245
v 0.32577747 0.00537766 0.04640294
v 0.33208566 0.00724269 0.04823197
v 0.32411473 0.00921263 0.04865862
v 0.33223956 0.01396115 0.04765166
v 0.33042973 0.00849827 0.04772211
v 0.32682269 0.01102890 0.04942597
v 0.32787579 0.01420863 0.04938580
v 0.32678109 0.01726414 0.04855646
v 0.32517045 0.01566477 0.04802025
v 0.32405108 0.01876564 0.04732634
v 0.32574444 0.01406206 0.04845561
v 0.32373827 0.01645239 0.04737462
v 0.32096260 0.01801051 0.04627086
v 0.32519215 0.01239409 0.04847682
v 0.32377141 0.01144136 0.04807426
v 0.32108014 0.01292141 0.04686070
v 0.32214754 0.01164956 0.04743601
v 0.31898349 0.01203443 0.04634667
v 0.31896132 0.01535202 0.04588390
v 0.32106846 0.01466168 0.04661776
v 0.32211834 0.01605619 0.04682077
v 0.32248538 0.01830979 0.00746490
v 0.31732338 0.01406158 0.01175583
v 0.32225602 0.01900168 0.01113750
v 0.32922381 0.01969702 0.01142515
v 0.31755322 0.01336969 0.00808335
v 0.31673449 0.00718815 0.01299060
v 0.32945316 0.01900525 0.00775350
v 0.31696385 0.00649656 0.00931967
v 0.33519595 0.01513077 0.00881434
v 0.33496636 0.01582219 0.01248408
v 0.32890814 0.01694681 0.00784160
v 0.32334786 0.01639189 0.00761152
v 0.31941145 0.01244940 0.00810505
v 0.32501870 0.01283665 0.00523354
v 0.32099348 0.00090642 0.01059521
v 0.32076412 0.00159772 0.01426435
v 0.31894117 0.00696416 0.00909127
v 0.32272762 0.01054187 0.00552095
v 0.32215708 0.00250287 0.01010872
v 0.32775658 -0.00078510 0.01131333
v 0.32752722 -0.00009422 0.01498080
v 0.33385914 0.00290449 0.01480485
v 0.32245403 0.00734950 0.00609613
v 0.32432573 0.00475289 0.00668980
v 0.32462793 0.00797708 0.00624944
v 0.32755440 0.00115283 0.01068128
v 0.33408850 0.00221349 0.01113773
v 0.33260744 0.00354595 0.01054109
v 0.32746714 0.00396742 0.00702418
v 0.33702653 0.00849928 0.01015080
v 0.33679717 0.00919022 0.01381887
v 0.33495217 0.00856228 0.00975371
v 0.33349126 0.01385470 0.00868763
v 0.33040827 0.00536038 0.00694288
v 0.32825535 0.01315977 0.00536824
v 0.33092266 0.01136012 0.00586201
v 0.33177286 0.00827999 0.00648392
v 0.32951635 0.00846507 0.00645233
v 0.32907050 0.01008095 0.00612641
v 0.32767122 0.01102502 0.00586773
v 0.32880061 0.00693346 0.00669290
v 0.32597345 0.01085545 0.00579728
v 0.32477158 0.00965168 0.00594808
v 0.32725781 0.00620289 0.00673557
v 0.32560986 0.00661494 0.00656045
v 0.32901447 0.02036329 0.01510275
v 0.33475726 0.01648809 0.01615990
v 0.32204669 0.01966794 0.01481617
v 0.33658808 0.00985588 0.01749278
v 0.31711405 0.01472790 0.01543416
v 0.33365005 0.00356980 0.01847793
v 0.33448380 0.01001198 0.01759983
v 0.33302277 0.01530488 0.01653553
v 0.32731825 0.00057138 0.01865436
v 0.33213907 0.00499554 0.01838625
v 0.32055491 0.00226338 0.01793934
v 0.32708591 0.00260259 0.01852692
v 0.31652516 0.00785424 0.01666761
v 0.32168859 0.00395288 0.01795591
v 0.32663792 0.00653239 0.02090586
v 0.31847232 0.00841446 0.01694036
v 0.31894272 0.01390000 0.01595570
v 0.32349651 0.00731851 0.02057458
v 0.32287877 0.01784249 0.01546241
v 0.32162457 0.00991590 0.01998509
v 0.32189792 0.01310886 0.01941288
v 0.32381457 0.01049371 0.01986958
v 0.32843941 0.01839729 0.01569141
v 0.32418924 0.01540364 0.01912607
v 0.32395821 0.01216860 0.01956917
v 0.32515996 0.01337238 0.01941861
v 0.32685774 0.01354183 0.01948834
v 0.32742577 0.01572640 0.01925851
v 0.33009332 0.01392604 0.01974846
v 0.32825726 0.01259746 0.01974572
v 0.33094400 0.01084514 0.02036656
v 0.32870310 0.01098140 0.02007020
v 0.32957929 0.00792523 0.02082373
v 0.32798737 0.00944962 0.02031017
v 0.32644456 0.00871904 0.02035321
v 0.32479661 0.00913145 0.02017916
v 0.31369000 0.06243951 0.02996124
v 0.31722515 0.05494173 0.03206671
v 0.31905466 0.05439539 0.02712549
v 0.31529515 0.04661174 0.03225709
v 0.31552022 0.06189318 0.02501751
v 0.30634373 0.06559725 0.02692569
v 0.31712430 0.04606552 0.02731706
v 0.30817502 0.06505020 0.02197946
v 0.31397348 0.05992742 0.02427400
v 0.30045598 0.06238969 0.01943303
v 0.29862409 0.06293674 0.02438046
v 0.29414290 0.05570336 0.02351655
v 0.30811113 0.06244702 0.02185024
v 0.29597467 0.05515630 0.01856948
v 0.31679421 0.05394383 0.02595557
v 0.29682785 0.04673441 0.01979292
v 0.29499703 0.04728134 0.02473820
v 0.30195051 0.06032379 0.01981832
v 0.30261677 0.04106529 0.02253116
v 0.30078691 0.04161186 0.02747370
v 0.29905563 0.04782994 0.02010489
v 0.29837435 0.05455108 0.01912905
v 0.31063240 0.04080088 0.02550257
v 0.30880325 0.04134722 0.03044320
v 0.30367559 0.04330559 0.02228929
v 0.31007283 0.04309471 0.02466012
v 0.31525367 0.04729600 0.02610804
v 0.30679422 0.04676469 0.01839651
v 0.31353253 0.04908760 0.02062119
v 0.30410593 0.04939814 0.01712311
v 0.31051701 0.04664214 0.01977790
v 0.30778223 0.04933257 0.01868762
v 0.30370980 0.05330975 0.01655365
v 0.30637186 0.05071397 0.01802016
v 0.30973535 0.04926808 0.01941193
v 0.30579143 0.05667002 0.01695455
v 0.31131690 0.05055101 0.01985420
v 0.31178754 0.05258067 0.01980747
v 0.31442922 0.05295677 0.02053143
v 0.30913680 0.05517681 0.01855279
v 0.31278794 0.05643935 0.01955093
v 0.31092637 0.05440755 0.01929344
v 0.30937677 0.05790587 0.01813830
v 0.30725592 0.05452855 0.01793219
v 0.30616396 0.05276604 0.01772178
v 0.30454105 0.06611855 0.03188492
v 0.31188815 0.06296082 0.03491796
v 0.29682093 0.06345828 0.02934111
v 0.31542438 0.05546255 0.03702117
v 0.31009286 0.06106813 0.03485156
v 0.30422955 0.06358810 0.03243030
v 0.29233998 0.05622478 0.02847696
v 0.29806870 0.06146498 0.03039981
v 0.29319471 0.04780252 0.02969659
v 0.29449266 0.05569203 0.02971018
v 0.29898542 0.04213269 0.03242959
v 0.29517441 0.04897101 0.03068412
v 0.29979568 0.04444618 0.03286589
v 0.30700272 0.04186793 0.03539682
v 0.29992872 0.04878302 0.03711082
v 0.30619353 0.04423518 0.03523458
v 0.31349486 0.04713245 0.03721035
v 0.30365306 0.04865999 0.03848792
v 0.31137460 0.04843624 0.03668190
v 0.31291454 0.05508430 0.03653062
v 0.30666917 0.05110521 0.03933002
v 0.30756491 0.05497475 0.03924287
v 0.30592173 0.05845781 0.03826738
v 0.30419200 0.05638726 0.03764964
v 0.30250853 0.05992491 0.03685988
v 0.30505412 0.05456002 0.03816188
v 0.30240184 0.05715664 0.03691090
v 0.29892224 0.05868931 0.03567911
v 0.30458384 0.05253036 0.03820778
v 0.30300205 0.05124755 0.03776599
v 0.29963725 0.05269368 0.03637756
v 0.30104821 0.05131204 0.03704322
v 0.29723828 0.05141695 0.03584291
v 0.29684084 0.05532916 0.03527750
v 0.29942864 0.05474587 0.03608061
v 0.30052071 0.05650849 0.03629125
v 0.31483656 0.05785651 0.00274647
v 0.31884866 0.05042191 0.00408066
v 0.31903117 0.04956146 -0.00114297
v 0.31706982 0.04215522 0.00536502
v 0.31501907 0.05699570 -0.00247966
v 0.30691116 0.06098051 0.00198675
v 0.31725233 0.04129512 0.00014258
v 0.30709356 0.06011911 -0.00324213
v 0.31331521 0.05502172 -0.00258123
v 0.29896324 0.05747040 -0.00307356
v 0.29878050 0.05833192 0.00215686
v 0.29424911 0.05115028 0.00317718
v 0.30699044 0.05751450 -0.00318896
v 0.31651705 0.04908867 -0.00151514
v 0.29443174 0.05028863 -0.00205277
v 0.31509751 0.04249175 -0.00048958
v 0.29561990 0.04193468 -0.00065743
v 0.29543727 0.04279573 0.00457049
v 0.30050176 0.05540080 -0.00305401
v 0.29688554 0.04966934 -0.00223946
v 0.30197185 0.03631695 0.00045944
v 0.30178934 0.03717764 0.00568462
v 0.29783374 0.04300232 -0.00112652
v 0.31051486 0.03606446 0.00077535
v 0.31033271 0.03692467 0.00599850
v 0.30290287 0.03851898 -0.00023591
v 0.30972093 0.03831728 0.00001563
v 0.30169147 0.04430003 -0.00563084
v 0.30464190 0.04169090 -0.00511037
v 0.31173962 0.04400344 -0.00525593
v 0.30861037 0.04157372 -0.00496232
v 0.30567330 0.04425128 -0.00529813
v 0.31256598 0.04784317 -0.00585388
v 0.30939644 0.04546423 -0.00537502
v 0.30775493 0.04418965 -0.00522088
v 0.30412548 0.04561992 -0.00557064
v 0.30983012 0.04747851 -0.00568842
v 0.31070226 0.05129619 -0.00647615
v 0.30885237 0.04928990 -0.00601446
v 0.30702096 0.05274685 -0.00683199
v 0.30692118 0.05005081 -0.00620054
v 0.30494028 0.04940541 -0.00615953
v 0.30324405 0.05151625 -0.00675451
v 0.30383616 0.04765554 -0.00591086
v 0.30113929 0.04818041 -0.00628005
v 0.30675953 0.06181653 0.00722064
v 0.31468516 0.05869217 0.00797785
v 0.29862898 0.05916829 0.00739218
v 0.31869739 0.05125709 0.00930954
v 0.31295841 0.05683429 0.00859154
v 0.31691878 0.04299040 0.01059259
v 0.31616038 0.05090077 0.00965501
v 0.31018131 0.03775985 0.01122654
v 0.30663365 0.05932744 0.00798656
v 0.31474107 0.04430361 0.01067925
v 0.30163806 0.03801317 0.01091505
v 0.30936413 0.04012926 0.01118506
v 0.29528611 0.04363175 0.00980354
v 0.30254620 0.04033132 0.01093579
v 0.29409760 0.05198641 0.00841225
v 0.29747694 0.04481502 0.01004804
v 0.29652875 0.05148251 0.00893713
v 0.30014508 0.05721398 0.00812305
v 0.30261272 0.05472489 0.01302386
v 0.30105990 0.04750760 0.01414240
v 0.30050796 0.05138893 0.01349748
v 0.30321699 0.05080147 0.01348115
v 0.30401080 0.04489775 0.01465715
v 0.30350631 0.04876549 0.01381982
v 0.30432110 0.05255134 0.01323260
v 0.30638951 0.05595489 0.01294328
v 0.30630201 0.05319662 0.01319064
v 0.31007116 0.05450339 0.01329340
v 0.30823343 0.05243535 0.01337482
v 0.31193488 0.05104942 0.01391054
v 0.30921119 0.05062373 0.01369906
v 0.31110876 0.04720934 0.01450575
v 0.30877751 0.04860921 0.01401151
v 0.30797928 0.04477973 0.01480056
v 0.30713599 0.04733474 0.01416613
v 0.30505436 0.04739649 0.01409043
vt 0.61171502 0.47016597
vt 0.59594798 0.46586502
vt 0.62532902 0.47671497
vt 0.50497770 0.36666614
vt 0.54043990 0.37711012
vt 0.50542432 0.36876661
vt 0.53936237 0.37653351
vt 0.50345933 0.36535013
vt 0.54056543 0.37578636
vt 0.53995645 0.37541813
vt 0.50283957 0.36466795
vt 0.50161356 0.36321092
vt 0.53832889 0.37463921
vt 0.50589180 0.37121236
vt 0.53804612 0.37586999
vt 0.50740212 0.37400425
vt 0.53596032 0.37596488
vt 0.53572690 0.37462860
vt 0.53259677 0.37629640
vt 0.50976497 0.37779897
vt 0.53225541 0.37769794
vt 0.53672242 0.36872751
vt 0.51255757 0.37871730
vt 0.52904367 0.37767285
vt 0.54343540 0.36864358
vt 0.50286096 0.35698509
vt 0.52991819 0.37604451
vt 0.52858675 0.37575185
vt 0.51925051 0.37502849
vt 0.52197063 0.37617242
vt 0.53410983 0.36723769
vt 0.52275252 0.37422919
vt 0.52136379 0.37368095
vt 0.53282094 0.36695749
vt 0.52572596 0.36437213
vt 0.54152262 0.35790622
vt 0.50280780 0.34952146
vt 0.54675478 0.36210984
vt 0.50157791 0.34827077
vt 0.54705942 0.35994267
vt 0.53830153 0.35843080
vt 0.53705508 0.35816312
vt 0.54356158 0.35695195
vt 0.54748565 0.35853708
vt 0.50073194 0.34721994
vt 0.49915615 0.34633714
vt 0.54609042 0.35632890
vt 0.53878057 0.35650230
vt 0.54481792 0.35653913
vt 0.54124349 0.35601306
vt 0.54351669 0.35556090
vt 0.54480857 0.35530412
vt 0.54616225 0.35464448
vt 0.49999541 0.34527767
vt 0.54332852 0.35462856
vt 0.54446596 0.35160852
vt 0.50297022 0.34626675
vt 0.54128438 0.35473812
vt 0.50422168 0.34708440
vt 0.54335707 0.35063505
vt 0.50784677 0.34855682
vt 0.54075968 0.34751964
vt 0.53882289 0.35499161
vt 0.53681803 0.35514247
vt 0.51389557 0.34890437
vt 0.53453904 0.34477115
vt 0.53755248 0.35662442
vt 0.53105557 0.35257399
vt 0.52946520 0.35305583
vt 0.52869940 0.35451508
vt 0.52983445 0.35097182
vt 0.53035069 0.34484279
vt 0.51770037 0.34768570
vt 0.52450728 0.36373061
vt 0.52765077 0.35378027
vt 0.52871674 0.35205108
vt 0.52587652 0.35111701
vt 0.52748221 0.34998500
vt 0.52842539 0.34907794
vt 0.52888948 0.34461618
vt 0.51900446 0.34687567
vt 0.52711391 0.34747839
vt 0.52217960 0.34572053
vt 0.52521664 0.34530270
vt 0.52623063 0.34795314
vt 0.52546298 0.34682721
vt 0.52315080 0.34676403
vt 0.52454543 0.34765458
vt 0.52516144 0.34889138
vt 0.52137291 0.34767914
vt 0.52039272 0.34879386
vt 0.52060527 0.34681213
vt 0.51940560 0.34794533
vt 0.51840621 0.34906679
vt 0.51915312 0.35015917
vt 0.51412511 0.35038042
vt 0.52261776 0.36107719
vt 0.50748563 0.34998661
vt 0.51967037 0.37126374
vt 0.50349522 0.34842354
vt 0.51900870 0.37225080
vt 0.50256658 0.34737754
vt 0.51843077 0.36771464
vt 0.50146472 0.34628320
vt 0.50702560 0.35170698
vt 0.50415832 0.36085153
vt 0.51434684 0.35219049
vt 0.50460845 0.36462826
vt 0.50659871 0.36109144
vt 0.51269579 0.36054373
vt 0.51504058 0.36030674
vt 0.50645637 0.36421955
vt 0.51214540 0.36332810
vt 0.50605798 0.36534959
vt 0.51366973 0.36368924
vt 0.51260102 0.36408758
vt 0.50699550 0.36748826
vt 0.51268864 0.36580896
vt 0.50922656 0.37144643
vt 0.51426184 0.36916667
vt 0.51731491 0.36869252
vt 0.51600766 0.36664456
vt 0.51677173 0.36546260
vt 0.51468802 0.36561179
vt 0.51361179 0.36442602
vt 0.51463151 0.36445236
vt 0.51536310 0.36447126
vt 0.51813024 0.36093050
vt 0.55974603 0.37298453
vt 0.59872258 0.37543046
vt 0.59747744 0.37508905
vt 0.56069833 0.37504339
vt 0.55787361 0.37198472
vt 0.59854156 0.37403750
vt 0.59782791 0.37380087
vt 0.55707514 0.37142730
vt 0.55547070 0.37021381
vt 0.59596890 0.37338001
vt 0.59596604 0.37471408
vt 0.56175321 0.37745321
vt 0.56396329 0.37997496
vt 0.59383982 0.37530076
vt 0.59328622 0.37397903
vt 0.59292847 0.36766720
vt 0.59982365 0.36600721
vt 0.55529648 0.36350846
vt 0.59045285 0.37643063
vt 0.56728649 0.38332999
vt 0.59042978 0.37795436
vt 0.57037842 0.38362134
vt 0.58711547 0.37868130
vt 0.59533668 0.35539532
vt 0.60171127 0.35849893
vt 0.55349225 0.35583282
vt 0.55193222 0.35483277
vt 0.60151726 0.35619521
vt 0.58988821 0.36674488
vt 0.58763462 0.37679899
vt 0.58619458 0.37680960
vt 0.57947808 0.37879360
vt 0.57640809 0.37825275
vt 0.57982808 0.37660861
vt 0.57826906 0.37636948
vt 0.58849484 0.36675835
vt 0.59214163 0.35669064
vt 0.58058053 0.36575830
vt 0.59079492 0.35670704
vt 0.59218299 0.35459185
vt 0.59094667 0.35500550
vt 0.58133292 0.35490787
vt 0.58177972 0.35322517
vt 0.57917476 0.36538309
vt 0.58008045 0.35439670
vt 0.58984280 0.35365111
vt 0.58077323 0.35236573
vt 0.58330506 0.35235608
vt 0.59187245 0.35302585
vt 0.58167154 0.35099185
vt 0.56476885 0.35259831
vt 0.58506417 0.34350210
vt 0.59211624 0.34487522
vt 0.55845672 0.35365808
vt 0.57977623 0.34937137
vt 0.56840241 0.35045123
vt 0.58076674 0.34455764
vt 0.57920843 0.34466672
vt 0.56955582 0.34931111
vt 0.59434867 0.35218787
vt 0.55437750 0.35299110
vt 0.59552187 0.34747547
vt 0.59689230 0.34821826
vt 0.55289668 0.35244214
vt 0.57805049 0.34803116
vt 0.57558602 0.34623468
vt 0.57255572 0.34737694
vt 0.57901728 0.35052687
vt 0.57619721 0.34774739
vt 0.57380074 0.34822428
vt 0.57725185 0.34872723
vt 0.57762873 0.35206926
vt 0.57544601 0.34881473
vt 0.57637048 0.34994435
vt 0.57218385 0.34958357
vt 0.57660645 0.36309278
vt 0.57143545 0.35096157
vt 0.57595819 0.37427646
vt 0.57118994 0.34887046
vt 0.57021975 0.35031891
vt 0.56945306 0.35170835
vt 0.57047862 0.35265839
vt 0.56535119 0.35406488
vt 0.56600398 0.35587752
vt 0.57194966 0.36399353
vt 0.56862074 0.36407518
vt 0.55834925 0.35709548
vt 0.55841982 0.35521555
vt 0.55394310 0.35454076
vt 0.55274135 0.35368097
vt 0.55081457 0.35394871
vt 0.60162675 0.35464740
vt 0.55134988 0.35281193
vt 0.54960054 0.35212064
vt 0.59935117 0.35094798
vt 0.59967202 0.35269994
vt 0.54898447 0.35340869
vt 0.55753911 0.36718708
vt 0.55888790 0.37097180
vt 0.56010920 0.36686218
vt 0.56626111 0.36486882
vt 0.56069571 0.37011766
vt 0.56634688 0.36786604
vt 0.56055015 0.37137508
vt 0.56800163 0.36788070
vt 0.56699413 0.36854148
vt 0.56201708 0.37335843
vt 0.56748789 0.37029415
vt 0.56524306 0.37691253
vt 0.56989551 0.37338406
vt 0.57292914 0.37218005
vt 0.57110268 0.37037688
vt 0.57550794 0.37544829
vt 0.57384926 0.37091112
vt 0.57161248 0.36898029
vt 0.56950122 0.36962235
vt 0.56992930 0.36828935
vt 0.56917125 0.36844134
vt 0.56811470 0.36865318
vt 0.59460533 0.35351068
vt 0.59721321 0.35393429
vt 0.59642863 0.35159576
vt 0.59684092 0.35251206
vt 0.59841061 0.35321462
vt 0.59811133 0.35194468
vt 0.65424061 0.37696421
vt 0.61739463 0.37396014
vt 0.65306824 0.37661904
vt 0.61825967 0.37592566
vt 0.61564010 0.37298083
vt 0.65409392 0.37564260
vt 0.65342271 0.37540609
vt 0.61489445 0.37243921
vt 0.61339748 0.37126231
vt 0.65167063 0.37497491
vt 0.61921537 0.37822497
vt 0.65164441 0.37623739
vt 0.64962161 0.37675506
vt 0.62126261 0.38065076
vt 0.64912099 0.37549436
vt 0.64889401 0.36951423
vt 0.65544933 0.36806506
vt 0.61335099 0.36491299
vt 0.64639610 0.37776458
vt 0.64634722 0.37920630
vt 0.62434864 0.38388491
vt 0.64319766 0.37983573
vt 0.62726974 0.38421535
vt 0.65139013 0.35794222
vt 0.65736866 0.36099231
vt 0.61177909 0.35761654
vt 0.61032033 0.35664249
vt 0.65722561 0.35880852
vt 0.64603281 0.36858761
vt 0.64372230 0.37806344
vt 0.64235914 0.37804806
vt 0.63307124 0.37924087
vt 0.63596731 0.37980694
vt 0.64471388 0.36857569
vt 0.63633710 0.37774521
vt 0.63486588 0.37749130
vt 0.64834338 0.35911167
vt 0.63724107 0.36748928
vt 0.64706856 0.35910332
vt 0.64841962 0.35712600
vt 0.64724213 0.35749567
vt 0.63814503 0.35723329
vt 0.63859761 0.35564864
vt 0.63696879 0.35672730
vt 0.63591731 0.36710930
vt 0.63766033 0.35481733
vt 0.63352710 0.36489624
vt 0.63468933 0.35448122
vt 0.63271570 0.37546957
vt 0.64005655 0.35485303
vt 0.63226891 0.37657070
vt 0.64622128 0.35619426
vt 0.62988603 0.37343186
vt 0.63077939 0.37224722
vt 0.62699354 0.37451774
vt 0.62818915 0.37169302
vt 0.62869656 0.37038016
vt 0.62252790 0.37777507
vt 0.61953765 0.37435412
vt 0.62476951 0.37155080
vt 0.61818421 0.37245119
vt 0.62668681 0.37095058
vt 0.62433320 0.36988330
vt 0.62539166 0.37000883
vt 0.62639540 0.36982697
vt 0.62529838 0.36927569
vt 0.62711549 0.36969650
vt 0.62910372 0.36566645
vt 0.62595177 0.36568487
vt 0.62791175 0.35491240
vt 0.62373245 0.36923253
vt 0.62370431 0.36639434
vt 0.62361985 0.35788000
vt 0.61834413 0.37126374
vt 0.61784655 0.36817217
vt 0.61661822 0.37204015
vt 0.61540848 0.36843419
vt 0.61635351 0.35889739
vt 0.61645359 0.35711938
vt 0.62303418 0.35615289
vt 0.61222851 0.35640162
vt 0.64852816 0.34792858
vt 0.61651611 0.35564601
vt 0.62250894 0.35475457
vt 0.64187825 0.34650433
vt 0.65170556 0.35044974
vt 0.61266708 0.35494268
vt 0.63779217 0.34742737
vt 0.62598586 0.35278666
vt 0.61110634 0.35556662
vt 0.61127531 0.35439694
vt 0.65298945 0.35117698
vt 0.65735674 0.35734546
vt 0.60927802 0.35578597
vt 0.60980469 0.35471952
vt 0.60816151 0.35403430
vt 0.65526837 0.35380399
vt 0.65554106 0.35546780
vt 0.60755557 0.35524249
vt 0.62695813 0.35399508
vt 0.62770820 0.35269368
vt 0.63631547 0.34750307
vt 0.62709761 0.35172802
vt 0.62884742 0.35332334
vt 0.62865198 0.35133988
vt 0.63285941 0.34892297
vt 0.62997103 0.34995055
vt 0.63113433 0.35077447
vt 0.62958008 0.35203242
vt 0.63353610 0.35244775
vt 0.63268113 0.35136235
vt 0.63341093 0.35036552
vt 0.63439184 0.35131151
vt 0.63603097 0.35304594
vt 0.63515991 0.35066688
vt 0.63676965 0.35196578
vt 0.63853484 0.35353303
vt 0.64815348 0.35563839
vt 0.65051180 0.35488892
vt 0.65073139 0.35614550
vt 0.65249073 0.35436547
vt 0.65319204 0.35659265
vt 0.65286487 0.35523987
vt 0.65407741 0.35472542
vt 0.65433800 0.35593265
vt 0.70415086 0.35158140
vt 0.67525035 0.35791689
vt 0.67459655 0.35892737
vt 0.70689988 0.35349482
vt 0.70525575 0.35303390
vt 0.67421299 0.35786438
vt 0.70762360 0.35379446
vt 0.67519796 0.35898960
vt 0.70909423 0.35446978
vt 0.67673147 0.35899818
vt 0.67650247 0.35794967
vt 0.70290476 0.34987104
vt 0.67873526 0.35806286
vt 0.67807120 0.35712045
vt 0.70073169 0.34827292
vt 0.68010956 0.36295939
vt 0.67498046 0.36545777
vt 0.71039277 0.35970712
vt 0.68053627 0.35564607
vt 0.68029046 0.35444510
vt 0.69753975 0.34621298
vt 0.69506043 0.34651971
vt 0.68276817 0.35329986
vt 0.68034375 0.37301689
vt 0.71313971 0.36542440
vt 0.67479819 0.37168312
vt 0.67534983 0.37345922
vt 0.71453851 0.36593974
vt 0.68265778 0.36315715
vt 0.68268633 0.35486853
vt 0.68381572 0.35461068
vt 0.69125396 0.35178167
vt 0.68874830 0.35188866
vt 0.68375009 0.36290520
vt 0.68885195 0.35366571
vt 0.69011807 0.35358345
vt 0.69014060 0.36231977
vt 0.69130969 0.36237103
vt 0.68262929 0.37144584
vt 0.69142914 0.37097395
vt 0.68368435 0.37119973
vt 0.69250155 0.37115860
vt 0.69136965 0.37237322
vt 0.68385982 0.37256265
vt 0.68296027 0.37310177
vt 0.69032192 0.37332010
vt 0.69230920 0.37287408
vt 0.68496180 0.37343538
vt 0.68124473 0.37437081
vt 0.68347549 0.37427819
vt 0.70484137 0.36991882
vt 0.69047368 0.38058042
vt 0.68469596 0.38072336
vt 0.70961666 0.36799282
vt 0.68167549 0.37536550
vt 0.68157011 0.37927079
vt 0.71293658 0.36781013
vt 0.69184148 0.37410891
vt 0.68014413 0.37619090
vt 0.71419501 0.36798483
vt 0.68036491 0.37892461
vt 0.67796040 0.37720609
vt 0.71684009 0.36766636
vt 0.67876166 0.37620836
vt 0.71710086 0.36654782
vt 0.67740494 0.37588549
vt 0.67966157 0.37554264
vt 0.67830664 0.37526256
vt 0.71556973 0.36644065
vt 0.67553186 0.37469417
vt 0.67912257 0.37448967
vt 0.69361109 0.37505364
vt 0.70235902 0.37223506
vt 0.69366682 0.37900674
vt 0.69400710 0.37401438
vt 0.69519901 0.37580740
vt 0.70165038 0.37333047
vt 0.69487208 0.37865114
vt 0.69962883 0.37536955
vt 0.69744617 0.37679184
vt 0.69483083 0.37256217
vt 0.69670409 0.37570929
vt 0.69850415 0.37491959
vt 0.69570583 0.37512231
vt 0.69710922 0.37474072
vt 0.69953865 0.37357152
vt 0.69618738 0.37401354
vt 0.70044309 0.37395966
vt 0.69988787 0.37235939
vt 0.70095426 0.37265372
vt 0.70131582 0.37142944
vt 0.70034575 0.37086070
vt 0.70412999 0.36886764
vt 0.70330316 0.36755669
vt 0.70937574 0.36676300
vt 0.70910543 0.36527383
vt 0.71300948 0.36651743
vt 0.71410245 0.36698473
vt 0.71534622 0.36742628
vt 0.70799375 0.35720587
vt 0.70603102 0.35790628
vt 0.70627844 0.35446632
vt 0.70154357 0.36053795
vt 0.70500636 0.35545039
vt 0.70490277 0.35443741
vt 0.69982725 0.36157024
vt 0.70095694 0.35819829
vt 0.69722635 0.36221111
vt 0.69965446 0.35847336
vt 0.69806945 0.35848630
vt 0.69372415 0.36372530
vt 0.69662732 0.35823512
vt 0.69229609 0.35482740
vt 0.69453561 0.35710573
vt 0.69678611 0.35704970
vt 0.69244671 0.35382885
vt 0.69503874 0.35594952
vt 0.69817471 0.35736501
vt 0.69721329 0.35447824
vt 0.69863862 0.35823560
vt 0.69943184 0.35788614
vt 0.69963998 0.35648847
vt 0.70033139 0.35777974
vt 0.70025688 0.35090029
vt 0.70340675 0.35313356
vt 0.71766823 0.47926873
vt 0.73087692 0.42875505
vt 0.71267253 0.47242349
vt 0.72814017 0.42987382
vt 0.72893524 0.42787010
vt 0.71383172 0.47471476
vt 0.71582627 0.47690564
vt 0.72876322 0.43245244
vt 0.71167433 0.46971977
vt 0.73067260 0.43341541
vt 0.72781813 0.43606430
vt 0.71052575 0.46571726
vt 0.72645646 0.48627645
vt 0.74243730 0.42880648
vt 0.72930801 0.43749273
vt 0.72572333 0.43807799
vt 0.70992613 0.46254557
vt 0.74547213 0.43452382
vt 0.74464691 0.42929995
vt 0.72760928 0.48689669
vt 0.74556392 0.43853211
vt 0.72660136 0.44311577
vt 0.72389615 0.44284928
vt 0.71089864 0.45746994
vt 0.74763352 0.43500155
vt 0.72859842 0.48723728
vt 0.74739534 0.42952681
vt 0.72475451 0.49080914
vt 0.74918604 0.43443155
vt 0.74815464 0.43908018
vt 0.72384363 0.49537498
vt 0.75007099 0.43978095
vt 0.74730825 0.44424832
vt 0.72577393 0.49956799
vt 0.74942994 0.44496810
vt 0.74532425 0.44393694
vt 0.74714744 0.45016038
vt 0.73008263 0.50217956
vt 0.74887717 0.45115900
vt 0.74499786 0.45010042
vt 0.74811399 0.45660180
vt 0.73484033 0.50274116
vt 0.74376345 0.45654106
vt 0.74606001 0.45663190
vt 0.74544150 0.46180064
vt 0.73884279 0.50069231
vt 0.74763304 0.46211094
vt 0.72458690 0.45407212
vt 0.72212452 0.45401323
vt 0.74339950 0.46721977
vt 0.74567634 0.46815366
vt 0.74181563 0.49617118
vt 0.74269968 0.49260026
vt 0.74296433 0.47182530
vt 0.74268776 0.46217674
vt 0.74077004 0.47116691
vt 0.73989642 0.48730648
vt 0.73745412 0.47882044
vt 0.74025363 0.46728534
vt 0.72657126 0.45965725
vt 0.72771764 0.46421725
vt 0.73839569 0.47105175
vt 0.73640817 0.47644645
vt 0.72720754 0.46835715
vt 0.73510504 0.47558457
vt 0.72584450 0.46472430
vt 0.72588158 0.47144407
vt 0.72507310 0.46049422
vt 0.72625631 0.46831828
vt 0.72383869 0.45830274
vt 0.72326267 0.46077567
vt 0.72087383 0.45517945
vt 0.72257131 0.45825207
vt 0.72097087 0.46118408
vt 0.72393656 0.46501303
vt 0.72527623 0.46670306
vt 0.72217643 0.46669912
vt 0.72437537 0.46729720
vt 0.72559881 0.46836883
vt 0.72432733 0.47067887
vt 0.72394133 0.46955979
vt 0.72003216 0.47679132
vt 0.71436900 0.46370524
vt 0.71821785 0.47504210
vt 0.72966486 0.48181814
vt 0.71653551 0.47427887
vt 0.73123920 0.48300308
vt 0.73342425 0.48493850
vt 0.73055500 0.49221289
vt 0.73604417 0.49460620
vt 0.72852534 0.49838013
vt 0.73377550 0.50015551
vt 0.71621340 0.46973449
vt 0.71444291 0.47223502
vt 0.71326911 0.46903986
vt 0.71218789 0.46494633
vt 0.71151263 0.46201652
vt 0.71226072 0.45819169
vt 0.52433300 0.51079702
vt 0.69714898 0.47889197
vt 0.53234899 0.49393099
vt 0.68736899 0.47652101
vt 0.68812901 0.47502196
vt 0.53214699 0.49615204
vt 0.69671500 0.48087704
vt 0.52485698 0.51308203
vt 0.69887102 0.47917604
vt 0.53197497 0.49232000
vt 0.68612403 0.47747397
vt 0.70353597 0.48075301
vt 0.53093100 0.52238703
vt 0.53046000 0.51941800
vt 0.70371699 0.47913098
vt 0.69868201 0.48116398
vt 0.70376498 0.48179001
vt 0.53125101 0.52370900
vt 0.69659799 0.48177803
vt 0.69841498 0.48247898
vt 0.69906002 0.48539102
vt 0.70515299 0.48666799
vt 0.53402603 0.52912700
vt 0.69672197 0.48517799
vt 0.69946402 0.49693900
vt 0.70609200 0.49780798
vt 0.53987402 0.54002202
vt 0.68575698 0.48233604
vt 0.69672602 0.49690902
vt 0.69954300 0.51953298
vt 0.70553601 0.52034599
vt 0.55048299 0.56150901
vt 0.69588602 0.51911199
vt 0.68229198 0.49323797
vt 0.67892999 0.48084998
vt 0.67957002 0.47662401
vt 0.53593898 0.48534799
vt 0.70020098 0.52977097
vt 0.70616001 0.52985400
vt 0.55617201 0.56998599
vt 0.66613799 0.47924900
vt 0.66557199 0.47460401
vt 0.55056500 0.47243798
vt 0.70211101 0.53838497
vt 0.55942202 0.57693499
vt 0.70757598 0.53734100
vt 0.55979002 0.58292502
vt 0.70948398 0.54297501
vt 0.69559598 0.52947497
vt 0.70433599 0.54404801
vt 0.68381703 0.51609701
vt 0.70738900 0.55047899
vt 0.56131101 0.59101301
vt 0.71225297 0.55072403
vt 0.69706798 0.54602998
vt 0.70856398 0.55458403
vt 0.71264398 0.55545801
vt 0.56351000 0.59516299
vt 0.70125902 0.54982400
vt 0.70781201 0.55814898
vt 0.71146297 0.56071699
vt 0.56739598 0.59830397
vt 0.70559603 0.55339098
vt 0.70637900 0.56083500
vt 0.70941400 0.56349498
vt 0.57030201 0.59957898
vt 0.70430303 0.55635798
vt 0.70302600 0.55874097
vt 0.70430303 0.56201500
vt 0.70671803 0.56520700
vt 0.57332998 0.59936303
vt 0.69773299 0.56406802
vt 0.58078098 0.59991503
vt 0.70191598 0.56006998
vt 0.69965100 0.55853802
vt 0.70035499 0.55714798
vt 0.69692397 0.55733901
vt 0.69175899 0.55571502
vt 0.58495700 0.59568602
vt 0.69276899 0.56549603
vt 0.69722998 0.55515498
vt 0.70116699 0.55468702
vt 0.69283003 0.55307800
vt 0.70345700 0.55195898
vt 0.69809198 0.55264503
vt 0.69401801 0.54995501
vt 0.68902898 0.55141699
vt 0.68726498 0.55430102
vt 0.69270199 0.54308301
vt 0.69003200 0.54750103
vt 0.68481100 0.55058998
vt 0.67998201 0.55396199
vt 0.67829901 0.57412702
vt 0.60052401 0.58759803
vt 0.68469501 0.54602897
vt 0.66622502 0.55864602
vt 0.65745401 0.56855100
vt 0.62772202 0.59432799
vt 0.67683101 0.55090898
vt 0.66816598 0.55384201
vt 0.67602003 0.54666197
vt 0.68394601 0.54220700
vt 0.66654098 0.54959798
vt 0.68337101 0.52764601
vt 0.67555898 0.54254198
vt 0.66173399 0.55826002
vt 0.65633798 0.54922098
vt 0.65694600 0.56397802
vt 0.65895802 0.55367100
vt 0.65360200 0.55925500
vt 0.65379900 0.56771600
vt 0.63456202 0.59013301
vt 0.65130299 0.57742602
vt 0.65028900 0.56549698
vt 0.64797503 0.55396098
vt 0.64721602 0.56299299
vt 0.64759803 0.57142198
vt 0.64944100 0.57455701
vt 0.64118898 0.58435202
vt 0.64508897 0.56885803
vt 0.64341801 0.58039200
vt 0.64337403 0.57689500
vt 0.64258200 0.57296801
vt 0.63700801 0.56393999
vt 0.63812798 0.56968200
vt 0.64066899 0.57447600
vt 0.64073598 0.58076000
vt 0.64073497 0.57767302
vt 0.63791001 0.57487899
vt 0.63770902 0.58023101
vt 0.63785398 0.57783699
vt 0.63713801 0.58123201
vt 0.63449198 0.57943302
vt 0.63475198 0.57711798
vt 0.63346702 0.57396698
vt 0.62989902 0.57625598
vt 0.63323301 0.58084101
vt 0.62992901 0.57821703
vt 0.62914699 0.58284700
vt 0.62875599 0.57970399
vt 0.62737501 0.57770801
vt 0.62449098 0.57878500
vt 0.62487698 0.58563000
vt 0.62035102 0.58598500
vt 0.61787498 0.57778400
vt 0.62317997 0.57650501
vt 0.61253297 0.57693100
vt 0.61740899 0.57510698
vt 0.62739003 0.57560802
vt 0.61855602 0.57267201
vt 0.62943798 0.57323003
vt 0.62327897 0.57419997
vt 0.62643302 0.57297301
vt 0.62750602 0.57054502
vt 0.62395799 0.57168603
vt 0.62470001 0.56708801
vt 0.63387603 0.55709499
vt 0.61988199 0.56978297
vt 0.61952001 0.56196099
vt 0.64164800 0.54686099
vt 0.61280698 0.57018203
vt 0.63189101 0.55250299
vt 0.61268300 0.56543601
vt 0.61623597 0.55763400
vt 0.61259001 0.57371903
vt 0.60520703 0.57255697
vt 0.60497701 0.57650900
vt 0.60449398 0.56934798
vt 0.59838200 0.57329702
vt 0.59945101 0.57700503
vt 0.59487498 0.57800502
vt 0.58657002 0.58062297
vt 0.59245300 0.57467002
vt 0.59698403 0.57024598
vt 0.58167303 0.58386803
vt 0.58488798 0.57799298
vt 0.59039003 0.57161897
vt 0.57895500 0.58724898
vt 0.57955998 0.58175302
vt 0.57756197 0.58468097
vt 0.57645202 0.59001303
vt 0.57601899 0.58021200
vt 0.57513797 0.58823001
vt 0.57477498 0.59291101
vt 0.57458401 0.58336401
vt 0.57378000 0.59636003
vt 0.57351798 0.59210998
vt 0.57188803 0.59591901
vt 0.57100600 0.59140599
vt 0.56904203 0.59522200
vt 0.56592500 0.59301102
vt 0.57318097 0.58731502
vt 0.56816602 0.58926201
vt 0.56799698 0.58576798
vt 0.56990999 0.58649999
vt 0.57083797 0.58296800
vt 0.56832099 0.58033901
vt 0.57156402 0.57921100
vt 0.56717002 0.57373398
vt 0.57118702 0.57292998
vt 0.57748401 0.57831401
vt 0.56496000 0.56530303
vt 0.58238101 0.57462901
vt 0.57984799 0.56879401
vt 0.58908600 0.56542599
vt 0.57562500 0.56159699
vt 0.59421802 0.56430900
vt 0.56841499 0.56406200
vt 0.58390999 0.55712098
vt 0.56969303 0.54978102
vt 0.55966598 0.55626702
vt 0.56312698 0.55380899
vt 0.54871702 0.53521502
vt 0.55256599 0.53379101
vt 0.55902201 0.52715099
vt 0.54315102 0.52598602
vt 0.54721999 0.52484900
vt 0.55162799 0.52055299
vt 0.54464102 0.52078199
vt 0.53607702 0.52341598
vt 0.54087001 0.52267098
vt 0.53593099 0.52257401
vt 0.54037201 0.52182901
vt 0.54398799 0.51986098
vt 0.53916001 0.52054697
vt 0.53486002 0.52094102
vt 0.54881298 0.51643902
vt 0.54288399 0.51880401
vt 0.55520499 0.51560402
vt 0.54789800 0.51559102
vt 0.55093801 0.51071501
vt 0.54597199 0.51450300
vt 0.54868299 0.50906998
vt 0.53780502 0.51590902
vt 0.54218400 0.50814301
vt 0.53431100 0.51447398
vt 0.53928798 0.50499302
vt 0.54780698 0.50694698
vt 0.53007698 0.51208502
vt 0.53167099 0.50260598
vt 0.53494501 0.49620700
vt 0.54444200 0.50259900
vt 0.53557301 0.49499100
vt 0.54543102 0.50199002
vt 0.53602201 0.49408197
vt 0.54569900 0.50160998
vt 0.54937202 0.50635600
vt 0.53796500 0.49102604
vt 0.55013698 0.50601202
vt 0.55189198 0.51045799
vt 0.54743099 0.50085998
vt 0.55992401 0.50895899
vt 0.55599999 0.50496697
vt 0.55251199 0.50370801
vt 0.57030499 0.51513600
vt 0.56820399 0.50133801
vt 0.55528498 0.50332802
vt 0.55296898 0.50276101
vt 0.54788101 0.50041002
vt 0.55464202 0.50168902
vt 0.55292398 0.50179797
vt 0.56421101 0.49659300
vt 0.56547302 0.49736601
vt 0.56297600 0.49538004
vt 0.57419002 0.49711001
vt 0.55758101 0.49212098
vt 0.57858598 0.50873899
vt 0.55373502 0.49730098
vt 0.54860002 0.49984199
vt 0.55126798 0.49497801
vt 0.53976101 0.49017596
vt 0.53886801 0.49045801
vt 0.54429501 0.48881900
vt 0.53733098 0.48572302
vt 0.53895599 0.48659003
vt 0.55021298 0.47393501
vt 0.54978401 0.48092800
vt 0.55520999 0.48696303
vt 0.55115700 0.47671401
vt 0.56313503 0.49326199
vt 0.56086802 0.48596400
vt 0.55381298 0.47593999
vt 0.56454903 0.49329698
vt 0.56150699 0.48569798
vt 0.56551999 0.49334300
vt 0.55419803 0.47532904
vt 0.56181097 0.48556900
vt 0.55748498 0.47317201
vt 0.66000497 0.47411597
vt 0.55706799 0.46878898
vt 0.56332397 0.48447400
vt 0.55829197 0.46917200
vt 0.56926698 0.49061400
vt 0.55837601 0.47318602
vt 0.57473397 0.46308100
vt 0.57536203 0.46204698
vt 0.64493603 0.47499704
vt 0.56356299 0.48421001
vt 0.56030703 0.47082400
vt 0.56405401 0.48381299
vt 0.56973302 0.49026000
vt 0.57194501 0.49291098
vt 0.57248902 0.49135697
vt 0.58090103 0.48929799
vt 0.57251102 0.48891997
vt 0.58107299 0.49365103
vt 0.58003002 0.48829400
vt 0.58575302 0.50339198
vt 0.57977700 0.48588800
vt 0.58139902 0.51479500
vt 0.58130199 0.48552704
vt 0.58145499 0.52680999
vt 0.58204597 0.48575401
vt 0.58249301 0.47644299
vt 0.58159399 0.47624499
vt 0.58621299 0.48461199
vt 0.57639003 0.48157001
vt 0.58646500 0.48802400
vt 0.57314801 0.48444200
vt 0.58601999 0.49306703
vt 0.56924802 0.48107803
vt 0.57586902 0.47601497
vt 0.56469601 0.47347701
vt 0.57257599 0.46833700
vt 0.57457101 0.46527398
vt 0.57791799 0.46523702
vt 0.57879698 0.46498400
vt 0.58307999 0.47613400
vt 0.58302200 0.46433199
vt 0.58299202 0.46048099
vt 0.63716799 0.47594601
vt 0.58359498 0.46118700
vt 0.63619000 0.47526300
vt 0.58519798 0.47589701
vt 0.58369303 0.46441001
vt 0.63477200 0.47351599
vt 0.58556002 0.46245098
vt 0.58560401 0.47578704
vt 0.58570600 0.46560097
vt 0.58675700 0.48425901
vt 0.59475100 0.47291398
vt 0.58660197 0.47555804
vt 0.58751899 0.48286498
vt 0.59484899 0.47780299
vt 0.58853602 0.48465896
vt 0.58714700 0.48682499
vt 0.59173500 0.48675901
vt 0.59138399 0.48935497
vt 0.59158701 0.48848301
vt 0.59546298 0.48767197
vt 0.58983803 0.49369401
vt 0.59576303 0.48954499
vt 0.59544301 0.49018699
vt 0.59385097 0.50143701
vt 0.59493202 0.49385399
vt 0.60123700 0.49002701
vt 0.60095000 0.49298900
vt 0.60129798 0.48899698
vt 0.60865599 0.48796701
vt 0.60127699 0.48723799
vt 0.60828000 0.48689997
vt 0.60232598 0.47938800
vt 0.60756397 0.48556900
vt 0.60759598 0.47629601
vt 0.61314601 0.48291600
vt 0.61435199 0.48437601
vt 0.62710500 0.47847301
vt 0.62228101 0.47819799
vt 0.61929500 0.48025501
vt 0.62405700 0.47994900
vt 0.62102801 0.48158699
vt 0.61474800 0.48528200
vt 0.62165099 0.48254096
vt 0.62476200 0.48101497
vt 0.62770998 0.47953600
vt 0.63088500 0.48459500
vt 0.62797999 0.48603100
vt 0.63905197 0.48102403
vt 0.63601297 0.49942398
vt 0.64609897 0.47982502
vt 0.64238900 0.49163800
vt 0.65992898 0.47903597
vt 0.64552999 0.48961300
vt 0.66043299 0.48941696
vt 0.66808099 0.48970199
vt 0.64636701 0.49132699
vt 0.67863399 0.49203002
vt 0.66043001 0.49129099
vt 0.66813099 0.49151701
vt 0.67982203 0.49544299
vt 0.67780501 0.49384600
vt 0.68186897 0.51559901
vt 0.67746299 0.49815202
vt 0.67959702 0.51459497
vt 0.67470699 0.52833402
vt 0.67391902 0.51402199
vt 0.67548698 0.49663901
vt 0.66856801 0.49586099
vt 0.66048098 0.49523300
vt 0.65030497 0.53255200
vt 0.65208799 0.51726198
vt 0.65021700 0.49568903
vt 0.64899099 0.49672198
vt 0.64921200 0.51774502
vt 0.64491802 0.49326098
vt 0.64676100 0.51858699
vt 0.64703798 0.54058403
vt 0.64116502 0.53560501
vt 0.64034200 0.52387798
vt 0.63335401 0.50775403
vt 0.63755298 0.54345399
vt 0.63759798 0.53485203
vt 0.63043600 0.54885101
vt 0.63516700 0.54141903
vt 0.62964100 0.54642201
vt 0.61978602 0.55314302
vt 0.62012601 0.55022901
vt 0.62985700 0.53658700
vt 0.61799097 0.54390800
vt 0.61625099 0.55044699
vt 0.61531299 0.55359799
vt 0.61229801 0.55011600
vt 0.61136502 0.55802202
vt 0.61116999 0.55342501
vt 0.60228801 0.56390798
vt 0.60138297 0.55548298
vt 0.59045100 0.55570900
vt 0.60401797 0.54997897
vt 0.58382797 0.53914899
vt 0.57817697 0.54213703
vt 0.58878303 0.53664201
vt 0.58704603 0.52572203
vt 0.59439599 0.53454500
vt 0.58748901 0.51511800
vt 0.59332102 0.52511299
vt 0.59417599 0.51584500
vt 0.59705102 0.52621001
vt 0.59688401 0.51755601
vt 0.59866500 0.50511497
vt 0.60199201 0.50678599
vt 0.59873497 0.53486002
vt 0.60360998 0.52004302
vt 0.60587198 0.54693401
vt 0.60540402 0.53022301
vt 0.61259502 0.54330099
vt 0.60959601 0.54079503
vt 0.62879401 0.52642298
vt 0.62476701 0.51539099
vt 0.63757002 0.52511102
vt 0.63123900 0.51015300
vt 0.62294102 0.51161402
vt 0.62614799 0.50376302
vt 0.62749600 0.50013602
vt 0.61660600 0.50627798
vt 0.62677199 0.49373400
vt 0.61793399 0.49882197
vt 0.61823702 0.49591303
vt 0.62454999 0.48734796
vt 0.61738098 0.49204999
vt 0.61614799 0.48874998
vt 0.61037701 0.49713504
vt 0.60943699 0.49355000
vt 0.60898000 0.49016899
vt 0.60201502 0.49706602
vt 0.60392302 0.50058198
vt 0.61067802 0.49998903
vt 0.60494500 0.50257403
vt 0.61127901 0.50749302
vt 0.60626101 0.51107198
vt 0.76811075 0.48370010
vt 0.76539284 0.51041490
vt 0.76699597 0.51337630
vt 0.76581967 0.48405868
vt 0.76736277 0.48312551
vt 0.76557404 0.51167911
vt 0.76615292 0.48489136
vt 0.76563358 0.50651389
vt 0.76958537 0.48660487
vt 0.76424152 0.48447019
vt 0.76778096 0.51518351
vt 0.76732027 0.48825461
vt 0.76514333 0.50229019
vt 0.76517266 0.50081330
vt 0.77133334 0.48982555
vt 0.76872146 0.49165553
vt 0.76593065 0.49718982
vt 0.76473331 0.48880380
vt 0.76506323 0.49320131
vt 0.76411116 0.48540813
vt 0.76182687 0.48432594
vt 0.76200289 0.48312515
vt 0.76644278 0.51763117
vt 0.75293100 0.47730595
vt 0.75782692 0.52526152
vt 0.76192594 0.48678070
vt 0.75018501 0.47881299
vt 0.75588691 0.52601284
vt 0.75141364 0.47601908
vt 0.75623345 0.52960002
vt 0.74917281 0.47749388
vt 0.75570685 0.53310221
vt 0.74645639 0.47904044
vt 0.74596131 0.48083669
vt 0.74497402 0.48042411
vt 0.75517851 0.53493899
vt 0.74445498 0.47928304
vt 0.74259436 0.48067939
vt 0.75364000 0.53641164
vt 0.74358416 0.48148537
vt 0.74177355 0.48304516
vt 0.75151444 0.53648180
vt 0.74314356 0.48347992
vt 0.74246973 0.48507863
vt 0.75024366 0.53557032
vt 0.74500042 0.48415524
vt 0.74369782 0.48451596
vt 0.74568051 0.48600644
vt 0.74436694 0.48711771
vt 0.74899525 0.53368384
vt 0.74588406 0.49271941
vt 0.74437523 0.53148460
vt 0.76251304 0.48995191
vt 0.74784184 0.48656946
vt 0.74735045 0.49229658
vt 0.74755269 0.49778682
vt 0.74651194 0.49794370
vt 0.74145675 0.52806348
vt 0.74925262 0.49213856
vt 0.74769986 0.50324833
vt 0.74667859 0.50310105
vt 0.74025899 0.52334011
vt 0.76296663 0.49362779
vt 0.74966294 0.49777299
vt 0.76383841 0.49737763
vt 0.76322335 0.50131381
vt 0.74961716 0.50336170
vt 0.74848652 0.50854451
vt 0.74625129 0.50933593
vt 0.74464792 0.50855511
vt 0.74223745 0.51795727
vt 0.76308435 0.50533652
vt 0.74396861 0.51155561
vt 0.74301565 0.51066417
vt 0.74249536 0.51446420
vt 0.74566168 0.51132303
vt 0.76285696 0.50863797
vt 0.74397975 0.51258880
vt 0.74720705 0.51416165
vt 0.76274353 0.51111472
vt 0.75122857 0.51603520
vt 0.76285082 0.51235700
vt 0.75362206 0.51769877
vt 0.76489306 0.51479727
vt 0.75570869 0.52148908
vt 0.75221056 0.51909965
vt 0.75412261 0.52245325
vt 0.75013399 0.51731467
vt 0.74894285 0.51812732
vt 0.75244570 0.52337092
vt 0.74791539 0.51568872
vt 0.74714792 0.51617688
vt 0.74667025 0.51433867
vt 0.74652374 0.51510316
vt 0.74527788 0.51380044
vt 0.74507064 0.51460087
vt 0.74375278 0.51420039
vt 0.74584174 0.51539069
vt 0.74484211 0.51499778
vt 0.74377805 0.51499146
vt 0.74347502 0.51614612
vt 0.74332959 0.51837593
vt 0.74544299 0.52169997
vt 0.74860179 0.52502275
vt 0.74951768 0.52809083
vt 0.75460279 0.52929652
vt 0.74975318 0.53281862
vt 0.75462735 0.53310555
vt 0.75109613 0.53452092
vt 0.75419104 0.53503937
vt 0.75176769 0.53574556
vt 0.75316191 0.53579992
vt 0.74675071 0.38031268
vt 0.77155441 0.48413783
vt 0.75412500 0.37508899
vt 0.77727055 0.48213273
vt 0.75075090 0.37858123
vt 0.77569723 0.48570949
vt 0.77390748 0.48084778
vt 0.75153601 0.47208852
vt 0.73735005 0.39790589
vt 0.77874732 0.47833008
vt 0.75621605 0.37225848
vt 0.77546692 0.47726005
vt 0.75177580 0.46812743
vt 0.74798959 0.47045177
vt 0.73674882 0.39963222
vt 0.74942672 0.47127616
vt 0.77803683 0.47078115
vt 0.78140068 0.47190797
vt 0.76147956 0.36899078
vt 0.74944449 0.46763468
vt 0.78093660 0.46451217
vt 0.78377664 0.46459663
vt 0.76788890 0.36677682
vt 0.75287563 0.46103436
vt 0.78140426 0.46042007
vt 0.77143019 0.36760318
vt 0.78502154 0.46035826
vt 0.73698956 0.40104461
vt 0.74659121 0.46966082
vt 0.73426121 0.40052152
vt 0.74764270 0.46700364
vt 0.75058114 0.46073365
vt 0.72901958 0.40310723
vt 0.74904168 0.46036005
vt 0.75292820 0.45421195
vt 0.72586203 0.40806115
vt 0.75136435 0.45349050
vt 0.75500947 0.45494962
vt 0.75565106 0.44933927
vt 0.72640121 0.41364080
vt 0.75407660 0.44771898
vt 0.73059809 0.41990984
vt 0.75728941 0.44017750
vt 0.75764692 0.45030284
vt 0.78146696 0.45631814
vt 0.77427959 0.36949241
vt 0.78537595 0.45581621
vt 0.78310287 0.44806421
vt 0.77913773 0.37494910
vt 0.77875340 0.44853157
vt 0.78343362 0.38503891
vt 0.77730382 0.43931615
vt 0.76174527 0.44191265
vt 0.77379978 0.44057322
vt 0.77276039 0.43352848
vt 0.78553808 0.39213914
vt 0.75974429 0.44103527
vt 0.75991416 0.43738460
vt 0.73287314 0.42315078
vt 0.75737143 0.43638545
vt 0.76268846 0.43696743
vt 0.76023757 0.43433827
vt 0.73596972 0.42591125
vt 0.75709337 0.43192112
vt 0.76945746 0.43509936
vt 0.76241970 0.43251479
vt 0.76579380 0.42980647
vt 0.76908338 0.42715174
vt 0.78798342 0.39837527
vt 0.76110470 0.42864013
vt 0.76515377 0.42660797
vt 0.76733911 0.42509556
vt 0.78667760 0.40042549
vt 0.77059531 0.42344904
vt 0.76569486 0.41831708
vt 0.77004743 0.41783148
vt 0.78221661 0.40401101
vt 0.76946193 0.41476989
vt 0.77990657 0.40572512
vt 0.76235563 0.41801465
vt 0.75721031 0.41776371
vt 0.75280488 0.41752499
vt 0.76494610 0.41554046
vt 0.76210737 0.41516346
vt 0.76579905 0.40720820
vt 0.77036649 0.40537214
vt 0.75797284 0.41413212
vt 0.76236320 0.40809858
vt 0.76224750 0.40192473
vt 0.76491958 0.40005559
vt 0.75966185 0.40312815
vt 0.77568567 0.39739507
vt 0.75785804 0.39469963
vt 0.76067179 0.39313400
vt 0.78063464 0.39279956
vt 0.76726806 0.38249934
vt 0.77346027 0.37660229
vt 0.76951480 0.36907101
vt 0.76395923 0.37261224
vt 0.75937355 0.37564540
vt 0.75546372 0.37979257
vt 0.75687861 0.38476521
vt 0.75215256 0.38209504
vt 0.75388074 0.38630223
vt 0.74880576 0.38341469
vt 0.75127411 0.38850725
vt 0.75560403 0.39610654
vt 0.74146199 0.39952469
vt 0.75493067 0.40976000
vt 0.74723595 0.40305829
vt 0.75505781 0.41399103
vt 0.75317311 0.41130662
vt 0.74606210 0.40423596
vt 0.75072908 0.41317397
vt 0.74000359 0.40068698
vt 0.73992276 0.40236753
vt 0.74447250 0.40592170
vt 0.73745233 0.40470850
vt 0.74038541 0.40744269
vt 0.73197138 0.40618718
vt 0.72949016 0.41022682
vt 0.73069000 0.41334081
vt 0.74435580 0.41471434
vt 0.73406982 0.41832453
vt 0.74442255 0.41789186
vt 0.73646718 0.42048633
vt 0.51531971 0.42744112
vt 0.50938052 0.42655212
vt 0.51960438 0.37875718
vt 0.50923634 0.42374337
vt 0.51711547 0.37912285
vt 0.51332879 0.42622429
vt 0.51052177 0.42509258
vt 0.51096690 0.42297280
vt 0.51329619 0.42311501
vt 0.50846946 0.42006886
vt 0.51763994 0.38150203
vt 0.50718248 0.42112505
vt 0.50478321 0.41749865
vt 0.51731002 0.38563311
vt 0.51186812 0.42053521
vt 0.50612420 0.41640925
vt 0.50316215 0.41541505
vt 0.51520991 0.38703525
vt 0.50856209 0.41481769
vt 0.50434279 0.41396296
vt 0.50221103 0.41335040
vt 0.51402551 0.38768625
vt 0.50646031 0.41197991
vt 0.50354910 0.41244334
vt 0.51373369 0.41097546
vt 0.50417370 0.40891969
vt 0.50360000 0.40869850
vt 0.50175774 0.40910840
vt 0.51247025 0.39288431
vt 0.51229888 0.40166759
vt 0.51232743 0.40811014
vt 0.51126033 0.40468323
vt 0.51152688 0.40399754
vt 0.51393431 0.40613216
vt 0.51554763 0.40567797
vt 0.51473737 0.40716493
vt 0.51596069 0.40924472
vt 0.51664919 0.40634763
vt 0.51826578 0.40791315
vt 0.51727974 0.40563953
vt 0.51777190 0.41294473
vt 0.52693951 0.40090823
vt 0.51678002 0.41568410
vt 0.51855576 0.41663855
vt 0.51861811 0.41464460
vt 0.51974881 0.41402191
vt 0.51540124 0.42397600
vt 0.52021682 0.41528797
vt 0.51980633 0.41774344
vt 0.51685399 0.42470539
vt 0.52109832 0.41778255
vt 0.53118312 0.42780399
vt 0.53416687 0.37930518
vt 0.53027463 0.43241316
vt 0.53354466 0.42000234
vt 0.52169079 0.41481847
vt 0.53422326 0.42833304
vt 0.53211498 0.43336576
vt 0.53807098 0.37897497
vt 0.53617311 0.42104900
vt 0.53612268 0.42913508
vt 0.53293031 0.43328530
vt 0.53957826 0.37876797
vt 0.53583902 0.41514993
vt 0.54340684 0.43038034
vt 0.53777450 0.42162561
vt 0.53950685 0.41547310
vt 0.54074138 0.41605365
vt 0.54738188 0.43424523
vt 0.54726255 0.44143832
vt 0.54472232 0.40879583
vt 0.53689838 0.43549418
vt 0.53157473 0.44017041
vt 0.54331392 0.38480490
vt 0.54433262 0.38763159
vt 0.53266901 0.44249737
vt 0.53624737 0.44580519
vt 0.54504967 0.39324713
vt 0.54236949 0.43609172
vt 0.54549497 0.39975715
vt 0.54176295 0.44624049
vt 0.54578823 0.44353878
vt 0.54551649 0.40561992
vt 0.54347515 0.40836459
vt 0.54409444 0.40602595
vt 0.53957581 0.40882254
vt 0.54058266 0.40641153
vt 0.52946269 0.40813243
vt 0.52893120 0.40602553
vt 0.54158008 0.40014881
vt 0.51934958 0.40744233
vt 0.54111195 0.39347440
vt 0.52679110 0.39317936
vt 0.51973420 0.41211975
vt 0.51600152 0.38790917
vt 0.51832104 0.38607371
vt 0.52767801 0.38770038
vt 0.52824062 0.38565105
vt 0.53816020 0.38522840
vt 0.53935444 0.38749158
vt 0.54207522 0.38531983
vt 0.54287487 0.38745618
vt 0.51929891 0.34206367
vt 0.54441297 0.33282447
vt 0.54530841 0.33761048
vt 0.52423394 0.34114718
vt 0.52200669 0.34322536
vt 0.54368526 0.33554262
vt 0.52280003 0.33854949
vt 0.51281703 0.33639050
vt 0.54598653 0.32490241
vt 0.52387399 0.33836067
vt 0.52511871 0.34086841
vt 0.54502958 0.33825541
vt 0.51778764 0.33219087
vt 0.53073519 0.33773768
vt 0.53107405 0.33977675
vt 0.54127187 0.34179509
vt 0.53224170 0.33956695
vt 0.51810080 0.33065951
vt 0.51642996 0.33032989
vt 0.51074874 0.33489972
vt 0.54623246 0.32257462
vt 0.52243030 0.32497907
vt 0.51833087 0.32633543
vt 0.52876872 0.33343536
vt 0.53001517 0.33325803
vt 0.52484310 0.32484657
vt 0.53200263 0.33770216
vt 0.53768063 0.33805233
vt 0.52604759 0.32438636
vt 0.53631121 0.33647466
vt 0.53578478 0.33170503
vt 0.53473377 0.32218337
vt 0.53727496 0.33582258
vt 0.53686428 0.33120155
vt 0.54298109 0.33564627
vt 0.54333240 0.33307552
vt 0.54501140 0.32354045
vt 0.53850150 0.32080364
vt 0.54307520 0.31937998
vt 0.50552619 0.33523524
vt 0.54384357 0.31898677
vt 0.53604454 0.32197660
vt 0.54267645 0.31802219
vt 0.54345691 0.31751251
vt 0.50410169 0.33500457
vt 0.54166466 0.31600118
vt 0.50261950 0.33352476
vt 0.54186714 0.31823665
vt 0.54134232 0.31697649
vt 0.50271547 0.33238858
vt 0.54035610 0.31594461
vt 0.54020530 0.31700075
vt 0.50333446 0.33138704
vt 0.53894800 0.31668913
vt 0.53992158 0.31843418
vt 0.53950000 0.31752408
vt 0.50471449 0.33040667
vt 0.53768718 0.31827253
vt 0.53864402 0.31915122
vt 0.53548950 0.31948519
vt 0.50509965 0.32807702
vt 0.53569102 0.32055563
vt 0.50530869 0.32702434
vt 0.53419501 0.31981695
vt 0.53446567 0.32083923
vt 0.52542055 0.32204544
vt 0.51130837 0.32261324
vt 0.52566016 0.32307196
vt 0.52445853 0.32342446
vt 0.52411497 0.32240558
vt 0.51239347 0.32274330
vt 0.51474470 0.32303739
vt 0.52177662 0.32237601
vt 0.52131903 0.32360375
vt 0.51716483 0.32226419
vt 0.51998109 0.32167959
vt 0.51955402 0.32254350
vt 0.52013403 0.32368136
vt 0.51885396 0.32477343
vt 0.51885516 0.32283700
vt 0.51834065 0.32519770
vt 0.51844454 0.32373351
vt 0.51767898 0.32308245
vt 0.51773810 0.32372272
vt 0.51766497 0.32636321
vt 0.51775903 0.32524919
vt 0.51741314 0.32403517
vt 0.51713097 0.32329524
vt 0.51623136 0.32337809
vt 0.51739639 0.32482183
vt 0.51716864 0.32592142
vt 0.51472205 0.32391298
vt 0.51284778 0.32679862
vt 0.50864774 0.33008605
vt 0.50539845 0.33093029
vt 0.50538582 0.33444488
vt 0.50415581 0.33197451
vt 0.50393075 0.33428055
vt 0.50331020 0.33356810
vt 0.50327784 0.33253312
vt 0.56358796 0.32583320
vt 0.58999532 0.32154214
vt 0.56361955 0.32096541
vt 0.58497709 0.32150298
vt 0.56481934 0.32330370
vt 0.58755863 0.31988692
vt 0.58589041 0.32432532
vt 0.56053650 0.33330953
vt 0.59527808 0.32834351
vt 0.58480042 0.32430643
vt 0.58405578 0.32160825
vt 0.56401599 0.32038534
vt 0.58960062 0.33151996
vt 0.57794750 0.32361269
vt 0.56837755 0.31762594
vt 0.57681686 0.32153070
vt 0.57800275 0.32154691
vt 0.59057915 0.33360481
vt 0.55985224 0.33554745
vt 0.59702468 0.33020019
vt 0.58900189 0.33296347
vt 0.57905930 0.32820952
vt 0.58367181 0.33771527
vt 0.58795357 0.33716392
vt 0.57780206 0.32814652
vt 0.58127838 0.33738637
vt 0.57669675 0.32340658
vt 0.57119030 0.32198262
vt 0.58000869 0.33760893
vt 0.58138526 0.33885539
vt 0.56553018 0.32333595
vt 0.57223433 0.32379162
vt 0.56469631 0.32579231
vt 0.57116431 0.32424843
vt 0.57184374 0.32857323
vt 0.57068837 0.32886207
vt 0.57106400 0.33811885
vt 0.56123447 0.33483171
vt 0.56710345 0.33875632
vt 0.56234354 0.33928359
vt 0.60221452 0.33086431
vt 0.56151456 0.33952343
vt 0.56973809 0.33807242
vt 0.57107145 0.33948910
vt 0.56981480 0.33953440
vt 0.58013886 0.33897281
vt 0.57114267 0.34054398
vt 0.60086608 0.33896482
vt 0.59413821 0.34215307
vt 0.58017880 0.34002590
vt 0.60127145 0.33797139
vt 0.56980896 0.34062338
vt 0.58152872 0.33992076
vt 0.59309787 0.34181905
vt 0.56664926 0.34035110
vt 0.60209262 0.33575809
vt 0.56742126 0.34139556
vt 0.58450097 0.33927655
vt 0.58381826 0.34039462
vt 0.59084612 0.34108305
vt 0.58544821 0.34141970
vt 0.58832353 0.34138167
vt 0.58603162 0.34065294
vt 0.58567882 0.33942580
vt 0.58714294 0.33859748
vt 0.58677340 0.34049785
vt 0.58772755 0.33827871
vt 0.58734697 0.33969599
vt 0.58861238 0.33726323
vt 0.58830821 0.33833879
vt 0.58901554 0.33779120
vt 0.58797461 0.34048063
vt 0.58803827 0.33984107
vt 0.58841670 0.33959609
vt 0.58855289 0.34037614
vt 0.58945167 0.34046590
vt 0.58858281 0.33882713
vt 0.59103483 0.34022796
vt 0.59342337 0.33775222
vt 0.59817111 0.33532453
vt 0.60152096 0.33511400
vt 0.60220194 0.33166683
vt 0.60356885 0.33136177
vt 0.56161356 0.34104395
vt 0.60293931 0.33432555
vt 0.56588250 0.34270990
vt 0.60363370 0.33505833
vt 0.60359883 0.33210492
vt 0.60407239 0.33292222
vt 0.56308514 0.34286833
vt 0.60474205 0.33309615
vt 0.60390729 0.33394420
vt 0.56435883 0.34317273
vt 0.60443169 0.33419305
vt 0.56247652 0.34069216
vt 0.56358719 0.34197235
vt 0.56331170 0.34063566
vt 0.56470770 0.34216487
vt 0.56525892 0.34081185
vt 0.56549949 0.34178531
vt 0.57346725 0.43399012
vt 0.57961285 0.43411016
vt 0.57754892 0.38413042
vt 0.57295096 0.43115813
vt 0.57507080 0.38482952
vt 0.57743162 0.43313730
vt 0.57443345 0.43235827
vt 0.57460600 0.43014812
vt 0.57698905 0.42998552
vt 0.57168859 0.42752939
vt 0.57591653 0.38717520
vt 0.57052130 0.42877102
vt 0.56760836 0.42540622
vt 0.57612586 0.39141184
vt 0.57519966 0.42755514
vt 0.56882596 0.42412382
vt 0.57417893 0.39311171
vt 0.56568837 0.42350483
vt 0.57109082 0.42218721
vt 0.56669557 0.42187536
vt 0.56445104 0.42153454
vt 0.57306248 0.39392853
vt 0.56858367 0.41958368
vt 0.57583398 0.41760600
vt 0.56568974 0.42043751
vt 0.56585956 0.41677862
vt 0.56524813 0.41662967
vt 0.56343222 0.41728842
vt 0.57216853 0.39940953
vt 0.57402915 0.41488290
vt 0.57249463 0.41154510
vt 0.57267487 0.41081393
vt 0.57315159 0.40834737
vt 0.57539970 0.41266358
vt 0.57697743 0.41199005
vt 0.57635081 0.41360605
vt 0.57786649 0.41555589
vt 0.57818371 0.41252464
vt 0.58003080 0.41390073
vt 0.57873046 0.41172284
vt 0.58019227 0.41907299
vt 0.58791214 0.40564799
vt 0.57954633 0.42198414
vt 0.58147448 0.42271900
vt 0.58127511 0.42068690
vt 0.58234078 0.41990590
vt 0.57923913 0.43058229
vt 0.58298260 0.42112929
vt 0.58288938 0.42367578
vt 0.58420593 0.42354524
vt 0.58080971 0.43113112
vt 0.59576231 0.43238890
vt 0.59544724 0.43718690
vt 0.59240234 0.38276845
vt 0.59713161 0.42415893
vt 0.58441687 0.42045867
vt 0.59891772 0.43252540
vt 0.59744078 0.43791139
vt 0.59632164 0.38191903
vt 0.59993744 0.42487514
vt 0.60095137 0.43308926
vt 0.59782422 0.38151032
vt 0.59825766 0.43772245
vt 0.59882122 0.41893136
vt 0.60850900 0.43339372
vt 0.60163879 0.42524946
vt 0.60258669 0.41877627
vt 0.61305285 0.43679309
vt 0.60391629 0.41920292
vt 0.60700101 0.41131175
vt 0.61387926 0.44411004
vt 0.60257638 0.43944174
vt 0.60241127 0.38714600
vt 0.59778875 0.44488954
vt 0.59920591 0.44710732
vt 0.60381764 0.38988090
vt 0.60528523 0.39548624
vt 0.60327387 0.44999337
vt 0.60820842 0.43932760
vt 0.60892952 0.44970870
vt 0.60659462 0.40203547
vt 0.60738885 0.40798348
vt 0.61265934 0.44643617
vt 0.60567838 0.41103828
vt 0.60599893 0.40858293
vt 0.60178071 0.41201675
vt 0.60248512 0.40943682
vt 0.60267252 0.40294874
vt 0.59142476 0.41264844
vt 0.59060770 0.41057986
vt 0.60131818 0.39623570
vt 0.58674341 0.39782262
vt 0.58106887 0.41328013
vt 0.58207542 0.41797710
vt 0.57509750 0.39389449
vt 0.57721007 0.39172590
vt 0.58692187 0.39214450
vt 0.58722299 0.38999027
vt 0.59723598 0.38825464
vt 0.59874624 0.39039457
vt 0.60122174 0.38783175
vt 0.60231489 0.38989484
vt 0.63205302 0.43368584
vt 0.63170427 0.38481498
vt 0.62605631 0.43336368
vt 0.62564653 0.43058127
vt 0.62926125 0.38541484
vt 0.62995577 0.43266320
vt 0.62705409 0.43180263
vt 0.62729633 0.42965019
vt 0.62962860 0.42957103
vt 0.62453490 0.42699593
vt 0.63000888 0.38773358
vt 0.62335384 0.42816937
vt 0.62062162 0.42478675
vt 0.63007194 0.39187729
vt 0.62796241 0.42713815
vt 0.62185335 0.42357516
vt 0.62811422 0.39347225
vt 0.61881036 0.42286611
vt 0.62412941 0.42175972
vt 0.61984807 0.42130864
vt 0.61766785 0.42090094
vt 0.62699682 0.39423257
vt 0.62176818 0.41913390
vt 0.61891395 0.41987109
vt 0.61860967 0.41613829
vt 0.61681461 0.41672099
vt 0.62594122 0.39955461
vt 0.61920178 0.41630411
vt 0.62605536 0.41070718
vt 0.62585497 0.41141510
vt 0.62660307 0.40831459
vt 0.62724209 0.41472542
vt 0.62865424 0.41260409
vt 0.63021731 0.41199905
vt 0.62891358 0.41744459
vt 0.62955159 0.41355610
vt 0.63096648 0.41551059
vt 0.63137734 0.41256130
vt 0.63313502 0.41396654
vt 0.63193792 0.41179657
vt 0.63312024 0.41902232
vt 0.64110583 0.40617108
vt 0.63239247 0.42184335
vt 0.63425064 0.42262518
vt 0.63412374 0.42063427
vt 0.63519037 0.41990721
vt 0.63180578 0.43022859
vt 0.63577628 0.42112321
vt 0.63560033 0.42360657
vt 0.63332111 0.43081689
vt 0.63689023 0.42352295
vt 0.64741188 0.43721813
vt 0.64625317 0.38398033
vt 0.63719910 0.42051613
vt 0.64949089 0.42455328
vt 0.64787942 0.43254363
vt 0.65095603 0.43278217
vt 0.64933419 0.43799204
vt 0.65010846 0.38328159
vt 0.65220672 0.42534614
vt 0.65292287 0.43340051
vt 0.65013826 0.43783462
vt 0.65158927 0.38293254
vt 0.65131503 0.41950518
vt 0.65385556 0.42576837
vt 0.66029233 0.43394977
vt 0.65499699 0.41947931
vt 0.65628099 0.41994023
vt 0.66461575 0.43742061
vt 0.65429783 0.43965751
vt 0.64944130 0.44481725
vt 0.65588033 0.38858837
vt 0.65716237 0.39130580
vt 0.65075123 0.44703001
vt 0.65462697 0.44998383
vt 0.65840834 0.39682800
vt 0.65980089 0.43973380
vt 0.65946865 0.40326661
vt 0.66015893 0.44989443
vt 0.66004574 0.40910089
vt 0.66391009 0.44682336
vt 0.65955609 0.41233778
vt 0.66517872 0.44459259
vt 0.65827370 0.41202670
vt 0.65443534 0.41285217
vt 0.65866858 0.40963984
vt 0.65520912 0.41035652
vt 0.65560854 0.40402752
vt 0.64430231 0.41312361
vt 0.64357358 0.41107660
vt 0.63416934 0.41339517
vt 0.63499552 0.41801500
vt 0.65450990 0.39742750
vt 0.64022553 0.39849109
vt 0.65569449 0.39126933
vt 0.65219331 0.39163816
vt 0.65469599 0.38921833
vt 0.65078992 0.38949841
vt 0.64058918 0.39295268
vt 0.64095509 0.39085931
vt 0.62898505 0.39426720
vt 0.63112020 0.39222014
vt 0.64257520 0.32201779
vt 0.61706781 0.33053696
vt 0.61631346 0.32570225
vt 0.63759011 0.32278883
vt 0.61788118 0.32782865
vt 0.63989037 0.32076871
vt 0.63895172 0.32544160
vt 0.64891416 0.32791310
vt 0.61524689 0.33844697
vt 0.63786721 0.32559872
vt 0.61661303 0.32506287
vt 0.63669294 0.32304192
vt 0.64379382 0.33198094
vt 0.63095611 0.32601649
vt 0.62949836 0.32413328
vt 0.63067764 0.32395792
vt 0.62049508 0.32162130
vt 0.64510113 0.33389151
vt 0.61492926 0.34077787
vt 0.65094656 0.32947332
vt 0.64343280 0.33350974
vt 0.63280100 0.33039784
vt 0.63891155 0.33908445
vt 0.64307046 0.33784634
vt 0.63154358 0.33053815
vt 0.62968194 0.32601380
vt 0.63525999 0.33957004
vt 0.62531668 0.32711601
vt 0.62398905 0.32548964
vt 0.62570083 0.33192307
vt 0.62432891 0.32774192
vt 0.63648385 0.33914429
vt 0.61859167 0.32774585
vt 0.61816084 0.33031750
vt 0.62460125 0.33239615
vt 0.61618507 0.33984458
vt 0.62264138 0.34279120
vt 0.61800391 0.34408253
vt 0.61722010 0.34445429
vt 0.65620285 0.32929474
vt 0.61836320 0.34545863
vt 0.65762669 0.32956964
vt 0.61756378 0.34594691
vt 0.61918265 0.34526765
vt 0.61967158 0.34654939
vt 0.61931813 0.34751940
vt 0.65907079 0.33110100
vt 0.65893990 0.33223951
vt 0.62063098 0.34761584
vt 0.62081438 0.34655952
vt 0.65828764 0.33322668
vt 0.62206793 0.34691071
vt 0.62114292 0.34512830
vt 0.62153888 0.34605527
vt 0.62244803 0.34444672
vt 0.62338251 0.34535837
vt 0.65687180 0.33416963
vt 0.65641421 0.33649814
vt 0.62562680 0.34420693
vt 0.62545693 0.34312558
vt 0.62693721 0.34391302
vt 0.65617222 0.33754921
vt 0.62514484 0.34168756
vt 0.62669641 0.34287787
vt 0.62646788 0.34151959
vt 0.63560933 0.34090215
vt 0.65001178 0.34179825
vt 0.63581884 0.34194058
vt 0.63682705 0.34058452
vt 0.64892578 0.34163469
vt 0.63714123 0.34161842
vt 0.63948917 0.34171915
vt 0.64657283 0.34126794
vt 0.63998604 0.34049970
vt 0.64411843 0.34197122
vt 0.64127165 0.34247303
vt 0.64172685 0.34161818
vt 0.64117873 0.34045756
vt 0.64249766 0.33939946
vt 0.64243776 0.34134448
vt 0.64302617 0.33898884
vt 0.64287752 0.34045649
vt 0.64374024 0.33783853
vt 0.64361197 0.33895475
vt 0.64422548 0.33829743
vt 0.64362675 0.34113371
vt 0.64358681 0.34048879
vt 0.64392263 0.34018469
vt 0.64396328 0.33939505
vt 0.64418364 0.34093660
vt 0.64508981 0.34088057
vt 0.64662212 0.34038907
vt 0.64859235 0.33754730
vt 0.65291101 0.33437240
vt 0.65620047 0.33362293
vt 0.65631980 0.33009291
vt 0.65748036 0.33261174
vt 0.65837932 0.33207727
vt 0.65837824 0.33103657
vt 0.65777648 0.33030212
vt 0.67368007 0.42464435
vt 0.67868859 0.42522860
vt 0.68095779 0.38425577
vt 0.67887914 0.38463038
vt 0.67348254 0.42229116
vt 0.67698455 0.42426169
vt 0.67459804 0.42338836
vt 0.67491382 0.42159736
vt 0.67687249 0.42165321
vt 0.67273891 0.41922832
vt 0.67938405 0.38661265
vt 0.67168754 0.42014974
vt 0.66957527 0.41717184
vt 0.67921972 0.39008856
vt 0.67560381 0.41952711
vt 0.67067099 0.41622102
vt 0.67749554 0.39132249
vt 0.66815811 0.41546738
vt 0.67267352 0.41481900
vt 0.66910934 0.41421652
vt 0.66730368 0.41376066
vt 0.67651927 0.39190108
vt 0.67083240 0.41249478
vt 0.67690891 0.41145361
vt 0.66840190 0.41296303
vt 0.66834253 0.40981889
vt 0.67535567 0.39630574
vt 0.66680765 0.41021305
vt 0.66883004 0.40998882
vt 0.67545116 0.40368146
vt 0.67466176 0.40624052
vt 0.67565072 0.40908730
vt 0.67486680 0.40565777
vt 0.67694539 0.40738356
vt 0.67828685 0.40695846
vt 0.67764741 0.40822840
vt 0.67873067 0.40994048
vt 0.67922956 0.40749043
vt 0.68062884 0.40876019
vt 0.67973942 0.40687907
vt 0.68035150 0.41299623
vt 0.68152553 0.40833557
vt 0.67959374 0.41532219
vt 0.68197584 0.41225046
vt 0.68110794 0.41439974
vt 0.68203992 0.41384631
vt 0.68110996 0.41607475
vt 0.67866254 0.42231840
vt 0.68246710 0.41489607
vt 0.68218958 0.41696793
vt 0.67990160 0.42289090
vt 0.68327487 0.41696549
vt 0.69201118 0.42510092
vt 0.69137436 0.42899376
vt 0.69319385 0.38431883
vt 0.68369132 0.41446191
vt 0.69378042 0.41848934
vt 0.69457692 0.42546207
vt 0.69294477 0.42974299
vt 0.69646114 0.38393533
vt 0.69557369 0.41435456
vt 0.69619280 0.42608333
vt 0.69362682 0.42965329
vt 0.69772047 0.38372052
vt 0.69601476 0.41929603
vt 0.70233965 0.42692995
vt 0.69737440 0.41973638
vt 0.69866061 0.41452587
vt 0.69971246 0.41497940
vt 0.70578086 0.43006515
vt 0.69003141 0.40863919
vt 0.69853729 0.40894282
vt 0.70179719 0.40845221
vt 0.70587671 0.43610489
vt 0.70285553 0.40878010
vt 0.68952799 0.40688550
vt 0.69931656 0.40689194
vt 0.70225310 0.40647268
vt 0.70343548 0.40609324
vt 0.70469666 0.43790781
vt 0.70325774 0.40117371
vt 0.70139223 0.44028473
vt 0.69998300 0.40160906
vt 0.68771708 0.40264523
vt 0.69940823 0.39602053
vt 0.70270663 0.39572251
vt 0.69675159 0.44006979
vt 0.68738192 0.39616311
vt 0.69777030 0.39104760
vt 0.67818362 0.39203429
vt 0.68797702 0.39154094
vt 0.68008024 0.39043075
vt 0.68839330 0.38980579
vt 0.69670647 0.38918090
vt 0.69999444 0.38915086
vt 0.70101994 0.38868505
vt 0.69267678 0.43546832
vt 0.70072377 0.39092195
vt 0.69365853 0.43739128
vt 0.70195186 0.39102948
vt 0.69701701 0.43139887
vt 0.70162469 0.43175125
vt 0.68739313 0.32847512
vt 0.66758400 0.33971143
vt 0.68337607 0.32992816
vt 0.66616923 0.33581662
vt 0.66781855 0.33732820
vt 0.68495840 0.32787466
vt 0.68493980 0.33191097
vt 0.69362170 0.33234125
vt 0.66735971 0.34658176
vt 0.68406403 0.33221817
vt 0.66631407 0.33523649
vt 0.68267161 0.33028483
vt 0.69002938 0.33655620
vt 0.69142717 0.33793092
vt 0.66747558 0.34857047
vt 0.69556487 0.33330667
vt 0.68997848 0.33788550
vt 0.67838883 0.33369160
vt 0.67687053 0.33236408
vt 0.66897923 0.33174372
vt 0.68712962 0.34325504
vt 0.68063605 0.33703196
vt 0.67732966 0.33389699
vt 0.67961401 0.33735347
vt 0.67388171 0.33552432
vt 0.67251319 0.33438921
vt 0.67498422 0.33945656
vt 0.68417424 0.34425366
vt 0.68512195 0.34370041
vt 0.67316264 0.33620542
vt 0.66839552 0.33714372
vt 0.66845655 0.33935106
vt 0.67414755 0.34002888
vt 0.66836727 0.34759027
vt 0.66997844 0.35125238
vt 0.69990385 0.33230174
vt 0.67421275 0.34898680
vt 0.67611343 0.34766161
vt 0.67056924 0.35081565
vt 0.67109209 0.35190064
vt 0.67050743 0.35243666
vt 0.70113188 0.33229804
vt 0.67174190 0.35160852
vt 0.67235720 0.35259402
vt 0.67222160 0.35345757
vt 0.70258146 0.33333540
vt 0.67332822 0.35332388
vt 0.70265824 0.33430278
vt 0.67330861 0.35241610
vt 0.67440760 0.35250378
vt 0.70227724 0.33522952
vt 0.67334837 0.35117322
vt 0.67382842 0.35187900
vt 0.67432183 0.35039413
vt 0.70125413 0.33624387
vt 0.67524701 0.35099948
vt 0.70125329 0.33825344
vt 0.67692453 0.34967685
vt 0.67660701 0.34880578
vt 0.67796564 0.34921908
vt 0.70122355 0.33916634
vt 0.67718548 0.34730661
vt 0.67759675 0.34839809
vt 0.68468159 0.34530371
vt 0.69679648 0.34370136
vt 0.68502498 0.34613246
vt 0.68564183 0.34484136
vt 0.69586730 0.34374237
vt 0.68607134 0.34564936
vt 0.68803906 0.34535027
vt 0.69385213 0.34382105
vt 0.68825322 0.34425604
vt 0.69192707 0.34480548
vt 0.68964320 0.34568644
vt 0.68988222 0.34490186
vt 0.68923760 0.34402668
vt 0.69042838 0.34455860
vt 0.69016111 0.34293234
vt 0.69038415 0.34154832
vt 0.69064903 0.34374893
vt 0.69053346 0.34250510
vt 0.69093943 0.34143269
vt 0.69101477 0.34238130
vt 0.69141746 0.34173495
vt 0.69138199 0.34418952
vt 0.69124377 0.34366012
vt 0.69181275 0.34393513
vt 0.69147331 0.34335279
vt 0.69137841 0.34268987
vt 0.69255674 0.34374082
vt 0.69374996 0.34308267
vt 0.69492424 0.34039998
vt 0.69799578 0.33705783
vt 0.70060730 0.33589888
vt 0.70013124 0.33294594
vt 0.70150614 0.33485001
vt 0.70216602 0.33425939
vt 0.70199555 0.33339465
vt 0.70137572 0.33288240
vt 0.95887947 0.33633959
vt 0.98820424 0.34251404
vt 0.96212041 0.32454586
vt 0.93059444 0.32753301
vt 0.97815669 0.34947109
vt 0.99664533 0.37305689
vt 0.93566346 0.33867121
vt 0.98448563 0.37191904
vt 0.95719147 0.34268308
vt 0.97285044 0.35334420
vt 0.91937387 0.35538423
vt 0.90834844 0.35007644
vt 0.90578520 0.38165760
vt 0.93834329 0.34458566
vt 0.91764295 0.37865925
vt 0.92413330 0.40750766
vt 0.92513025 0.35815930
vt 0.93127990 0.39759469
vt 0.95482027 0.41550720
vt 0.92373156 0.37704503
vt 0.93479896 0.39240575
vt 0.95389903 0.40332913
vt 0.95314860 0.39706218
vt 0.97490728 0.39318681
vt 0.98346591 0.40189397
vt 0.97020304 0.38883781
vt 0.97798538 0.37157464
vt 0.96438372 0.37033164
vt 0.96056485 0.37906647
vt 0.94273627 0.38106263
vt 0.95201755 0.38330865
vt 0.93708170 0.37337315
vt 0.94643211 0.37555361
vt 0.95129657 0.37672281
vt 0.95577204 0.37449527
vt 0.94345760 0.37152874
vt 0.95775795 0.36991584
vt 0.95634961 0.36512101
vt 0.93770289 0.36384892
vt 0.96170270 0.36118901
vt 0.95219040 0.36236227
vt 0.95377278 0.35590494
vt 0.94429803 0.35694957
vt 0.94377541 0.36653638
vt 0.94722331 0.36291647
vt 0.95389903 0.40332913
vt 0.93127990 0.39759469
vt 0.97490728 0.39318681
vt 0.91764295 0.37865925
vt 0.93479896 0.39240575
vt 0.95314860 0.39706218
vt 0.98448563 0.37191904
vt 0.97020304 0.38883781
vt 0.97815669 0.34947109
vt 0.97798538 0.37157464
vt 0.95887947 0.33633959
vt 0.97285044 0.35334420
vt 0.95719147 0.34268308
vt 0.93566346 0.33867121
vt 0.91937387 0.35538423
vt 0.93834329 0.34458566
vt 0.92373156 0.37704503
vt 0.92513025 0.35815930
vt 0.93770289 0.36384892
vt 0.93708170 0.37337315
vt 0.94273627 0.38106263
vt 0.94643211 0.37555361
vt 0.95201755 0.38330865
vt 0.94345760 0.37152874
vt 0.95129657 0.37672281
vt 0.96056485 0.37906647
vt 0.95577204 0.37449527
vt 0.96438372 0.37033164
vt 0.95775795 0.36991584
vt 0.96170270 0.36118901
vt 0.95634961 0.36512101
vt 0.95219040 0.36236227
vt 0.95377278 0.35590494
vt 0.94429803 0.35694957
vt 0.94377541 0.36653638
vt 0.94722331 0.36291647
vt 0.95887947 0.33633959
vt 0.98820424 0.34251404
vt 0.96212041 0.32454586
vt 0.93059444 0.32753301
vt 0.97815669 0.34947109
vt 0.99664533 0.37305689
vt 0.93566346 0.33867121
vt 0.98448563 0.37191904
vt 0.95719147 0.34268308
vt 0.97285044 0.35334420
vt 0.91937387 0.35538423
vt 0.90834844 0.35007644
vt 0.90578520 0.38165760
vt 0.93834329 0.34458566
vt 0.91764295 0.37865925
vt 0.92413330 0.40750766
vt 0.92513025 0.35815930
vt 0.93127990 0.39759469
vt 0.95482027 0.41550720
vt 0.92373156 0.37704503
vt 0.93479896 0.39240575
vt 0.93708170 0.37337315
vt 0.93770289 0.36384892
vt 0.94429803 0.35694957
vt 0.94273627 0.38106263
vt 0.95377278 0.35590494
vt 0.95314860 0.39706218
vt 0.96170270 0.36118901
vt 0.95219040 0.36236227
vt 0.94722331 0.36291647
vt 0.94377541 0.36653638
vt 0.94345760 0.37152874
vt 0.95634961 0.36512101
vt 0.94643211 0.37555361
vt 0.95775795 0.36991584
vt 0.95129657 0.37672281
vt 0.95201755 0.38330865
vt 0.95577204 0.37449527
vt 0.96056485 0.37906647
vt 0.96438372 0.37033164
vt 0.97798538 0.37157464
vt 0.97020304 0.38883781
vt 0.97490728 0.39318681
vt 0.98346591 0.40189397
vt 0.95389903 0.40332913
vt 0.95389903 0.40332913
vt 0.93127990 0.39759469
vt 0.97490728 0.39318681
vt 0.91764295 0.37865925
vt 0.93479896 0.39240575
vt 0.95314860 0.39706218
vt 0.98448563 0.37191904
vt 0.97020304 0.38883781
vt 0.97815669 0.34947109
vt 0.97798538 0.37157464
vt 0.95887947 0.33633959
vt 0.97285044 0.35334420
vt 0.95719147 0.34268308
vt 0.93566346 0.33867121
vt 0.91937387 0.35538423
vt 0.93834329 0.34458566
vt 0.92373156 0.37704503
vt 0.92513025 0.35815930
vt 0.93770289 0.36384892
vt 0.93708170 0.37337315
vt 0.94273627 0.38106263
vt 0.94643211 0.37555361
vt 0.95201755 0.38330865
vt 0.94345760 0.37152874
vt 0.95129657 0.37672281
vt 0.96056485 0.37906647
vt 0.95577204 0.37449527
vt 0.96438372 0.37033164
vt 0.95775795 0.36991584
vt 0.96170270 0.36118901
vt 0.95634961 0.36512101
vt 0.95219040 0.36236227
vt 0.95377278 0.35590494
vt 0.94429803 0.35694957
vt 0.94377541 0.36653638
vt 0.94722331 0.36291647
vt 0.97815669 0.34947109
vt 0.96212041 0.32454586
vt 0.98820424 0.34251404
vt 0.99664533 0.37305689
vt 0.95887947 0.33633959
vt 0.93059444 0.32753301
vt 0.98448563 0.37191904
vt 0.93566346 0.33867121
vt 0.97490728 0.39318681
vt 0.98346591 0.40189397
vt 0.97285044 0.35334420
vt 0.97798538 0.37157464
vt 0.95389903 0.40332913
vt 0.95482027 0.41550720
vt 0.92413330 0.40750766
vt 0.97020304 0.38883781
vt 0.93127990 0.39759469
vt 0.95314860 0.39706218
vt 0.96438372 0.37033164
vt 0.91764295 0.37865925
vt 0.90578520 0.38165760
vt 0.90834844 0.35007644
vt 0.96056485 0.37906647
vt 0.91937387 0.35538423
vt 0.92513025 0.35815930
vt 0.93834329 0.34458566
vt 0.95719147 0.34268308
vt 0.95377278 0.35590494
vt 0.94429803 0.35694957
vt 0.92373156 0.37704503
vt 0.93770289 0.36384892
vt 0.93479896 0.39240575
vt 0.93708170 0.37337315
vt 0.94273627 0.38106263
vt 0.94345760 0.37152874
vt 0.94377541 0.36653638
vt 0.94722331 0.36291647
vt 0.95219040 0.36236227
vt 0.95634961 0.36512101
vt 0.94643211 0.37555361
vt 0.96170270 0.36118901
vt 0.95775795 0.36991584
vt 0.95129657 0.37672281
vt 0.95577204 0.37449527
vt 0.95201755 0.38330865
vt 0.98448563 0.37191904
vt 0.97490728 0.39318681
vt 0.97815669 0.34947109
vt 0.95389903 0.40332913
vt 0.95887947 0.33633959
vt 0.97798538 0.37157464
vt 0.97285044 0.35334420
vt 0.93566346 0.33867121
vt 0.95719147 0.34268308
vt 0.91937387 0.35538423
vt 0.93834329 0.34458566
vt 0.96170270 0.36118901
vt 0.95377278 0.35590494
vt 0.92513025 0.35815930
vt 0.91764295 0.37865925
vt 0.93127990 0.39759469
vt 0.92373156 0.37704503
vt 0.93770289 0.36384892
vt 0.93479896 0.39240575
vt 0.94429803 0.35694957
vt 0.93708170 0.37337315
vt 0.94722331 0.36291647
vt 0.94377541 0.36653638
vt 0.95219040 0.36236227
vt 0.94345760 0.37152874
vt 0.95634961 0.36512101
vt 0.94273627 0.38106263
vt 0.95775795 0.36991584
vt 0.94643211 0.37555361
vt 0.95129657 0.37672281
vt 0.95314860 0.39706218
vt 0.95201755 0.38330865
vt 0.97020304 0.38883781
vt 0.95577204 0.37449527
vt 0.96056485 0.37906647
vt 0.96438372 0.37033164
vt 0.95887947 0.33633959
vt 0.93059444 0.32753301
vt 0.96212041 0.32454586
vt 0.98820424 0.34251404
vt 0.93566346 0.33867121
vt 0.90834844 0.35007644
vt 0.97815669 0.34947109
vt 0.91937387 0.35538423
vt 0.93834329 0.34458566
vt 0.91764295 0.37865925
vt 0.90578520 0.38165760
vt 0.92413330 0.40750766
vt 0.92513025 0.35815930
vt 0.95719147 0.34268308
vt 0.94429803 0.35694957
vt 0.92373156 0.37704503
vt 0.97285044 0.35334420
vt 0.93127990 0.39759469
vt 0.95482027 0.41550720
vt 0.93479896 0.39240575
vt 0.93708170 0.37337315
vt 0.95389903 0.40332913
vt 0.95314860 0.39706218
vt 0.97490728 0.39318681
vt 0.98346591 0.40189397
vt 0.94273627 0.38106263
vt 0.98448563 0.37191904
vt 0.99664533 0.37305689
vt 0.97020304 0.38883781
vt 0.97798538 0.37157464
vt 0.95201755 0.38330865
vt 0.96056485 0.37906647
vt 0.96170270 0.36118901
vt 0.96438372 0.37033164
vt 0.95577204 0.37449527
vt 0.95129657 0.37672281
vt 0.95775795 0.36991584
vt 0.94643211 0.37555361
vt 0.94345760 0.37152874
vt 0.95634961 0.36512101
vt 0.95219040 0.36236227
vt 0.95377278 0.35590494
vt 0.94377541 0.36653638
vt 0.94722331 0.36291647
vt 0.93770289 0.36384892
vt 0.91937387 0.35538423
vt 0.93566346 0.33867121
vt 0.91764295 0.37865925
vt 0.95887947 0.33633959
vt 0.93834329 0.34458566
vt 0.97815669 0.34947109
vt 0.95719147 0.34268308
vt 0.98448563 0.37191904
vt 0.97285044 0.35334420
vt 0.97490728 0.39318681
vt 0.97798538 0.37157464
vt 0.95389903 0.40332913
vt 0.97020304 0.38883781
vt 0.93127990 0.39759469
vt 0.95314860 0.39706218
vt 0.93479896 0.39240575
vt 0.92373156 0.37704503
vt 0.92513025 0.35815930
vt 0.93708170 0.37337315
vt 0.94273627 0.38106263
vt 0.94429803 0.35694957
vt 0.93770289 0.36384892
vt 0.95377278 0.35590494
vt 0.94722331 0.36291647
vt 0.94377541 0.36653638
vt 0.95219040 0.36236227
vt 0.96170270 0.36118901
vt 0.94345760 0.37152874
vt 0.95634961 0.36512101
vt 0.96438372 0.37033164
vt 0.95775795 0.36991584
vt 0.94643211 0.37555361
vt 0.95577204 0.37449527
vt 0.95129657 0.37672281
vt 0.96056485 0.37906647
vt 0.95201755 0.38330865
vt 0.95887947 0.33633959
vt 0.93059444 0.32753301
vt 0.96212041 0.32454586
vt 0.98820424 0.34251404
vt 0.93566346 0.33867121
vt 0.90834844 0.35007644
vt 0.97815669 0.34947109
vt 0.91937387 0.35538423
vt 0.93834329 0.34458566
vt 0.91764295 0.37865925
vt 0.90578520 0.38165760
vt 0.92413330 0.40750766
vt 0.92513025 0.35815930
vt 0.95719147 0.34268308
vt 0.94429803 0.35694957
vt 0.92373156 0.37704503
vt 0.97285044 0.35334420
vt 0.93127990 0.39759469
vt 0.95482027 0.41550720
vt 0.93479896 0.39240575
vt 0.93708170 0.37337315
vt 0.95389903 0.40332913
vt 0.95314860 0.39706218
vt 0.97490728 0.39318681
vt 0.98346591 0.40189397
vt 0.94273627 0.38106263
vt 0.98448563 0.37191904
vt 0.99664533 0.37305689
vt 0.97020304 0.38883781
vt 0.97798538 0.37157464
vt 0.95201755 0.38330865
vt 0.96056485 0.37906647
vt 0.96170270 0.36118901
vt 0.96438372 0.37033164
vt 0.95577204 0.37449527
vt 0.95129657 0.37672281
vt 0.95775795 0.36991584
vt 0.94643211 0.37555361
vt 0.94345760 0.37152874
vt 0.95634961 0.36512101
vt 0.95219040 0.36236227
vt 0.95377278 0.35590494
vt 0.94377541 0.36653638
vt 0.94722331 0.36291647
vt 0.93770289 0.36384892
vt 0.91937387 0.35538423
vt 0.93566346 0.33867121
vt 0.91764295 0.37865925
vt 0.95887947 0.33633959
vt 0.93834329 0.34458566
vt 0.97815669 0.34947109
vt 0.95719147 0.34268308
vt 0.98448563 0.37191904
vt 0.97285044 0.35334420
vt 0.97490728 0.39318681
vt 0.97798538 0.37157464
vt 0.95389903 0.40332913
vt 0.97020304 0.38883781
vt 0.93127990 0.39759469
vt 0.95314860 0.39706218
vt 0.93479896 0.39240575
vt 0.92373156 0.37704503
vt 0.92513025 0.35815930
vt 0.93708170 0.37337315
vt 0.94273627 0.38106263
vt 0.94429803 0.35694957
vt 0.93770289 0.36384892
vt 0.95377278 0.35590494
vt 0.94722331 0.36291647
vt 0.94377541 0.36653638
vt 0.95219040 0.36236227
vt 0.96170270 0.36118901
vt 0.94345760 0.37152874
vt 0.95634961 0.36512101
vt 0.96438372 0.37033164
vt 0.95775795 0.36991584
vt 0.94643211 0.37555361
vt 0.95577204 0.37449527
vt 0.95129657 0.37672281
vt 0.96056485 0.37906647
vt 0.95201755 0.38330865
vt 0.93059444 0.32753301
vt 0.91937387 0.35538423
vt 0.90834844 0.35007644
vt 0.90578520 0.38165760
vt 0.93566346 0.33867121
vt 0.96212041 0.32454586
vt 0.91764295 0.37865925
vt 0.95887947 0.33633959
vt 0.93127990 0.39759469
vt 0.92413330 0.40750766
vt 0.95482027 0.41550720
vt 0.97815669 0.34947109
vt 0.98820424 0.34251404
vt 0.99664533 0.37305689
vt 0.97285044 0.35334420
vt 0.98448563 0.37191904
vt 0.97490728 0.39318681
vt 0.98346591 0.40189397
vt 0.97798538 0.37157464
vt 0.95389903 0.40332913
vt 0.97020304 0.38883781
vt 0.95314860 0.39706218
vt 0.96438372 0.37033164
vt 0.96056485 0.37906647
vt 0.93479896 0.39240575
vt 0.96170270 0.36118901
vt 0.92373156 0.37704503
vt 0.94273627 0.38106263
vt 0.92513025 0.35815930
vt 0.93708170 0.37337315
vt 0.93834329 0.34458566
vt 0.93770289 0.36384892
vt 0.95719147 0.34268308
vt 0.94429803 0.35694957
vt 0.95377278 0.35590494
vt 0.94377541 0.36653638
vt 0.94722331 0.36291647
vt 0.95219040 0.36236227
vt 0.94345760 0.37152874
vt 0.95634961 0.36512101
vt 0.95775795 0.36991584
vt 0.94643211 0.37555361
vt 0.95577204 0.37449527
vt 0.95129657 0.37672281
vt 0.95201755 0.38330865
vt 0.95887947 0.33633959
vt 0.93566346 0.33867121
vt 0.97815669 0.34947109
vt 0.91937387 0.35538423
vt 0.98448563 0.37191904
vt 0.93834329 0.34458566
vt 0.97490728 0.39318681
vt 0.91764295 0.37865925
vt 0.92513025 0.35815930
vt 0.93127990 0.39759469
vt 0.92373156 0.37704503
vt 0.95389903 0.40332913
vt 0.93479896 0.39240575
vt 0.95314860 0.39706218
vt 0.97020304 0.38883781
vt 0.93708170 0.37337315
vt 0.94273627 0.38106263
vt 0.95201755 0.38330865
vt 0.97798538 0.37157464
vt 0.96056485 0.37906647
vt 0.95129657 0.37672281
vt 0.95577204 0.37449527
vt 0.94643211 0.37555361
vt 0.95775795 0.36991584
vt 0.94345760 0.37152874
vt 0.96438372 0.37033164
vt 0.95634961 0.36512101
vt 0.96170270 0.36118901
vt 0.97285044 0.35334420
vt 0.95719147 0.34268308
vt 0.95219040 0.36236227
vt 0.95377278 0.35590494
vt 0.94429803 0.35694957
vt 0.94377541 0.36653638
vt 0.94722331 0.36291647
vt 0.93770289 0.36384892
vt 0.98820424 0.34251404
vt 0.99664533 0.37305689
vt 0.98448563 0.37191904
vt 0.98346591 0.40189397
vt 0.97815669 0.34947109
vt 0.96212041 0.32454586
vt 0.97490728 0.39318681
vt 0.95887947 0.33633959
vt 0.97285044 0.35334420
vt 0.93566346 0.33867121
vt 0.93059444 0.32753301
vt 0.90834844 0.35007644
vt 0.95719147 0.34268308
vt 0.91937387 0.35538423
vt 0.97798538 0.37157464
vt 0.91764295 0.37865925
vt 0.90578520 0.38165760
vt 0.93834329 0.34458566
vt 0.93127990 0.39759469
vt 0.92413330 0.40750766
vt 0.92373156 0.37704503
vt 0.95389903 0.40332913
vt 0.95482027 0.41550720
vt 0.93479896 0.39240575
vt 0.95314860 0.39706218
vt 0.97020304 0.38883781
vt 0.94273627 0.38106263
vt 0.96056485 0.37906647
vt 0.93708170 0.37337315
vt 0.95201755 0.38330865
vt 0.94643211 0.37555361
vt 0.95129657 0.37672281
vt 0.94345760 0.37152874
vt 0.95577204 0.37449527
vt 0.93770289 0.36384892
vt 0.96438372 0.37033164
vt 0.95775795 0.36991584
vt 0.96170270 0.36118901
vt 0.95634961 0.36512101
vt 0.95219040 0.36236227
vt 0.95377278 0.35590494
vt 0.94429803 0.35694957
vt 0.94377541 0.36653638
vt 0.94722331 0.36291647
vt 0.92513025 0.35815930
vt 0.95887947 0.33633959
vt 0.97815669 0.34947109
vt 0.93566346 0.33867121
vt 0.98448563 0.37191904
vt 0.97285044 0.35334420
vt 0.95719147 0.34268308
vt 0.91937387 0.35538423
vt 0.93834329 0.34458566
vt 0.91764295 0.37865925
vt 0.92513025 0.35815930
vt 0.93127990 0.39759469
vt 0.92373156 0.37704503
vt 0.93479896 0.39240575
vt 0.95389903 0.40332913
vt 0.95314860 0.39706218
vt 0.94273627 0.38106263
vt 0.97490728 0.39318681
vt 0.97798538 0.37157464
vt 0.97020304 0.38883781
vt 0.96056485 0.37906647
vt 0.96438372 0.37033164
vt 0.95201755 0.38330865
vt 0.95577204 0.37449527
vt 0.94643211 0.37555361
vt 0.95129657 0.37672281
vt 0.95775795 0.36991584
vt 0.94345760 0.37152874
vt 0.93708170 0.37337315
vt 0.93770289 0.36384892
vt 0.94429803 0.35694957
vt 0.94377541 0.36653638
vt 0.94722331 0.36291647
vt 0.95219040 0.36236227
vt 0.95377278 0.35590494
vt 0.96170270 0.36118901
vt 0.95634961 0.36512101
vt 0.91937387 0.35538423
vt 0.90834844 0.35007644
vt 0.93059444 0.32753301
vt 0.90578520 0.38165760
vt 0.93566346 0.33867121
vt 0.96212041 0.32454586
vt 0.91764295 0.37865925
vt 0.95887947 0.33633959
vt 0.93127990 0.39759469
vt 0.92413330 0.40750766
vt 0.97815669 0.34947109
vt 0.98820424 0.34251404
vt 0.95719147 0.34268308
vt 0.93834329 0.34458566
vt 0.92513025 0.35815930
vt 0.94429803 0.35694957
vt 0.92373156 0.37704503
vt 0.93770289 0.36384892
vt 0.93479896 0.39240575
vt 0.93708170 0.37337315
vt 0.95389903 0.40332913
vt 0.95482027 0.41550720
vt 0.98346591 0.40189397
vt 0.94273627 0.38106263
vt 0.97490728 0.39318681
vt 0.95314860 0.39706218
vt 0.98448563 0.37191904
vt 0.99664533 0.37305689
vt 0.97020304 0.38883781
vt 0.97285044 0.35334420
vt 0.97798538 0.37157464
vt 0.95377278 0.35590494
vt 0.96170270 0.36118901
vt 0.95219040 0.36236227
vt 0.94722331 0.36291647
vt 0.94377541 0.36653638
vt 0.95634961 0.36512101
vt 0.94345760 0.37152874
vt 0.96438372 0.37033164
vt 0.95775795 0.36991584
vt 0.94643211 0.37555361
vt 0.95129657 0.37672281
vt 0.95201755 0.38330865
vt 0.95577204 0.37449527
vt 0.96056485 0.37906647
vt 0.95887947 0.33633959
vt 0.93566346 0.33867121
vt 0.97815669 0.34947109
vt 0.97285044 0.35334420
vt 0.98448563 0.37191904
vt 0.97490728 0.39318681
vt 0.97798538 0.37157464
vt 0.95389903 0.40332913
vt 0.97020304 0.38883781
vt 0.93127990 0.39759469
vt 0.95314860 0.39706218
vt 0.96438372 0.37033164
vt 0.91764295 0.37865925
vt 0.93479896 0.39240575
vt 0.91937387 0.35538423
vt 0.92373156 0.37704503
vt 0.94273627 0.38106263
vt 0.93834329 0.34458566
vt 0.92513025 0.35815930
vt 0.95719147 0.34268308
vt 0.94429803 0.35694957
vt 0.96170270 0.36118901
vt 0.95377278 0.35590494
vt 0.93770289 0.36384892
vt 0.95219040 0.36236227
vt 0.94722331 0.36291647
vt 0.94377541 0.36653638
vt 0.93708170 0.37337315
vt 0.94345760 0.37152874
vt 0.94643211 0.37555361
vt 0.95634961 0.36512101
vt 0.95775795 0.36991584
vt 0.95129657 0.37672281
vt 0.95201755 0.38330865
vt 0.95577204 0.37449527
vt 0.96056485 0.37906647
vt 0.96212041 0.32454586
vt 0.98820424 0.34251404
vt 0.97815669 0.34947109
vt 0.99664533 0.37305689
vt 0.95887947 0.33633959
vt 0.93059444 0.32753301
vt 0.98448563 0.37191904
vt 0.93566346 0.33867121
vt 0.95719147 0.34268308
vt 0.91937387 0.35538423
vt 0.90834844 0.35007644
vt 0.90578520 0.38165760
vt 0.93834329 0.34458566
vt 0.91764295 0.37865925
vt 0.92413330 0.40750766
vt 0.92513025 0.35815930
vt 0.93127990 0.39759469
vt 0.92373156 0.37704503
vt 0.93770289 0.36384892
vt 0.95389903 0.40332913
vt 0.95482027 0.41550720
vt 0.93479896 0.39240575
vt 0.94273627 0.38106263
vt 0.95314860 0.39706218
vt 0.97490728 0.39318681
vt 0.98346591 0.40189397
vt 0.97020304 0.38883781
vt 0.97798538 0.37157464
vt 0.97285044 0.35334420
vt 0.96438372 0.37033164
vt 0.95201755 0.38330865
vt 0.96056485 0.37906647
vt 0.96170270 0.36118901
vt 0.94643211 0.37555361
vt 0.95377278 0.35590494
vt 0.95634961 0.36512101
vt 0.95775795 0.36991584
vt 0.95219040 0.36236227
vt 0.94429803 0.35694957
vt 0.94722331 0.36291647
vt 0.94377541 0.36653638
vt 0.94345760 0.37152874
vt 0.93708170 0.37337315
vt 0.95129657 0.37672281
vt 0.95577204 0.37449527
vt 0.93566346 0.33867121
vt 0.95887947 0.33633959
vt 0.91937387 0.35538423
vt 0.97815669 0.34947109
vt 0.91764295 0.37865925
vt 0.98448563 0.37191904
vt 0.93127990 0.39759469
vt 0.95389903 0.40332913
vt 0.97490728 0.39318681
vt 0.97285044 0.35334420
vt 0.97798538 0.37157464
vt 0.97020304 0.38883781
vt 0.95314860 0.39706218
vt 0.96056485 0.37906647
vt 0.93479896 0.39240575
vt 0.95201755 0.38330865
vt 0.92373156 0.37704503
vt 0.94273627 0.38106263
vt 0.94643211 0.37555361
vt 0.92513025 0.35815930
vt 0.95129657 0.37672281
vt 0.93834329 0.34458566
vt 0.93770289 0.36384892
vt 0.93708170 0.37337315
vt 0.94345760 0.37152874
vt 0.95719147 0.34268308
vt 0.95377278 0.35590494
vt 0.94429803 0.35694957
vt 0.94377541 0.36653638
vt 0.94722331 0.36291647
vt 0.95219040 0.36236227
vt 0.96170270 0.36118901
vt 0.96438372 0.37033164
vt 0.95634961 0.36512101
vt 0.95775795 0.36991584
vt 0.95577204 0.37449527
vt 0.98346591 0.40189397
vt 0.97490728 0.39318681
vt 0.99664533 0.37305689
vt 0.95482027 0.41550720
vt 0.98448563 0.37191904
vt 0.98820424 0.34251404
vt 0.95389903 0.40332913
vt 0.97815669 0.34947109
vt 0.93127990 0.39759469
vt 0.92413330 0.40750766
vt 0.95887947 0.33633959
vt 0.96212041 0.32454586
vt 0.93059444 0.32753301
vt 0.91764295 0.37865925
vt 0.90578520 0.38165760
vt 0.90834844 0.35007644
vt 0.91937387 0.35538423
vt 0.93566346 0.33867121
vt 0.95719147 0.34268308
vt 0.93834329 0.34458566
vt 0.92513025 0.35815930
vt 0.92373156 0.37704503
vt 0.94429803 0.35694957
vt 0.93770289 0.36384892
vt 0.93479896 0.39240575
vt 0.93708170 0.37337315
vt 0.95314860 0.39706218
vt 0.94273627 0.38106263
vt 0.94345760 0.37152874
vt 0.94377541 0.36653638
vt 0.94722331 0.36291647
vt 0.95377278 0.35590494
vt 0.95219040 0.36236227
vt 0.94643211 0.37555361
vt 0.95634961 0.36512101
vt 0.95201755 0.38330865
vt 0.95129657 0.37672281
vt 0.95775795 0.36991584
vt 0.95577204 0.37449527
vt 0.96170270 0.36118901
vt 0.96438372 0.37033164
vt 0.96056485 0.37906647
vt 0.97020304 0.38883781
vt 0.97798538 0.37157464
vt 0.97285044 0.35334420
vt 0.93566346 0.33867121
vt 0.91937387 0.35538423
vt 0.95887947 0.33633959
vt 0.91764295 0.37865925
vt 0.97815669 0.34947109
vt 0.95719147 0.34268308
vt 0.98448563 0.37191904
vt 0.97285044 0.35334420
vt 0.97798538 0.37157464
vt 0.97490728 0.39318681
vt 0.95389903 0.40332913
vt 0.97020304 0.38883781
vt 0.93127990 0.39759469
vt 0.95314860 0.39706218
vt 0.93479896 0.39240575
vt 0.95201755 0.38330865
vt 0.96056485 0.37906647
vt 0.92373156 0.37704503
vt 0.96438372 0.37033164
vt 0.92513025 0.35815930
vt 0.94273627 0.38106263
vt 0.93708170 0.37337315
vt 0.93834329 0.34458566
vt 0.93770289 0.36384892
vt 0.95377278 0.35590494
vt 0.94429803 0.35694957
vt 0.94377541 0.36653638
vt 0.96170270 0.36118901
vt 0.94722331 0.36291647
vt 0.95219040 0.36236227
vt 0.95634961 0.36512101
vt 0.95775795 0.36991584
vt 0.94345760 0.37152874
vt 0.95577204 0.37449527
vt 0.95129657 0.37672281
vt 0.94643211 0.37555361
vt 0.93566346 0.33867121
vt 0.90834844 0.35007644
vt 0.93059444 0.32753301
vt 0.96212041 0.32454586
vt 0.91937387 0.35538423
vt 0.90578520 0.38165760
vt 0.95887947 0.33633959
vt 0.91764295 0.37865925
vt 0.97815669 0.34947109
vt 0.98820424 0.34251404
vt 0.95719147 0.34268308
vt 0.93834329 0.34458566
vt 0.98448563 0.37191904
vt 0.99664533 0.37305689
vt 0.98346591 0.40189397
vt 0.97285044 0.35334420
vt 0.97490728 0.39318681
vt 0.97798538 0.37157464
vt 0.95377278 0.35590494
vt 0.95389903 0.40332913
vt 0.95482027 0.41550720
vt 0.92413330 0.40750766
vt 0.96170270 0.36118901
vt 0.93127990 0.39759469
vt 0.93479896 0.39240575
vt 0.95314860 0.39706218
vt 0.97020304 0.38883781
vt 0.92373156 0.37704503
vt 0.94273627 0.38106263
vt 0.92513025 0.35815930
vt 0.93708170 0.37337315
vt 0.93770289 0.36384892
vt 0.94429803 0.35694957
vt 0.94722331 0.36291647
vt 0.95219040 0.36236227
vt 0.94377541 0.36653638
vt 0.94345760 0.37152874
vt 0.95634961 0.36512101
vt 0.94643211 0.37555361
vt 0.96438372 0.37033164
vt 0.95775795 0.36991584
vt 0.96056485 0.37906647
vt 0.95201755 0.38330865
vt 0.95577204 0.37449527
vt 0.95129657 0.37672281
vt 0.95887947 0.33633959
vt 0.97815669 0.34947109
vt 0.93566346 0.33867121
vt 0.98448563 0.37191904
vt 0.97285044 0.35334420
vt 0.95719147 0.34268308
vt 0.91937387 0.35538423
vt 0.93834329 0.34458566
vt 0.91764295 0.37865925
vt 0.92513025 0.35815930
vt 0.93127990 0.39759469
vt 0.92373156 0.37704503
vt 0.93479896 0.39240575
vt 0.95389903 0.40332913
vt 0.94273627 0.38106263
vt 0.95314860 0.39706218
vt 0.97490728 0.39318681
vt 0.95201755 0.38330865
vt 0.97798538 0.37157464
vt 0.97020304 0.38883781
vt 0.96056485 0.37906647
vt 0.96438372 0.37033164
vt 0.96170270 0.36118901
vt 0.95634961 0.36512101
vt 0.95377278 0.35590494
vt 0.95775795 0.36991584
vt 0.95219040 0.36236227
vt 0.94429803 0.35694957
vt 0.95577204 0.37449527
vt 0.95129657 0.37672281
vt 0.94345760 0.37152874
vt 0.94643211 0.37555361
vt 0.93708170 0.37337315
vt 0.93770289 0.36384892
vt 0.94377541 0.36653638
vt 0.94722331 0.36291647
vt 0.93566346 0.33867121
vt 0.90834844 0.35007644
vt 0.93059444 0.32753301
vt 0.96212041 0.32454586
vt 0.91937387 0.35538423
vt 0.90578520 0.38165760
vt 0.95887947 0.33633959
vt 0.91764295 0.37865925
vt 0.97815669 0.34947109
vt 0.98820424 0.34251404
vt 0.95719147 0.34268308
vt 0.93834329 0.34458566
vt 0.92513025 0.35815930
vt 0.94429803 0.35694957
vt 0.93127990 0.39759469
vt 0.92413330 0.40750766
vt 0.92373156 0.37704503
vt 0.93770289 0.36384892
vt 0.93479896 0.39240575
vt 0.95389903 0.40332913
vt 0.95482027 0.41550720
vt 0.98346591 0.40189397
vt 0.93708170 0.37337315
vt 0.94273627 0.38106263
vt 0.94345760 0.37152874
vt 0.95314860 0.39706218
vt 0.97490728 0.39318681
vt 0.97020304 0.38883781
vt 0.95201755 0.38330865
vt 0.98448563 0.37191904
vt 0.99664533 0.37305689
vt 0.97798538 0.37157464
vt 0.97285044 0.35334420
vt 0.96056485 0.37906647
vt 0.95377278 0.35590494
vt 0.96170270 0.36118901
vt 0.96438372 0.37033164
vt 0.95775795 0.36991584
vt 0.95634961 0.36512101
vt 0.95219040 0.36236227
vt 0.95577204 0.37449527
vt 0.94722331 0.36291647
vt 0.94377541 0.36653638
vt 0.95129657 0.37672281
vt 0.94643211 0.37555361
vt 0.95887947 0.33633959
vt 0.97815669 0.34947109
vt 0.93566346 0.33867121
vt 0.98448563 0.37191904
vt 0.91937387 0.35538423
vt 0.97490728 0.39318681
vt 0.97798538 0.37157464
vt 0.97285044 0.35334420
vt 0.95389903 0.40332913
vt 0.97020304 0.38883781
vt 0.93127990 0.39759469
vt 0.95314860 0.39706218
vt 0.91764295 0.37865925
vt 0.93479896 0.39240575
vt 0.95201755 0.38330865
vt 0.92373156 0.37704503
vt 0.92513025 0.35815930
vt 0.94273627 0.38106263
vt 0.93834329 0.34458566
vt 0.93708170 0.37337315
vt 0.93770289 0.36384892
vt 0.94345760 0.37152874
vt 0.95719147 0.34268308
vt 0.94429803 0.35694957
vt 0.94377541 0.36653638
vt 0.94722331 0.36291647
vt 0.95219040 0.36236227
vt 0.95377278 0.35590494
vt 0.96170270 0.36118901
vt 0.95634961 0.36512101
vt 0.96438372 0.37033164
vt 0.95775795 0.36991584
vt 0.96056485 0.37906647
vt 0.95577204 0.37449527
vt 0.95129657 0.37672281
vt 0.94643211 0.37555361
vt 0.98820424 0.34251404
vt 0.99664533 0.37305689
vt 0.98448563 0.37191904
vt 0.98346591 0.40189397
vt 0.97815669 0.34947109
vt 0.96212041 0.32454586
vt 0.97490728 0.39318681
vt 0.95887947 0.33633959
vt 0.97285044 0.35334420
vt 0.93566346 0.33867121
vt 0.93059444 0.32753301
vt 0.90834844 0.35007644
vt 0.95719147 0.34268308
vt 0.91937387 0.35538423
vt 0.97798538 0.37157464
vt 0.91764295 0.37865925
vt 0.90578520 0.38165760
vt 0.93834329 0.34458566
vt 0.93127990 0.39759469
vt 0.92413330 0.40750766
vt 0.92373156 0.37704503
vt 0.92513025 0.35815930
vt 0.95389903 0.40332913
vt 0.95482027 0.41550720
vt 0.93479896 0.39240575
vt 0.95314860 0.39706218
vt 0.97020304 0.38883781
vt 0.94273627 0.38106263
vt 0.96056485 0.37906647
vt 0.93708170 0.37337315
vt 0.95201755 0.38330865
vt 0.94643211 0.37555361
vt 0.93770289 0.36384892
vt 0.94345760 0.37152874
vt 0.95129657 0.37672281
vt 0.94429803 0.35694957
vt 0.95577204 0.37449527
vt 0.95775795 0.36991584
vt 0.96438372 0.37033164
vt 0.95219040 0.36236227
vt 0.96170270 0.36118901
vt 0.95634961 0.36512101
vt 0.95377278 0.35590494
vt 0.94722331 0.36291647
vt 0.94377541 0.36653638
vt 0.95887947 0.33633959
vt 0.97815669 0.34947109
vt 0.93566346 0.33867121
vt 0.98448563 0.37191904
vt 0.97285044 0.35334420
vt 0.95719147 0.34268308
vt 0.91937387 0.35538423
vt 0.93834329 0.34458566
vt 0.91764295 0.37865925
vt 0.92513025 0.35815930
vt 0.93127990 0.39759469
vt 0.92373156 0.37704503
vt 0.93479896 0.39240575
vt 0.95389903 0.40332913
vt 0.94273627 0.38106263
vt 0.95314860 0.39706218
vt 0.97490728 0.39318681
vt 0.95201755 0.38330865
vt 0.97020304 0.38883781
vt 0.97798538 0.37157464
vt 0.96056485 0.37906647
vt 0.96438372 0.37033164
vt 0.96170270 0.36118901
vt 0.95634961 0.36512101
vt 0.95377278 0.35590494
vt 0.95775795 0.36991584
vt 0.95219040 0.36236227
vt 0.94429803 0.35694957
vt 0.95577204 0.37449527
vt 0.95129657 0.37672281
vt 0.94345760 0.37152874
vt 0.94643211 0.37555361
vt 0.93708170 0.37337315
vt 0.93770289 0.36384892
vt 0.94377541 0.36653638
vt 0.94722331 0.36291647
vt 0.98820424 0.34251404
vt 0.99664533 0.37305689
vt 0.98448563 0.37191904
vt 0.98346591 0.40189397
vt 0.97815669 0.34947109
vt 0.96212041 0.32454586
vt 0.97490728 0.39318681
vt 0.95887947 0.33633959
vt 0.97285044 0.35334420
vt 0.93566346 0.33867121
vt 0.93059444 0.32753301
vt 0.90834844 0.35007644
vt 0.95719147 0.34268308
vt 0.97798538 0.37157464
vt 0.91937387 0.35538423
vt 0.97020304 0.38883781
vt 0.91764295 0.37865925
vt 0.90578520 0.38165760
vt 0.93834329 0.34458566
vt 0.92513025 0.35815930
vt 0.93127990 0.39759469
vt 0.92413330 0.40750766
vt 0.92373156 0.37704503
vt 0.95389903 0.40332913
vt 0.95482027 0.41550720
vt 0.93479896 0.39240575
vt 0.95314860 0.39706218
vt 0.93708170 0.37337315
vt 0.94273627 0.38106263
vt 0.96056485 0.37906647
vt 0.95201755 0.38330865
vt 0.94643211 0.37555361
vt 0.96438372 0.37033164
vt 0.95577204 0.37449527
vt 0.95129657 0.37672281
vt 0.94345760 0.37152874
vt 0.95775795 0.36991584
vt 0.96170270 0.36118901
vt 0.95634961 0.36512101
vt 0.95377278 0.35590494
vt 0.95219040 0.36236227
vt 0.94722331 0.36291647
vt 0.94429803 0.35694957
vt 0.94377541 0.36653638
vt 0.93770289 0.36384892
vt 0.95887947 0.33633959
vt 0.97815669 0.34947109
vt 0.93566346 0.33867121
vt 0.98448563 0.37191904
vt 0.97285044 0.35334420
vt 0.97490728 0.39318681
vt 0.97798538 0.37157464
vt 0.95389903 0.40332913
vt 0.95719147 0.34268308
vt 0.97020304 0.38883781
vt 0.93127990 0.39759469
vt 0.95314860 0.39706218
vt 0.91764295 0.37865925
vt 0.93479896 0.39240575
vt 0.91937387 0.35538423
vt 0.92373156 0.37704503
vt 0.92513025 0.35815930
vt 0.93834329 0.34458566
vt 0.94429803 0.35694957
vt 0.93708170 0.37337315
vt 0.93770289 0.36384892
vt 0.94377541 0.36653638
vt 0.94273627 0.38106263
vt 0.94345760 0.37152874
vt 0.94722331 0.36291647
vt 0.95377278 0.35590494
vt 0.95219040 0.36236227
vt 0.96170270 0.36118901
vt 0.95634961 0.36512101
vt 0.96438372 0.37033164
vt 0.95775795 0.36991584
vt 0.96056485 0.37906647
vt 0.95577204 0.37449527
vt 0.95201755 0.38330865
vt 0.95129657 0.37672281
vt 0.94643211 0.37555361
f 1/1 2/2 3/3
f 7/7 13/13 10/10
f 10/10 9/9 7/7
f 5/5 7/7 9/9
f 41/41 34/34 42/42
f 36/36 31/31 41/41
f 34/34 41/41 31/31
f 40/40 38/38 36/36
f 25/25 36/36 38/38
f 36/36 25/25 22/22
f 31/31 36/36 22/22
f 32/32 35/35 34/34
f 33/33 35/35 32/32
f 27/27 34/34 31/31
f 34/34 28/28 32/32
f 34/34 27/27 28/28
f 77/77 74/74 97/97
f 97/97 95/95 77/77
f 61/61 65/65 96/96
f 73/73 96/96 65/65
f 95/95 96/96 94/94
f 96/96 73/73 94/94
f 77/77 95/95 91/91
f 94/94 91/91 95/95
f 73/73 93/93 94/94
f 91/91 94/94 93/93
f 93/93 73/73 81/81
f 93/93 90/90 91/91
f 81/81 92/92 93/93
f 90/90 93/93 92/92
f 92/92 81/81 83/83
f 90/90 92/92 83/83
f 54/54 45/45 46/46
f 45/45 104/104 102/102
f 45/45 54/54 104/104
f 57/57 104/104 54/54
f 104/104 57/57 102/102
f 99/99 103/103 97/97
f 101/101 103/103 99/99
f 59/59 102/102 57/57
f 102/102 59/59 100/100
f 99/99 29/29 101/101
f 59/59 98/98 100/100
f 29/29 99/99 33/33
f 97/97 33/33 99/99
f 98/98 59/59 61/61
f 61/61 96/96 98/98
f 33/33 97/97 74/74
f 106/106 105/105 109/109
f 108/108 4/4 8/8
f 11/11 108/108 8/8
f 106/106 108/108 11/11
f 96/96 95/95 107/107
f 105/105 96/96 107/107
f 12/12 106/106 11/11
f 106/106 12/12 26/26
f 26/26 37/37 106/106
f 105/105 106/106 37/37
f 96/96 105/105 98/98
f 105/105 37/37 98/98
f 98/98 37/37 100/100
f 39/39 100/100 37/37
f 100/100 39/39 102/102
f 45/45 102/102 39/39
f 117/117 4/4 114/114
f 113/113 115/115 116/116
f 114/114 113/113 116/116
f 115/115 110/110 111/111
f 110/110 115/115 113/113
f 4/4 108/108 114/114
f 113/113 114/114 112/112
f 112/112 114/114 108/108
f 109/109 113/113 112/112
f 113/113 109/109 110/110
f 109/109 112/112 108/108
f 107/107 111/111 110/110
f 95/95 111/111 107/107
f 105/105 110/110 109/109
f 110/110 105/105 107/107
f 106/106 109/109 108/108
f 120/120 122/122 121/121
f 103/103 101/101 121/121
f 29/29 121/121 101/101
f 121/121 29/29 120/120
f 119/119 118/118 120/120
f 119/119 120/120 29/29
f 29/29 23/23 119/119
f 23/23 16/16 119/119
f 16/16 23/23 20/20
f 119/119 16/16 14/14
f 118/118 119/119 117/117
f 117/117 119/119 14/14
f 118/118 117/117 114/114
f 118/118 114/114 116/116
f 6/6 117/117 14/14
f 117/117 6/6 4/4
f 127/127 111/111 128/128
f 127/127 128/128 123/123
f 111/111 127/127 115/115
f 127/127 123/123 124/124
f 127/127 126/126 115/115
f 124/124 126/126 127/127
f 115/115 126/126 125/125
f 126/126 124/124 125/125
f 116/116 115/115 125/125
f 124/124 118/118 125/125
f 118/118 116/116 125/125
f 124/124 123/123 122/122
f 122/122 118/118 124/124
f 123/123 121/121 122/122
f 121/121 123/123 103/103
f 120/120 118/118 122/122
f 90/90 89/89 91/91
f 89/89 77/77 91/91
f 87/87 90/90 83/83
f 87/87 89/89 90/90
f 85/85 77/77 89/89
f 89/89 87/87 88/88
f 88/88 85/85 89/89
f 87/87 86/86 88/88
f 85/85 88/88 86/86
f 86/86 87/87 84/84
f 85/85 86/86 82/82
f 84/84 82/82 86/86
f 77/77 85/85 78/78
f 82/82 78/78 85/85
f 84/84 80/80 82/82
f 78/78 82/82 79/79
f 95/95 97/97 128/128
f 97/97 103/103 128/128
f 95/95 128/128 111/111
f 128/128 103/103 123/123
f 28/28 27/27 24/24
f 27/27 22/22 19/19
f 19/19 24/24 27/27
f 13/13 22/22 25/25
f 24/24 19/19 21/21
f 22/22 18/18 19/19
f 22/22 13/13 18/18
f 19/19 17/17 21/21
f 17/17 19/19 18/18
f 17/17 18/18 13/13
f 80/80 79/79 82/82
f 79/79 80/80 72/72
f 71/71 78/78 79/79
f 72/72 71/71 79/79
f 76/76 77/77 78/78
f 71/71 76/76 78/78
f 77/77 76/76 75/75
f 74/74 77/77 75/75
f 68/68 76/76 71/71
f 69/69 75/75 76/76
f 76/76 68/68 69/69
f 70/70 74/74 75/75
f 70/70 75/75 69/69
f 35/35 33/33 74/74
f 74/74 70/70 35/35
f 66/66 71/71 72/72
f 15/15 17/17 13/13
f 13/13 7/7 15/15
f 66/66 68/68 71/71
f 35/35 70/70 42/42
f 42/42 70/70 69/69
f 67/67 69/69 68/68
f 42/42 69/69 67/67
f 67/67 68/68 64/64
f 64/64 68/68 66/66
f 41/41 42/42 67/67
f 67/67 48/48 41/41
f 64/64 48/48 67/67
f 64/64 66/66 62/62
f 48/48 64/64 63/63
f 42/42 34/34 35/35
f 63/63 64/64 62/62
f 48/48 63/63 50/50
f 62/62 58/58 63/63
f 50/50 63/63 58/58
f 58/58 62/62 60/60
f 56/56 58/58 60/60
f 55/55 50/50 58/58
f 58/58 56/56 55/55
f 56/56 53/53 55/55
f 50/50 55/55 51/51
f 53/53 52/52 55/55
f 51/51 55/55 52/52
f 47/47 52/52 53/53
f 49/49 51/51 52/52
f 52/52 47/47 49/49
f 43/43 50/50 51/51
f 51/51 49/49 43/43
f 36/36 48/48 50/50
f 50/50 43/43 36/36
f 47/47 43/43 49/49
f 36/36 41/41 48/48
f 43/43 47/47 44/44
f 40/40 43/43 44/44
f 43/43 40/40 36/36
f 33/33 32/32 30/30
f 32/32 28/28 30/30
f 22/22 27/27 31/31
f 24/24 30/30 28/28
f 162/162 166/166 164/164
f 152/152 157/157 165/165
f 164/164 165/165 157/157
f 164/164 159/159 162/162
f 159/159 164/164 157/157
f 163/163 162/162 160/160
f 160/160 162/162 159/159
f 151/151 160/160 159/159
f 159/159 157/157 158/158
f 159/159 158/158 151/151
f 147/147 158/158 157/157
f 158/158 147/147 151/151
f 157/157 152/152 144/144
f 196/196 193/193 183/183
f 196/196 183/183 178/178
f 194/194 186/186 193/193
f 171/171 173/173 175/175
f 174/174 168/168 169/169
f 171/171 174/174 169/169
f 170/170 172/172 173/173
f 173/173 171/171 170/170
f 166/166 163/163 172/172
f 172/172 170/170 166/166
f 167/167 170/170 171/171
f 171/171 169/169 167/167
f 166/166 170/170 167/167
f 165/165 169/169 168/168
f 165/165 167/167 169/169
f 152/152 165/165 168/168
f 167/167 164/164 166/166
f 165/165 164/164 167/167
f 163/163 166/166 162/162
f 186/186 183/183 193/193
f 191/191 188/188 190/190
f 188/188 181/181 190/190
f 181/181 188/188 177/177
f 183/183 186/186 185/185
f 180/180 183/183 185/185
f 183/183 180/180 178/178
f 177/177 174/174 181/181
f 180/180 181/181 174/174
f 180/180 176/176 178/178
f 176/176 180/180 174/174
f 176/176 175/175 178/178
f 168/168 174/174 177/177
f 175/175 176/176 171/171
f 174/174 171/171 176/176
f 207/207 208/208 187/187
f 203/203 208/208 207/207
f 187/187 195/195 207/207
f 198/198 207/207 195/195
f 207/207 198/198 203/203
f 161/161 206/206 163/163
f 204/204 163/163 206/206
f 203/203 202/202 205/205
f 202/202 200/200 205/205
f 163/163 204/204 172/172
f 200/200 172/172 204/204
f 198/198 202/202 203/203
f 200/200 202/202 199/199
f 215/215 211/211 212/212
f 210/210 213/213 214/214
f 210/210 214/214 212/212
f 213/213 200/200 204/204
f 200/200 213/213 210/210
f 209/209 212/212 211/211
f 210/210 212/212 209/209
f 182/182 179/179 211/211
f 184/184 211/211 179/179
f 211/211 184/184 209/209
f 200/200 210/210 205/205
f 209/209 205/205 210/210
f 208/208 209/209 184/184
f 205/205 209/209 208/208
f 208/208 184/184 187/187
f 208/208 203/203 205/205
f 222/222 219/219 225/225
f 219/219 222/222 221/221
f 221/221 222/222 192/192
f 219/219 221/221 218/218
f 221/221 192/192 218/218
f 219/219 218/218 155/155
f 217/217 155/155 218/218
f 155/155 217/217 154/154
f 189/189 218/218 192/192
f 218/218 189/189 217/217
f 216/216 154/154 217/217
f 215/215 154/154 216/216
f 182/182 217/217 189/189
f 217/217 182/182 216/216
f 211/211 215/215 216/216
f 182/182 211/211 216/216
f 230/230 232/232 227/227
f 228/228 231/231 230/230
f 231/231 228/228 229/229
f 228/228 230/230 227/227
f 212/212 214/214 229/229
f 229/229 215/215 212/212
f 215/215 229/229 228/228
f 228/228 227/227 226/226
f 226/226 215/215 228/228
f 227/227 129/129 133/133
f 136/136 227/227 133/133
f 136/136 226/226 227/227
f 226/226 136/136 146/146
f 137/137 146/146 136/136
f 146/146 154/154 226/226
f 215/215 226/226 154/154
f 161/161 150/150 237/237
f 237/237 150/150 148/148
f 237/237 148/148 141/141
f 237/237 141/141 140/140
f 236/236 237/237 235/235
f 235/235 237/237 140/140
f 236/236 235/235 232/232
f 236/236 232/232 234/234
f 132/132 235/235 140/140
f 235/235 132/132 129/129
f 235/235 129/129 232/232
f 231/231 233/233 234/234
f 232/232 231/231 234/234
f 229/229 233/233 231/231
f 129/129 227/227 232/232
f 231/231 232/232 230/230
f 248/248 250/250 251/251
f 191/191 223/223 250/250
f 220/220 252/252 224/224
f 251/251 252/252 249/249
f 188/188 191/191 250/250
f 250/250 248/248 188/188
f 156/156 249/249 220/220
f 249/249 156/156 152/152
f 248/248 249/249 152/152
f 248/248 177/177 188/188
f 245/245 243/243 244/244
f 245/245 213/213 243/243
f 240/240 236/236 244/244
f 249/249 248/248 251/251
f 237/237 236/236 238/238
f 238/238 161/161 237/237
f 204/204 242/242 213/213
f 206/206 242/242 204/204
f 240/240 242/242 239/239
f 241/241 242/242 206/206
f 242/242 241/241 239/239
f 206/206 161/161 241/241
f 161/161 239/239 241/241
f 238/238 240/240 239/239
f 238/238 236/236 240/240
f 239/239 161/161 238/238
f 168/168 177/177 248/248
f 224/224 253/253 223/223
f 253/253 224/224 252/252
f 233/233 229/229 214/214
f 168/168 248/248 152/152
f 220/220 249/249 252/252
f 247/247 234/234 233/233
f 236/236 234/234 247/247
f 247/247 233/233 246/246
f 246/246 244/244 247/247
f 244/244 236/236 247/247
f 245/245 246/246 233/233
f 240/240 244/244 243/243
f 213/213 242/242 243/243
f 243/243 242/242 240/240
f 223/223 253/253 250/250
f 251/251 253/253 252/252
f 251/251 250/250 253/253
f 244/244 246/246 245/245
f 214/214 245/245 233/233
f 245/245 214/214 213/213
f 202/202 198/198 201/201
f 199/199 202/202 201/201
f 198/198 197/197 201/201
f 199/199 201/201 197/197
f 172/172 200/200 173/173
f 173/173 200/200 175/175
f 200/200 199/199 196/196
f 175/175 200/200 196/196
f 199/199 197/197 193/193
f 193/193 196/196 199/199
f 197/197 198/198 194/194
f 194/194 193/193 197/197
f 175/175 196/196 178/178
f 147/147 157/157 144/144
f 156/156 153/153 152/152
f 145/145 152/152 153/153
f 152/152 145/145 144/144
f 151/151 147/147 149/149
f 147/147 142/142 149/149
f 144/144 143/143 147/147
f 142/142 147/147 143/143
f 138/138 144/144 145/145
f 144/144 138/138 143/143
f 138/138 142/142 143/143
f 142/142 138/138 139/139
f 138/138 131/131 139/139
f 131/131 138/138 135/135
f 135/135 134/134 131/131
f 130/130 131/131 134/134
f 269/269 263/263 268/268
f 263/263 266/266 268/268
f 266/266 263/263 265/265
f 263/263 256/256 265/265
f 256/256 263/263 260/260
f 260/260 259/259 256/256
f 254/254 256/256 259/259
f 287/287 283/283 284/284
f 283/283 287/287 282/282
f 275/275 286/286 284/284
f 284/284 283/283 275/275
f 272/272 283/283 282/282
f 283/283 272/272 275/275
f 282/282 277/277 269/269
f 272/272 282/282 269/269
f 281/281 278/278 277/277
f 270/270 277/277 278/278
f 277/277 270/270 269/269
f 275/275 272/272 273/273
f 272/272 266/266 273/273
f 291/291 297/297 295/295
f 292/292 295/295 296/296
f 296/296 294/294 292/292
f 291/291 295/295 292/292
f 290/290 294/294 293/293
f 290/290 292/292 294/294
f 277/277 290/290 293/293
f 292/292 287/287 291/291
f 290/290 287/287 292/292
f 289/289 291/291 288/288
f 288/288 291/291 287/287
f 277/277 282/282 290/290
f 287/287 290/290 282/282
f 306/306 302/302 304/304
f 293/293 294/294 305/305
f 294/294 303/303 305/305
f 302/302 285/285 304/304
f 294/294 296/296 303/303
f 299/299 303/303 296/296
f 285/285 302/302 289/289
f 300/300 289/289 302/302
f 297/297 301/301 299/299
f 301/301 298/298 300/300
f 298/298 301/301 297/297
f 289/289 300/300 298/298
f 296/296 297/297 299/299
f 269/269 268/268 272/272
f 266/266 272/272 268/268
f 263/263 269/269 270/270
f 312/312 257/257 255/255
f 312/312 264/264 257/257
f 312/312 311/311 264/264
f 311/311 267/267 264/264
f 276/276 267/267 311/311
f 267/267 276/276 274/274
f 285/285 276/276 311/311
f 308/308 285/285 311/311
f 310/310 307/307 309/309
f 310/310 300/300 307/307
f 308/308 309/309 306/306
f 309/309 307/307 306/306
f 306/306 285/285 308/308
f 289/289 288/288 286/286
f 287/287 284/284 288/288
f 284/284 286/286 288/288
f 320/320 318/318 319/319
f 315/315 320/320 310/310
f 315/315 318/318 320/320
f 317/317 319/319 318/318
f 317/317 316/316 319/319
f 318/318 315/315 317/317
f 313/313 316/316 317/317
f 315/315 313/313 317/317
f 313/313 314/314 316/316
f 309/309 315/315 310/310
f 309/309 313/313 315/315
f 313/313 312/312 314/314
f 312/312 255/255 314/314
f 291/291 289/289 298/298
f 297/297 291/291 298/298
f 297/297 296/296 295/295
f 328/328 324/324 327/327
f 324/324 328/328 325/325
f 324/324 314/314 327/327
f 346/346 378/378 351/351
f 326/326 322/322 325/325
f 323/323 322/322 326/326
f 325/325 319/319 324/324
f 319/319 325/325 322/322
f 314/314 324/324 316/316
f 324/324 319/319 316/316
f 323/323 321/321 322/322
f 301/301 321/321 323/323
f 322/322 320/320 319/319
f 320/320 322/322 321/321
f 302/302 307/307 300/300
f 307/307 302/302 306/306
f 285/285 306/306 304/304
f 331/331 333/333 326/326
f 331/331 279/279 332/332
f 325/325 331/331 326/326
f 345/345 374/374 339/339
f 374/374 373/373 372/372
f 374/374 372/372 339/339
f 331/331 325/325 328/328
f 331/331 330/330 279/279
f 330/330 331/331 328/328
f 271/271 279/279 330/330
f 328/328 329/329 330/330
f 330/330 261/261 271/271
f 261/261 330/330 329/329
f 262/262 271/271 261/261
f 261/261 329/329 258/258
f 329/329 255/255 258/258
f 308/308 313/313 309/309
f 313/313 311/311 312/312
f 311/311 313/313 308/308
f 352/352 348/348 347/347
f 349/349 344/344 348/348
f 348/348 343/343 347/347
f 367/367 369/369 370/370
f 338/338 369/369 341/341
f 367/367 368/368 369/369
f 348/348 344/344 343/343
f 347/347 343/343 280/280
f 340/340 343/343 344/344
f 334/334 280/280 343/343
f 343/343 340/340 334/334
f 342/342 333/333 337/337
f 336/336 334/334 340/340
f 336/336 337/337 333/333
f 334/334 336/336 332/332
f 333/333 332/332 336/336
f 321/321 301/301 300/300
f 300/300 310/310 321/321
f 320/320 321/321 310/310
f 363/363 301/301 357/357
f 354/354 362/362 357/357
f 358/358 361/361 362/362
f 378/378 375/375 376/376
f 351/351 377/377 350/350
f 376/376 374/374 377/377
f 350/350 377/377 374/374
f 375/375 373/373 376/376
f 373/373 374/374 376/376
f 281/281 375/375 346/346
f 375/375 281/281 277/277
f 373/373 375/375 277/277
f 345/345 350/350 374/374
f 362/362 364/364 363/363
f 364/364 362/362 361/361
f 362/362 363/363 357/357
f 372/372 335/335 339/339
f 335/335 372/372 371/371
f 293/293 305/305 371/371
f 371/371 305/305 335/335
f 338/338 335/335 305/305
f 303/303 338/338 305/305
f 338/338 303/303 370/370
f 303/303 299/299 370/370
f 369/369 338/338 370/370
f 299/299 367/367 370/370
f 353/353 326/326 333/333
f 333/333 342/342 353/353
f 348/348 352/352 349/349
f 377/377 351/351 378/378
f 346/346 375/375 378/378
f 376/376 377/377 378/378
f 368/368 367/367 366/366
f 359/359 368/368 365/365
f 366/366 365/365 368/368
f 301/301 367/367 299/299
f 367/367 363/363 366/366
f 363/363 367/367 301/301
f 364/364 365/365 366/366
f 366/366 363/363 364/364
f 365/365 361/361 359/359
f 361/361 365/365 364/364
f 280/280 334/334 279/279
f 332/332 279/279 334/334
f 333/333 331/331 332/332
f 293/293 373/373 277/277
f 373/373 371/371 372/372
f 371/371 373/373 293/293
f 362/362 354/354 358/358
f 361/361 358/358 360/360
f 358/358 356/356 360/360
f 356/356 358/358 354/354
f 301/301 323/323 357/357
f 357/357 353/353 354/354
f 353/353 357/357 323/323
f 354/354 342/342 356/356
f 354/354 353/353 342/342
f 323/323 326/326 353/353
f 255/255 329/329 314/314
f 328/328 327/327 329/329
f 327/327 314/314 329/329
f 368/368 341/341 369/369
f 341/341 368/368 355/355
f 359/359 355/355 368/368
f 385/385 480/480 382/382
f 480/480 383/383 382/382
f 479/479 472/472 481/481
f 452/452 450/450 454/454
f 453/453 454/454 450/450
f 452/452 454/454 456/456
f 469/469 472/472 471/471
f 471/471 473/473 432/432
f 474/474 471/471 472/472
f 471/471 474/474 473/473
f 475/475 432/432 473/473
f 432/432 475/475 435/435
f 474/474 403/403 473/473
f 473/473 403/403 475/475
f 435/435 475/475 476/476
f 476/476 438/438 435/435
f 495/495 410/410 497/497
f 496/496 498/498 488/488
f 488/488 498/498 487/487
f 451/451 471/471 429/429
f 432/432 429/429 471/471
f 470/470 472/472 469/469
f 482/482 483/483 480/480
f 472/472 484/484 481/481
f 470/470 484/484 472/472
f 485/485 482/482 481/481
f 485/485 483/483 482/482
f 470/470 486/486 484/484
f 486/486 470/470 459/459
f 487/487 481/481 484/484
f 481/481 487/487 485/485
f 488/488 484/484 486/486
f 402/402 395/395 394/394
f 395/395 402/402 404/404
f 405/405 404/404 402/402
f 413/413 416/416 415/415
f 412/412 417/417 407/407
f 402/402 407/407 417/417
f 380/380 388/388 386/386
f 388/388 380/380 389/389
f 389/389 391/391 388/388
f 391/391 389/389 392/392
f 394/394 388/388 391/391
f 388/388 394/394 395/395
f 392/392 397/397 391/391
f 394/394 391/391 397/397
f 397/397 392/392 398/398
f 401/401 397/397 398/398
f 425/425 424/424 421/421
f 426/426 423/423 422/422
f 424/424 426/426 422/422
f 408/408 407/407 397/397
f 409/409 408/408 401/401
f 411/411 409/409 401/401
f 408/408 412/412 407/407
f 412/412 408/408 409/409
f 409/409 411/411 413/413
f 414/414 413/413 411/411
f 415/415 409/409 413/413
f 409/409 415/415 412/412
f 416/416 413/413 414/414
f 437/437 434/434 439/439
f 439/439 440/440 437/437
f 440/440 442/442 437/437
f 380/380 381/381 384/384
f 386/386 381/381 380/380
f 415/415 420/420 418/418
f 420/420 415/415 416/416
f 419/419 418/418 421/421
f 420/420 421/421 418/418
f 422/422 417/417 419/419
f 421/421 422/422 419/419
f 417/417 422/422 423/423
f 402/402 417/417 423/423
f 422/422 421/421 424/424
f 421/421 420/420 425/425
f 430/430 450/450 452/452
f 453/453 450/450 436/436
f 425/425 453/453 436/436
f 397/397 407/407 394/394
f 407/407 402/402 394/394
f 408/408 397/397 401/401
f 424/424 430/430 426/426
f 428/428 426/426 431/431
f 431/431 426/426 430/430
f 431/431 433/433 428/428
f 427/427 428/428 433/433
f 433/433 431/431 434/434
f 430/430 424/424 436/436
f 424/424 425/425 436/436
f 434/434 437/437 433/433
f 437/437 427/427 433/433
f 463/463 460/460 462/462
f 463/463 464/464 461/461
f 457/457 461/461 464/464
f 418/418 412/412 415/415
f 417/417 412/412 419/419
f 412/412 418/418 419/419
f 442/442 444/444 446/446
f 442/442 446/446 445/445
f 448/448 446/446 444/444
f 449/449 427/427 445/445
f 446/446 449/449 445/445
f 448/448 449/449 446/446
f 427/427 449/449 402/402
f 405/405 449/449 448/448
f 449/449 405/405 402/402
f 450/450 430/430 436/436
f 459/459 470/470 467/467
f 469/469 467/467 470/470
f 471/471 451/451 469/469
f 423/423 427/427 402/402
f 423/423 426/426 428/428
f 423/423 428/428 427/427
f 458/458 456/456 454/454
f 459/459 453/453 425/425
f 420/420 459/459 425/425
f 458/458 454/454 460/460
f 416/416 459/459 420/420
f 460/460 461/461 458/458
f 454/454 453/453 462/462
f 462/462 460/460 454/454
f 459/459 462/462 453/453
f 461/461 460/460 463/463
f 406/406 475/475 403/403
f 475/475 406/406 476/476
f 477/477 438/438 476/476
f 444/444 442/442 440/440
f 427/427 437/437 445/445
f 445/445 437/437 442/442
f 464/464 466/466 457/457
f 466/466 455/455 457/457
f 464/464 465/465 467/467
f 467/467 466/466 464/464
f 465/465 459/459 467/467
f 455/455 466/466 468/468
f 466/466 467/467 468/468
f 468/468 451/451 455/455
f 467/467 469/469 468/468
f 468/468 469/469 451/451
f 406/406 477/477 476/476
f 438/438 477/477 441/441
f 477/477 406/406 447/447
f 416/416 414/414 491/491
f 490/490 489/489 492/492
f 491/491 492/492 489/489
f 410/410 491/491 414/414
f 490/490 492/492 493/493
f 491/491 410/410 494/494
f 492/492 491/491 495/495
f 494/494 495/495 491/491
f 495/495 493/493 492/492
f 410/410 495/495 494/494
f 493/493 496/496 490/490
f 496/496 488/488 490/490
f 497/497 493/493 495/495
f 479/479 482/482 480/480
f 479/479 481/481 482/482
f 383/383 480/480 483/483
f 498/498 496/496 499/499
f 499/499 487/487 498/498
f 493/493 500/500 496/496
f 496/496 500/500 499/499
f 497/497 500/500 493/493
f 499/499 501/501 487/487
f 500/500 501/501 499/499
f 485/485 487/487 501/501
f 483/483 485/485 501/501
f 500/500 483/483 501/501
f 410/410 502/502 497/497
f 502/502 500/500 497/497
f 502/502 410/410 400/400
f 488/488 486/486 490/490
f 489/489 490/490 486/486
f 416/416 491/491 489/489
f 500/500 503/503 483/483
f 500/500 502/502 503/503
f 503/503 502/502 390/390
f 503/503 383/383 483/483
f 379/379 503/503 390/390
f 503/503 379/379 383/383
f 502/502 400/400 399/399
f 502/502 399/399 393/393
f 502/502 393/393 390/390
f 484/484 488/488 487/487
f 486/486 459/459 489/489
f 459/459 416/416 489/489
f 465/465 463/463 462/462
f 464/464 463/463 465/465
f 459/459 465/465 462/462
f 477/477 443/443 441/441
f 443/443 477/477 447/447
f 474/474 478/478 403/403
f 396/396 403/403 478/478
f 387/387 396/396 385/385
f 478/478 385/385 396/396
f 478/478 474/474 479/479
f 472/472 479/479 474/474
f 385/385 478/478 480/480
f 478/478 479/479 480/480
f 593/593 595/595 594/594
f 595/595 593/593 549/549
f 534/534 594/594 537/537
f 593/593 594/594 592/592
f 592/592 594/594 534/534
f 572/572 570/570 583/583
f 583/583 582/582 572/572
f 582/582 581/581 579/579
f 592/592 560/560 593/593
f 534/534 531/531 592/592
f 560/560 592/592 591/591
f 529/529 592/592 531/531
f 592/592 529/529 591/591
f 523/523 591/591 529/529
f 561/561 591/591 566/566
f 523/523 590/590 591/591
f 510/510 589/589 587/587
f 588/588 516/516 504/504
f 537/537 594/594 595/595
f 532/532 533/533 528/528
f 530/530 532/532 528/528
f 528/528 522/522 530/530
f 528/528 524/524 521/521
f 521/521 522/522 528/528
f 525/525 526/526 519/519
f 524/524 525/525 518/518
f 518/518 525/525 519/519
f 524/524 513/513 521/521
f 518/518 519/519 514/514
f 514/514 513/513 518/518
f 517/517 513/513 505/505
f 513/513 514/514 511/511
f 547/547 540/540 544/544
f 540/540 546/546 543/543
f 525/525 543/543 546/546
f 544/544 540/540 542/542
f 525/525 539/539 543/543
f 543/543 536/536 540/540
f 536/536 543/543 539/539
f 540/540 538/538 542/542
f 540/540 536/536 538/538
f 536/536 524/524 533/533
f 535/535 536/536 533/533
f 533/533 532/532 535/535
f 524/524 528/528 533/533
f 559/559 562/562 553/553
f 558/558 553/553 562/562
f 560/560 559/559 557/557
f 553/553 557/557 559/559
f 553/553 558/558 548/548
f 546/546 548/548 558/558
f 557/557 553/553 554/554
f 553/553 550/550 554/554
f 550/550 553/553 548/548
f 524/524 518/518 513/513
f 522/522 521/521 517/517
f 513/513 517/517 521/521
f 548/548 544/544 550/550
f 548/548 546/546 547/547
f 544/544 548/548 547/547
f 546/546 540/540 547/547
f 570/570 572/572 567/567
f 563/563 569/569 571/571
f 567/567 568/568 570/570
f 569/569 563/563 564/564
f 567/567 569/569 564/564
f 568/568 567/567 565/565
f 565/565 566/566 568/568
f 564/564 565/565 567/567
f 559/559 560/560 566/566
f 539/539 525/525 524/524
f 539/539 524/524 536/536
f 536/536 535/535 538/538
f 558/558 564/564 563/563
f 564/564 558/558 562/562
f 546/546 563/563 551/551
f 563/563 546/546 558/558
f 569/569 572/572 579/579
f 579/579 578/578 569/569
f 577/577 574/574 578/578
f 574/574 569/569 578/578
f 576/576 577/577 575/575
f 577/577 576/576 574/574
f 575/575 573/573 576/576
f 573/573 574/574 576/576
f 527/527 552/552 575/575
f 526/526 551/551 552/552
f 551/551 526/526 525/525
f 525/525 546/546 551/551
f 551/551 573/573 552/552
f 573/573 551/551 563/563
f 563/563 571/571 573/573
f 569/569 567/567 572/572
f 599/599 598/598 515/515
f 586/586 598/598 599/599
f 512/512 515/515 598/598
f 598/598 506/506 512/512
f 598/598 586/586 596/596
f 506/506 598/598 597/597
f 596/596 597/597 598/598
f 597/597 509/509 506/506
f 509/509 597/597 589/589
f 549/549 593/593 555/555
f 593/593 556/556 555/555
f 556/556 593/593 560/560
f 582/582 579/579 572/572
f 581/581 580/580 578/578
f 578/578 579/579 581/581
f 580/580 577/577 578/578
f 577/577 580/580 586/586
f 585/585 583/583 570/570
f 580/580 581/581 584/584
f 582/582 583/583 584/584
f 581/581 582/582 584/584
f 566/566 565/565 559/559
f 565/565 564/564 562/562
f 562/562 559/559 565/565
f 527/527 575/575 601/601
f 575/575 586/586 601/601
f 600/600 527/527 601/601
f 586/586 600/600 601/601
f 520/520 527/527 600/600
f 600/600 515/515 520/520
f 600/600 586/586 599/599
f 515/515 600/600 599/599
f 566/566 591/591 590/590
f 516/516 590/590 523/523
f 588/588 566/566 590/590
f 590/590 516/516 588/588
f 584/584 587/587 589/589
f 573/573 575/575 552/552
f 573/573 571/571 574/574
f 569/569 574/574 571/571
f 585/585 588/588 504/504
f 585/585 504/504 587/587
f 566/566 588/588 568/568
f 588/588 570/570 568/568
f 570/570 588/588 585/585
f 587/587 584/584 583/583
f 583/583 585/585 587/587
f 575/575 577/577 586/586
f 513/513 511/511 505/505
f 505/505 511/511 507/507
f 505/505 507/507 508/508
f 549/549 545/545 595/595
f 537/537 595/595 541/541
f 595/595 545/545 541/541
f 580/580 584/584 596/596
f 584/584 589/589 596/596
f 580/580 596/596 586/586
f 597/597 596/596 589/589
f 587/587 504/504 510/510
f 854/854 863/863 864/864
f 859/859 852/852 860/860
f 849/849 860/860 852/852
f 871/871 867/867 869/869
f 860/860 872/872 870/870
f 872/872 871/871 870/870
f 860/860 873/873 872/872
f 860/860 849/849 873/873
f 871/871 872/872 874/874
f 858/858 855/855 859/859
f 854/854 864/864 857/857
f 861/861 865/865 863/863
f 864/864 866/866 857/857
f 853/853 857/857 856/856
f 694/694 697/697 693/693
f 694/694 698/698 697/697
f 693/693 700/700 692/692
f 692/692 700/700 696/696
f 852/852 859/859 855/855
f 855/855 858/858 854/854
f 687/687 686/686 684/684
f 706/706 703/703 702/702
f 690/690 705/705 650/650
f 705/705 690/690 703/703
f 702/702 701/701 704/704
f 691/691 703/703 690/690
f 696/696 702/702 703/703
f 703/703 691/691 696/696
f 701/701 702/702 700/700
f 696/696 700/700 702/702
f 693/693 697/697 701/701
f 706/706 704/704 708/708
f 697/697 707/707 701/701
f 644/644 887/887 877/877
f 869/869 870/870 871/871
f 885/885 884/884 881/881
f 883/883 885/885 882/882
f 863/863 884/884 886/886
f 885/885 886/886 884/884
f 886/886 864/864 863/863
f 887/887 885/885 883/883
f 877/877 887/887 883/883
f 862/862 860/860 870/870
f 849/849 875/875 873/873
f 849/849 638/638 875/875
f 873/873 876/876 872/872
f 873/873 875/875 876/876
f 874/874 872/872 876/876
f 638/638 877/877 875/875
f 877/877 876/876 875/875
f 707/707 704/704 701/701
f 870/870 869/869 862/862
f 861/861 862/862 869/869
f 867/867 861/861 869/869
f 868/868 856/856 857/857
f 868/868 857/857 866/866
f 861/861 867/867 865/865
f 879/879 881/881 867/867
f 876/876 877/877 880/880
f 880/880 879/879 878/878
f 878/878 876/876 880/880
f 867/867 871/871 879/879
f 874/874 878/878 879/879
f 874/874 879/879 871/871
f 878/878 874/874 876/876
f 693/693 701/701 700/700
f 851/851 830/830 828/828
f 827/827 835/835 826/826
f 829/829 836/836 834/834
f 836/836 829/829 835/835
f 835/835 827/827 837/837
f 845/845 850/850 848/848
f 848/848 851/851 832/832
f 851/851 848/848 850/850
f 851/851 828/828 832/832
f 826/826 835/835 829/829
f 852/852 850/850 847/847
f 847/847 849/849 852/852
f 853/853 830/830 851/851
f 854/854 851/851 850/850
f 851/851 854/854 853/853
f 840/840 841/841 838/838
f 840/840 607/607 841/841
f 842/842 838/838 841/841
f 833/833 834/834 832/832
f 845/845 848/848 839/839
f 847/847 844/844 846/846
f 844/844 847/847 845/845
f 846/846 604/604 611/611
f 604/604 846/846 844/844
f 845/845 842/842 844/844
f 839/839 843/843 845/845
f 842/842 845/845 843/843
f 604/604 844/844 607/607
f 607/607 844/844 842/842
f 825/825 828/828 820/820
f 826/826 823/823 827/827
f 823/823 615/615 827/827
f 826/826 825/825 824/824
f 850/850 852/852 855/855
f 849/849 847/847 846/846
f 611/611 638/638 849/849
f 850/850 845/845 847/847
f 858/858 859/859 861/861
f 860/860 862/862 859/859
f 859/859 862/862 861/861
f 863/863 854/854 858/858
f 863/863 858/858 861/861
f 611/611 849/849 846/846
f 855/855 854/854 850/850
f 853/853 856/856 830/830
f 856/856 816/816 830/830
f 857/857 853/853 854/854
f 848/848 834/834 839/839
f 704/704 706/706 702/702
f 652/652 650/650 705/705
f 638/638 644/644 877/877
f 834/834 848/848 832/832
f 692/692 696/696 691/691
f 715/715 709/709 712/712
f 709/709 715/715 711/711
f 698/698 714/714 712/712
f 698/698 712/712 709/709
f 707/707 711/711 710/710
f 711/711 707/707 709/709
f 704/704 710/710 708/708
f 704/704 707/707 710/710
f 709/709 697/697 698/698
f 697/697 709/709 707/707
f 839/839 838/838 843/843
f 838/838 842/842 843/843
f 841/841 607/607 842/842
f 923/923 926/926 916/916
f 2/2 940/940 938/938
f 917/917 939/939 941/941
f 942/942 940/940 2/2
f 939/939 940/940 943/943
f 940/940 942/942 943/943
f 944/944 939/939 943/943
f 939/939 944/944 941/941
f 926/926 923/923 925/925
f 939/939 936/936 940/940
f 900/900 896/896 926/926
f 916/916 926/926 927/927
f 926/926 896/896 927/927
f 916/916 927/927 915/915
f 896/896 928/928 927/927
f 897/897 928/928 896/896
f 947/947 949/949 919/919
f 949/949 921/921 919/919
f 901/901 922/922 906/906
f 922/922 918/918 920/920
f 920/920 906/906 922/922
f 909/909 907/907 921/921
f 921/921 907/907 919/919
f 918/918 906/906 920/920
f 907/907 905/905 919/919
f 905/905 917/917 919/919
f 914/914 929/929 935/935
f 930/930 931/931 933/933
f 931/931 930/930 897/897
f 930/930 929/929 928/928
f 897/897 930/930 928/928
f 914/914 915/915 929/929
f 929/929 927/927 928/928
f 946/946 941/941 944/944
f 958/958 954/954 957/957
f 957/957 953/953 959/959
f 959/959 953/953 951/951
f 960/960 958/958 957/957
f 951/951 961/961 959/959
f 957/957 962/962 960/960
f 943/943 945/945 944/944
f 945/945 943/943 942/942
f 958/958 956/956 954/954
f 945/945 946/946 944/944
f 947/947 917/917 941/941
f 941/941 946/946 947/947
f 919/919 917/917 947/947
f 945/945 948/948 946/946
f 964/964 963/963 965/965
f 965/965 942/942 1/1
f 927/927 929/929 915/915
f 957/957 954/954 953/953
f 938/938 940/940 936/936
f 917/917 935/935 939/939
f 935/935 936/936 939/939
f 936/936 933/933 938/938
f 935/935 930/930 936/936
f 930/930 933/933 936/936
f 917/917 914/914 935/935
f 929/929 930/930 935/935
f 921/921 949/949 952/952
f 948/948 951/951 950/950
f 951/951 948/948 945/945
f 949/949 947/947 950/950
f 950/950 946/946 948/948
f 946/946 950/950 947/947
f 886/886 885/885 888/888
f 866/866 864/864 903/903
f 903/903 902/902 904/904
f 866/866 903/903 905/905
f 905/905 903/903 904/904
f 901/901 906/906 902/902
f 904/904 902/902 906/906
f 907/907 866/866 905/905
f 907/907 868/868 866/866
f 881/881 882/882 885/885
f 887/887 888/888 885/885
f 644/644 889/889 887/887
f 891/891 889/889 644/644
f 888/888 887/887 892/892
f 889/889 892/892 887/887
f 892/892 886/886 888/888
f 893/893 889/889 891/891
f 908/908 912/912 914/914
f 865/865 884/884 863/863
f 884/884 865/865 881/881
f 882/882 880/880 883/883
f 880/880 877/877 883/883
f 881/881 879/879 882/882
f 879/879 880/880 882/882
f 867/867 881/881 865/865
f 900/900 895/895 893/893
f 899/899 894/894 892/892
f 892/892 895/895 899/899
f 891/891 897/897 896/896
f 891/891 896/896 893/893
f 892/892 889/889 895/895
f 889/889 893/893 895/895
f 892/892 894/894 886/886
f 900/900 922/922 901/901
f 856/856 911/911 913/913
f 910/910 912/912 908/908
f 911/911 856/856 868/868
f 909/909 911/911 868/868
f 910/910 904/904 906/906
f 904/904 910/910 908/908
f 868/868 907/907 909/909
f 905/905 904/904 908/908
f 925/925 900/900 926/926
f 923/923 924/924 925/925
f 925/925 924/924 900/900
f 924/924 923/923 922/922
f 922/922 900/900 924/924
f 916/916 918/918 923/923
f 922/922 923/923 918/918
f 823/823 826/826 824/824
f 886/886 903/903 864/864
f 902/902 903/903 894/894
f 903/903 886/886 894/894
f 902/902 899/899 901/901
f 894/894 899/899 902/902
f 901/901 895/895 900/900
f 895/895 901/901 899/899
f 896/896 900/900 893/893
f 906/906 918/918 910/910
f 918/918 916/916 910/910
f 917/917 905/905 914/914
f 910/910 916/916 915/915
f 915/915 914/914 912/912
f 915/915 912/912 910/910
f 908/908 914/914 905/905
f 744/744 713/713 699/699
f 753/753 756/756 754/754
f 754/754 756/756 755/755
f 753/753 751/751 756/756
f 742/742 737/737 739/739
f 743/743 741/741 740/740
f 741/741 743/743 742/742
f 740/740 713/713 744/744
f 743/743 740/740 744/744
f 755/755 725/725 726/726
f 751/751 759/759 756/756
f 758/758 757/757 760/760
f 759/759 760/760 757/757
f 758/758 761/761 716/716
f 751/751 762/762 759/759
f 760/760 763/763 758/758
f 761/761 758/758 763/763
f 759/759 764/764 760/760
f 736/736 755/755 726/726
f 755/755 752/752 754/754
f 752/752 755/755 736/736
f 754/754 750/750 753/753
f 752/752 750/750 754/754
f 747/747 751/751 753/753
f 734/734 737/737 735/735
f 726/726 730/730 736/736
f 730/730 735/735 736/736
f 734/734 735/735 732/732
f 735/735 730/730 732/732
f 734/734 731/731 733/733
f 746/746 748/748 749/749
f 749/749 747/747 746/746
f 748/748 745/745 695/695
f 695/695 680/680 776/776
f 695/695 772/772 771/771
f 772/772 770/770 771/771
f 725/725 755/755 757/757
f 757/757 755/755 756/756
f 757/757 758/758 725/725
f 758/758 717/717 725/725
f 717/717 758/758 716/716
f 756/756 759/759 757/757
f 771/771 770/770 768/768
f 774/774 773/773 777/777
f 776/776 777/777 773/773
f 775/775 774/774 778/778
f 774/774 777/777 778/778
f 776/776 680/680 779/779
f 674/674 779/779 680/680
f 777/777 776/776 780/780
f 745/745 748/748 746/746
f 695/695 771/771 768/768
f 770/770 769/769 767/767
f 768/768 770/770 767/767
f 769/769 764/764 762/762
f 769/769 762/762 767/767
f 768/768 748/748 695/695
f 767/767 766/766 768/768
f 747/747 753/753 750/750
f 736/736 737/737 752/752
f 752/752 737/737 750/750
f 751/751 747/747 749/749
f 737/737 742/742 750/750
f 742/742 747/747 750/750
f 763/763 760/760 765/765
f 762/762 764/764 759/759
f 1029/1029 1042/1042 1044/1044
f 1036/1036 1037/1037 1039/1039
f 1039/1039 1038/1038 1036/1036
f 1037/1037 955/955 1040/1040
f 1041/1041 1039/1039 1037/1037
f 1041/1041 1037/1037 1040/1040
f 1038/1038 1042/1042 1034/1034
f 1042/1042 1029/1029 1034/1034
f 1043/1043 1038/1038 1039/1039
f 1034/1034 1036/1036 1038/1038
f 1023/1023 1029/1029 1044/1044
f 1048/1048 1013/1013 1019/1019
f 723/723 729/729 727/727
f 723/723 728/728 729/729
f 730/730 726/726 727/727
f 729/729 730/730 727/727
f 729/729 728/728 731/731
f 730/730 729/729 732/732
f 1036/1036 1035/1035 1037/1037
f 955/955 1037/1037 1035/1035
f 1034/1034 1033/1033 1036/1036
f 1019/1019 1020/1020 1047/1047
f 1049/1049 1045/1045 1043/1043
f 1013/1013 1048/1048 1050/1050
f 1049/1049 1050/1050 1048/1048
f 1050/1050 1011/1011 1010/1010
f 1042/1042 1047/1047 1044/1044
f 1035/1035 1036/1036 1033/1033
f 1010/1010 1013/1013 1050/1050
f 714/714 719/719 712/712
f 1042/1042 1038/1038 1045/1045
f 1046/1046 1044/1044 1047/1047
f 1047/1047 1020/1020 1046/1046
f 728/728 723/723 722/722
f 713/713 740/740 720/720
f 738/738 741/741 739/739
f 741/741 738/738 740/740
f 742/742 739/739 741/741
f 726/726 721/721 724/724
f 725/725 721/721 726/726
f 724/724 723/723 727/727
f 726/726 724/724 727/727
f 738/738 720/720 740/740
f 728/728 722/722 720/720
f 699/699 745/745 744/744
f 699/699 695/695 745/745
f 744/744 746/746 743/743
f 746/746 744/744 745/745
f 743/743 747/747 742/742
f 743/743 746/746 747/747
f 781/781 776/776 779/779
f 739/739 734/734 738/738
f 737/737 734/734 739/739
f 720/720 738/738 733/733
f 733/733 738/738 734/734
f 737/737 736/736 735/735
f 718/718 717/717 715/715
f 712/712 718/718 715/715
f 711/711 717/717 716/716
f 717/717 711/711 715/715
f 710/710 716/716 708/708
f 716/716 710/710 711/711
f 731/731 734/734 732/732
f 733/733 728/728 720/720
f 733/733 731/731 728/728
f 729/729 731/731 732/732
f 820/820 817/817 822/822
f 783/783 802/802 780/780
f 802/802 777/777 780/780
f 803/803 800/800 641/641
f 803/803 801/801 800/800
f 803/803 641/641 633/633
f 777/777 802/802 804/804
f 817/817 624/624 821/821
f 624/624 619/619 821/821
f 817/817 628/628 624/624
f 821/821 822/822 817/817
f 821/821 619/619 823/823
f 614/614 823/823 619/619
f 821/821 824/824 822/822
f 824/824 821/821 823/823
f 615/615 823/823 614/614
f 824/824 825/825 822/822
f 810/810 805/805 807/807
f 817/817 814/814 628/628
f 816/816 813/813 815/815
f 813/813 816/816 811/811
f 815/815 812/812 814/814
f 812/812 815/815 813/813
f 812/812 628/628 814/814
f 813/813 809/809 812/812
f 811/811 809/809 813/813
f 628/628 812/812 633/633
f 798/798 797/797 795/795
f 795/795 648/648 798/798
f 797/797 786/786 793/793
f 797/797 796/796 795/795
f 796/796 797/797 793/793
f 795/795 796/796 794/794
f 838/838 839/839 836/836
f 818/818 814/814 817/817
f 819/819 815/815 818/818
f 815/815 819/819 816/816
f 820/820 818/818 817/817
f 819/819 818/818 820/820
f 835/835 838/838 836/836
f 837/837 838/838 835/835
f 836/836 839/839 834/834
f 818/818 815/815 814/814
f 840/840 837/837 827/827
f 838/838 837/837 840/840
f 840/840 827/827 615/615
f 840/840 615/615 609/609
f 609/609 602/602 840/840
f 607/607 840/840 602/602
f 820/820 822/822 825/825
f 801/801 803/803 809/809
f 829/829 834/834 833/833
f 833/833 832/832 831/831
f 831/831 829/829 833/833
f 832/832 828/828 831/831
f 829/829 831/831 825/825
f 828/828 825/825 831/831
f 819/819 830/830 816/816
f 830/830 819/819 828/828
f 825/825 826/826 829/829
f 828/828 819/819 820/820
f 812/812 803/803 633/633
f 803/803 812/812 809/809
f 807/807 811/811 810/810
f 809/809 811/811 807/807
f 805/805 810/810 806/806
f 792/792 659/659 654/654
f 663/663 789/789 667/667
f 695/695 773/773 772/772
f 770/770 772/772 774/774
f 773/773 774/774 772/772
f 775/775 769/769 770/770
f 774/774 775/775 770/770
f 695/695 776/776 773/773
f 792/792 790/790 791/791
f 667/667 789/789 672/672
f 790/790 793/793 784/784
f 786/786 784/784 793/793
f 790/790 792/792 794/794
f 794/794 793/793 790/790
f 654/654 795/795 792/792
f 795/795 794/794 792/792
f 648/648 795/795 654/654
f 794/794 796/796 793/793
f 788/788 787/787 789/789
f 672/672 789/789 787/787
f 788/788 784/784 782/782
f 787/787 788/788 785/785
f 788/788 782/782 785/785
f 674/674 672/672 787/787
f 674/674 787/787 785/785
f 786/786 783/783 781/781
f 748/748 768/768 766/766
f 767/767 762/762 766/766
f 766/766 749/749 748/748
f 766/766 751/751 749/749
f 762/762 751/751 766/766
f 764/764 765/765 760/760
f 776/776 781/781 780/780
f 802/802 799/799 801/801
f 807/807 801/801 809/809
f 806/806 808/808 775/775
f 801/801 807/807 805/805
f 778/778 806/806 775/775
f 778/778 805/805 806/806
f 805/805 802/802 801/801
f 805/805 778/778 804/804
f 802/802 805/805 804/804
f 804/804 778/778 777/777
f 791/791 659/659 792/792
f 659/659 791/791 663/663
f 790/790 789/789 791/791
f 663/663 791/791 789/789
f 789/789 790/790 788/788
f 790/790 784/784 788/788
f 2/2 1/1 942/942
f 799/799 802/802 783/783
f 801/801 798/798 800/800
f 798/798 801/801 799/799
f 800/800 646/646 641/641
f 646/646 800/800 798/798
f 799/799 783/783 786/786
f 797/797 798/798 799/799
f 786/786 797/797 799/799
f 798/798 648/648 646/646
f 784/784 786/786 781/781
f 782/782 674/674 785/785
f 784/784 781/781 779/779
f 779/779 782/782 784/784
f 783/783 780/780 781/781
f 782/782 779/779 674/674
f 631/631 627/627 632/632
f 608/608 612/612 605/605
f 610/610 608/608 603/603
f 605/605 603/603 608/608
f 636/636 637/637 612/612
f 635/635 636/636 629/629
f 629/629 636/636 612/612
f 634/634 635/635 630/630
f 629/629 630/630 635/635
f 634/634 626/626 631/631
f 603/603 605/605 606/606
f 613/613 610/610 616/616
f 627/627 631/631 626/626
f 630/630 629/629 625/625
f 625/625 626/626 630/630
f 612/612 620/620 629/629
f 625/625 629/629 620/620
f 626/626 623/623 627/627
f 626/626 625/625 622/622
f 623/623 626/626 622/622
f 656/656 645/645 651/651
f 649/649 655/655 653/653
f 1052/1052 1070/1070 1069/1069
f 1062/1062 1057/1057 1067/1067
f 1066/1066 1062/1062 1067/1067
f 1040/1040 1065/1065 1066/1066
f 1065/1065 1062/1062 1066/1066
f 1065/1065 1040/1040 955/955
f 1065/1065 955/955 956/956
f 1065/1065 956/956 958/958
f 1039/1039 1070/1070 1043/1043
f 1052/1052 1043/1043 1070/1070
f 1070/1070 1039/1039 1041/1041
f 649/649 653/653 651/651
f 621/621 622/622 625/625
f 625/625 620/620 621/621
f 618/618 623/623 622/622
f 618/618 622/622 621/621
f 620/620 617/617 621/621
f 617/617 618/618 621/621
f 617/617 620/620 608/608
f 617/617 613/613 618/618
f 608/608 610/610 617/617
f 610/610 613/613 617/617
f 679/679 682/682 678/678
f 653/653 657/657 664/664
f 662/662 661/661 658/658
f 658/658 661/661 657/657
f 651/651 660/660 656/656
f 651/651 653/653 660/660
f 658/658 657/657 655/655
f 655/655 657/657 653/653
f 683/683 664/664 668/668
f 682/682 683/683 677/677
f 668/668 677/677 683/683
f 661/661 662/662 665/665
f 682/682 677/677 678/678
f 681/681 679/679 673/673
f 631/631 650/650 634/634
f 677/677 676/676 678/678
f 673/673 678/678 676/676
f 669/669 676/676 677/677
f 677/677 668/668 669/669
f 675/675 673/673 676/676
f 676/676 669/669 675/675
f 670/670 673/673 675/675
f 636/636 642/642 637/637
f 635/635 634/634 652/652
f 650/650 652/652 634/634
f 649/649 651/651 645/645
f 612/612 608/608 620/620
f 645/645 650/650 639/639
f 650/650 631/631 639/639
f 647/647 649/649 645/645
f 645/645 640/640 647/647
f 640/640 645/645 639/639
f 643/643 637/637 642/642
f 1057/1057 1055/1055 1067/1067
f 632/632 640/640 639/639
f 632/632 639/639 631/631
f 670/670 666/666 671/671
f 670/670 669/669 665/665
f 666/666 670/670 665/665
f 668/668 661/661 669/669
f 669/669 661/661 665/665
f 657/657 668/668 664/664
f 626/626 634/634 630/630
f 665/665 662/662 666/666
f 911/911 909/909 1035/1035
f 980/980 1011/1011 1054/1054
f 1011/1011 1053/1053 1054/1054
f 1051/1051 1052/1052 1053/1053
f 1053/1053 1011/1011 1051/1051
f 1052/1052 1051/1051 1049/1049
f 1043/1043 1052/1052 1049/1049
f 1011/1011 1050/1050 1051/1051
f 1050/1050 1049/1049 1051/1051
f 1045/1045 1049/1049 1048/1048
f 955/955 1035/1035 909/909
f 1052/1052 1055/1055 1053/1053
f 1033/1033 911/911 1035/1035
f 1032/1032 1033/1033 1034/1034
f 1029/1029 1032/1032 1034/1034
f 911/911 1033/1033 913/913
f 1032/1032 913/913 1033/1033
f 1027/1027 1032/1032 1029/1029
f 1032/1032 1030/1030 913/913
f 1027/1027 1030/1030 1032/1032
f 1030/1030 1031/1031 913/913
f 1031/1031 856/856 913/913
f 719/719 720/720 722/722
f 1046/1046 1020/1020 1023/1023
f 1046/1046 1023/1023 1044/1044
f 1043/1043 1045/1045 1038/1038
f 1054/1054 1057/1057 1058/1058
f 706/706 705/705 703/703
f 721/721 725/725 717/717
f 724/724 718/718 723/723
f 718/718 724/724 721/721
f 723/723 719/719 722/722
f 719/719 723/723 718/718
f 1031/1031 816/816 856/856
f 717/717 718/718 721/721
f 720/720 719/719 714/714
f 718/718 712/712 719/719
f 1045/1045 1048/1048 1047/1047
f 1048/1048 1019/1019 1047/1047
f 1058/1058 1056/1056 1054/1054
f 1053/1053 1055/1055 1057/1057
f 1057/1057 1054/1054 1053/1053
f 978/978 980/980 1056/1056
f 980/980 1054/1054 1056/1056
f 1061/1061 974/974 1059/1059
f 958/958 960/960 1064/1064
f 973/973 1064/1064 960/960
f 1064/1064 1061/1061 1063/1063
f 1064/1064 973/973 1061/1061
f 1060/1060 1062/1062 1063/1063
f 1061/1061 1060/1060 1063/1063
f 1062/1062 1058/1058 1057/1057
f 1062/1062 1060/1060 1058/1058
f 974/974 1061/1061 973/973
f 1059/1059 1060/1060 1061/1061
f 1065/1065 1064/1064 1063/1063
f 1060/1060 1059/1059 1056/1056
f 1056/1056 1058/1058 1060/1060
f 1068/1068 1069/1069 1070/1070
f 1068/1068 1070/1070 1041/1041
f 1069/1069 1055/1055 1052/1052
f 1069/1069 1068/1068 1067/1067
f 1067/1067 1055/1055 1069/1069
f 1040/1040 1068/1068 1041/1041
f 1066/1066 1067/1067 1068/1068
f 1068/1068 1040/1040 1066/1066
f 806/806 1028/1028 808/808
f 816/816 1031/1031 811/811
f 810/810 811/811 1031/1031
f 1028/1028 1031/1031 1030/1030
f 974/974 978/978 1059/1059
f 1056/1056 1059/1059 978/978
f 1031/1031 1028/1028 810/810
f 1030/1030 1027/1027 1028/1028
f 1029/1029 1023/1023 1025/1025
f 1025/1025 1027/1027 1029/1029
f 1028/1028 806/806 810/810
f 965/965 966/966 964/964
f 1026/1026 1028/1028 1027/1027
f 1028/1028 1026/1026 808/808
f 1024/1024 1026/1026 1027/1027
f 1027/1027 1025/1025 1024/1024
f 808/808 1026/1026 775/775
f 775/775 1026/1026 769/769
f 1026/1026 764/764 769/769
f 1026/1026 1024/1024 764/764
f 1065/1065 1063/1063 1062/1062
f 1064/1064 1065/1065 958/958
f 991/991 993/993 994/994
f 983/983 984/984 981/981
f 984/984 979/979 981/981
f 983/983 643/643 642/642
f 643/643 983/983 890/890
f 981/981 890/890 983/983
f 996/996 997/997 995/995
f 994/994 995/995 997/997
f 708/708 996/996 706/706
f 705/705 706/706 996/996
f 995/995 705/705 996/996
f 994/994 993/993 995/995
f 993/993 705/705 995/995
f 979/979 984/984 982/982
f 978/978 974/974 975/975
f 932/932 977/977 976/976
f 977/977 975/975 976/976
f 932/932 976/976 968/968
f 975/975 968/968 976/976
f 974/974 971/971 975/975
f 968/968 975/975 971/971
f 973/973 972/972 974/974
f 988/988 990/990 986/986
f 989/989 987/987 985/985
f 986/986 989/989 985/985
f 991/991 988/988 635/635
f 1008/1008 716/716 761/761
f 716/716 1008/1008 708/708
f 1008/1008 1001/1001 708/708
f 1007/1007 980/980 982/982
f 1001/1001 1007/1007 1005/1005
f 1006/1006 1007/1007 982/982
f 994/994 992/992 991/991
f 652/652 705/705 993/993
f 991/991 652/652 993/993
f 988/988 991/991 992/992
f 992/992 990/990 988/988
f 652/652 991/991 635/635
f 636/636 635/635 988/988
f 990/990 989/989 986/986
f 1002/1002 1004/1004 1003/1003
f 989/989 1003/1003 987/987
f 1000/1000 1002/1002 1003/1003
f 1003/1003 989/989 1000/1000
f 997/997 1001/1001 1002/1002
f 1002/1002 1000/1000 997/997
f 996/996 708/708 1001/1001
f 1001/1001 997/997 996/996
f 984/984 983/983 985/985
f 985/985 983/983 642/642
f 952/952 954/954 956/956
f 951/951 945/945 963/963
f 963/963 961/961 951/951
f 962/962 957/957 959/959
f 971/971 974/974 972/972
f 962/962 973/973 960/960
f 972/972 973/973 967/967
f 962/962 967/967 973/973
f 970/970 971/971 972/972
f 967/967 970/970 972/972
f 969/969 968/968 971/971
f 971/971 970/970 969/969
f 955/955 952/952 956/956
f 942/942 963/963 945/945
f 952/952 955/955 909/909
f 949/949 953/953 954/954
f 954/954 952/952 949/949
f 953/953 950/950 951/951
f 953/953 949/949 950/950
f 909/909 921/921 952/952
f 962/962 966/966 967/967
f 2/2 937/937 3/3
f 966/966 962/962 964/964
f 966/966 965/965 1/1
f 1045/1045 1047/1047 1042/1042
f 980/980 977/977 982/982
f 988/988 986/986 636/636
f 985/985 987/987 984/984
f 986/986 642/642 636/636
f 642/642 986/986 985/985
f 970/970 967/967 966/966
f 1/1 969/969 970/970
f 1/1 970/970 966/966
f 968/968 969/969 3/3
f 1/1 3/3 969/969
f 932/932 968/968 934/934
f 968/968 937/937 934/934
f 937/937 968/968 3/3
f 673/673 670/670 671/671
f 977/977 979/979 982/982
f 890/890 981/981 898/898
f 981/981 979/979 898/898
f 978/978 977/977 980/980
f 979/979 932/932 898/898
f 977/977 932/932 979/979
f 975/975 977/977 978/978
f 963/963 942/942 965/965
f 959/959 964/964 962/962
f 963/963 964/964 961/961
f 964/964 959/959 961/961
f 1013/1013 1015/1015 1019/1019
f 1005/1005 1004/1004 1002/1002
f 1001/1001 1005/1005 1002/1002
f 987/987 1004/1004 1006/1006
f 1004/1004 1005/1005 1006/1006
f 1006/1006 984/984 987/987
f 982/982 984/984 1006/1006
f 1007/1007 1006/1006 1005/1005
f 1018/1018 1014/1014 1017/1017
f 1015/1015 1016/1016 1019/1019
f 1004/1004 987/987 1003/1003
f 1020/1020 1016/1016 1018/1018
f 1016/1016 1020/1020 1019/1019
f 1017/1017 1021/1021 1018/1018
f 1020/1020 1018/1018 1021/1021
f 1021/1021 1017/1017 1022/1022
f 1017/1017 765/765 1022/1022
f 1020/1020 1021/1021 1023/1023
f 1001/1001 1010/1010 1007/1007
f 990/990 1000/1000 989/989
f 1009/1009 1001/1001 1008/1008
f 761/761 1009/1009 1008/1008
f 998/998 992/992 994/994
f 997/997 998/998 994/994
f 990/990 992/992 998/998
f 998/998 999/999 990/990
f 999/999 998/998 997/997
f 1000/1000 990/990 999/999
f 997/997 1000/1000 999/999
f 669/669 670/670 675/675
f 761/761 1014/1014 1012/1012
f 1014/1014 761/761 763/763
f 1009/1009 1012/1012 1015/1015
f 1009/1009 1015/1015 1013/1013
f 1012/1012 1014/1014 1016/1016
f 1016/1016 1015/1015 1012/1012
f 1017/1017 1014/1014 763/763
f 763/763 765/765 1017/1017
f 684/684 686/686 682/682
f 1024/1024 1025/1025 1022/1022
f 1018/1018 1016/1016 1014/1014
f 682/682 679/679 684/684
f 664/664 683/683 685/685
f 653/653 664/664 685/685
f 653/653 685/685 660/660
f 683/683 660/660 685/685
f 686/686 683/683 682/682
f 660/660 683/683 686/686
f 1007/1007 1011/1011 980/980
f 686/686 656/656 660/660
f 661/661 668/668 657/657
f 1022/1022 1023/1023 1021/1021
f 656/656 686/686 687/687
f 679/679 688/688 684/684
f 688/688 687/687 684/684
f 688/688 679/679 689/689
f 689/689 679/679 681/681
f 765/765 764/764 1024/1024
f 1010/1010 1001/1001 1009/1009
f 1011/1011 1007/1007 1010/1010
f 1009/1009 761/761 1012/1012
f 1013/1013 1010/1010 1009/1009
f 687/687 690/690 656/656
f 645/645 656/656 690/690
f 650/650 645/645 690/690
f 687/687 688/688 691/691
f 690/690 687/687 691/691
f 688/688 692/692 691/691
f 693/693 689/689 681/681
f 689/689 693/693 692/692
f 692/692 688/688 689/689
f 1023/1023 1022/1022 1025/1025
f 694/694 693/693 681/681
f 673/673 679/679 678/678
f 1022/1022 765/765 1024/1024
f 1108/1108 1105/1105 1110/1110
f 1174/1174 1132/1132 1173/1173
f 1159/1159 1160/1160 1173/1173
f 1173/1173 1132/1132 1172/1172
f 1172/1172 1159/1159 1173/1173
f 1071/1071 1074/1074 1075/1075
f 1074/1074 1071/1071 1077/1077
f 1079/1079 1077/1077 1071/1071
f 1077/1077 1080/1080 1074/1074
f 1077/1077 1079/1079 1082/1082
f 1082/1082 1085/1085 1086/1086
f 1085/1085 1082/1082 1079/1079
f 1105/1105 1108/1108 1107/1107
f 1103/1103 1105/1105 1107/1107
f 1103/1103 1104/1104 1105/1105
f 1104/1104 1091/1091 1096/1096
f 1097/1097 1104/1104 1103/1103
f 1091/1091 1104/1104 1097/1097
f 1097/1097 1103/1103 1101/1101
f 1099/1099 1097/1097 1101/1101
f 1094/1094 1097/1097 1099/1099
f 1091/1091 1097/1097 1094/1094
f 1090/1090 1088/1088 1096/1096
f 1090/1090 1096/1096 1091/1091
f 1094/1094 1092/1092 1091/1091
f 1180/1180 1106/1106 1109/1109
f 1182/1182 1112/1112 1181/1181
f 1112/1112 1182/1182 1109/1109
f 1120/1120 1122/1122 1177/1177
f 1100/1100 1178/1178 1176/1176
f 1178/1178 1177/1177 1176/1176
f 1178/1178 1100/1100 1102/1102
f 1106/1106 1178/1178 1102/1102
f 1179/1179 1120/1120 1177/1177
f 1177/1177 1178/1178 1179/1179
f 1120/1120 1179/1179 1115/1115
f 1178/1178 1106/1106 1180/1180
f 1180/1180 1179/1179 1178/1178
f 1086/1086 1088/1088 1082/1082
f 1181/1181 1115/1115 1179/1179
f 1115/1115 1181/1181 1112/1112
f 1179/1179 1180/1180 1182/1182
f 1179/1179 1182/1182 1181/1181
f 1180/1180 1109/1109 1182/1182
f 1172/1172 1162/1162 1159/1159
f 1141/1141 1172/1172 1132/1132
f 1077/1077 1088/1088 1090/1090
f 1080/1080 1077/1077 1090/1090
f 1088/1088 1086/1086 1089/1089
f 1088/1088 1077/1077 1082/1082
f 1073/1073 1154/1154 1076/1076
f 1149/1149 1151/1151 1161/1161
f 1162/1162 1158/1158 1159/1159
f 1158/1158 1162/1162 1161/1161
f 1149/1149 1161/1161 1163/1163
f 1162/1162 1164/1164 1161/1161
f 1163/1163 1161/1161 1164/1164
f 1163/1163 1165/1165 1149/1149
f 1165/1165 1148/1148 1149/1149
f 1166/1166 1163/1163 1164/1164
f 1163/1163 1166/1166 1165/1165
f 1076/1076 1152/1152 1150/1150
f 1153/1153 1150/1150 1152/1152
f 1151/1151 1150/1150 1153/1153
f 1154/1154 1152/1152 1076/1076
f 1154/1154 1153/1153 1152/1152
f 1161/1161 1151/1151 1158/1158
f 1154/1154 1073/1073 1081/1081
f 1081/1081 1093/1093 1154/1154
f 1093/1093 1155/1155 1154/1154
f 1153/1153 1154/1154 1155/1155
f 1155/1155 1093/1093 1095/1095
f 1098/1098 1155/1155 1095/1095
f 1155/1155 1156/1156 1153/1153
f 1151/1151 1153/1153 1156/1156
f 1155/1155 1098/1098 1157/1157
f 1156/1156 1155/1155 1157/1157
f 1143/1143 1140/1140 1139/1139
f 1140/1140 1143/1143 1144/1144
f 1146/1146 1139/1139 1138/1138
f 1139/1139 1146/1146 1143/1143
f 1168/1168 1169/1169 1166/1166
f 1132/1132 1174/1174 1128/1128
f 1128/1128 1174/1174 1175/1175
f 1174/1174 1160/1160 1175/1175
f 1128/1128 1175/1175 1122/1122
f 1160/1160 1176/1176 1175/1175
f 1176/1176 1160/1160 1098/1098
f 1098/1098 1100/1100 1176/1176
f 1175/1175 1177/1177 1122/1122
f 1177/1177 1175/1175 1176/1176
f 1165/1165 1167/1167 1148/1148
f 1167/1167 1165/1165 1166/1166
f 1148/1148 1167/1167 1145/1145
f 1168/1168 1166/1166 1164/1164
f 1164/1164 1162/1162 1168/1168
f 1169/1169 1167/1167 1166/1166
f 1142/1142 1146/1146 1138/1138
f 1145/1145 1167/1167 1170/1170
f 1167/1167 1169/1169 1170/1170
f 1171/1171 1145/1145 1170/1170
f 1171/1171 1170/1170 1169/1169
f 1171/1171 1169/1169 1168/1168
f 1162/1162 1171/1171 1168/1168
f 1171/1171 1141/1141 1145/1145
f 1162/1162 1172/1172 1171/1171
f 1141/1141 1171/1171 1172/1172
f 1151/1151 1156/1156 1158/1158
f 1157/1157 1159/1159 1156/1156
f 1156/1156 1159/1159 1158/1158
f 1160/1160 1157/1157 1098/1098
f 1159/1159 1157/1157 1160/1160
f 1110/1110 1104/1104 1113/1113
f 1126/1126 1121/1121 1125/1125
f 1121/1121 1126/1126 1127/1127
f 1124/1124 1129/1129 1125/1125
f 1129/1129 1126/1126 1125/1125
f 1124/1124 1123/1123 1129/1129
f 1130/1130 1127/1127 1126/1126
f 1127/1127 1130/1130 1131/1131
f 1133/1133 1129/1129 1123/1123
f 1123/1123 1089/1089 1133/1133
f 1126/1126 1129/1129 1134/1134
f 1129/1129 1133/1133 1134/1134
f 1130/1130 1126/1126 1134/1134
f 1105/1105 1104/1104 1110/1110
f 1110/1110 1111/1111 1108/1108
f 1111/1111 1110/1110 1113/1113
f 1125/1125 1118/1118 1124/1124
f 1114/1114 1111/1111 1113/1113
f 1113/1113 1104/1104 1116/1116
f 1096/1096 1116/1116 1104/1104
f 1114/1114 1113/1113 1117/1117
f 1113/1113 1116/1116 1117/1117
f 1117/1117 1118/1118 1114/1114
f 1118/1118 1117/1117 1116/1116
f 1119/1119 1114/1114 1118/1118
f 1121/1121 1119/1119 1118/1118
f 1116/1116 1096/1096 1123/1123
f 1123/1123 1096/1096 1088/1088
f 1089/1089 1123/1123 1088/1088
f 1090/1090 1091/1091 1080/1080
f 1092/1092 1080/1080 1091/1091
f 1135/1135 1084/1084 1136/1136
f 1142/1142 1078/1078 1147/1147
f 1147/1147 1146/1146 1142/1142
f 1147/1147 1078/1078 1072/1072
f 1148/1148 1143/1143 1146/1146
f 1143/1143 1148/1148 1145/1145
f 1146/1146 1147/1147 1149/1149
f 1148/1148 1146/1146 1149/1149
f 1072/1072 1150/1150 1147/1147
f 1076/1076 1150/1150 1072/1072
f 1151/1151 1147/1147 1150/1150
f 1147/1147 1151/1151 1149/1149
f 1089/1089 1135/1135 1133/1133
f 1135/1135 1134/1134 1133/1133
f 1135/1135 1089/1089 1087/1087
f 1084/1084 1135/1135 1087/1087
f 1173/1173 1160/1160 1174/1174
f 1134/1134 1135/1135 1136/1136
f 1130/1130 1134/1134 1137/1137
f 1134/1134 1136/1136 1137/1137
f 1137/1137 1138/1138 1130/1130
f 1136/1136 1138/1138 1137/1137
f 1130/1130 1139/1139 1131/1131
f 1138/1138 1139/1139 1130/1130
f 1139/1139 1140/1140 1131/1131
f 1138/1138 1136/1136 1142/1142
f 1142/1142 1136/1136 1083/1083
f 1142/1142 1083/1083 1078/1078
f 1116/1116 1124/1124 1118/1118
f 1124/1124 1116/1116 1123/1123
f 1118/1118 1125/1125 1121/1121
f 1245/1245 1308/1308 1307/1307
f 1307/1307 1308/1308 1306/1306
f 1245/1245 1241/1241 1308/1308
f 1306/1306 1308/1308 1241/1241
f 1264/1264 1245/1245 1307/1307
f 1307/1307 1306/1306 1305/1305
f 1305/1305 1264/1264 1307/1307
f 1224/1224 1306/1306 1241/1241
f 1304/1304 1305/1305 1306/1306
f 1224/1224 1304/1304 1306/1306
f 1264/1264 1305/1305 1296/1296
f 1296/1296 1305/1305 1299/1299
f 1305/1305 1304/1304 1301/1301
f 1305/1305 1301/1301 1299/1299
f 1304/1304 1224/1224 1222/1222
f 1304/1304 1303/1303 1301/1301
f 1281/1281 1278/1278 1282/1282
f 1193/1193 1281/1281 1282/1282
f 1281/1281 1193/1193 1201/1201
f 1278/1278 1281/1281 1279/1279
f 1201/1201 1280/1280 1281/1281
f 1281/1281 1280/1280 1279/1279
f 1280/1280 1201/1201 1205/1205
f 1280/1280 1205/1205 1208/1208
f 1228/1228 1280/1280 1208/1208
f 1280/1280 1228/1228 1279/1279
f 1231/1231 1279/1279 1228/1228
f 1279/1279 1231/1231 1233/1233
f 1279/1279 1277/1277 1278/1278
f 1277/1277 1279/1279 1233/1233
f 1276/1276 1278/1278 1274/1274
f 1274/1274 1278/1278 1277/1277
f 1277/1277 1233/1233 1238/1238
f 1238/1238 1251/1251 1277/1277
f 1255/1255 1277/1277 1251/1251
f 1274/1274 1277/1277 1255/1255
f 1272/1272 1275/1275 1276/1276
f 1276/1276 1274/1274 1272/1272
f 1275/1275 1271/1271 1273/1273
f 1275/1275 1272/1272 1271/1271
f 1259/1259 1274/1274 1255/1255
f 1274/1274 1259/1259 1261/1261
f 1274/1274 1261/1261 1268/1268
f 1274/1274 1268/1268 1272/1272
f 1271/1271 1270/1270 1273/1273
f 1268/1268 1271/1271 1272/1272
f 1270/1270 1271/1271 1267/1267
f 1267/1267 1271/1271 1268/1268
f 1270/1270 1266/1266 1269/1269
f 1267/1267 1266/1266 1270/1270
f 1263/1263 1264/1264 1269/1269
f 1263/1263 1269/1269 1266/1266
f 1260/1260 1267/1267 1268/1268
f 1267/1267 1265/1265 1266/1266
f 1267/1267 1260/1260 1265/1265
f 1262/1262 1266/1266 1265/1265
f 1262/1262 1263/1263 1266/1266
f 1260/1260 1257/1257 1265/1265
f 1265/1265 1257/1257 1262/1262
f 1263/1263 1246/1246 1264/1264
f 1262/1262 1252/1252 1263/1263
f 1246/1246 1263/1263 1252/1252
f 1257/1257 1253/1253 1262/1262
f 1252/1252 1262/1262 1253/1253
f 1257/1257 1260/1260 1258/1258
f 1257/1257 1258/1258 1256/1256
f 1253/1253 1257/1257 1254/1254
f 1257/1257 1256/1256 1254/1254
f 1256/1256 1250/1250 1254/1254
f 1250/1250 1253/1253 1254/1254
f 1249/1249 1252/1252 1253/1253
f 1253/1253 1250/1250 1249/1249
f 1252/1252 1249/1249 1248/1248
f 1248/1248 1246/1246 1252/1252
f 1237/1237 1249/1249 1250/1250
f 1247/1247 1248/1248 1249/1249
f 1249/1249 1237/1237 1247/1247
f 1246/1246 1248/1248 1244/1244
f 1248/1248 1247/1247 1243/1243
f 1244/1244 1248/1248 1243/1243
f 1237/1237 1236/1236 1247/1247
f 1236/1236 1243/1243 1247/1247
f 1244/1244 1242/1242 1246/1246
f 1240/1240 1244/1244 1243/1243
f 1242/1242 1244/1244 1240/1240
f 1243/1243 1235/1235 1240/1240
f 1243/1243 1236/1236 1235/1235
f 1240/1240 1225/1225 1242/1242
f 1240/1240 1235/1235 1239/1239
f 1225/1225 1240/1240 1239/1239
f 1221/1221 1225/1225 1239/1239
f 1221/1221 1239/1239 1235/1235
f 1236/1236 1237/1237 1234/1234
f 1235/1235 1236/1236 1232/1232
f 1234/1234 1232/1232 1236/1236
f 1235/1235 1226/1226 1221/1221
f 1235/1235 1232/1232 1226/1226
f 1232/1232 1234/1234 1230/1230
f 1227/1227 1226/1226 1232/1232
f 1227/1227 1232/1232 1230/1230
f 1230/1230 1229/1229 1227/1227
f 1229/1229 1209/1209 1227/1227
f 1226/1226 1227/1227 1207/1207
f 1209/1209 1207/1207 1227/1227
f 1220/1220 1221/1221 1226/1226
f 1207/1207 1220/1220 1226/1226
f 1225/1225 1221/1221 1223/1223
f 1221/1221 1219/1219 1223/1223
f 1221/1221 1220/1220 1217/1217
f 1221/1221 1217/1217 1219/1219
f 1203/1203 1220/1220 1207/1207
f 1220/1220 1206/1206 1217/1217
f 1203/1203 1206/1206 1220/1220
f 1217/1217 1216/1216 1219/1219
f 1214/1214 1217/1217 1206/1206
f 1216/1216 1217/1217 1214/1214
f 1213/1213 1216/1216 1214/1214
f 1206/1206 1202/1202 1214/1214
f 1213/1213 1214/1214 1202/1202
f 1202/1202 1211/1211 1213/1213
f 1211/1211 1202/1202 1196/1196
f 1209/1209 1204/1204 1207/1207
f 1204/1204 1203/1203 1207/1207
f 1202/1202 1206/1206 1195/1195
f 1206/1206 1203/1203 1199/1199
f 1199/1199 1195/1195 1206/1206
f 1204/1204 1200/1200 1203/1203
f 1285/1285 1283/1283 1284/1284
f 1285/1285 1187/1187 1283/1283
f 1278/1278 1276/1276 1284/1284
f 1283/1283 1278/1278 1284/1284
f 1283/1283 1187/1187 1282/1282
f 1283/1283 1282/1282 1278/1278
f 1187/1187 1185/1185 1282/1282
f 1185/1185 1193/1193 1282/1282
f 1291/1291 1273/1273 1270/1270
f 1291/1291 1289/1289 1273/1273
f 1290/1290 1288/1288 1289/1289
f 1288/1288 1290/1290 1191/1191
f 1273/1273 1289/1289 1275/1275
f 1288/1288 1275/1275 1289/1289
f 1191/1191 1287/1287 1288/1288
f 1275/1275 1288/1288 1286/1286
f 1287/1287 1286/1286 1288/1288
f 1183/1183 1287/1287 1191/1191
f 1286/1286 1287/1287 1285/1285
f 1183/1183 1285/1285 1287/1287
f 1286/1286 1276/1276 1275/1275
f 1286/1286 1285/1285 1284/1284
f 1276/1276 1286/1286 1284/1284
f 1285/1285 1183/1183 1187/1187
f 1297/1297 1210/1210 1197/1197
f 1191/1191 1297/1297 1197/1197
f 1297/1297 1191/1191 1290/1290
f 1295/1295 1297/1297 1290/1290
f 1296/1296 1293/1293 1264/1264
f 1296/1296 1295/1295 1294/1294
f 1293/1293 1296/1296 1294/1294
f 1294/1294 1295/1295 1292/1292
f 1295/1295 1290/1290 1292/1292
f 1293/1293 1294/1294 1291/1291
f 1294/1294 1292/1292 1291/1291
f 1264/1264 1293/1293 1269/1269
f 1291/1291 1269/1269 1293/1293
f 1292/1292 1289/1289 1291/1291
f 1290/1290 1289/1289 1292/1292
f 1269/1269 1291/1291 1270/1270
f 1222/1222 1303/1303 1304/1304
f 1222/1222 1218/1218 1303/1303
f 1215/1215 1303/1303 1218/1218
f 1303/1303 1302/1302 1301/1301
f 1303/1303 1215/1215 1302/1302
f 1302/1302 1215/1215 1212/1212
f 1302/1302 1300/1300 1301/1301
f 1212/1212 1300/1300 1302/1302
f 1301/1301 1300/1300 1298/1298
f 1299/1299 1301/1301 1298/1298
f 1300/1300 1212/1212 1210/1210
f 1300/1300 1210/1210 1298/1298
f 1299/1299 1298/1298 1295/1295
f 1295/1295 1296/1296 1299/1299
f 1210/1210 1297/1297 1298/1298
f 1295/1295 1298/1298 1297/1297
f 1203/1203 1200/1200 1199/1199
f 1195/1195 1198/1198 1202/1202
f 1200/1200 1192/1192 1199/1199
f 1195/1195 1199/1199 1194/1194
f 1199/1199 1192/1192 1194/1194
f 1198/1198 1195/1195 1190/1190
f 1194/1194 1190/1190 1195/1195
f 1189/1189 1194/1194 1192/1192
f 1190/1190 1194/1194 1189/1189
f 1192/1192 1186/1186 1189/1189
f 1189/1189 1184/1184 1190/1190
f 1184/1184 1189/1189 1186/1186
f 1184/1184 1186/1186 1188/1188
f 1409/1409 1410/1410 1408/1408
f 1383/1383 1386/1386 1410/1410
f 1382/1382 1383/1383 1410/1410
f 1410/1410 1409/1409 1382/1382
f 1367/1367 1382/1382 1409/1409
f 1382/1382 1367/1367 1371/1371
f 1326/1326 1403/1403 1330/1330
f 1326/1326 1322/1322 1403/1403
f 1404/1404 1403/1403 1322/1322
f 1319/1319 1404/1404 1322/1322
f 1405/1405 1401/1401 1403/1403
f 1405/1405 1403/1403 1404/1404
f 1311/1311 1319/1319 1313/1313
f 1404/1404 1319/1319 1311/1311
f 1311/1311 1406/1406 1404/1404
f 1404/1404 1406/1406 1405/1405
f 1401/1401 1408/1408 1400/1400
f 1408/1408 1386/1386 1400/1400
f 1367/1367 1409/1409 1407/1407
f 1407/1407 1409/1409 1408/1408
f 1386/1386 1408/1408 1410/1410
f 1328/1328 1331/1331 1324/1324
f 1328/1328 1329/1329 1332/1332
f 1333/1333 1327/1327 1331/1331
f 1333/1333 1323/1323 1327/1327
f 1334/1334 1331/1331 1328/1328
f 1334/1334 1328/1328 1332/1332
f 1342/1342 1339/1339 1340/1340
f 1342/1342 1340/1340 1341/1341
f 1341/1341 1343/1343 1342/1342
f 1343/1343 1341/1341 1338/1338
f 1339/1339 1342/1342 1344/1344
f 1343/1343 1344/1344 1342/1342
f 1320/1320 1321/1321 1318/1318
f 1317/1317 1316/1316 1323/1323
f 1316/1316 1318/1318 1323/1323
f 1318/1318 1321/1321 1324/1324
f 1325/1325 1324/1324 1321/1321
f 1318/1318 1327/1327 1323/1323
f 1327/1327 1318/1318 1324/1324
f 1324/1324 1325/1325 1328/1328
f 1329/1329 1328/1328 1325/1325
f 1327/1327 1324/1324 1331/1331
f 1350/1350 1348/1348 1338/1338
f 1350/1350 1338/1338 1337/1337
f 1333/1333 1349/1349 1351/1351
f 1323/1323 1333/1333 1351/1351
f 1323/1323 1351/1351 1352/1352
f 1323/1323 1352/1352 1317/1317
f 1329/1329 1335/1335 1332/1332
f 1332/1332 1335/1335 1334/1334
f 1335/1335 1329/1329 1336/1336
f 1336/1336 1338/1338 1335/1335
f 1339/1339 1331/1331 1334/1334
f 1333/1333 1331/1331 1339/1339
f 1335/1335 1340/1340 1334/1334
f 1339/1339 1334/1334 1340/1340
f 1335/1335 1341/1341 1340/1340
f 1341/1341 1335/1335 1338/1338
f 1358/1358 1309/1309 1314/1314
f 1355/1355 1357/1357 1359/1359
f 1356/1356 1359/1359 1357/1357
f 1359/1359 1358/1358 1355/1355
f 1360/1360 1309/1309 1358/1358
f 1309/1309 1360/1360 1362/1362
f 1344/1344 1345/1345 1339/1339
f 1339/1339 1345/1345 1333/1333
f 1344/1344 1343/1343 1346/1346
f 1347/1347 1345/1345 1344/1344
f 1344/1344 1346/1346 1347/1347
f 1346/1346 1343/1343 1348/1348
f 1346/1346 1348/1348 1347/1347
f 1338/1338 1348/1348 1343/1343
f 1347/1347 1349/1349 1345/1345
f 1349/1349 1333/1333 1345/1345
f 1368/1368 1369/1369 1365/1365
f 1366/1366 1369/1369 1370/1370
f 1363/1363 1372/1372 1368/1368
f 1364/1364 1372/1372 1363/1363
f 1369/1369 1368/1368 1374/1374
f 1368/1368 1375/1375 1374/1374
f 1351/1351 1349/1349 1353/1353
f 1352/1352 1351/1351 1353/1353
f 1353/1353 1349/1349 1354/1354
f 1352/1352 1355/1355 1317/1317
f 1314/1314 1317/1317 1355/1355
f 1353/1353 1356/1356 1352/1352
f 1356/1356 1353/1353 1354/1354
f 1355/1355 1352/1352 1357/1357
f 1356/1356 1357/1357 1352/1352
f 1358/1358 1314/1314 1355/1355
f 1385/1385 1387/1387 1389/1389
f 1377/1377 1387/1387 1373/1373
f 1389/1389 1387/1387 1390/1390
f 1387/1387 1377/1377 1378/1378
f 1390/1390 1387/1387 1378/1378
f 1379/1379 1375/1375 1392/1392
f 1363/1363 1358/1358 1359/1359
f 1358/1358 1363/1363 1360/1360
f 1359/1359 1356/1356 1364/1364
f 1363/1363 1359/1359 1364/1364
f 1356/1356 1354/1354 1364/1364
f 1365/1365 1362/1362 1360/1360
f 1362/1362 1365/1365 1366/1366
f 1360/1360 1363/1363 1368/1368
f 1368/1368 1365/1365 1360/1360
f 1366/1366 1365/1365 1369/1369
f 1394/1394 1397/1397 1395/1395
f 1397/1397 1394/1394 1396/1396
f 1388/1388 1395/1395 1398/1398
f 1397/1397 1398/1398 1395/1395
f 1364/1364 1399/1399 1396/1396
f 1399/1399 1397/1397 1396/1396
f 1372/1372 1375/1375 1368/1368
f 1376/1376 1374/1374 1375/1375
f 1375/1375 1379/1379 1376/1376
f 1380/1380 1370/1370 1369/1369
f 1370/1370 1380/1380 1381/1381
f 1384/1384 1381/1381 1380/1380
f 1380/1380 1385/1385 1384/1384
f 1387/1387 1380/1380 1369/1369
f 1387/1387 1385/1385 1380/1380
f 1387/1387 1369/1369 1373/1373
f 1399/1399 1364/1364 1402/1402
f 1349/1349 1347/1347 1402/1402
f 1354/1354 1402/1402 1364/1364
f 1402/1402 1354/1354 1349/1349
f 1403/1403 1401/1401 1337/1337
f 1403/1403 1337/1337 1330/1330
f 1393/1393 1379/1379 1392/1392
f 1379/1379 1393/1393 1391/1391
f 1393/1393 1388/1388 1391/1391
f 1392/1392 1375/1375 1394/1394
f 1372/1372 1394/1394 1375/1375
f 1395/1395 1393/1393 1392/1392
f 1392/1392 1394/1394 1395/1395
f 1395/1395 1388/1388 1393/1393
f 1396/1396 1394/1394 1372/1372
f 1372/1372 1364/1364 1396/1396
f 1361/1361 1406/1406 1311/1311
f 1406/1406 1361/1361 1407/1407
f 1406/1406 1407/1407 1405/1405
f 1407/1407 1361/1361 1367/1367
f 1408/1408 1401/1401 1405/1405
f 1408/1408 1405/1405 1407/1407
f 1400/1400 1388/1388 1398/1398
f 1388/1388 1400/1400 1386/1386
f 1398/1398 1397/1397 1350/1350
f 1348/1348 1350/1350 1397/1397
f 1397/1397 1399/1399 1348/1348
f 1348/1348 1399/1399 1347/1347
f 1398/1398 1350/1350 1401/1401
f 1401/1401 1400/1400 1398/1398
f 1337/1337 1401/1401 1350/1350
f 1399/1399 1402/1402 1347/1347
f 1310/1310 1312/1312 1315/1315
f 1315/1315 1312/1312 1316/1316
f 1317/1317 1315/1315 1316/1316
f 1312/1312 1318/1318 1316/1316
f 1318/1318 1312/1312 1320/1320
f 1489/1489 1491/1491 1492/1492
f 1492/1492 1493/1493 1490/1490
f 1485/1485 1490/1490 1493/1493
f 1491/1491 1494/1494 1492/1492
f 1493/1493 1492/1492 1494/1494
f 1495/1495 1491/1491 1433/1433
f 1433/1433 1429/1429 1495/1495
f 1494/1494 1491/1491 1496/1496
f 1484/1484 1488/1488 1487/1487
f 1432/1432 1489/1489 1488/1488
f 1433/1433 1489/1489 1432/1432
f 1490/1490 1487/1487 1488/1488
f 1492/1492 1490/1490 1489/1489
f 1411/1411 1414/1414 1415/1415
f 1411/1411 1417/1417 1414/1414
f 1417/1417 1411/1411 1418/1418
f 1414/1414 1417/1417 1420/1420
f 1420/1420 1421/1421 1414/1414
f 1418/1418 1429/1429 1423/1423
f 1423/1423 1429/1429 1428/1428
f 1429/1429 1418/1418 1430/1430
f 1501/1501 1503/1503 1502/1502
f 1503/1503 1481/1481 1502/1502
f 1503/1503 1501/1501 1429/1429
f 1504/1504 1477/1477 1503/1503
f 1477/1477 1504/1504 1473/1473
f 1504/1504 1429/1429 1430/1430
f 1432/1432 1420/1420 1428/1428
f 1433/1433 1428/1428 1429/1429
f 1432/1432 1428/1428 1433/1433
f 1420/1420 1434/1434 1424/1424
f 1420/1420 1432/1432 1434/1434
f 1435/1435 1424/1424 1434/1434
f 1434/1434 1432/1432 1436/1436
f 1424/1424 1435/1435 1437/1437
f 1437/1437 1435/1435 1441/1441
f 1441/1441 1440/1440 1437/1437
f 1435/1435 1442/1442 1441/1441
f 1442/1442 1435/1435 1439/1439
f 1441/1441 1443/1443 1440/1440
f 1443/1443 1438/1438 1440/1440
f 1442/1442 1444/1444 1441/1441
f 1443/1443 1441/1441 1444/1444
f 1438/1438 1422/1422 1426/1426
f 1443/1443 1445/1445 1438/1438
f 1422/1422 1438/1438 1445/1445
f 1423/1423 1417/1417 1418/1418
f 1421/1421 1424/1424 1425/1425
f 1424/1424 1421/1421 1420/1420
f 1417/1417 1423/1423 1428/1428
f 1428/1428 1420/1420 1417/1417
f 1416/1416 1446/1446 1412/1412
f 1446/1446 1419/1419 1412/1412
f 1419/1419 1446/1446 1447/1447
f 1447/1447 1431/1431 1419/1419
f 1448/1448 1446/1446 1444/1444
f 1446/1446 1448/1448 1447/1447
f 1449/1449 1431/1431 1447/1447
f 1447/1447 1448/1448 1449/1449
f 1431/1431 1449/1449 1451/1451
f 1448/1448 1444/1444 1452/1452
f 1444/1444 1442/1442 1452/1452
f 1437/1437 1427/1427 1424/1424
f 1437/1437 1438/1438 1427/1427
f 1439/1439 1434/1434 1436/1436
f 1434/1434 1439/1439 1435/1435
f 1437/1437 1440/1440 1438/1438
f 1453/1453 1459/1459 1456/1456
f 1459/1459 1453/1453 1458/1458
f 1459/1459 1461/1461 1456/1456
f 1461/1461 1459/1459 1462/1462
f 1459/1459 1458/1458 1462/1462
f 1462/1462 1464/1464 1461/1461
f 1462/1462 1458/1458 1465/1465
f 1465/1465 1458/1458 1448/1448
f 1464/1464 1462/1462 1466/1466
f 1462/1462 1465/1465 1466/1466
f 1466/1466 1468/1468 1464/1464
f 1416/1416 1413/1413 1422/1422
f 1422/1422 1445/1445 1416/1416
f 1446/1446 1445/1445 1443/1443
f 1446/1446 1416/1416 1445/1445
f 1446/1446 1443/1443 1444/1444
f 1455/1455 1506/1506 1450/1450
f 1467/1467 1507/1507 1463/1463
f 1506/1506 1455/1455 1508/1508
f 1507/1507 1508/1508 1509/1509
f 1509/1509 1455/1455 1457/1457
f 1460/1460 1509/1509 1457/1457
f 1499/1499 1497/1497 1500/1500
f 1496/1496 1501/1501 1500/1500
f 1501/1501 1499/1499 1500/1500
f 1501/1501 1496/1496 1495/1495
f 1429/1429 1501/1501 1495/1495
f 1482/1482 1499/1499 1502/1502
f 1502/1502 1499/1499 1501/1501
f 1481/1481 1482/1482 1502/1502
f 1475/1475 1439/1439 1478/1478
f 1478/1478 1479/1479 1476/1476
f 1453/1453 1451/1451 1449/1449
f 1453/1453 1454/1454 1451/1451
f 1456/1456 1454/1454 1453/1453
f 1458/1458 1453/1453 1449/1449
f 1448/1448 1458/1458 1449/1449
f 1469/1469 1470/1470 1468/1468
f 1472/1472 1469/1469 1448/1448
f 1470/1470 1469/1469 1472/1472
f 1472/1472 1448/1448 1452/1452
f 1474/1474 1470/1470 1472/1472
f 1452/1452 1475/1475 1472/1472
f 1472/1472 1475/1475 1474/1474
f 1475/1475 1452/1452 1442/1442
f 1475/1475 1476/1476 1474/1474
f 1439/1439 1475/1475 1442/1442
f 1475/1475 1478/1478 1476/1476
f 1471/1471 1473/1473 1504/1504
f 1504/1504 1505/1505 1471/1471
f 1430/1430 1505/1505 1504/1504
f 1467/1467 1471/1471 1505/1505
f 1505/1505 1430/1430 1506/1506
f 1430/1430 1450/1450 1506/1506
f 1507/1507 1467/1467 1505/1505
f 1506/1506 1507/1507 1505/1505
f 1490/1490 1488/1488 1489/1489
f 1490/1490 1485/1485 1487/1487
f 1469/1469 1466/1466 1465/1465
f 1468/1468 1466/1466 1469/1469
f 1465/1465 1448/1448 1469/1469
f 1510/1510 1463/1463 1507/1507
f 1463/1463 1510/1510 1460/1460
f 1507/1507 1509/1509 1510/1510
f 1509/1509 1460/1460 1510/1510
f 1491/1491 1495/1495 1496/1496
f 1497/1497 1493/1493 1494/1494
f 1496/1496 1497/1497 1494/1494
f 1485/1485 1493/1493 1498/1498
f 1479/1479 1439/1439 1436/1436
f 1479/1479 1483/1483 1480/1480
f 1432/1432 1479/1479 1436/1436
f 1483/1483 1479/1479 1484/1484
f 1479/1479 1432/1432 1484/1484
f 1484/1484 1486/1486 1483/1483
f 1486/1486 1484/1484 1487/1487
f 1488/1488 1484/1484 1432/1432
f 1508/1508 1507/1507 1506/1506
f 1455/1455 1509/1509 1508/1508
f 1499/1499 1498/1498 1497/1497
f 1499/1499 1482/1482 1485/1485
f 1497/1497 1496/1496 1500/1500
f 1493/1493 1497/1497 1498/1498
f 1499/1499 1485/1485 1498/1498
f 1439/1439 1479/1479 1478/1478
f 1476/1476 1479/1479 1480/1480
f 1489/1489 1433/1433 1491/1491
f 1504/1504 1503/1503 1429/1429
f 1503/1503 1477/1477 1481/1481
f 1607/1607 1605/1605 1550/1550
f 1600/1600 1594/1594 1605/1605
f 1567/1567 1610/1610 1565/1565
f 1610/1610 1567/1567 1596/1596
f 1603/1603 1606/1606 1608/1608
f 1549/1549 1607/1607 1550/1550
f 1606/1606 1605/1605 1607/1607
f 1594/1594 1552/1552 1605/1605
f 1578/1578 1576/1576 1575/1575
f 1575/1575 1534/1534 1577/1577
f 1572/1572 1573/1573 1576/1576
f 1576/1576 1574/1574 1575/1575
f 1576/1576 1573/1573 1574/1574
f 1534/1534 1575/1575 1533/1533
f 1533/1533 1575/1575 1574/1574
f 1568/1568 1574/1574 1573/1573
f 1588/1588 1586/1586 1581/1581
f 1570/1570 1586/1586 1588/1588
f 1581/1581 1586/1586 1587/1587
f 1601/1601 1604/1604 1602/1602
f 1604/1604 1597/1597 1602/1602
f 1584/1584 1580/1580 1587/1587
f 1586/1586 1570/1570 1572/1572
f 1586/1586 1585/1585 1584/1584
f 1565/1565 1555/1555 1562/1562
f 1560/1560 1540/1540 1563/1563
f 1555/1555 1557/1557 1562/1562
f 1540/1540 1560/1560 1556/1556
f 1557/1557 1556/1556 1560/1560
f 1555/1555 1554/1554 1557/1557
f 1556/1556 1557/1557 1554/1554
f 1540/1540 1556/1556 1539/1539
f 1578/1578 1582/1582 1576/1576
f 1581/1581 1580/1580 1579/1579
f 1528/1528 1581/1581 1579/1579
f 1561/1561 1591/1591 1566/1566
f 1530/1530 1591/1591 1590/1590
f 1534/1534 1528/1528 1579/1579
f 1577/1577 1534/1534 1579/1579
f 1575/1575 1577/1577 1578/1578
f 1548/1548 1549/1549 1550/1550
f 1550/1550 1529/1529 1548/1548
f 1549/1549 1548/1548 1543/1543
f 1549/1549 1543/1543 1546/1546
f 1548/1548 1529/1529 1518/1518
f 1518/1518 1543/1543 1548/1548
f 1547/1547 1535/1535 1539/1539
f 1547/1547 1546/1546 1545/1545
f 1574/1574 1568/1568 1533/1533
f 1571/1571 1568/1568 1573/1573
f 1540/1540 1533/1533 1568/1568
f 1580/1580 1581/1581 1587/1587
f 1586/1586 1584/1584 1587/1587
f 1540/1540 1568/1568 1563/1563
f 1565/1565 1562/1562 1567/1567
f 1555/1555 1565/1565 1549/1549
f 1544/1544 1538/1538 1542/1542
f 1544/1544 1541/1541 1538/1538
f 1515/1515 1543/1543 1511/1511
f 1543/1543 1515/1515 1541/1541
f 1537/1537 1542/1542 1538/1538
f 1513/1513 1541/1541 1515/1515
f 1541/1541 1513/1513 1522/1522
f 1522/1522 1538/1538 1541/1541
f 1554/1554 1539/1539 1556/1556
f 1553/1553 1554/1554 1555/1555
f 1549/1549 1553/1553 1555/1555
f 1578/1578 1577/1577 1580/1580
f 1577/1577 1579/1579 1580/1580
f 1549/1549 1546/1546 1553/1553
f 1546/1546 1547/1547 1553/1553
f 1529/1529 1550/1550 1552/1552
f 1536/1536 1532/1532 1533/1533
f 1535/1535 1524/1524 1532/1532
f 1533/1533 1531/1531 1534/1534
f 1534/1534 1531/1531 1528/1528
f 1533/1533 1532/1532 1520/1520
f 1533/1533 1520/1520 1531/1531
f 1520/1520 1532/1532 1524/1524
f 1523/1523 1528/1528 1531/1531
f 1535/1535 1547/1547 1545/1545
f 1543/1543 1544/1544 1546/1546
f 1544/1544 1545/1545 1546/1546
f 1568/1568 1571/1571 1569/1569
f 1563/1563 1568/1568 1569/1569
f 1545/1545 1542/1542 1537/1537
f 1543/1543 1518/1518 1511/1511
f 1543/1543 1541/1541 1544/1544
f 1514/1514 1517/1517 1520/1520
f 1517/1517 1512/1512 1519/1519
f 1512/1512 1517/1517 1514/1514
f 1512/1512 1514/1514 1516/1516
f 1533/1533 1540/1540 1536/1536
f 1540/1540 1539/1539 1536/1536
f 1538/1538 1522/1522 1525/1525
f 1539/1539 1554/1554 1547/1547
f 1554/1554 1553/1553 1547/1547
f 1537/1537 1538/1538 1526/1526
f 1537/1537 1526/1526 1524/1524
f 1524/1524 1535/1535 1537/1537
f 1586/1586 1572/1572 1585/1585
f 1582/1582 1584/1584 1585/1585
f 1572/1572 1582/1582 1585/1585
f 1584/1584 1582/1582 1583/1583
f 1580/1580 1584/1584 1583/1583
f 1582/1582 1578/1578 1583/1583
f 1583/1583 1578/1578 1580/1580
f 1576/1576 1582/1582 1572/1572
f 1591/1591 1561/1561 1590/1590
f 1561/1561 1558/1558 1590/1590
f 1528/1528 1530/1530 1590/1590
f 1520/1520 1523/1523 1531/1531
f 1528/1528 1519/1519 1530/1530
f 1519/1519 1528/1528 1523/1523
f 1537/1537 1535/1535 1545/1545
f 1545/1545 1544/1544 1542/1542
f 1523/1523 1520/1520 1517/1517
f 1523/1523 1517/1517 1519/1519
f 1520/1520 1521/1521 1514/1514
f 1559/1559 1590/1590 1558/1558
f 1590/1590 1559/1559 1589/1589
f 1590/1590 1589/1589 1528/1528
f 1589/1589 1559/1559 1564/1564
f 1589/1589 1581/1581 1528/1528
f 1570/1570 1589/1589 1564/1564
f 1581/1581 1589/1589 1588/1588
f 1589/1589 1570/1570 1588/1588
f 1592/1592 1595/1595 1591/1591
f 1595/1595 1566/1566 1591/1591
f 1593/1593 1592/1592 1551/1551
f 1530/1530 1551/1551 1592/1592
f 1591/1591 1530/1530 1592/1592
f 1601/1601 1602/1602 1599/1599
f 1532/1532 1539/1539 1535/1535
f 1539/1539 1532/1532 1536/1536
f 1595/1595 1599/1599 1602/1602
f 1595/1595 1602/1602 1597/1597
f 1599/1599 1593/1593 1601/1601
f 1595/1595 1598/1598 1599/1599
f 1593/1593 1599/1599 1598/1598
f 1598/1598 1595/1595 1592/1592
f 1592/1592 1593/1593 1598/1598
f 1566/1566 1595/1595 1597/1597
f 1565/1565 1610/1610 1609/1609
f 1608/1608 1609/1609 1610/1610
f 1596/1596 1608/1608 1610/1610
f 1609/1609 1549/1549 1565/1565
f 1608/1608 1607/1607 1609/1609
f 1609/1609 1607/1607 1549/1549
f 1596/1596 1603/1603 1608/1608
f 1606/1606 1607/1607 1608/1608
f 1524/1524 1521/1521 1520/1520
f 1521/1521 1524/1524 1527/1527
f 1606/1606 1603/1603 1600/1600
f 1606/1606 1600/1600 1605/1605
f 1605/1605 1552/1552 1550/1550
f 1654/1654 1653/1653 1655/1655
f 1655/1655 1651/1651 1656/1656
f 1654/1654 1657/1657 1619/1619
f 1616/1616 1619/1619 1657/1657
f 1657/1657 1612/1612 1616/1616
f 1654/1654 1655/1655 1658/1658
f 1658/1658 1655/1655 1656/1656
f 1657/1657 1654/1654 1659/1659
f 1658/1658 1659/1659 1654/1654
f 1657/1657 1659/1659 1660/1660
f 1658/1658 1660/1660 1659/1659
f 1612/1612 1657/1657 1661/1661
f 1666/1666 1674/1674 1665/1665
f 1671/1671 1670/1670 1676/1676
f 1670/1670 1677/1677 1676/1676
f 1674/1674 1677/1677 1670/1670
f 1679/1679 1676/1676 1677/1677
f 1677/1677 1680/1680 1679/1679
f 1682/1682 1673/1673 1671/1671
f 1673/1673 1682/1682 1684/1684
f 1685/1685 1684/1684 1682/1682
f 1682/1682 1688/1688 1685/1685
f 1689/1689 1682/1682 1671/1671
f 1689/1689 1688/1688 1682/1682
f 1671/1671 1675/1675 1689/1689
f 1688/1688 1689/1689 1690/1690
f 1678/1678 1689/1689 1675/1675
f 1690/1690 1689/1689 1693/1693
f 1689/1689 1678/1678 1681/1681
f 1693/1693 1689/1689 1681/1681
f 1680/1680 1677/1677 1694/1694
f 1695/1695 1680/1680 1694/1694
f 1680/1680 1695/1695 1692/1692
f 1695/1695 1691/1691 1692/1692
f 1694/1694 1677/1677 1696/1696
f 1674/1674 1696/1696 1677/1677
f 1697/1697 1695/1695 1694/1694
f 1694/1694 1696/1696 1697/1697
f 1698/1698 1691/1691 1695/1695
f 1697/1697 1698/1698 1695/1695
f 1699/1699 1696/1696 1674/1674
f 1674/1674 1666/1666 1699/1699
f 1696/1696 1700/1700 1697/1697
f 1700/1700 1696/1696 1699/1699
f 1697/1697 1652/1652 1698/1698
f 1652/1652 1697/1697 1700/1700
f 1701/1701 1691/1691 1698/1698
f 1691/1691 1701/1701 1687/1687
f 1698/1698 1652/1652 1702/1702
f 1702/1702 1701/1701 1698/1698
f 1650/1650 1652/1652 1700/1700
f 1639/1639 1702/1702 1652/1652
f 1700/1700 1703/1703 1650/1650
f 1703/1703 1700/1700 1699/1699
f 1666/1666 1703/1703 1699/1699
f 1650/1650 1703/1703 1649/1649
f 1703/1703 1666/1666 1704/1704
f 1703/1703 1704/1704 1649/1649
f 1656/1656 1704/1704 1666/1666
f 1651/1651 1649/1649 1704/1704
f 1704/1704 1656/1656 1651/1651
f 1705/1705 1702/1702 1639/1639
f 1705/1705 1639/1639 1632/1632
f 1627/1627 1705/1705 1632/1632
f 1627/1627 1624/1624 1705/1705
f 1706/1706 1705/1705 1624/1624
f 1621/1621 1706/1706 1624/1624
f 1702/1702 1705/1705 1707/1707
f 1707/1707 1705/1705 1706/1706
f 1613/1613 1621/1621 1615/1615
f 1706/1706 1621/1621 1613/1613
f 1613/1613 1708/1708 1706/1706
f 1706/1706 1708/1708 1707/1707
f 1664/1664 1708/1708 1613/1613
f 1708/1708 1664/1664 1709/1709
f 1708/1708 1709/1709 1707/1707
f 1709/1709 1664/1664 1669/1669
f 1710/1710 1702/1702 1707/1707
f 1710/1710 1707/1707 1709/1709
f 1702/1702 1710/1710 1701/1701
f 1710/1710 1687/1687 1701/1701
f 1669/1669 1711/1711 1709/1709
f 1709/1709 1711/1711 1710/1710
f 1711/1711 1669/1669 1672/1672
f 1711/1711 1672/1672 1683/1683
f 1687/1687 1710/1710 1712/1712
f 1711/1711 1712/1712 1710/1710
f 1712/1712 1711/1711 1683/1683
f 1686/1686 1687/1687 1712/1712
f 1686/1686 1712/1712 1683/1683
f 1642/1642 1645/1645 1644/1644
f 1645/1645 1642/1642 1643/1643
f 1640/1640 1644/1644 1646/1646
f 1645/1645 1646/1646 1644/1644
f 1646/1646 1647/1647 1640/1640
f 1635/1635 1637/1637 1636/1636
f 1637/1637 1631/1631 1638/1638
f 1640/1640 1633/1633 1636/1636
f 1634/1634 1633/1633 1640/1640
f 1637/1637 1641/1641 1636/1636
f 1636/1636 1641/1641 1640/1640
f 1638/1638 1642/1642 1637/1637
f 1637/1637 1642/1642 1641/1641
f 1642/1642 1638/1638 1643/1643
f 1644/1644 1641/1641 1642/1642
f 1644/1644 1640/1640 1641/1641
f 1619/1619 1618/1618 1625/1625
f 1618/1618 1620/1620 1625/1625
f 1620/1620 1623/1623 1626/1626
f 1623/1623 1628/1628 1626/1626
f 1620/1620 1629/1629 1625/1625
f 1629/1629 1620/1620 1626/1626
f 1626/1626 1628/1628 1630/1630
f 1630/1630 1628/1628 1631/1631
f 1629/1629 1626/1626 1633/1633
f 1630/1630 1633/1633 1626/1626
f 1618/1618 1619/1619 1617/1617
f 1614/1614 1620/1620 1618/1618
f 1620/1620 1614/1614 1622/1622
f 1622/1622 1623/1623 1620/1620
f 1634/1634 1625/1625 1629/1629
f 1634/1634 1629/1629 1633/1633
f 1630/1630 1631/1631 1635/1635
f 1636/1636 1633/1633 1630/1630
f 1630/1630 1635/1635 1636/1636
f 1631/1631 1637/1637 1635/1635
f 1611/1611 1614/1614 1617/1617
f 1617/1617 1614/1614 1618/1618
f 1660/1660 1661/1661 1657/1657
f 1662/1662 1612/1612 1661/1661
f 1612/1612 1662/1662 1663/1663
f 1665/1665 1661/1661 1660/1660
f 1661/1661 1665/1665 1662/1662
f 1660/1660 1658/1658 1666/1666
f 1665/1665 1660/1660 1666/1666
f 1658/1658 1656/1656 1666/1666
f 1667/1667 1663/1663 1662/1662
f 1663/1663 1667/1667 1668/1668
f 1662/1662 1665/1665 1670/1670
f 1670/1670 1667/1667 1662/1662
f 1668/1668 1667/1667 1671/1671
f 1670/1670 1671/1671 1667/1667
f 1668/1668 1671/1671 1673/1673
f 1665/1665 1674/1674 1670/1670
f 1634/1634 1640/1640 1647/1647
f 1646/1646 1645/1645 1648/1648
f 1649/1649 1647/1647 1646/1646
f 1649/1649 1646/1646 1648/1648
f 1648/1648 1645/1645 1650/1650
f 1650/1650 1649/1649 1648/1648
f 1643/1643 1650/1650 1645/1645
f 1649/1649 1651/1651 1647/1647
f 1651/1651 1634/1634 1647/1647
f 1652/1652 1650/1650 1643/1643
f 1652/1652 1643/1643 1639/1639
f 1634/1634 1651/1651 1653/1653
f 1625/1625 1634/1634 1653/1653
f 1625/1625 1653/1653 1654/1654
f 1625/1625 1654/1654 1619/1619
f 1653/1653 1651/1651 1655/1655
f 1728/1728 1730/1730 1732/1732
f 1732/1732 1730/1730 1733/1733
f 1735/1735 1731/1731 1728/1728
f 1732/1732 1735/1735 1728/1728
f 1767/1767 1762/1762 1763/1763
f 1767/1767 1763/1763 1766/1766
f 1764/1764 1762/1762 1768/1768
f 1762/1762 1767/1767 1768/1768
f 1769/1769 1764/1764 1768/1768
f 1764/1764 1769/1769 1770/1770
f 1768/1768 1767/1767 1772/1772
f 1772/1772 1769/1769 1768/1768
f 1718/1718 1759/1759 1762/1762
f 1762/1762 1713/1713 1718/1718
f 1763/1763 1759/1759 1761/1761
f 1731/1731 1722/1722 1728/1728
f 1793/1793 1789/1789 1795/1795
f 1796/1796 1780/1780 1779/1779
f 1780/1780 1796/1796 1794/1794
f 1797/1797 1796/1796 1779/1779
f 1776/1776 1797/1797 1779/1779
f 1798/1798 1794/1794 1796/1796
f 1794/1794 1798/1798 1792/1792
f 1798/1798 1790/1790 1792/1792
f 1796/1796 1799/1799 1798/1798
f 1796/1796 1797/1797 1799/1799
f 1800/1800 1790/1790 1798/1798
f 1799/1799 1800/1800 1798/1798
f 1801/1801 1797/1797 1776/1776
f 1776/1776 1766/1766 1801/1801
f 1797/1797 1802/1802 1799/1799
f 1802/1802 1797/1797 1801/1801
f 1802/1802 1800/1800 1799/1799
f 1766/1766 1803/1803 1801/1801
f 1803/1803 1802/1802 1801/1801
f 1803/1803 1766/1766 1804/1804
f 1758/1758 1804/1804 1766/1766
f 1804/1804 1758/1758 1753/1753
f 1753/1753 1751/1751 1804/1804
f 1803/1803 1804/1804 1751/1751
f 1752/1752 1803/1803 1751/1751
f 1802/1802 1803/1803 1752/1752
f 1752/1752 1754/1754 1802/1802
f 1800/1800 1802/1802 1754/1754
f 1754/1754 1805/1805 1800/1800
f 1805/1805 1790/1790 1800/1800
f 1790/1790 1805/1805 1788/1788
f 1805/1805 1754/1754 1806/1806
f 1806/1806 1754/1754 1739/1739
f 1805/1805 1807/1807 1788/1788
f 1785/1785 1788/1788 1807/1807
f 1806/1806 1808/1808 1805/1805
f 1805/1805 1808/1808 1807/1807
f 1809/1809 1785/1785 1807/1807
f 1809/1809 1807/1807 1808/1808
f 1785/1785 1809/1809 1784/1784
f 1809/1809 1775/1775 1784/1784
f 1809/1809 1771/1771 1775/1775
f 1771/1771 1809/1809 1810/1810
f 1810/1810 1809/1809 1808/1808
f 1810/1810 1765/1765 1771/1771
f 1808/1808 1811/1811 1810/1810
f 1808/1808 1806/1806 1811/1811
f 1812/1812 1765/1765 1810/1810
f 1812/1812 1810/1810 1811/1811
f 1765/1765 1812/1812 1714/1714
f 1811/1811 1806/1806 1813/1813
f 1813/1813 1806/1806 1739/1739
f 1813/1813 1739/1739 1734/1734
f 1729/1729 1813/1813 1734/1734
f 1729/1729 1726/1726 1813/1813
f 1814/1814 1812/1812 1811/1811
f 1811/1811 1813/1813 1814/1814
f 1814/1814 1813/1813 1726/1726
f 1714/1714 1812/1812 1814/1814
f 1723/1723 1814/1814 1726/1726
f 1814/1814 1723/1723 1714/1714
f 1714/1714 1723/1723 1717/1717
f 1753/1753 1747/1747 1749/1749
f 1754/1754 1752/1752 1743/1743
f 1754/1754 1743/1743 1739/1739
f 1747/1747 1753/1753 1755/1755
f 1766/1766 1776/1776 1767/1767
f 1773/1773 1772/1772 1777/1777
f 1772/1772 1779/1779 1777/1777
f 1776/1776 1779/1779 1772/1772
f 1780/1780 1777/1777 1779/1779
f 1782/1782 1774/1774 1773/1773
f 1774/1774 1782/1782 1783/1783
f 1786/1786 1783/1783 1782/1782
f 1782/1782 1787/1787 1786/1786
f 1782/1782 1773/1773 1789/1789
f 1789/1789 1787/1787 1782/1782
f 1773/1773 1778/1778 1789/1789
f 1732/1732 1733/1733 1736/1736
f 1736/1736 1735/1735 1732/1732
f 1727/1727 1747/1747 1755/1755
f 1727/1727 1755/1755 1756/1756
f 1727/1727 1756/1756 1721/1721
f 1755/1755 1753/1753 1757/1757
f 1745/1745 1750/1750 1748/1748
f 1750/1750 1745/1745 1746/1746
f 1748/1748 1751/1751 1749/1749
f 1751/1751 1748/1748 1750/1750
f 1750/1750 1746/1746 1752/1752
f 1751/1751 1750/1750 1752/1752
f 1743/1743 1752/1752 1746/1746
f 1751/1751 1753/1753 1749/1749
f 1733/1733 1737/1737 1736/1736
f 1737/1737 1733/1733 1738/1738
f 1735/1735 1736/1736 1740/1740
f 1736/1736 1737/1737 1740/1740
f 1738/1738 1741/1741 1737/1737
f 1737/1737 1742/1742 1740/1740
f 1742/1742 1735/1735 1740/1740
f 1742/1742 1737/1737 1741/1741
f 1747/1747 1727/1727 1731/1731
f 1744/1744 1745/1745 1748/1748
f 1747/1747 1744/1744 1749/1749
f 1748/1748 1749/1749 1744/1744
f 1741/1741 1738/1738 1743/1743
f 1735/1735 1742/1742 1744/1744
f 1745/1745 1742/1742 1741/1741
f 1745/1745 1744/1744 1742/1742
f 1746/1746 1741/1741 1743/1743
f 1741/1741 1746/1746 1745/1745
f 1747/1747 1735/1735 1744/1744
f 1735/1735 1747/1747 1731/1731
f 1770/1770 1769/1769 1773/1773
f 1772/1772 1773/1773 1769/1769
f 1770/1770 1773/1773 1774/1774
f 1767/1767 1776/1776 1772/1772
f 1763/1763 1762/1762 1759/1759
f 1762/1762 1764/1764 1713/1713
f 1763/1763 1760/1760 1766/1766
f 1760/1760 1758/1758 1766/1766
f 1756/1756 1755/1755 1757/1757
f 1757/1757 1753/1753 1758/1758
f 1756/1756 1759/1759 1721/1721
f 1718/1718 1721/1721 1759/1759
f 1756/1756 1757/1757 1760/1760
f 1760/1760 1757/1757 1758/1758
f 1759/1759 1756/1756 1761/1761
f 1760/1760 1761/1761 1756/1756
f 1787/1787 1789/1789 1791/1791
f 1781/1781 1789/1789 1778/1778
f 1791/1791 1789/1789 1793/1793
f 1789/1789 1781/1781 1795/1795
f 1722/1722 1731/1731 1727/1727
f 1728/1728 1725/1725 1730/1730
f 1728/1728 1722/1722 1725/1725
f 1720/1720 1722/1722 1727/1727
f 1721/1721 1720/1720 1727/1727
f 1722/1722 1724/1724 1725/1725
f 1722/1722 1716/1716 1724/1724
f 1716/1716 1722/1722 1720/1720
f 1720/1720 1721/1721 1719/1719
f 1720/1720 1719/1719 1716/1716
f 1715/1715 1716/1716 1719/1719
f 1760/1760 1763/1763 1761/1761
f 1848/1848 1823/1823 1816/1816
f 1819/1819 1848/1848 1816/1816
f 1869/1869 1874/1874 1873/1873
f 1873/1873 1870/1870 1869/1869
f 1866/1866 1869/1869 1870/1870
f 1867/1867 1851/1851 1869/1869
f 1839/1839 1828/1828 1836/1836
f 1842/1842 1829/1829 1840/1840
f 1859/1859 1857/1857 1855/1855
f 1851/1851 1858/1858 1852/1852
f 1839/1839 1844/1844 1840/1840
f 1829/1829 1842/1842 1843/1843
f 1867/1867 1858/1858 1851/1851
f 1864/1864 1858/1858 1867/1867
f 1866/1866 1863/1863 1864/1864
f 1859/1859 1858/1858 1864/1864
f 1863/1863 1859/1859 1864/1864
f 1859/1859 1863/1863 1860/1860
f 1857/1857 1859/1859 1860/1860
f 1859/1859 1855/1855 1858/1858
f 1883/1883 1882/1882 1880/1880
f 1883/1883 1880/1880 1841/1841
f 1850/1850 1833/1833 1823/1823
f 1823/1823 1848/1848 1850/1850
f 1845/1845 1844/1844 1849/1849
f 1848/1848 1845/1845 1849/1849
f 1850/1850 1851/1851 1852/1852
f 1852/1852 1833/1833 1850/1850
f 1874/1874 1879/1879 1878/1878
f 1879/1879 1874/1874 1877/1877
f 1849/1849 1879/1879 1877/1877
f 1874/1874 1878/1878 1875/1875
f 1851/1851 1849/1849 1877/1877
f 1851/1851 1877/1877 1874/1874
f 1874/1874 1875/1875 1873/1873
f 1874/1874 1869/1869 1851/1851
f 1893/1893 1838/1838 1895/1895
f 1891/1891 1894/1894 1889/1889
f 1841/1841 1844/1844 1839/1839
f 1844/1844 1842/1842 1840/1840
f 1864/1864 1867/1867 1868/1868
f 1866/1866 1864/1864 1868/1868
f 1888/1888 1891/1891 1890/1890
f 1890/1890 1886/1886 1888/1888
f 1883/1883 1837/1837 1888/1888
f 1886/1886 1883/1883 1888/1888
f 1837/1837 1883/1883 1846/1846
f 1883/1883 1886/1886 1885/1885
f 1882/1882 1883/1883 1885/1885
f 1883/1883 1841/1841 1846/1846
f 1902/1902 1898/1898 1903/1903
f 1898/1898 1899/1899 1903/1903
f 1875/1875 1880/1880 1882/1882
f 1880/1880 1879/1879 1841/1841
f 1855/1855 1853/1853 1852/1852
f 1833/1833 1852/1852 1853/1853
f 1879/1879 1844/1844 1841/1841
f 1879/1879 1849/1849 1844/1844
f 1899/1899 1898/1898 1897/1897
f 1832/1832 1899/1899 1897/1897
f 1896/1896 1895/1895 1898/1898
f 1895/1895 1897/1897 1898/1898
f 1838/1838 1832/1832 1897/1897
f 1895/1895 1838/1838 1897/1897
f 1893/1893 1895/1895 1896/1896
f 1896/1896 1894/1894 1893/1893
f 1908/1908 1881/1881 1907/1907
f 1907/1907 1832/1832 1908/1908
f 1894/1894 1892/1892 1893/1893
f 1894/1894 1891/1891 1892/1892
f 1869/1869 1868/1868 1867/1867
f 1868/1868 1869/1869 1866/1866
f 1888/1888 1892/1892 1891/1891
f 1892/1892 1888/1888 1837/1837
f 1906/1906 1905/1905 1899/1899
f 1905/1905 1887/1887 1889/1889
f 1899/1899 1905/1905 1903/1903
f 1905/1905 1902/1902 1903/1903
f 1905/1905 1904/1904 1902/1902
f 1904/1904 1905/1905 1889/1889
f 1900/1900 1902/1902 1904/1904
f 1889/1889 1900/1900 1904/1904
f 1911/1911 1913/1913 1912/1912
f 1861/1861 1862/1862 1912/1912
f 1902/1902 1900/1900 1901/1901
f 1898/1898 1902/1902 1901/1901
f 1880/1880 1878/1878 1879/1879
f 1880/1880 1875/1875 1878/1878
f 1894/1894 1900/1900 1889/1889
f 1896/1896 1900/1900 1894/1894
f 1834/1834 1854/1854 1910/1910
f 1909/1909 1834/1834 1910/1910
f 1872/1872 1909/1909 1871/1871
f 1834/1834 1909/1909 1908/1908
f 1909/1909 1872/1872 1908/1908
f 1872/1872 1876/1876 1908/1908
f 1832/1832 1834/1834 1908/1908
f 1881/1881 1908/1908 1876/1876
f 1832/1832 1907/1907 1906/1906
f 1907/1907 1887/1887 1906/1906
f 1907/1907 1881/1881 1884/1884
f 1887/1887 1907/1907 1884/1884
f 1838/1838 1893/1893 1837/1837
f 1837/1837 1893/1893 1892/1892
f 1913/1913 1910/1910 1914/1914
f 1913/1913 1856/1856 1861/1861
f 1910/1910 1913/1913 1911/1911
f 1861/1861 1912/1912 1913/1913
f 1856/1856 1910/1910 1854/1854
f 1871/1871 1911/1911 1865/1865
f 1910/1910 1911/1911 1909/1909
f 1911/1911 1871/1871 1909/1909
f 1862/1862 1865/1865 1912/1912
f 1911/1911 1912/1912 1865/1865
f 1900/1900 1896/1896 1901/1901
f 1896/1896 1898/1898 1901/1901
f 1858/1858 1855/1855 1852/1852
f 1857/1857 1853/1853 1855/1855
f 1851/1851 1848/1848 1849/1849
f 1851/1851 1850/1850 1848/1848
f 1848/1848 1847/1847 1845/1845
f 1848/1848 1819/1819 1847/1847
f 1819/1819 1825/1825 1847/1847
f 1825/1825 1819/1819 1817/1817
f 1906/1906 1899/1899 1832/1832
f 1887/1887 1905/1905 1906/1906
f 1910/1910 1856/1856 1914/1914
f 1856/1856 1913/1913 1914/1914
f 1831/1831 1847/1847 1825/1825
f 1847/1847 1831/1831 1843/1843
f 1845/1845 1847/1847 1843/1843
f 1837/1837 1846/1846 1836/1836
f 1841/1841 1836/1836 1846/1846
f 1844/1844 1845/1845 1842/1842
f 1845/1845 1843/1843 1842/1842
f 1836/1836 1841/1841 1839/1839
f 1840/1840 1829/1829 1828/1828
f 1828/1828 1839/1839 1840/1840
f 1838/1838 1837/1837 1835/1835
f 1832/1832 1838/1838 1835/1835
f 1837/1837 1836/1836 1824/1824
f 1837/1837 1824/1824 1835/1835
f 1824/1824 1836/1836 1828/1828
f 1827/1827 1832/1832 1835/1835
f 1824/1824 1827/1827 1835/1835
f 1832/1832 1822/1822 1834/1834
f 1822/1822 1832/1832 1827/1827
f 1828/1828 1826/1826 1824/1824
f 1826/1826 1828/1828 1830/1830
f 1827/1827 1824/1824 1821/1821
f 1827/1827 1821/1821 1822/1822
f 1824/1824 1826/1826 1818/1818
f 1818/1818 1821/1821 1824/1824
f 1822/1822 1821/1821 1815/1815
f 1815/1815 1821/1821 1818/1818
f 1815/1815 1818/1818 1820/1820
f 1954/1954 1953/1953 1952/1952
f 1952/1952 1949/1949 1954/1954
f 1963/1963 1960/1960 1970/1970
f 1963/1963 1970/1970 1966/1966
f 1916/1916 1967/1967 1968/1968
f 1966/1966 1967/1967 1965/1965
f 1972/1972 1979/1979 1981/1981
f 2015/2015 1977/1977 1976/1976
f 2001/2001 2015/2015 1996/1996
f 1963/1963 1961/1961 1959/1959
f 1920/1920 1923/1923 1962/1962
f 1961/1961 1962/1962 1923/1923
f 1975/1975 1982/1982 1979/1979
f 1979/1979 1982/1982 1981/1981
f 1981/1981 1976/1976 1972/1972
f 1944/1944 1954/1954 1949/1949
f 1967/1967 1916/1916 1965/1965
f 1965/1965 1964/1964 1966/1966
f 1966/1966 1964/1964 1963/1963
f 1965/1965 1916/1916 1920/1920
f 1983/1983 1987/1987 1989/1989
f 1987/1987 1982/1982 1986/1986
f 1987/1987 1983/1983 1982/1982
f 1985/1985 1986/1986 1975/1975
f 1975/1975 1986/1986 1982/1982
f 1970/1970 1956/1956 1985/1985
f 1975/1975 1970/1970 1985/1985
f 1983/1983 1981/1981 1982/1982
f 2004/2004 2002/2002 1941/1941
f 2002/2002 2003/2003 1999/1999
f 2003/2003 2000/2000 1999/1999
f 2002/2002 1944/1944 1941/1941
f 1971/1971 1975/1975 1979/1979
f 1972/1972 1971/1971 1979/1979
f 1973/1973 1976/1976 1977/1977
f 1973/1973 1972/1972 1976/1976
f 1999/1999 1995/1995 1997/1997
f 1998/1998 1954/1954 1944/1944
f 1991/1991 1998/1998 1997/1997
f 1954/1954 1998/1998 1990/1990
f 1998/1998 1991/1991 1990/1990
f 1995/1995 1992/1992 1997/1997
f 1991/1991 1997/1997 1992/1992
f 1992/1992 1995/1995 1993/1993
f 2003/2003 2005/2005 2008/2008
f 2007/2007 1969/1969 2008/2008
f 2007/2007 2008/2008 2005/2005
f 1969/1969 2007/2007 1917/1917
f 1987/1987 1986/1986 1991/1991
f 1954/1954 1990/1990 1956/1956
f 1990/1990 1986/1986 1985/1985
f 1985/1985 1956/1956 1990/1990
f 1925/1925 2006/2006 1928/1928
f 2005/2005 2004/2004 2006/2006
f 2006/2006 2004/2004 1928/1928
f 2003/2003 2002/2002 2005/2005
f 2004/2004 2005/2005 2002/2002
f 1931/1931 1928/1928 2004/2004
f 1931/1931 2004/2004 1936/1936
f 2004/2004 1941/1941 1936/1936
f 1999/1999 1998/1998 2002/2002
f 1944/1944 2002/2002 1998/1998
f 1995/1995 1999/1999 2000/2000
f 1998/1998 1999/1999 1997/1997
f 2000/2000 2003/2003 2012/2012
f 2012/2012 2009/2009 2010/2010
f 2009/2009 2012/2012 2003/2003
f 2009/2009 1978/1978 2010/2010
f 2009/2009 1974/1974 1978/1978
f 1957/1957 1955/1955 1959/1959
f 1958/1958 1953/1953 1956/1956
f 1955/1955 1953/1953 1958/1958
f 1957/1957 1923/1923 1929/1929
f 1970/1970 1975/1975 1971/1971
f 1968/1968 1972/1972 1973/1973
f 1971/1971 1972/1972 1967/1967
f 1972/1972 1968/1968 1967/1967
f 1971/1971 1966/1966 1970/1970
f 2008/2008 2009/2009 2003/2003
f 1974/1974 2009/2009 2008/2008
f 2008/2008 1969/1969 1974/1974
f 2006/2006 2007/2007 2005/2005
f 1917/1917 2007/2007 2006/2006
f 2006/2006 1925/1925 1917/1917
f 1917/1917 1925/1925 1918/1918
f 1977/1977 2015/2015 2011/2011
f 2016/2016 1984/1984 1988/1988
f 1984/1984 2016/2016 1980/1980
f 1994/1994 2016/2016 1988/1988
f 1976/1976 1980/1980 2016/2016
f 1996/1996 2016/2016 1994/1994
f 2014/2014 2000/2000 2012/2012
f 2014/2014 2012/2012 2010/2010
f 2015/2015 2001/2001 2013/2013
f 2013/2013 2011/2011 2015/2015
f 1930/1930 1927/1927 1932/1932
f 1930/1930 1924/1924 1927/1927
f 1923/1923 1922/1922 1929/1929
f 1922/1922 1924/1924 1929/1929
f 1922/1922 1921/1921 1919/1919
f 1915/1915 1919/1919 1921/1921
f 1976/1976 2016/2016 2015/2015
f 2015/2015 2016/2016 1996/1996
f 1950/1950 1953/1953 1951/1951
f 1950/1950 1949/1949 1952/1952
f 1950/1950 1951/1951 1946/1946
f 1945/1945 1937/1937 1943/1943
f 1944/1944 1940/1940 1942/1942
f 1939/1939 1940/1940 1943/1943
f 1937/1937 1939/1939 1943/1943
f 1924/1924 1926/1926 1927/1927
f 1924/1924 1919/1919 1926/1926
f 1919/1919 1924/1924 1922/1922
f 1921/1921 1922/1922 1923/1923
f 1947/1947 1949/1949 1948/1948
f 1948/1948 1946/1946 1945/1945
f 1948/1948 1945/1945 1947/1947
f 1940/1940 1944/1944 1947/1947
f 1945/1945 1940/1940 1947/1947
f 1938/1938 1937/1937 1946/1946
f 1937/1937 1945/1945 1946/1946
f 1940/1940 1945/1945 1943/1943
f 1961/1961 1957/1957 1959/1959
f 1923/1923 1957/1957 1961/1961
f 1959/1959 1955/1955 1960/1960
f 1958/1958 1960/1960 1955/1955
f 1937/1937 1938/1938 1933/1933
f 1938/1938 1929/1929 1933/1933
f 1934/1934 1937/1937 1930/1930
f 1933/1933 1930/1930 1937/1937
f 1934/1934 1932/1932 1935/1935
f 1934/1934 1930/1930 1932/1932
f 1933/1933 1924/1924 1930/1930
f 1924/1924 1933/1933 1929/1929
f 1953/1953 1950/1950 1952/1952
f 1938/1938 1946/1946 1951/1951
f 1949/1949 1950/1950 1948/1948
f 1946/1946 1948/1948 1950/1950
f 1949/1949 1947/1947 1944/1944
f 1964/1964 1965/1965 1962/1962
f 1965/1965 1920/1920 1962/1962
f 1963/1963 1964/1964 1961/1961
f 1962/1962 1961/1961 1964/1964
f 1960/1960 1963/1963 1959/1959
f 1967/1967 1966/1966 1971/1971
f 1956/1956 1970/1970 1958/1958
f 1960/1960 1958/1958 1970/1970
f 1992/1992 1993/1993 1989/1989
f 1991/1991 1992/1992 1987/1987
f 1989/1989 1987/1987 1992/1992
f 1986/1986 1990/1990 1991/1991
f 1953/1953 1955/1955 1951/1951
f 1955/1955 1938/1938 1951/1951
f 1954/1954 1956/1956 1953/1953
f 1938/1938 1955/1955 1957/1957
f 1929/1929 1938/1938 1957/1957
f 1935/1935 1939/1939 1934/1934
f 1939/1939 1937/1937 1934/1934
f 1935/1935 1940/1940 1939/1939
f 1940/1940 1935/1935 1942/1942
f 2110/2110 2032/2032 2111/2111
f 2032/2032 2052/2052 2111/2111
f 2112/2112 2071/2071 2110/2110
f 2111/2111 2112/2112 2110/2110
f 2071/2071 2112/2112 2067/2067
f 2058/2058 2111/2111 2052/2052
f 2114/2114 2058/2058 2062/2062
f 2056/2056 2057/2057 2051/2051
f 2059/2059 2056/2056 2055/2055
f 2053/2053 2059/2059 2055/2055
f 2060/2060 2057/2057 2056/2056
f 2043/2043 2041/2041 2039/2039
f 2038/2038 2044/2044 2040/2040
f 2044/2044 2043/2043 2040/2040
f 2020/2020 2047/2047 2021/2021
f 2068/2068 2053/2053 2070/2070
f 2066/2066 2070/2070 2072/2072
f 2074/2074 2072/2072 2070/2070
f 2075/2075 2070/2070 2053/2053
f 2026/2026 2038/2038 2034/2034
f 2037/2037 2038/2038 2026/2026
f 2039/2039 2035/2035 2034/2034
f 2040/2040 2034/2034 2038/2038
f 2046/2046 2043/2043 2049/2049
f 2025/2025 2048/2048 2050/2050
f 2050/2050 2031/2031 2025/2025
f 2050/2050 2051/2051 2031/2031
f 2053/2053 2048/2048 2049/2049
f 2053/2053 2050/2050 2048/2048
f 2054/2054 2049/2049 2043/2043
f 2053/2053 2049/2049 2054/2054
f 2051/2051 2050/2050 2055/2055
f 2050/2050 2053/2053 2055/2055
f 2056/2056 2051/2051 2055/2055
f 2027/2027 2042/2042 2047/2047
f 2046/2046 2047/2047 2042/2042
f 2047/2047 2020/2020 2027/2027
f 2082/2082 2083/2083 2085/2085
f 2060/2060 2056/2056 2059/2059
f 2057/2057 2060/2060 2061/2061
f 2083/2083 2086/2086 2085/2085
f 2037/2037 2083/2083 2045/2045
f 2060/2060 2063/2063 2061/2061
f 2063/2063 2060/2060 2065/2065
f 2060/2060 2059/2059 2065/2065
f 2066/2066 2063/2063 2065/2065
f 2048/2048 2046/2046 2049/2049
f 2095/2095 2037/2037 2033/2033
f 2095/2095 2033/2033 2030/2030
f 2096/2096 2093/2093 2094/2094
f 2094/2094 2095/2095 2097/2097
f 2094/2094 2097/2097 2096/2096
f 2075/2075 2076/2076 2074/2074
f 2078/2078 2075/2075 2054/2054
f 2043/2043 2078/2078 2054/2054
f 2075/2075 2079/2079 2076/2076
f 2070/2070 2075/2075 2074/2074
f 2053/2053 2054/2054 2075/2075
f 2083/2083 2080/2080 2044/2044
f 2083/2083 2082/2082 2080/2080
f 2044/2044 2045/2045 2083/2083
f 2101/2101 2102/2102 2103/2103
f 2099/2099 2104/2104 2102/2102
f 2104/2104 2103/2103 2102/2102
f 2104/2104 2099/2099 2105/2105
f 2099/2099 2100/2100 2105/2105
f 2086/2086 2083/2083 2088/2088
f 2088/2088 2083/2083 2037/2037
f 2090/2090 2086/2086 2088/2088
f 2091/2091 2090/2090 2088/2088
f 2065/2065 2059/2059 2068/2068
f 2068/2068 2059/2059 2053/2053
f 2066/2066 2065/2065 2069/2069
f 2065/2065 2068/2068 2069/2069
f 2069/2069 2070/2070 2066/2066
f 2070/2070 2069/2069 2068/2068
f 2095/2095 2094/2094 2037/2037
f 2108/2108 2081/2081 2084/2084
f 2077/2077 2081/2081 2108/2108
f 2108/2108 2030/2030 2109/2109
f 2077/2077 2108/2108 2109/2109
f 2030/2030 2032/2032 2109/2109
f 2098/2098 2097/2097 2095/2095
f 2095/2095 2030/2030 2098/2098
f 2097/2097 2098/2098 2099/2099
f 2096/2096 2097/2097 2099/2099
f 2075/2075 2078/2078 2079/2079
f 2078/2078 2043/2043 2044/2044
f 2080/2080 2076/2076 2079/2079
f 2080/2080 2079/2079 2078/2078
f 2080/2080 2078/2078 2044/2044
f 2076/2076 2080/2080 2082/2082
f 2089/2089 2101/2101 2103/2103
f 2064/2064 2067/2067 2113/2113
f 2062/2062 2064/2064 2113/2113
f 2112/2112 2114/2114 2113/2113
f 2062/2062 2113/2113 2114/2114
f 2111/2111 2114/2114 2112/2112
f 2106/2106 2103/2103 2104/2104
f 2106/2106 2104/2104 2105/2105
f 2106/2106 2089/2089 2103/2103
f 2100/2100 2106/2106 2105/2105
f 2088/2088 2092/2092 2091/2091
f 2092/2092 2088/2088 2037/2037
f 2093/2093 2091/2091 2092/2092
f 2091/2091 2093/2093 2089/2089
f 2037/2037 2094/2094 2092/2092
f 2093/2093 2092/2092 2094/2094
f 2030/2030 2108/2108 2107/2107
f 2044/2044 2038/2038 2045/2045
f 2038/2038 2037/2037 2045/2045
f 2043/2043 2046/2046 2041/2041
f 2046/2046 2042/2042 2041/2041
f 2042/2042 2027/2027 2036/2036
f 2017/2017 2019/2019 2022/2022
f 2019/2019 2017/2017 2023/2023
f 2048/2048 2021/2021 2047/2047
f 2047/2047 2046/2046 2048/2048
f 2021/2021 2048/2048 2018/2018
f 2048/2048 2025/2025 2018/2018
f 2029/2029 2026/2026 2023/2023
f 2024/2024 2030/2030 2029/2029
f 2030/2030 2024/2024 2032/2032
f 2110/2110 2073/2073 2109/2109
f 2032/2032 2110/2110 2109/2109
f 2073/2073 2110/2110 2071/2071
f 2030/2030 2100/2100 2098/2098
f 2100/2100 2099/2099 2098/2098
f 2096/2096 2101/2101 2093/2093
f 2093/2093 2101/2101 2089/2089
f 2101/2101 2096/2096 2102/2102
f 2102/2102 2096/2096 2099/2099
f 2112/2112 2113/2113 2067/2067
f 2026/2026 2029/2029 2033/2033
f 2029/2029 2030/2030 2033/2033
f 2034/2034 2028/2028 2026/2026
f 2028/2028 2034/2034 2035/2035
f 2037/2037 2026/2026 2033/2033
f 2034/2034 2040/2040 2039/2039
f 2041/2041 2035/2035 2039/2039
f 2035/2035 2041/2041 2042/2042
f 2040/2040 2043/2043 2039/2039
f 2106/2106 2087/2087 2089/2089
f 2107/2107 2106/2106 2100/2100
f 2087/2087 2106/2106 2107/2107
f 2107/2107 2100/2100 2030/2030
f 2107/2107 2084/2084 2087/2087
f 2108/2108 2084/2084 2107/2107
f 2073/2073 2077/2077 2109/2109
f 2024/2024 2023/2023 2017/2017
f 2019/2019 2023/2023 2026/2026
f 2026/2026 2028/2028 2019/2019
f 2024/2024 2029/2029 2023/2023
f 2114/2114 2111/2111 2115/2115
f 2058/2058 2114/2114 2115/2115
f 2111/2111 2058/2058 2115/2115
f 2126/2126 2119/2119 2127/2127
f 2116/2116 2117/2117 2118/2118
f 2118/2118 2119/2119 2116/2116
f 2117/2117 2116/2116 2120/2120
f 2125/2125 2123/2123 2120/2120
f 2120/2120 2124/2124 2125/2125
f 2128/2128 2126/2126 2127/2127
f 2124/2124 2122/2122 2129/2129
f 2169/2169 2173/2173 2171/2171
f 2163/2163 2166/2166 2168/2168
f 2167/2167 2163/2163 2168/2168
f 2151/2151 2156/2156 2159/2159
f 2154/2154 2151/2151 2159/2159
f 2156/2156 2158/2158 2160/2160
f 2160/2160 2158/2158 2154/2154
f 2159/2159 2156/2156 2160/2160
f 2160/2160 2154/2154 2159/2159
f 2143/2143 2153/2153 2152/2152
f 2151/2151 2154/2154 2147/2147
f 2132/2132 2147/2147 2154/2154
f 2153/2153 2143/2143 2155/2155
f 2143/2143 2125/2125 2155/2155
f 2124/2124 2155/2155 2125/2125
f 2156/2156 2152/2152 2153/2153
f 2173/2173 2190/2190 2193/2193
f 2190/2190 2192/2192 2193/2193
f 2173/2173 2193/2193 2194/2194
f 2155/2155 2124/2124 2157/2157
f 2156/2156 2155/2155 2157/2157
f 2124/2124 2158/2158 2157/2157
f 2158/2158 2156/2156 2157/2157
f 2124/2124 2129/2129 2158/2158
f 2132/2132 2158/2158 2129/2129
f 2158/2158 2132/2132 2154/2154
f 2135/2135 2136/2136 2145/2145
f 2138/2138 2144/2144 2146/2146
f 2145/2145 2138/2138 2146/2146
f 2135/2135 2145/2145 2147/2147
f 2132/2132 2135/2135 2147/2147
f 2148/2148 2145/2145 2146/2146
f 2148/2148 2147/2147 2145/2145
f 2168/2168 2166/2166 2186/2186
f 2186/2186 2170/2170 2168/2168
f 2186/2186 2185/2185 2187/2187
f 2149/2149 2144/2144 2150/2150
f 2143/2143 2150/2150 2144/2144
f 2149/2149 2151/2151 2148/2148
f 2147/2147 2148/2148 2151/2151
f 2152/2152 2149/2149 2150/2150
f 2150/2150 2143/2143 2152/2152
f 2152/2152 2151/2151 2149/2149
f 2138/2138 2136/2136 2133/2133
f 2138/2138 2133/2133 2137/2137
f 2134/2134 2139/2139 2137/2137
f 2139/2139 2138/2138 2137/2137
f 2139/2139 2134/2134 2140/2140
f 2121/2121 2139/2139 2140/2140
f 2123/2123 2139/2139 2121/2121
f 2155/2155 2156/2156 2153/2153
f 2156/2156 2151/2151 2152/2152
f 2189/2189 2192/2192 2191/2191
f 2190/2190 2191/2191 2192/2192
f 2189/2189 2184/2184 2192/2192
f 2177/2177 2175/2175 2178/2178
f 2176/2176 2179/2179 2178/2178
f 2179/2179 2177/2177 2178/2178
f 2142/2142 2143/2143 2141/2141
f 2125/2125 2143/2143 2142/2142
f 2138/2138 2141/2141 2144/2144
f 2141/2141 2143/2143 2144/2144
f 2138/2138 2145/2145 2136/2136
f 2131/2131 2130/2130 2128/2128
f 2129/2129 2126/2126 2132/2132
f 2130/2130 2131/2131 2133/2133
f 2134/2134 2133/2133 2131/2131
f 2126/2126 2130/2130 2135/2135
f 2126/2126 2135/2135 2132/2132
f 2130/2130 2133/2133 2136/2136
f 2126/2126 2129/2129 2122/2122
f 2126/2126 2128/2128 2130/2130
f 2146/2146 2144/2144 2149/2149
f 2148/2148 2146/2146 2149/2149
f 2194/2194 2176/2176 2173/2173
f 2179/2179 2176/2176 2194/2194
f 2192/2192 2184/2184 2195/2195
f 2184/2184 2179/2179 2195/2195
f 2194/2194 2192/2192 2196/2196
f 2196/2196 2179/2179 2194/2194
f 2192/2192 2195/2195 2196/2196
f 2184/2184 2185/2185 2182/2182
f 2166/2166 2183/2183 2186/2186
f 2185/2185 2186/2186 2183/2183
f 2118/2118 2169/2169 2171/2171
f 2167/2167 2172/2172 2169/2169
f 2172/2172 2167/2167 2170/2170
f 2187/2187 2188/2188 2186/2186
f 2189/2189 2187/2187 2185/2185
f 2188/2188 2187/2187 2189/2189
f 2189/2189 2185/2185 2184/2184
f 2190/2190 2170/2170 2188/2188
f 2170/2170 2190/2190 2172/2172
f 2190/2190 2173/2173 2172/2172
f 2175/2175 2177/2177 2164/2164
f 2165/2165 2164/2164 2177/2177
f 2176/2176 2178/2178 2175/2175
f 2161/2161 2140/2140 2134/2134
f 2161/2161 2131/2131 2162/2162
f 2170/2170 2186/2186 2188/2188
f 2192/2192 2194/2194 2193/2193
f 2177/2177 2179/2179 2180/2180
f 2165/2165 2180/2180 2181/2181
f 2181/2181 2166/2166 2165/2165
f 2181/2181 2180/2180 2182/2182
f 2166/2166 2181/2181 2183/2183
f 2182/2182 2180/2180 2184/2184
f 2180/2180 2179/2179 2184/2184
f 2179/2179 2196/2196 2195/2195
f 2167/2167 2169/2169 2117/2117
f 2169/2169 2118/2118 2117/2117
f 2168/2168 2170/2170 2167/2167
f 2130/2130 2136/2136 2135/2135
f 2133/2133 2134/2134 2137/2137
f 2128/2128 2162/2162 2131/2131
f 2140/2140 2161/2161 2163/2163
f 2162/2162 2128/2128 2164/2164
f 2180/2180 2165/2165 2177/2177
f 2173/2173 2169/2169 2172/2172
f 2174/2174 2118/2118 2171/2171
f 2174/2174 2171/2171 2173/2173
f 2118/2118 2174/2174 2119/2119
f 2174/2174 2127/2127 2119/2119
f 2127/2127 2174/2174 2175/2175
f 2164/2164 2127/2127 2175/2175
f 2191/2191 2188/2188 2189/2189
f 2190/2190 2188/2188 2191/2191
f 2131/2131 2161/2161 2134/2134
f 2123/2123 2141/2141 2139/2139
f 2138/2138 2139/2139 2141/2141
f 2141/2141 2123/2123 2142/2142
f 2125/2125 2142/2142 2123/2123
f 2120/2120 2121/2121 2117/2117
f 2119/2119 2126/2126 2122/2122
f 2127/2127 2164/2164 2128/2128
f 2161/2161 2162/2162 2165/2165
f 2164/2164 2165/2165 2162/2162
f 2166/2166 2163/2163 2161/2161
f 2165/2165 2166/2166 2161/2161
f 2167/2167 2140/2140 2163/2163
f 2140/2140 2167/2167 2121/2121
f 2117/2117 2121/2121 2167/2167
f 2185/2185 2181/2181 2182/2182
f 2185/2185 2183/2183 2181/2181
f 2176/2176 2175/2175 2174/2174
f 2174/2174 2173/2173 2176/2176
f 2122/2122 2124/2124 2116/2116
f 2120/2120 2116/2116 2124/2124
f 2121/2121 2120/2120 2123/2123
f 2116/2116 2119/2119 2122/2122
f 2247/2247 2264/2264 2267/2267
f 2250/2250 2254/2254 2252/2252
f 2253/2253 2248/2248 2251/2251
f 2248/2248 2253/2253 2250/2250
f 2273/2273 2276/2276 2277/2277
f 2277/2277 2260/2260 2275/2275
f 2275/2275 2273/2273 2277/2277
f 2265/2265 2260/2260 2276/2276
f 2273/2273 2265/2265 2276/2276
f 2260/2260 2257/2257 2275/2275
f 2275/2275 2257/2257 2254/2254
f 2273/2273 2275/2275 2274/2274
f 2254/2254 2274/2274 2275/2275
f 2271/2271 2273/2273 2274/2274
f 2212/2212 2242/2242 2215/2215
f 2248/2248 2250/2250 2198/2198
f 2248/2248 2244/2244 2249/2249
f 2242/2242 2243/2243 2246/2246
f 2256/2256 2258/2258 2245/2245
f 2255/2255 2254/2254 2257/2257
f 2254/2254 2250/2250 2253/2253
f 2265/2265 2266/2266 2263/2263
f 2266/2266 2264/2264 2262/2262
f 2244/2244 2247/2247 2249/2249
f 2198/2198 2202/2202 2248/2248
f 2240/2240 2248/2248 2202/2202
f 2248/2248 2240/2240 2244/2244
f 2246/2246 2247/2247 2242/2242
f 2247/2247 2244/2244 2242/2242
f 2245/2245 2246/2246 2243/2243
f 2260/2260 2258/2258 2259/2259
f 2209/2209 2243/2243 2212/2212
f 2242/2242 2212/2212 2243/2243
f 2242/2242 2240/2240 2215/2215
f 2270/2270 2273/2273 2272/2272
f 2271/2271 2269/2269 2272/2272
f 2257/2257 2256/2256 2255/2255
f 2245/2245 2208/2208 2256/2256
f 2208/2208 2255/2255 2256/2256
f 2255/2255 2208/2208 2200/2200
f 2199/2199 2255/2255 2200/2200
f 2255/2255 2252/2252 2254/2254
f 2255/2255 2199/2199 2252/2252
f 2198/2198 2197/2197 2201/2201
f 2199/2199 2200/2200 2197/2197
f 2249/2249 2247/2247 2267/2267
f 2199/2199 2250/2250 2252/2252
f 2249/2249 2251/2251 2248/2248
f 2250/2250 2199/2199 2198/2198
f 2266/2266 2262/2262 2263/2263
f 2261/2261 2260/2260 2265/2265
f 2263/2263 2261/2261 2265/2265
f 2247/2247 2262/2262 2264/2264
f 2262/2262 2261/2261 2263/2263
f 2262/2262 2247/2247 2246/2246
f 2246/2246 2261/2261 2262/2262
f 2258/2258 2260/2260 2261/2261
f 2261/2261 2246/2246 2258/2258
f 2211/2211 2212/2212 2214/2214
f 2210/2210 2207/2207 2213/2213
f 2201/2201 2205/2205 2206/2206
f 2206/2206 2204/2204 2201/2201
f 2203/2203 2205/2205 2197/2197
f 2201/2201 2197/2197 2205/2205
f 2202/2202 2201/2201 2204/2204
f 2197/2197 2200/2200 2203/2203
f 2201/2201 2202/2202 2198/2198
f 2224/2224 2205/2205 2222/2222
f 2223/2223 2217/2217 2214/2214
f 2197/2197 2198/2198 2199/2199
f 2217/2217 2218/2218 2216/2216
f 2218/2218 2213/2213 2216/2216
f 2211/2211 2214/2214 2217/2217
f 2211/2211 2217/2217 2216/2216
f 2207/2207 2216/2216 2213/2213
f 2207/2207 2211/2211 2216/2216
f 2215/2215 2214/2214 2212/2212
f 2232/2232 2228/2228 2230/2230
f 2225/2225 2231/2231 2229/2229
f 2212/2212 2211/2211 2209/2209
f 2207/2207 2209/2209 2211/2211
f 2207/2207 2210/2210 2203/2203
f 2205/2205 2203/2203 2210/2210
f 2209/2209 2207/2207 2208/2208
f 2207/2207 2200/2200 2208/2208
f 2200/2200 2207/2207 2203/2203
f 2227/2227 2225/2225 2226/2226
f 2226/2226 2219/2219 2227/2227
f 2225/2225 2220/2220 2226/2226
f 2226/2226 2220/2220 2219/2219
f 2225/2225 2224/2224 2222/2222
f 2220/2220 2225/2225 2222/2222
f 2205/2205 2224/2224 2206/2206
f 2238/2238 2236/2236 2235/2235
f 2206/2206 2237/2237 2204/2204
f 2223/2223 2221/2221 2217/2217
f 2205/2205 2220/2220 2222/2222
f 2218/2218 2217/2217 2221/2221
f 2205/2205 2210/2210 2220/2220
f 2210/2210 2219/2219 2220/2220
f 2213/2213 2218/2218 2219/2219
f 2219/2219 2210/2210 2213/2213
f 2232/2232 2235/2235 2234/2234
f 2233/2233 2235/2235 2232/2232
f 2231/2231 2232/2232 2234/2234
f 2221/2221 2223/2223 2233/2233
f 2230/2230 2233/2233 2232/2232
f 2230/2230 2221/2221 2233/2233
f 2231/2231 2228/2228 2232/2232
f 2206/2206 2236/2236 2237/2237
f 2236/2236 2206/2206 2224/2224
f 2218/2218 2230/2230 2228/2228
f 2224/2224 2225/2225 2229/2229
f 2228/2228 2219/2219 2218/2218
f 2228/2228 2225/2225 2227/2227
f 2219/2219 2228/2228 2227/2227
f 2202/2202 2239/2239 2240/2240
f 2204/2204 2239/2239 2202/2202
f 2223/2223 2239/2239 2238/2238
f 2204/2204 2238/2238 2239/2239
f 2223/2223 2238/2238 2235/2235
f 2238/2238 2204/2204 2237/2237
f 2237/2237 2236/2236 2238/2238
f 2229/2229 2236/2236 2224/2224
f 2236/2236 2229/2229 2231/2231
f 2236/2236 2234/2234 2235/2235
f 2234/2234 2236/2236 2231/2231
f 2223/2223 2235/2235 2233/2233
f 2225/2225 2228/2228 2231/2231
f 2230/2230 2218/2218 2221/2221
f 2214/2214 2215/2215 2241/2241
f 2223/2223 2214/2214 2241/2241
f 2215/2215 2239/2239 2241/2241
f 2239/2239 2223/2223 2241/2241
f 2239/2239 2215/2215 2240/2240
f 2257/2257 2260/2260 2259/2259
f 2208/2208 2245/2245 2209/2209
f 2243/2243 2209/2209 2245/2245
f 2240/2240 2242/2242 2244/2244
f 2271/2271 2254/2254 2253/2253
f 2251/2251 2271/2271 2253/2253
f 2271/2271 2251/2251 2269/2269
f 2270/2270 2266/2266 2265/2265
f 2269/2269 2268/2268 2270/2270
f 2270/2270 2268/2268 2266/2266
f 2268/2268 2269/2269 2267/2267
f 2251/2251 2267/2267 2269/2269
f 2267/2267 2266/2266 2268/2268
f 2267/2267 2251/2251 2249/2249
f 2266/2266 2267/2267 2264/2264
f 2254/2254 2271/2271 2274/2274
f 2270/2270 2265/2265 2273/2273
f 2258/2258 2256/2256 2259/2259
f 2271/2271 2272/2272 2273/2273
f 2260/2260 2277/2277 2276/2276
f 2257/2257 2259/2259 2256/2256
f 2272/2272 2269/2269 2270/2270
f 2246/2246 2245/2245 2258/2258
f 2338/2338 2292/2292 2291/2291
f 2326/2326 2338/2338 2291/2291
f 2323/2323 2287/2287 2281/2281
f 2311/2311 2295/2295 2309/2309
f 2308/2308 2312/2312 2310/2310
f 2324/2324 2291/2291 2287/2287
f 2280/2280 2325/2325 2323/2323
f 2291/2291 2324/2324 2326/2326
f 2280/2280 2327/2327 2325/2325
f 2327/2327 2280/2280 2279/2279
f 2325/2325 2328/2328 2323/2323
f 2324/2324 2323/2323 2328/2328
f 2327/2327 2329/2329 2325/2325
f 2328/2328 2325/2325 2329/2329
f 2279/2279 2330/2330 2327/2327
f 2330/2330 2279/2279 2283/2283
f 2283/2283 2299/2299 2330/2330
f 2329/2329 2327/2327 2331/2331
f 2318/2318 2288/2288 2289/2289
f 2285/2285 2304/2304 2303/2303
f 2304/2304 2285/2285 2282/2282
f 2318/2318 2319/2319 2316/2316
f 2319/2319 2317/2317 2312/2312
f 2319/2319 2318/2318 2296/2296
f 2317/2317 2319/2319 2320/2320
f 2320/2320 2311/2311 2317/2317
f 2296/2296 2321/2321 2319/2319
f 2319/2319 2321/2321 2320/2320
f 2321/2321 2296/2296 2300/2300
f 2322/2322 2311/2311 2320/2320
f 2320/2320 2321/2321 2322/2322
f 2321/2321 2300/2300 2322/2322
f 2295/2295 2311/2311 2322/2322
f 2295/2295 2322/2322 2300/2300
f 2310/2310 2311/2311 2307/2307
f 2290/2290 2293/2293 2286/2286
f 2290/2290 2292/2292 2294/2294
f 2312/2312 2311/2311 2310/2310
f 2308/2308 2306/2306 2313/2313
f 2312/2312 2308/2308 2313/2313
f 2313/2313 2306/2306 2314/2314
f 2314/2314 2312/2312 2313/2313
f 2305/2305 2314/2314 2306/2306
f 2312/2312 2314/2314 2315/2315
f 2314/2314 2305/2305 2315/2315
f 2316/2316 2312/2312 2315/2315
f 2305/2305 2316/2316 2315/2315
f 2311/2311 2312/2312 2317/2317
f 2316/2316 2305/2305 2318/2318
f 2305/2305 2288/2288 2318/2318
f 2301/2301 2303/2303 2302/2302
f 2278/2278 2279/2279 2280/2280
f 2281/2281 2278/2278 2280/2280
f 2282/2282 2288/2288 2304/2304
f 2305/2305 2303/2303 2304/2304
f 2288/2288 2305/2305 2304/2304
f 2306/2306 2302/2302 2303/2303
f 2303/2303 2305/2305 2306/2306
f 2297/2297 2302/2302 2307/2307
f 2307/2307 2294/2294 2297/2297
f 2302/2302 2306/2306 2308/2308
f 2308/2308 2307/2307 2302/2302
f 2294/2294 2307/2307 2309/2309
f 2295/2295 2294/2294 2309/2309
f 2307/2307 2308/2308 2310/2310
f 2309/2309 2307/2307 2311/2311
f 2293/2293 2290/2290 2295/2295
f 2294/2294 2295/2295 2290/2290
f 2289/2289 2293/2293 2296/2296
f 2292/2292 2297/2297 2294/2294
f 2297/2297 2292/2292 2298/2298
f 2299/2299 2297/2297 2298/2298
f 2293/2293 2300/2300 2296/2296
f 2298/2298 2332/2332 2299/2299
f 2339/2339 2349/2349 2343/2343
f 2349/2349 2347/2347 2343/2343
f 2339/2339 2341/2341 2349/2349
f 2348/2348 2347/2347 2350/2350
f 2334/2334 2348/2348 2350/2350
f 2347/2347 2349/2349 2351/2351
f 2351/2351 2350/2350 2347/2347
f 2349/2349 2352/2352 2351/2351
f 2350/2350 2351/2351 2352/2352
f 2353/2353 2349/2349 2341/2341
f 2353/2353 2341/2341 2338/2338
f 2338/2338 2326/2326 2353/2353
f 2352/2352 2349/2349 2354/2354
f 2336/2336 2337/2337 2339/2339
f 2280/2280 2323/2323 2281/2281
f 2293/2293 2295/2295 2300/2300
f 2297/2297 2299/2299 2301/2301
f 2299/2299 2283/2283 2301/2301
f 2285/2285 2301/2301 2283/2283
f 2302/2302 2297/2297 2301/2301
f 2303/2303 2301/2301 2285/2285
f 2340/2340 2343/2343 2345/2345
f 2340/2340 2345/2345 2344/2344
f 2335/2335 2344/2344 2346/2346
f 2346/2346 2334/2334 2335/2335
f 2347/2347 2344/2344 2345/2345
f 2344/2344 2347/2347 2346/2346
f 2330/2330 2331/2331 2327/2327
f 2318/2318 2289/2289 2296/2296
f 2312/2312 2316/2316 2319/2319
f 2331/2331 2330/2330 2333/2333
f 2332/2332 2333/2333 2330/2330
f 2331/2331 2334/2334 2329/2329
f 2329/2329 2334/2334 2328/2328
f 2333/2333 2335/2335 2331/2331
f 2334/2334 2331/2331 2335/2335
f 2333/2333 2332/2332 2336/2336
f 2288/2288 2284/2284 2289/2289
f 2287/2287 2290/2290 2286/2286
f 2287/2287 2291/2291 2290/2290
f 2292/2292 2290/2290 2291/2291
f 2349/2349 2353/2353 2354/2354
f 2338/2338 2339/2339 2337/2337
f 2340/2340 2333/2333 2336/2336
f 2278/2278 2282/2282 2279/2279
f 2282/2282 2283/2283 2279/2279
f 2278/2278 2281/2281 2284/2284
f 2282/2282 2285/2285 2283/2283
f 2286/2286 2284/2284 2281/2281
f 2281/2281 2287/2287 2286/2286
f 2284/2284 2288/2288 2278/2278
f 2288/2288 2282/2282 2278/2278
f 2286/2286 2289/2289 2284/2284
f 2324/2324 2328/2328 2355/2355
f 2354/2354 2356/2356 2352/2352
f 2350/2350 2352/2352 2356/2356
f 2354/2354 2355/2355 2357/2357
f 2356/2356 2354/2354 2357/2357
f 2328/2328 2357/2357 2355/2355
f 2357/2357 2350/2350 2356/2356
f 2357/2357 2328/2328 2358/2358
f 2350/2350 2357/2357 2358/2358
f 2334/2334 2358/2358 2328/2328
f 2334/2334 2350/2350 2358/2358
f 2334/2334 2346/2346 2348/2348
f 2347/2347 2348/2348 2346/2346
f 2289/2289 2286/2286 2293/2293
f 2326/2326 2355/2355 2353/2353
f 2355/2355 2354/2354 2353/2353
f 2355/2355 2326/2326 2324/2324
f 2345/2345 2343/2343 2347/2347
f 2332/2332 2330/2330 2299/2299
f 2287/2287 2323/2323 2324/2324
f 2339/2339 2338/2338 2341/2341
f 2333/2333 2340/2340 2342/2342
f 2335/2335 2333/2333 2342/2342
f 2343/2343 2336/2336 2339/2339
f 2336/2336 2343/2343 2340/2340
f 2344/2344 2335/2335 2342/2342
f 2344/2344 2342/2342 2340/2340
f 2332/2332 2298/2298 2337/2337
f 2337/2337 2336/2336 2332/2332
f 2298/2298 2338/2338 2337/2337
f 2338/2338 2298/2298 2292/2292
f 2435/2435 2422/2422 2423/2423
f 2433/2433 2434/2434 2436/2436
f 2434/2434 2435/2435 2437/2437
f 2434/2434 2437/2437 2436/2436
f 2423/2423 2437/2437 2435/2435
f 2367/2367 2366/2366 2363/2363
f 2359/2359 2367/2367 2363/2363
f 2433/2433 2438/2438 2416/2416
f 2424/2424 2421/2421 2425/2425
f 2407/2407 2408/2408 2410/2410
f 2414/2414 2433/2433 2416/2416
f 2434/2434 2430/2430 2432/2432
f 2432/2432 2431/2431 2434/2434
f 2433/2433 2430/2430 2434/2434
f 2422/2422 2435/2435 2431/2431
f 2435/2435 2434/2434 2431/2431
f 2438/2438 2418/2418 2416/2416
f 2426/2426 2408/2408 2424/2424
f 2362/2362 2386/2386 2385/2385
f 2362/2362 2385/2385 2365/2365
f 2385/2385 2382/2382 2387/2387
f 2379/2379 2401/2401 2397/2397
f 2402/2402 2400/2400 2399/2399
f 2387/2387 2388/2388 2385/2385
f 2364/2364 2368/2368 2369/2369
f 2367/2367 2371/2371 2366/2366
f 2371/2371 2368/2368 2366/2366
f 2367/2367 2359/2359 2372/2372
f 2365/2365 2372/2372 2359/2359
f 2367/2367 2373/2373 2371/2371
f 2372/2372 2373/2373 2367/2367
f 2368/2368 2371/2371 2374/2374
f 2372/2372 2365/2365 2375/2375
f 2370/2370 2368/2368 2376/2376
f 2439/2439 2438/2438 2437/2437
f 2423/2423 2418/2418 2439/2439
f 2418/2418 2438/2438 2439/2439
f 2414/2414 2430/2430 2433/2433
f 2389/2389 2393/2393 2390/2390
f 2393/2393 2392/2392 2390/2390
f 2393/2393 2389/2389 2394/2394
f 2394/2394 2389/2389 2384/2384
f 2407/2407 2405/2405 2408/2408
f 2409/2409 2361/2361 2407/2407
f 2395/2395 2391/2391 2392/2392
f 2377/2377 2376/2376 2380/2380
f 2376/2376 2381/2381 2380/2380
f 2382/2382 2377/2377 2380/2380
f 2381/2381 2382/2382 2380/2380
f 2377/2377 2382/2382 2383/2383
f 2384/2384 2381/2381 2378/2378
f 2378/2378 2379/2379 2384/2384
f 2385/2385 2383/2383 2382/2382
f 2383/2383 2385/2385 2386/2386
f 2437/2437 2423/2423 2439/2439
f 2372/2372 2391/2391 2400/2400
f 2391/2391 2399/2399 2400/2400
f 2373/2373 2372/2372 2400/2400
f 2399/2399 2397/2397 2401/2401
f 2415/2415 2413/2413 2416/2416
f 2416/2416 2411/2411 2414/2414
f 2399/2399 2401/2401 2402/2402
f 2365/2365 2388/2388 2375/2375
f 2370/2370 2369/2369 2368/2368
f 2381/2381 2384/2384 2389/2389
f 2390/2390 2388/2388 2387/2387
f 2387/2387 2389/2389 2390/2390
f 2391/2391 2375/2375 2388/2388
f 2391/2391 2372/2372 2375/2375
f 2388/2388 2390/2390 2392/2392
f 2391/2391 2388/2388 2392/2392
f 2405/2405 2361/2361 2360/2360
f 2406/2406 2404/2404 2369/2369
f 2361/2361 2405/2405 2407/2407
f 2404/2404 2408/2408 2405/2405
f 2422/2422 2419/2419 2423/2423
f 2421/2421 2424/2424 2408/2408
f 2361/2361 2409/2409 2362/2362
f 2396/2396 2394/2394 2384/2384
f 2381/2381 2376/2376 2378/2378
f 2384/2384 2379/2379 2396/2396
f 2395/2395 2396/2396 2397/2397
f 2396/2396 2379/2379 2397/2397
f 2391/2391 2395/2395 2398/2398
f 2397/2397 2398/2398 2395/2395
f 2391/2391 2398/2398 2399/2399
f 2398/2398 2397/2397 2399/2399
f 2377/2377 2383/2383 2415/2415
f 2415/2415 2370/2370 2377/2377
f 2411/2411 2416/2416 2413/2413
f 2431/2431 2429/2429 2428/2428
f 2428/2428 2422/2422 2431/2431
f 2370/2370 2415/2415 2417/2417
f 2373/2373 2400/2400 2402/2402
f 2389/2389 2387/2387 2381/2381
f 2403/2403 2402/2402 2401/2401
f 2402/2402 2403/2403 2373/2373
f 2371/2371 2403/2403 2379/2379
f 2373/2373 2403/2403 2371/2371
f 2404/2404 2360/2360 2364/2364
f 2364/2364 2369/2369 2404/2404
f 2360/2360 2404/2404 2405/2405
f 2419/2419 2422/2422 2420/2420
f 2422/2422 2421/2421 2420/2420
f 2418/2418 2423/2423 2419/2419
f 2433/2433 2436/2436 2438/2438
f 2437/2437 2438/2438 2436/2436
f 2421/2421 2422/2422 2425/2425
f 2409/2409 2386/2386 2362/2362
f 2396/2396 2395/2395 2394/2394
f 2409/2409 2407/2407 2410/2410
f 2386/2386 2409/2409 2411/2411
f 2411/2411 2383/2383 2386/2386
f 2409/2409 2410/2410 2412/2412
f 2383/2383 2411/2411 2413/2413
f 2414/2414 2409/2409 2412/2412
f 2409/2409 2414/2414 2411/2411
f 2413/2413 2415/2415 2383/2383
f 2418/2418 2417/2417 2415/2415
f 2415/2415 2416/2416 2418/2418
f 2406/2406 2417/2417 2419/2419
f 2418/2418 2419/2419 2417/2417
f 2406/2406 2419/2419 2420/2420
f 2421/2421 2406/2406 2420/2420
f 2406/2406 2421/2421 2404/2404
f 2408/2408 2404/2404 2421/2421
f 2428/2428 2429/2429 2427/2427
f 2430/2430 2410/2410 2426/2426
f 2429/2429 2430/2430 2426/2426
f 2410/2410 2430/2430 2412/2412
f 2430/2430 2414/2414 2412/2412
f 2430/2430 2429/2429 2432/2432
f 2417/2417 2369/2369 2370/2370
f 2401/2401 2379/2379 2403/2403
f 2408/2408 2426/2426 2410/2410
f 2427/2427 2424/2424 2425/2425
f 2427/2427 2426/2426 2424/2424
f 2427/2427 2425/2425 2428/2428
f 2425/2425 2422/2422 2428/2428
f 2426/2426 2427/2427 2429/2429
f 2431/2431 2432/2432 2429/2429
f 2369/2369 2417/2417 2406/2406
f 2370/2370 2376/2376 2377/2377
f 2378/2378 2368/2368 2374/2374
f 2392/2392 2393/2393 2395/2395
f 2395/2395 2393/2393 2394/2394
f 2379/2379 2378/2378 2374/2374
f 2359/2359 2360/2360 2361/2361
f 2362/2362 2359/2359 2361/2361
f 2359/2359 2363/2363 2360/2360
f 2363/2363 2364/2364 2360/2360
f 2359/2359 2362/2362 2365/2365
f 2364/2364 2363/2363 2366/2366
f 2382/2382 2381/2381 2387/2387
f 2365/2365 2385/2385 2388/2388
f 2368/2368 2364/2364 2366/2366
f 2368/2368 2378/2378 2376/2376
f 2374/2374 2371/2371 2379/2379
f 2451/2451 2450/2450 2449/2449
f 2446/2446 2469/2469 2456/2456
f 2468/2468 2469/2469 2466/2466
f 2448/2448 2447/2447 2444/2444
f 2440/2440 2448/2448 2444/2444
f 2445/2445 2444/2444 2447/2447
f 2440/2440 2443/2443 2446/2446
f 2444/2444 2445/2445 2441/2441
f 2467/2467 2490/2490 2492/2492
f 2489/2489 2507/2507 2491/2491
f 2508/2508 2505/2505 2506/2506
f 2499/2499 2519/2519 2520/2520
f 2504/2504 2499/2499 2520/2520
f 2520/2520 2519/2519 2518/2518
f 2518/2518 2504/2504 2520/2520
f 2518/2518 2519/2519 2517/2517
f 2514/2514 2517/2517 2519/2519
f 2504/2504 2518/2518 2516/2516
f 2489/2489 2485/2485 2502/2502
f 2487/2487 2502/2502 2485/2485
f 2502/2502 2487/2487 2501/2501
f 2487/2487 2500/2500 2501/2501
f 2499/2499 2500/2500 2498/2498
f 2487/2487 2498/2498 2500/2500
f 2445/2445 2449/2449 2450/2450
f 2449/2449 2445/2445 2447/2447
f 2511/2511 2491/2491 2507/2507
f 2509/2509 2510/2510 2508/2508
f 2507/2507 2508/2508 2510/2510
f 2506/2506 2503/2503 2509/2509
f 2508/2508 2506/2506 2509/2509
f 2508/2508 2507/2507 2505/2505
f 2483/2483 2484/2484 2454/2454
f 2499/2499 2498/2498 2496/2496
f 2515/2515 2511/2511 2513/2513
f 2495/2495 2514/2514 2497/2497
f 2495/2495 2511/2511 2514/2514
f 2509/2509 2503/2503 2512/2512
f 2512/2512 2510/2510 2509/2509
f 2511/2511 2495/2495 2493/2493
f 2491/2491 2511/2511 2493/2493
f 2510/2510 2511/2511 2507/2507
f 2494/2494 2496/2496 2464/2464
f 2490/2490 2495/2495 2492/2492
f 2495/2495 2490/2490 2493/2493
f 2464/2464 2492/2492 2494/2494
f 2490/2490 2491/2491 2493/2493
f 2492/2492 2464/2464 2467/2467
f 2515/2515 2518/2518 2517/2517
f 2515/2515 2516/2516 2518/2518
f 2514/2514 2515/2515 2517/2517
f 2516/2516 2503/2503 2504/2504
f 2516/2516 2515/2515 2512/2512
f 2503/2503 2516/2516 2512/2512
f 2496/2496 2497/2497 2499/2499
f 2513/2513 2512/2512 2515/2515
f 2476/2476 2477/2477 2478/2478
f 2490/2490 2488/2488 2491/2491
f 2507/2507 2489/2489 2505/2505
f 2519/2519 2499/2499 2497/2497
f 2514/2514 2519/2519 2497/2497
f 2502/2502 2505/2505 2489/2489
f 2503/2503 2500/2500 2504/2504
f 2499/2499 2504/2504 2500/2500
f 2503/2503 2502/2502 2501/2501
f 2500/2500 2503/2503 2501/2501
f 2486/2486 2442/2442 2441/2441
f 2441/2441 2485/2485 2486/2486
f 2445/2445 2450/2450 2485/2485
f 2485/2485 2441/2441 2445/2445
f 2454/2454 2484/2484 2452/2452
f 2452/2452 2484/2484 2460/2460
f 2471/2471 2469/2469 2468/2468
f 2484/2484 2483/2483 2482/2482
f 2450/2450 2498/2498 2487/2487
f 2512/2512 2513/2513 2510/2510
f 2511/2511 2510/2510 2513/2513
f 2497/2497 2492/2492 2495/2495
f 2496/2496 2494/2494 2497/2497
f 2492/2492 2497/2497 2494/2494
f 2496/2496 2451/2451 2458/2458
f 2458/2458 2464/2464 2496/2496
f 2453/2453 2472/2472 2481/2481
f 2479/2479 2478/2478 2480/2480
f 2472/2472 2479/2479 2480/2480
f 2478/2478 2479/2479 2476/2476
f 2472/2472 2476/2476 2479/2479
f 2477/2477 2460/2460 2478/2478
f 2514/2514 2511/2511 2515/2515
f 2463/2463 2458/2458 2461/2461
f 2465/2465 2460/2460 2477/2477
f 2488/2488 2489/2489 2491/2491
f 2505/2505 2502/2502 2506/2506
f 2502/2502 2503/2503 2506/2506
f 2490/2490 2442/2442 2488/2488
f 2488/2488 2486/2486 2489/2489
f 2485/2485 2489/2489 2486/2486
f 2442/2442 2486/2486 2488/2488
f 2487/2487 2485/2485 2450/2450
f 2470/2470 2474/2474 2471/2471
f 2472/2472 2469/2469 2473/2473
f 2469/2469 2471/2471 2473/2473
f 2472/2472 2453/2453 2456/2456
f 2472/2472 2456/2456 2469/2469
f 2468/2468 2470/2470 2471/2471
f 2452/2452 2449/2449 2447/2447
f 2462/2462 2465/2465 2470/2470
f 2482/2482 2460/2460 2484/2484
f 2498/2498 2450/2450 2451/2451
f 2451/2451 2496/2496 2498/2498
f 2483/2483 2481/2481 2480/2480
f 2460/2460 2482/2482 2478/2478
f 2480/2480 2478/2478 2482/2482
f 2454/2454 2453/2453 2481/2481
f 2472/2472 2480/2480 2481/2481
f 2464/2464 2466/2466 2467/2467
f 2466/2466 2464/2464 2463/2463
f 2459/2459 2460/2460 2465/2465
f 2465/2465 2462/2462 2459/2459
f 2458/2458 2463/2463 2464/2464
f 2462/2462 2463/2463 2461/2461
f 2457/2457 2462/2462 2461/2461
f 2477/2477 2476/2476 2475/2475
f 2490/2490 2467/2467 2443/2443
f 2442/2442 2490/2490 2443/2443
f 2476/2476 2474/2474 2475/2475
f 2473/2473 2474/2474 2476/2476
f 2475/2475 2470/2470 2465/2465
f 2474/2474 2470/2470 2475/2475
f 2474/2474 2473/2473 2471/2471
f 2453/2453 2446/2446 2456/2456
f 2449/2449 2452/2452 2455/2455
f 2453/2453 2454/2454 2448/2448
f 2448/2448 2454/2454 2452/2452
f 2446/2446 2453/2453 2440/2440
f 2448/2448 2440/2440 2453/2453
f 2448/2448 2452/2452 2447/2447
f 2470/2470 2468/2468 2462/2462
f 2454/2454 2481/2481 2483/2483
f 2480/2480 2482/2482 2483/2483
f 2446/2446 2466/2466 2469/2469
f 2463/2463 2462/2462 2468/2468
f 2466/2466 2463/2463 2468/2468
f 2443/2443 2466/2466 2446/2446
f 2443/2443 2467/2467 2466/2466
f 2440/2440 2444/2444 2441/2441
f 2443/2443 2440/2440 2442/2442
f 2440/2440 2441/2441 2442/2442
f 2462/2462 2457/2457 2459/2459
f 2477/2477 2475/2475 2465/2465
f 2476/2476 2472/2472 2473/2473
f 2455/2455 2452/2452 2460/2460
f 2449/2449 2459/2459 2457/2457
f 2459/2459 2449/2449 2455/2455
f 2451/2451 2457/2457 2458/2458
f 2451/2451 2449/2449 2457/2457
f 2458/2458 2457/2457 2461/2461
f 2460/2460 2459/2459 2455/2455
f 2601/2601 2571/2571 2574/2574
f 2574/2574 2581/2581 2601/2601
f 2525/2525 2526/2526 2528/2528
f 2524/2524 2522/2522 2527/2527
f 2526/2526 2525/2525 2521/2521
f 2525/2525 2522/2522 2521/2521
f 2522/2522 2524/2524 2523/2523
f 2521/2521 2522/2522 2523/2523
f 2541/2541 2542/2542 2544/2544
f 2539/2539 2541/2541 2543/2543
f 2534/2534 2532/2532 2533/2533
f 2532/2532 2526/2526 2533/2533
f 2531/2531 2540/2540 2538/2538
f 2537/2537 2539/2539 2536/2536
f 2535/2535 2536/2536 2539/2539
f 2534/2534 2538/2538 2537/2537
f 2537/2537 2536/2536 2534/2534
f 2536/2536 2535/2535 2532/2532
f 2532/2532 2534/2534 2536/2536
f 2535/2535 2528/2528 2532/2532
f 2553/2553 2551/2551 2525/2525
f 2550/2550 2549/2549 2552/2552
f 2532/2532 2528/2528 2526/2526
f 2531/2531 2530/2530 2529/2529
f 2524/2524 2529/2529 2530/2530
f 2529/2529 2524/2524 2527/2527
f 2527/2527 2549/2549 2547/2547
f 2548/2548 2542/2542 2545/2545
f 2529/2529 2527/2527 2547/2547
f 2547/2547 2545/2545 2529/2529
f 2539/2539 2546/2546 2535/2535
f 2546/2546 2539/2539 2543/2543
f 2542/2542 2529/2529 2545/2545
f 2541/2541 2544/2544 2543/2543
f 2550/2550 2556/2556 2559/2559
f 2546/2546 2558/2558 2555/2555
f 2541/2541 2540/2540 2542/2542
f 2529/2529 2542/2542 2540/2540
f 2539/2539 2537/2537 2541/2541
f 2540/2540 2541/2541 2537/2537
f 2531/2531 2529/2529 2540/2540
f 2538/2538 2540/2540 2537/2537
f 2553/2553 2546/2546 2555/2555
f 2551/2551 2555/2555 2554/2554
f 2555/2555 2551/2551 2553/2553
f 2552/2552 2549/2549 2554/2554
f 2551/2551 2554/2554 2549/2549
f 2546/2546 2553/2553 2535/2535
f 2528/2528 2535/2535 2553/2553
f 2525/2525 2528/2528 2553/2553
f 2565/2565 2562/2562 2564/2564
f 2564/2564 2544/2544 2565/2565
f 2551/2551 2522/2522 2525/2525
f 2522/2522 2551/2551 2549/2549
f 2545/2545 2550/2550 2548/2548
f 2549/2549 2550/2550 2547/2547
f 2550/2550 2545/2545 2547/2547
f 2549/2549 2527/2527 2522/2522
f 2548/2548 2559/2559 2562/2562
f 2561/2561 2546/2546 2543/2543
f 2559/2559 2560/2560 2561/2561
f 2546/2546 2561/2561 2560/2560
f 2560/2560 2559/2559 2558/2558
f 2546/2546 2560/2560 2558/2558
f 2559/2559 2548/2548 2550/2550
f 2558/2558 2559/2559 2556/2556
f 2572/2572 2531/2531 2538/2538
f 2538/2538 2570/2570 2572/2572
f 2558/2558 2556/2556 2557/2557
f 2557/2557 2555/2555 2558/2558
f 2556/2556 2554/2554 2557/2557
f 2554/2554 2555/2555 2557/2557
f 2556/2556 2550/2550 2552/2552
f 2556/2556 2552/2552 2554/2554
f 2533/2533 2566/2566 2568/2568
f 2521/2521 2523/2523 2567/2567
f 2566/2566 2521/2521 2567/2567
f 2566/2566 2533/2533 2526/2526
f 2521/2521 2566/2566 2526/2526
f 2542/2542 2548/2548 2565/2565
f 2544/2544 2542/2542 2565/2565
f 2562/2562 2565/2565 2548/2548
f 2577/2577 2580/2580 2579/2579
f 2577/2577 2572/2572 2580/2580
f 2562/2562 2561/2561 2564/2564
f 2544/2544 2564/2564 2563/2563
f 2561/2561 2563/2563 2564/2564
f 2563/2563 2543/2543 2544/2544
f 2543/2543 2563/2563 2561/2561
f 2561/2561 2562/2562 2559/2559
f 2574/2574 2573/2573 2576/2576
f 2575/2575 2530/2530 2531/2531
f 2575/2575 2573/2573 2530/2530
f 2571/2571 2569/2569 2574/2574
f 2573/2573 2574/2574 2569/2569
f 2573/2573 2524/2524 2530/2530
f 2573/2573 2523/2523 2524/2524
f 2523/2523 2573/2573 2569/2569
f 2589/2589 2586/2586 2587/2587
f 2588/2588 2581/2581 2582/2582
f 2569/2569 2571/2571 2567/2567
f 2566/2566 2567/2567 2571/2571
f 2570/2570 2538/2538 2534/2534
f 2533/2533 2570/2570 2534/2534
f 2533/2533 2568/2568 2570/2570
f 2567/2567 2523/2523 2569/2569
f 2600/2600 2598/2598 2601/2601
f 2571/2571 2601/2601 2598/2598
f 2599/2599 2596/2596 2600/2600
f 2596/2596 2598/2598 2600/2600
f 2599/2599 2581/2581 2590/2590
f 2590/2590 2596/2596 2599/2599
f 2572/2572 2570/2570 2584/2584
f 2572/2572 2584/2584 2580/2580
f 2582/2582 2579/2579 2583/2583
f 2580/2580 2583/2583 2579/2579
f 2581/2581 2578/2578 2582/2582
f 2579/2579 2582/2582 2578/2578
f 2574/2574 2576/2576 2581/2581
f 2578/2578 2581/2581 2576/2576
f 2568/2568 2566/2566 2595/2595
f 2595/2595 2593/2593 2594/2594
f 2579/2579 2578/2578 2575/2575
f 2579/2579 2575/2575 2577/2577
f 2576/2576 2575/2575 2578/2578
f 2531/2531 2572/2572 2577/2577
f 2577/2577 2575/2575 2531/2531
f 2575/2575 2576/2576 2573/2573
f 2595/2595 2571/2571 2598/2598
f 2598/2598 2596/2596 2597/2597
f 2595/2595 2598/2598 2597/2597
f 2596/2596 2593/2593 2597/2597
f 2593/2593 2595/2595 2597/2597
f 2590/2590 2592/2592 2596/2596
f 2593/2593 2596/2596 2592/2592
f 2566/2566 2571/2571 2595/2595
f 2568/2568 2595/2595 2594/2594
f 2594/2594 2570/2570 2568/2568
f 2594/2594 2593/2593 2584/2584
f 2594/2594 2584/2584 2570/2570
f 2592/2592 2591/2591 2593/2593
f 2593/2593 2591/2591 2584/2584
f 2592/2592 2590/2590 2589/2589
f 2591/2591 2592/2592 2589/2589
f 2585/2585 2584/2584 2591/2591
f 2589/2589 2585/2585 2591/2591
f 2588/2588 2589/2589 2590/2590
f 2581/2581 2588/2588 2590/2590
f 2585/2585 2589/2589 2587/2587
f 2589/2589 2588/2588 2586/2586
f 2601/2601 2581/2581 2599/2599
f 2600/2600 2601/2601 2599/2599
f 2582/2582 2586/2586 2588/2588
f 2583/2583 2587/2587 2586/2586
f 2587/2587 2583/2583 2585/2585
f 2586/2586 2582/2582 2583/2583
f 2584/2584 2585/2585 2580/2580
f 2583/2583 2580/2580 2585/2585
f 2602/2602 2603/2603 2604/2604
f 2605/2605 2604/2604 2603/2603
f 2604/2604 2606/2606 2602/2602
f 2606/2606 2607/2607 2602/2602
f 2604/2604 2605/2605 2608/2608
f 2607/2607 2606/2606 2609/2609
f 2627/2627 2626/2626 2629/2629
f 2625/2625 2630/2630 2628/2628
f 2630/2630 2625/2625 2622/2622
f 2626/2626 2628/2628 2631/2631
f 2626/2626 2631/2631 2629/2629
f 2628/2628 2630/2630 2632/2632
f 2632/2632 2631/2631 2628/2628
f 2631/2631 2632/2632 2633/2633
f 2636/2636 2622/2622 2646/2646
f 2619/2619 2646/2646 2615/2615
f 2640/2640 2639/2639 2637/2637
f 2639/2639 2614/2614 2610/2610
f 2652/2652 2649/2649 2654/2654
f 2653/2653 2654/2654 2649/2649
f 2626/2626 2608/2608 2623/2623
f 2625/2625 2626/2626 2623/2623
f 2608/2608 2626/2626 2627/2627
f 2616/2616 2608/2608 2627/2627
f 2628/2628 2626/2626 2625/2625
f 2629/2629 2616/2616 2627/2627
f 2620/2620 2618/2618 2617/2617
f 2618/2618 2620/2620 2621/2621
f 2615/2615 2622/2622 2617/2617
f 2623/2623 2621/2621 2620/2620
f 2607/2607 2611/2611 2612/2612
f 2611/2611 2609/2609 2614/2614
f 2614/2614 2606/2606 2610/2610
f 2613/2613 2611/2611 2615/2615
f 2623/2623 2620/2620 2625/2625
f 2625/2625 2617/2617 2622/2622
f 2678/2678 2675/2675 2677/2677
f 2678/2678 2676/2676 2675/2675
f 2673/2673 2679/2679 2677/2677
f 2677/2677 2679/2679 2678/2678
f 2679/2679 2676/2676 2678/2678
f 2679/2679 2673/2673 2672/2672
f 2652/2652 2676/2676 2680/2680
f 2676/2676 2679/2679 2680/2680
f 2681/2681 2652/2652 2680/2680
f 2679/2679 2681/2681 2680/2680
f 2652/2652 2681/2681 2651/2651
f 2667/2667 2651/2651 2681/2681
f 2679/2679 2672/2672 2682/2682
f 2667/2667 2682/2682 2672/2672
f 2671/2671 2666/2666 2669/2669
f 2670/2670 2668/2668 2671/2671
f 2672/2672 2671/2671 2669/2669
f 2669/2669 2667/2667 2672/2672
f 2671/2671 2673/2673 2670/2670
f 2672/2672 2673/2673 2671/2671
f 2670/2670 2674/2674 2662/2662
f 2674/2674 2670/2670 2673/2673
f 2658/2658 2662/2662 2674/2674
f 2656/2656 2658/2658 2674/2674
f 2656/2656 2674/2674 2675/2675
f 2673/2673 2675/2675 2674/2674
f 2676/2676 2656/2656 2675/2675
f 2656/2656 2676/2676 2654/2654
f 2663/2663 2624/2624 2605/2605
f 2603/2603 2663/2663 2605/2605
f 2650/2650 2663/2663 2603/2603
f 2663/2663 2650/2650 2664/2664
f 2651/2651 2664/2664 2650/2650
f 2661/2661 2663/2663 2665/2665
f 2663/2663 2664/2664 2665/2665
f 2661/2661 2665/2665 2666/2666
f 2664/2664 2666/2666 2665/2665
f 2651/2651 2667/2667 2664/2664
f 2666/2666 2664/2664 2667/2667
f 2661/2661 2666/2666 2668/2668
f 2662/2662 2661/2661 2668/2668
f 2667/2667 2669/2669 2666/2666
f 2681/2681 2679/2679 2682/2682
f 2682/2682 2667/2667 2681/2681
f 2653/2653 2618/2618 2655/2655
f 2621/2621 2655/2655 2618/2618
f 2654/2654 2653/2653 2656/2656
f 2655/2655 2621/2621 2657/2657
f 2624/2624 2657/2657 2621/2621
f 2653/2653 2655/2655 2658/2658
f 2653/2653 2658/2658 2656/2656
f 2655/2655 2657/2657 2659/2659
f 2655/2655 2659/2659 2658/2658
f 2657/2657 2624/2624 2660/2660
f 2661/2661 2659/2659 2657/2657
f 2661/2661 2657/2657 2660/2660
f 2658/2658 2659/2659 2662/2662
f 2661/2661 2662/2662 2659/2659
f 2652/2652 2654/2654 2676/2676
f 2675/2675 2673/2673 2677/2677
f 2622/2622 2615/2615 2646/2646
f 2647/2647 2602/2602 2607/2607
f 2607/2607 2612/2612 2647/2647
f 2602/2602 2647/2647 2648/2648
f 2648/2648 2603/2603 2602/2602
f 2647/2647 2612/2612 2649/2649
f 2603/2603 2648/2648 2650/2650
f 2647/2647 2651/2651 2648/2648
f 2651/2651 2650/2650 2648/2648
f 2649/2649 2652/2652 2647/2647
f 2651/2651 2647/2647 2652/2652
f 2612/2612 2653/2653 2649/2649
f 2653/2653 2612/2612 2613/2613
f 2618/2618 2653/2653 2613/2613
f 2670/2670 2662/2662 2668/2668
f 2668/2668 2666/2666 2671/2671
f 2638/2638 2634/2634 2641/2641
f 2614/2614 2639/2639 2642/2642
f 2639/2639 2641/2641 2642/2642
f 2614/2614 2642/2642 2643/2643
f 2641/2641 2643/2643 2642/2642
f 2643/2643 2619/2619 2614/2614
f 2641/2641 2634/2634 2644/2644
f 2634/2634 2636/2636 2644/2644
f 2636/2636 2619/2619 2643/2643
f 2641/2641 2644/2644 2645/2645
f 2643/2643 2641/2641 2645/2645
f 2636/2636 2645/2645 2644/2644
f 2604/2604 2610/2610 2606/2606
f 2611/2611 2607/2607 2609/2609
f 2610/2610 2604/2604 2616/2616
f 2608/2608 2616/2616 2604/2604
f 2617/2617 2613/2613 2615/2615
f 2613/2613 2617/2617 2618/2618
f 2619/2619 2615/2615 2611/2611
f 2614/2614 2619/2619 2611/2611
f 2645/2645 2636/2636 2643/2643
f 2619/2619 2636/2636 2646/2646
f 2624/2624 2663/2663 2660/2660
f 2663/2663 2661/2661 2660/2660
f 2634/2634 2633/2633 2632/2632
f 2629/2629 2633/2633 2635/2635
f 2630/2630 2636/2636 2634/2634
f 2622/2622 2636/2636 2630/2630
f 2635/2635 2637/2637 2629/2629
f 2616/2616 2629/2629 2637/2637
f 2638/2638 2635/2635 2633/2633
f 2637/2637 2635/2635 2638/2638
f 2638/2638 2633/2633 2634/2634
f 2639/2639 2616/2616 2637/2637
f 2616/2616 2639/2639 2610/2610
f 2640/2640 2637/2637 2638/2638
f 2633/2633 2629/2629 2631/2631
f 2639/2639 2640/2640 2641/2641
f 2638/2638 2641/2641 2640/2640
f 2617/2617 2625/2625 2620/2620
f 2605/2605 2623/2623 2608/2608
f 2623/2623 2605/2605 2624/2624
f 2621/2621 2623/2623 2624/2624
f 2606/2606 2614/2614 2609/2609
f 2611/2611 2613/2613 2612/2612
f 2632/2632 2630/2630 2634/2634
f 2687/2687 2690/2690 2695/2695
f 2693/2693 2695/2695 2690/2690
f 2696/2696 2683/2683 2687/2687
f 2687/2687 2695/2695 2696/2696
f 2683/2683 2696/2696 2697/2697
f 2697/2697 2689/2689 2683/2683
f 2716/2716 2698/2698 2714/2714
f 2716/2716 2714/2714 2715/2715
f 2708/2708 2707/2707 2703/2703
f 2706/2706 2708/2708 2701/2701
f 2703/2703 2691/2691 2701/2701
f 2692/2692 2703/2703 2704/2704
f 2712/2712 2714/2714 2695/2695
f 2695/2695 2714/2714 2698/2698
f 2714/2714 2712/2712 2715/2715
f 2713/2713 2715/2715 2712/2712
f 2728/2728 2694/2694 2688/2688
f 2728/2728 2685/2685 2729/2729
f 2696/2696 2700/2700 2697/2697
f 2700/2700 2699/2699 2697/2697
f 2700/2700 2696/2696 2698/2698
f 2701/2701 2689/2689 2699/2699
f 2689/2689 2701/2701 2691/2691
f 2699/2699 2700/2700 2702/2702
f 2702/2702 2701/2701 2699/2699
f 2703/2703 2692/2692 2691/2691
f 2700/2700 2720/2720 2702/2702
f 2715/2715 2721/2721 2719/2719
f 2715/2715 2713/2713 2721/2721
f 2720/2720 2719/2719 2722/2722
f 2719/2719 2721/2721 2722/2722
f 2723/2723 2702/2702 2720/2720
f 2737/2737 2704/2704 2735/2735
f 2692/2692 2704/2704 2737/2737
f 2709/2709 2705/2705 2707/2707
f 2705/2705 2709/2709 2710/2710
f 2694/2694 2710/2710 2709/2709
f 2709/2709 2693/2693 2694/2694
f 2707/2707 2708/2708 2711/2711
f 2709/2709 2707/2707 2711/2711
f 2709/2709 2712/2712 2693/2693
f 2695/2695 2693/2693 2712/2712
f 2708/2708 2725/2725 2727/2727
f 2726/2726 2721/2721 2727/2727
f 2713/2713 2727/2727 2721/2721
f 2711/2711 2708/2708 2727/2727
f 2727/2727 2713/2713 2711/2711
f 2685/2685 2728/2728 2688/2688
f 2743/2743 2741/2741 2744/2744
f 2742/2742 2745/2745 2729/2729
f 2698/2698 2716/2716 2717/2717
f 2717/2717 2700/2700 2698/2698
f 2716/2716 2718/2718 2717/2717
f 2700/2700 2717/2717 2718/2718
f 2715/2715 2719/2719 2716/2716
f 2720/2720 2700/2700 2718/2718
f 2716/2716 2720/2720 2718/2718
f 2719/2719 2720/2720 2716/2716
f 2733/2733 2704/2704 2705/2705
f 2733/2733 2732/2732 2734/2734
f 2731/2731 2734/2734 2732/2732
f 2704/2704 2733/2733 2735/2735
f 2733/2733 2734/2734 2736/2736
f 2736/2736 2735/2735 2733/2733
f 2752/2752 2749/2749 2750/2750
f 2753/2753 2748/2748 2751/2751
f 2724/2724 2706/2706 2723/2723
f 2722/2722 2724/2724 2720/2720
f 2725/2725 2706/2706 2724/2724
f 2708/2708 2706/2706 2725/2725
f 2722/2722 2726/2726 2724/2724
f 2721/2721 2726/2726 2722/2722
f 2724/2724 2727/2727 2725/2725
f 2727/2727 2724/2724 2726/2726
f 2738/2738 2741/2741 2737/2737
f 2684/2684 2740/2740 2742/2742
f 2684/2684 2742/2742 2729/2729
f 2740/2740 2741/2741 2743/2743
f 2743/2743 2742/2742 2740/2740
f 2738/2738 2744/2744 2741/2741
f 2739/2739 2758/2758 2759/2759
f 2760/2760 2756/2756 2757/2757
f 2685/2685 2684/2684 2729/2729
f 2694/2694 2728/2728 2730/2730
f 2730/2730 2710/2710 2694/2694
f 2728/2728 2731/2731 2730/2730
f 2710/2710 2730/2730 2732/2732
f 2732/2732 2730/2730 2731/2731
f 2710/2710 2732/2732 2733/2733
f 2710/2710 2733/2733 2705/2705
f 2739/2739 2731/2731 2749/2749
f 2747/2747 2748/2748 2750/2750
f 2749/2749 2747/2747 2750/2750
f 2748/2748 2746/2746 2751/2751
f 2743/2743 2751/2751 2746/2746
f 2748/2748 2752/2752 2750/2750
f 2735/2735 2736/2736 2738/2738
f 2737/2737 2735/2735 2738/2738
f 2736/2736 2734/2734 2739/2739
f 2731/2731 2739/2739 2734/2734
f 2740/2740 2692/2692 2737/2737
f 2692/2692 2740/2740 2686/2686
f 2740/2740 2684/2684 2686/2686
f 2740/2740 2737/2737 2741/2741
f 2757/2757 2755/2755 2744/2744
f 2755/2755 2757/2757 2756/2756
f 2696/2696 2695/2695 2698/2698
f 2689/2689 2697/2697 2699/2699
f 2749/2749 2752/2752 2758/2758
f 2756/2756 2758/2758 2752/2752
f 2758/2758 2739/2739 2749/2749
f 2758/2758 2756/2756 2759/2759
f 2742/2742 2743/2743 2746/2746
f 2745/2745 2742/2742 2746/2746
f 2747/2747 2729/2729 2745/2745
f 2729/2729 2747/2747 2728/2728
f 2731/2731 2728/2728 2747/2747
f 2746/2746 2748/2748 2745/2745
f 2747/2747 2745/2745 2748/2748
f 2747/2747 2749/2749 2731/2731
f 2738/2738 2763/2763 2761/2761
f 2739/2739 2762/2762 2763/2763
f 2759/2759 2756/2756 2760/2760
f 2757/2757 2744/2744 2761/2761
f 2761/2761 2760/2760 2757/2757
f 2744/2744 2738/2738 2761/2761
f 2759/2759 2760/2760 2762/2762
f 2762/2762 2739/2739 2759/2759
f 2761/2761 2763/2763 2760/2760
f 2760/2760 2763/2763 2762/2762
f 2763/2763 2738/2738 2736/2736
f 2736/2736 2739/2739 2763/2763
f 2752/2752 2748/2748 2753/2753
f 2754/2754 2753/2753 2751/2751
f 2754/2754 2752/2752 2753/2753
f 2751/2751 2743/2743 2755/2755
f 2743/2743 2744/2744 2755/2755
f 2751/2751 2756/2756 2754/2754
f 2756/2756 2751/2751 2755/2755
f 2756/2756 2752/2752 2754/2754
f 2703/2703 2705/2705 2704/2704
f 2701/2701 2702/2702 2706/2706
f 2705/2705 2703/2703 2707/2707
f 2701/2701 2708/2708 2703/2703
f 2702/2702 2723/2723 2706/2706
f 2720/2720 2724/2724 2723/2723
f 2687/2687 2683/2683 2685/2685
f 2688/2688 2687/2687 2685/2685
f 2686/2686 2683/2683 2689/2689
f 2687/2687 2688/2688 2690/2690
f 2691/2691 2686/2686 2689/2689
f 2686/2686 2691/2691 2692/2692
f 2688/2688 2693/2693 2690/2690
f 2693/2693 2688/2688 2694/2694
f 2709/2709 2711/2711 2713/2713
f 2712/2712 2709/2709 2713/2713
f 2683/2683 2684/2684 2685/2685
f 2683/2683 2686/2686 2684/2684
f 2841/2841 2818/2818 2840/2840
f 2839/2839 2840/2840 2835/2835
f 2835/2835 2840/2840 2818/2818
f 2835/2835 2836/2836 2839/2839
f 2838/2838 2833/2833 2839/2839
f 2839/2839 2836/2836 2838/2838
f 2833/2833 2838/2838 2837/2837
f 2836/2836 2837/2837 2838/2838
f 2831/2831 2833/2833 2837/2837
f 2837/2837 2836/2836 2831/2831
f 2835/2835 2830/2830 2836/2836
f 2830/2830 2831/2831 2836/2836
f 2834/2834 2835/2835 2818/2818
f 2830/2830 2835/2835 2834/2834
f 2775/2775 2773/2773 2777/2777
f 2773/2773 2771/2771 2776/2776
f 2788/2788 2791/2791 2770/2770
f 2783/2783 2790/2790 2788/2788
f 2767/2767 2766/2766 2765/2765
f 2764/2764 2765/2765 2766/2766
f 2788/2788 2784/2784 2783/2783
f 2786/2786 2787/2787 2785/2785
f 2799/2799 2798/2798 2796/2796
f 2796/2796 2793/2793 2799/2799
f 2778/2778 2777/2777 2780/2780
f 2777/2777 2773/2773 2779/2779
f 2773/2773 2776/2776 2779/2779
f 2777/2777 2778/2778 2775/2775
f 2790/2790 2794/2794 2795/2795
f 2790/2790 2795/2795 2793/2793
f 2771/2771 2772/2772 2776/2776
f 2773/2773 2775/2775 2774/2774
f 2773/2773 2774/2774 2769/2769
f 2771/2771 2773/2773 2769/2769
f 2772/2772 2771/2771 2768/2768
f 2766/2766 2772/2772 2768/2768
f 2768/2768 2771/2771 2769/2769
f 2766/2766 2767/2767 2770/2770
f 2782/2782 2805/2805 2806/2806
f 2805/2805 2801/2801 2800/2800
f 2790/2790 2783/2783 2787/2787
f 2767/2767 2788/2788 2770/2770
f 2789/2789 2788/2788 2767/2767
f 2784/2784 2788/2788 2789/2789
f 2782/2782 2802/2802 2804/2804
f 2802/2802 2801/2801 2803/2803
f 2783/2783 2785/2785 2787/2787
f 2781/2781 2786/2786 2785/2785
f 2783/2783 2780/2780 2785/2785
f 2780/2780 2781/2781 2785/2785
f 2778/2778 2783/2783 2784/2784
f 2783/2783 2778/2778 2780/2780
f 2782/2782 2781/2781 2779/2779
f 2776/2776 2782/2782 2779/2779
f 2774/2774 2811/2811 2809/2809
f 2810/2810 2765/2765 2764/2764
f 2792/2792 2798/2798 2772/2772
f 2798/2798 2792/2792 2796/2796
f 2797/2797 2794/2794 2786/2786
f 2792/2792 2793/2793 2796/2796
f 2795/2795 2808/2808 2800/2800
f 2800/2800 2808/2808 2807/2807
f 2787/2787 2786/2786 2794/2794
f 2794/2794 2790/2790 2787/2787
f 2793/2793 2792/2792 2791/2791
f 2793/2793 2791/2791 2790/2790
f 2772/2772 2766/2766 2792/2792
f 2770/2770 2792/2792 2766/2766
f 2792/2792 2770/2770 2791/2791
f 2791/2791 2788/2788 2790/2790
f 2817/2817 2814/2814 2819/2819
f 2810/2810 2818/2818 2812/2812
f 2805/2805 2782/2782 2804/2804
f 2803/2803 2805/2805 2804/2804
f 2805/2805 2803/2803 2801/2801
f 2804/2804 2802/2802 2803/2803
f 2784/2784 2789/2789 2816/2816
f 2784/2784 2815/2815 2778/2778
f 2782/2782 2776/2776 2802/2802
f 2776/2776 2772/2772 2802/2802
f 2801/2801 2802/2802 2798/2798
f 2802/2802 2772/2772 2798/2798
f 2800/2800 2801/2801 2799/2799
f 2798/2798 2799/2799 2801/2801
f 2795/2795 2800/2800 2793/2793
f 2799/2799 2793/2793 2800/2800
f 2824/2824 2827/2827 2826/2826
f 2825/2825 2823/2823 2826/2826
f 2764/2764 2809/2809 2810/2810
f 2769/2769 2774/2774 2809/2809
f 2809/2809 2764/2764 2769/2769
f 2795/2795 2807/2807 2808/2808
f 2824/2824 2821/2821 2822/2822
f 2813/2813 2815/2815 2823/2823
f 2807/2807 2795/2795 2794/2794
f 2794/2794 2797/2797 2807/2807
f 2805/2805 2800/2800 2807/2807
f 2805/2805 2807/2807 2797/2797
f 2806/2806 2805/2805 2797/2797
f 2806/2806 2797/2797 2786/2786
f 2786/2786 2781/2781 2806/2806
f 2781/2781 2782/2782 2806/2806
f 2818/2818 2810/2810 2834/2834
f 2809/2809 2834/2834 2810/2810
f 2814/2814 2812/2812 2818/2818
f 2817/2817 2816/2816 2789/2789
f 2789/2789 2814/2814 2817/2817
f 2815/2815 2784/2784 2816/2816
f 2843/2843 2822/2822 2841/2841
f 2839/2839 2833/2833 2843/2843
f 2813/2813 2778/2778 2815/2815
f 2814/2814 2789/2789 2767/2767
f 2765/2765 2814/2814 2767/2767
f 2814/2814 2765/2765 2812/2812
f 2778/2778 2813/2813 2775/2775
f 2813/2813 2774/2774 2775/2775
f 2774/2774 2813/2813 2811/2811
f 2765/2765 2810/2810 2812/2812
f 2822/2822 2819/2819 2841/2841
f 2818/2818 2841/2841 2819/2819
f 2823/2823 2824/2824 2826/2826
f 2825/2825 2811/2811 2813/2813
f 2813/2813 2823/2823 2825/2825
f 2823/2823 2821/2821 2824/2824
f 2827/2827 2824/2824 2829/2829
f 2825/2825 2828/2828 2811/2811
f 2815/2815 2821/2821 2823/2823
f 2822/2822 2821/2821 2820/2820
f 2819/2819 2822/2822 2820/2820
f 2815/2815 2816/2816 2821/2821
f 2820/2820 2821/2821 2816/2816
f 2817/2817 2819/2819 2820/2820
f 2820/2820 2816/2816 2817/2817
f 2814/2814 2818/2818 2819/2819
f 2834/2834 2809/2809 2830/2830
f 2829/2829 2833/2833 2827/2827
f 2843/2843 2829/2829 2844/2844
f 2829/2829 2822/2822 2844/2844
f 2822/2822 2843/2843 2844/2844
f 2843/2843 2833/2833 2829/2829
f 2781/2781 2780/2780 2777/2777
f 2777/2777 2779/2779 2781/2781
f 2841/2841 2842/2842 2843/2843
f 2839/2839 2843/2843 2842/2842
f 2842/2842 2841/2841 2840/2840
f 2840/2840 2839/2839 2842/2842
f 2833/2833 2826/2826 2827/2827
f 2833/2833 2831/2831 2832/2832
f 2832/2832 2826/2826 2833/2833
f 2831/2831 2825/2825 2832/2832
f 2825/2825 2826/2826 2832/2832
f 2831/2831 2830/2830 2828/2828
f 2825/2825 2831/2831 2828/2828
f 2811/2811 2830/2830 2809/2809
f 2830/2830 2811/2811 2828/2828
f 2829/2829 2824/2824 2822/2822
f 2768/2768 2769/2769 2764/2764
f 2766/2766 2768/2768 2764/2764
f 2849/2849 2852/2852 2850/2850
f 2846/2846 2848/2848 2851/2851
f 2861/2861 2862/2862 2864/2864
f 2862/2862 2863/2863 2864/2864
f 2863/2863 2862/2862 2855/2855
f 2852/2852 2863/2863 2855/2855
f 2880/2880 2878/2878 2881/2881
f 2873/2873 2877/2877 2882/2882
f 2845/2845 2846/2846 2847/2847
f 2848/2848 2846/2846 2845/2845
f 2866/2866 2872/2872 2869/2869
f 2872/2872 2866/2866 2870/2870
f 2851/2851 2887/2887 2846/2846
f 2888/2888 2846/2846 2887/2887
f 2848/2848 2853/2853 2851/2851
f 2853/2853 2848/2848 2854/2854
f 2855/2855 2850/2850 2852/2852
f 2850/2850 2855/2855 2856/2856
f 2855/2855 2857/2857 2856/2856
f 2854/2854 2858/2858 2853/2853
f 2858/2858 2854/2854 2859/2859
f 2860/2860 2858/2858 2859/2859
f 2860/2860 2857/2857 2861/2861
f 2858/2858 2860/2860 2861/2861
f 2855/2855 2862/2862 2857/2857
f 2862/2862 2861/2861 2857/2857
f 2871/2871 2872/2872 2880/2880
f 2873/2873 2881/2881 2878/2878
f 2891/2891 2859/2859 2893/2893
f 2856/2856 2892/2892 2894/2894
f 2858/2858 2861/2861 2865/2865
f 2861/2861 2864/2864 2865/2865
f 2858/2858 2865/2865 2866/2866
f 2866/2866 2853/2853 2858/2858
f 2865/2865 2864/2864 2867/2867
f 2864/2864 2863/2863 2867/2867
f 2868/2868 2866/2866 2865/2865
f 2865/2865 2867/2867 2868/2868
f 2853/2853 2866/2866 2869/2869
f 2851/2851 2853/2853 2869/2869
f 2866/2866 2868/2868 2870/2870
f 2851/2851 2869/2869 2871/2871
f 2880/2880 2887/2887 2871/2871
f 2887/2887 2851/2851 2871/2871
f 2899/2899 2898/2898 2901/2901
f 2901/2901 2900/2900 2899/2899
f 2873/2873 2872/2872 2870/2870
f 2868/2868 2867/2867 2874/2874
f 2873/2873 2868/2868 2874/2874
f 2874/2874 2867/2867 2875/2875
f 2875/2875 2873/2873 2874/2874
f 2876/2876 2875/2875 2867/2867
f 2867/2867 2863/2863 2876/2876
f 2873/2873 2875/2875 2877/2877
f 2876/2876 2877/2877 2875/2875
f 2872/2872 2873/2873 2878/2878
f 2876/2876 2879/2879 2877/2877
f 2878/2878 2880/2880 2872/2872
f 2859/2859 2891/2891 2860/2860
f 2856/2856 2890/2890 2892/2892
f 2909/2909 2893/2893 2907/2907
f 2893/2893 2909/2909 2891/2891
f 2873/2873 2882/2882 2881/2881
f 2882/2882 2877/2877 2879/2879
f 2883/2883 2880/2880 2881/2881
f 2882/2882 2883/2883 2881/2881
f 2884/2884 2882/2882 2879/2879
f 2879/2879 2876/2876 2884/2884
f 2885/2885 2883/2883 2882/2882
f 2882/2882 2884/2884 2885/2885
f 2883/2883 2886/2886 2880/2880
f 2883/2883 2885/2885 2886/2886
f 2887/2887 2880/2880 2886/2886
f 2887/2887 2886/2886 2885/2885
f 2900/2900 2848/2848 2845/2845
f 2900/2900 2854/2854 2848/2848
f 2916/2916 2915/2915 2913/2913
f 2914/2914 2917/2917 2897/2897
f 2885/2885 2888/2888 2887/2887
f 2846/2846 2888/2888 2849/2849
f 2885/2885 2889/2889 2888/2888
f 2889/2889 2849/2849 2888/2888
f 2889/2889 2885/2885 2884/2884
f 2876/2876 2889/2889 2884/2884
f 2889/2889 2876/2876 2863/2863
f 2849/2849 2889/2889 2852/2852
f 2863/2863 2852/2852 2889/2889
f 2857/2857 2860/2860 2890/2890
f 2890/2890 2856/2856 2857/2857
f 2891/2891 2890/2890 2860/2860
f 2906/2906 2898/2898 2908/2908
f 2897/2897 2908/2908 2898/2898
f 2911/2911 2910/2910 2922/2922
f 2906/2906 2921/2921 2923/2923
f 2856/2856 2894/2894 2850/2850
f 2894/2894 2847/2847 2850/2850
f 2890/2890 2895/2895 2892/2892
f 2847/2847 2894/2894 2896/2896
f 2896/2896 2845/2845 2847/2847
f 2892/2892 2897/2897 2894/2894
f 2897/2897 2892/2892 2895/2895
f 2894/2894 2898/2898 2896/2896
f 2898/2898 2894/2894 2897/2897
f 2845/2845 2896/2896 2899/2899
f 2899/2899 2896/2896 2898/2898
f 2899/2899 2900/2900 2845/2845
f 2914/2914 2912/2912 2915/2915
f 2916/2916 2913/2913 2911/2911
f 2854/2854 2900/2900 2902/2902
f 2902/2902 2859/2859 2854/2854
f 2859/2859 2902/2902 2893/2893
f 2902/2902 2900/2900 2903/2903
f 2905/2905 2925/2925 2910/2910
f 2922/2922 2910/2910 2925/2925
f 2925/2925 2905/2905 2924/2924
f 2924/2924 2922/2922 2925/2925
f 2901/2901 2903/2903 2900/2900
f 2902/2902 2903/2903 2904/2904
f 2893/2893 2902/2902 2904/2904
f 2901/2901 2905/2905 2903/2903
f 2904/2904 2903/2903 2905/2905
f 2898/2898 2906/2906 2901/2901
f 2905/2905 2901/2901 2906/2906
f 2893/2893 2904/2904 2907/2907
f 2919/2919 2922/2922 2921/2921
f 2916/2916 2911/2911 2922/2922
f 2907/2907 2904/2904 2910/2910
f 2904/2904 2905/2905 2910/2910
f 2911/2911 2909/2909 2907/2907
f 2907/2907 2910/2910 2911/2911
f 2912/2912 2891/2891 2909/2909
f 2891/2891 2912/2912 2890/2890
f 2895/2895 2890/2890 2912/2912
f 2913/2913 2909/2909 2911/2911
f 2913/2913 2912/2912 2909/2909
f 2912/2912 2914/2914 2895/2895
f 2895/2895 2914/2914 2897/2897
f 2912/2912 2913/2913 2915/2915
f 2908/2908 2897/2897 2917/2917
f 2918/2918 2914/2914 2915/2915
f 2915/2915 2916/2916 2918/2918
f 2919/2919 2917/2917 2914/2914
f 2914/2914 2918/2918 2919/2919
f 2920/2920 2908/2908 2917/2917
f 2917/2917 2919/2919 2920/2920
f 2908/2908 2920/2920 2921/2921
f 2919/2919 2921/2921 2920/2920
f 2921/2921 2906/2906 2908/2908
f 2918/2918 2922/2922 2919/2919
f 2922/2922 2918/2918 2916/2916
f 2923/2923 2905/2905 2906/2906
f 2921/2921 2924/2924 2923/2923
f 2905/2905 2923/2923 2924/2924
f 2921/2921 2922/2922 2924/2924
f 2847/2847 2846/2846 2849/2849
f 2850/2850 2847/2847 2849/2849
f 2872/2872 2871/2871 2869/2869
f 2868/2868 2873/2873 2870/2870
f 2992/2992 2994/2994 2996/2996
f 2993/2993 2976/2976 2995/2995
f 2994/2994 2992/2992 2993/2993
f 2976/2976 2993/2993 2975/2975
f 2992/2992 2975/2975 2993/2993
f 2991/2991 2989/2989 2992/2992
f 2975/2975 2992/2992 2989/2989
f 2986/2986 2991/2991 2988/2988
f 2975/2975 2989/2989 2974/2974
f 2987/2987 2974/2974 2989/2989
f 2985/2985 2983/2983 2988/2988
f 2988/2988 2983/2983 2986/2986
f 2974/2974 2987/2987 2939/2939
f 2939/2939 2987/2987 2940/2940
f 2987/2987 2946/2946 2940/2940
f 2987/2987 2986/2986 2984/2984
f 2980/2980 3003/3003 3004/3004
f 2980/2980 2982/2982 3003/3003
f 2982/2982 2985/2985 3003/3003
f 3003/3003 3002/3002 3001/3001
f 3002/3002 3003/3003 2985/2985
f 3002/3002 2985/2985 2988/2988
f 3000/3000 3001/3001 3002/3002
f 3000/3000 3002/3002 2988/2988
f 2997/2997 3001/3001 2996/2996
f 2996/2996 3001/3001 3000/3000
f 2988/2988 2991/2991 3000/3000
f 2996/2996 2991/2991 2992/2992
f 2956/2956 2957/2957 2962/2962
f 2960/2960 2962/2962 2961/2961
f 2940/2940 2945/2945 2942/2942
f 2936/2936 2941/2941 2944/2944
f 2930/2930 2937/2937 2955/2955
f 2953/2953 2930/2930 2955/2955
f 2931/2931 2930/2930 2933/2933
f 2926/2926 2929/2929 2932/2932
f 2947/2947 2945/2945 2946/2946
f 2945/2945 2940/2940 2946/2946
f 2926/2926 2936/2936 2937/2937
f 2937/2937 2930/2930 2926/2926
f 2934/2934 2936/2936 2932/2932
f 2926/2926 2932/2932 2936/2936
f 2964/2964 2968/2968 2954/2954
f 2951/2951 2968/2968 2967/2967
f 2954/2954 2951/2951 2950/2950
f 2930/2930 2953/2953 2933/2933
f 2930/2930 2931/2931 2927/2927
f 2927/2927 2926/2926 2930/2930
f 2929/2929 2926/2926 2928/2928
f 2926/2926 2927/2927 2928/2928
f 2931/2931 2949/2949 2947/2947
f 2945/2945 2947/2947 2949/2949
f 2943/2943 2948/2948 2941/2941
f 2948/2948 2944/2944 2941/2941
f 2973/2973 2976/2976 2971/2971
f 2975/2975 2974/2974 2972/2972
f 2962/2962 2957/2957 2961/2961
f 2960/2960 2961/2961 2959/2959
f 2942/2942 2943/2943 2938/2938
f 2941/2941 2938/2938 2943/2943
f 2938/2938 2940/2940 2942/2942
f 2938/2938 2941/2941 2934/2934
f 2936/2936 2934/2934 2941/2941
f 2940/2940 2938/2938 2939/2939
f 2935/2935 2939/2939 2938/2938
f 2938/2938 2934/2934 2935/2935
f 2937/2937 2957/2957 2955/2955
f 2957/2957 2953/2953 2955/2955
f 2950/2950 2956/2956 2954/2954
f 2956/2956 2950/2950 2953/2953
f 2981/2981 2946/2946 2984/2984
f 2979/2979 2983/2983 2982/2982
f 2951/2951 2954/2954 2968/2968
f 2952/2952 2951/2951 2967/2967
f 2950/2950 2933/2933 2953/2953
f 2942/2942 2951/2951 2952/2952
f 2943/2943 2942/2942 2952/2952
f 2950/2950 2951/2951 2945/2945
f 2951/2951 2942/2942 2945/2945
f 2933/2933 2950/2950 2949/2949
f 2945/2945 2949/2949 2950/2950
f 2949/2949 2931/2931 2933/2933
f 2954/2954 2956/2956 2964/2964
f 2964/2964 2956/2956 2962/2962
f 2963/2963 2944/2944 2948/2948
f 2944/2944 2963/2963 2960/2960
f 2989/2989 2991/2991 2990/2990
f 2986/2986 2990/2990 2991/2991
f 2971/2971 2975/2975 2972/2972
f 2939/2939 2972/2972 2974/2974
f 2957/2957 2959/2959 2961/2961
f 2958/2958 2960/2960 2959/2959
f 2960/2960 2958/2958 2944/2944
f 2959/2959 2957/2957 2958/2958
f 2936/2936 2944/2944 2958/2958
f 2937/2937 2936/2936 2958/2958
f 2957/2957 2937/2937 2958/2958
f 2953/2953 2957/2957 2956/2956
f 2967/2967 2970/2970 2969/2969
f 2970/2970 2967/2967 2968/2968
f 2968/2968 2964/2964 2970/2970
f 2966/2966 2967/2967 2969/2969
f 2998/2998 2978/2978 2980/2980
f 2976/2976 2978/2978 2998/2998
f 2979/2979 2981/2981 2983/2983
f 2977/2977 2982/2982 2980/2980
f 2967/2967 2943/2943 2952/2952
f 2965/2965 2967/2967 2966/2966
f 2943/2943 2967/2967 2965/2965
f 2966/2966 2962/2962 2960/2960
f 2963/2963 2965/2965 2966/2966
f 2966/2966 2960/2960 2963/2963
f 2948/2948 2943/2943 2965/2965
f 2948/2948 2965/2965 2963/2963
f 2931/2931 2977/2977 2927/2927
f 2977/2977 2928/2928 2927/2927
f 2928/2928 2977/2977 2973/2973
f 2975/2975 2971/2971 2976/2976
f 2998/2998 2980/2980 3004/3004
f 3001/3001 3004/3004 3003/3003
f 2987/2987 2989/2989 2990/2990
f 2986/2986 2987/2987 2990/2990
f 2971/2971 2928/2928 2973/2973
f 2972/2972 2939/2939 2935/2935
f 2935/2935 2971/2971 2972/2972
f 2928/2928 2971/2971 2929/2929
f 2971/2971 2935/2935 2929/2929
f 2966/2966 2970/2970 2962/2962
f 2962/2962 2970/2970 2964/2964
f 2966/2966 2969/2969 2970/2970
f 2946/2946 2987/2987 2984/2984
f 2986/2986 2983/2983 2981/2981
f 2986/2986 2981/2981 2984/2984
f 2982/2982 2983/2983 2985/2985
f 2998/2998 2997/2997 2995/2995
f 3005/3005 2997/2997 3006/3006
f 3006/3006 3004/3004 3005/3005
f 2997/2997 2998/2998 3006/3006
f 2977/2977 2979/2979 2982/2982
f 2947/2947 2946/2946 2981/2981
f 2979/2979 2947/2947 2981/2981
f 2978/2978 2977/2977 2980/2980
f 2947/2947 2979/2979 2931/2931
f 2977/2977 2931/2931 2979/2979
f 2977/2977 2978/2978 2973/2973
f 2976/2976 2973/2973 2978/2978
f 2934/2934 2929/2929 2935/2935
f 2929/2929 2934/2934 2932/2932
f 2993/2993 2997/2997 2994/2994
f 2997/2997 2993/2993 2995/2995
f 2997/2997 2996/2996 2994/2994
f 2976/2976 2998/2998 2995/2995
f 3004/3004 3001/3001 3005/3005
f 3001/3001 2997/2997 3005/3005
f 3006/3006 2998/2998 3004/3004
f 2996/2996 3000/3000 2999/2999
f 3000/3000 2991/2991 2999/2999
f 2991/2991 2996/2996 2999/2999
f 3015/3015 3010/3010 3016/3016
f 3016/3016 3037/3037 3036/3036
f 3015/3015 3017/3017 3013/3013
f 3007/3007 3013/3013 3017/3017
f 3026/3026 3022/3022 3021/3021
f 3040/3040 3044/3044 3043/3043
f 3044/3044 3042/3042 3043/3043
f 3007/3007 3008/3008 3009/3009
f 3010/3010 3007/3007 3009/3009
f 3008/3008 3007/3007 3011/3011
f 3011/3011 3012/3012 3008/3008
f 3007/3007 3010/3010 3013/3013
f 3012/3012 3011/3011 3014/3014
f 3015/3015 3013/3013 3010/3010
f 3028/3028 3036/3036 3037/3037
f 3031/3031 3024/3024 3049/3049
f 3035/3035 3050/3050 3047/3047
f 3018/3018 3011/3011 3007/3007
f 3007/3007 3017/3017 3018/3018
f 3011/3011 3018/3018 3019/3019
f 3019/3019 3014/3014 3011/3011
f 3018/3018 3017/3017 3020/3020
f 3020/3020 3019/3019 3018/3018
f 3021/3021 3012/3012 3014/3014
f 3012/3012 3021/3021 3022/3022
f 3014/3014 3019/3019 3023/3023
f 3021/3021 3014/3014 3023/3023
f 3024/3024 3023/3023 3019/3019
f 3019/3019 3020/3020 3024/3024
f 3021/3021 3023/3023 3025/3025
f 3042/3042 3038/3038 3043/3043
f 3037/3037 3057/3057 3028/3028
f 3057/3057 3027/3027 3028/3028
f 3028/3028 3027/3027 3026/3026
f 3029/3029 3025/3025 3023/3023
f 3023/3023 3024/3024 3029/3029
f 3025/3025 3029/3029 3030/3030
f 3024/3024 3031/3031 3029/3029
f 3031/3031 3030/3030 3029/3029
f 3025/3025 3032/3032 3026/3026
f 3030/3030 3032/3032 3025/3025
f 3028/3028 3026/3026 3033/3033
f 3034/3034 3026/3026 3032/3032
f 3026/3026 3034/3034 3033/3033
f 3032/3032 3030/3030 3035/3035
f 3036/3036 3028/3028 3033/3033
f 3024/3024 3020/3020 3049/3049
f 3008/3008 3064/3064 3056/3056
f 3063/3063 3065/3065 3062/3062
f 3033/3033 3038/3038 3036/3036
f 3038/3038 3033/3033 3034/3034
f 3036/3036 3039/3039 3015/3015
f 3039/3039 3036/3036 3038/3038
f 3017/3017 3015/3015 3039/3039
f 3034/3034 3032/3032 3040/3040
f 3040/3040 3038/3038 3034/3034
f 3032/3032 3035/3035 3040/3040
f 3039/3039 3041/3041 3017/3017
f 3017/3017 3041/3041 3020/3020
f 3038/3038 3042/3042 3039/3039
f 3041/3041 3039/3039 3042/3042
f 3038/3038 3040/3040 3043/3043
f 3057/3057 3037/3037 3055/3055
f 3069/3069 3073/3073 3071/3071
f 3073/3073 3072/3072 3071/3071
f 3045/3045 3041/3041 3042/3042
f 3042/3042 3044/3044 3045/3045
f 3041/3041 3045/3045 3046/3046
f 3044/3044 3046/3046 3045/3045
f 3046/3046 3020/3020 3041/3041
f 3044/3044 3040/3040 3047/3047
f 3035/3035 3047/3047 3040/3040
f 3044/3044 3031/3031 3046/3046
f 3031/3031 3044/3044 3047/3047
f 3020/3020 3046/3046 3048/3048
f 3031/3031 3048/3048 3046/3046
f 3049/3049 3020/3020 3048/3048
f 3048/3048 3031/3031 3049/3049
f 3064/3064 3008/3008 3012/3012
f 3074/3074 3080/3080 3059/3059
f 3081/3081 3079/3079 3078/3078
f 3050/3050 3031/3031 3047/3047
f 3035/3035 3051/3051 3050/3050
f 3031/3031 3050/3050 3051/3051
f 3051/3051 3035/3035 3030/3030
f 3030/3030 3031/3031 3051/3051
f 3052/3052 3016/3016 3010/3010
f 3009/3009 3052/3052 3010/3010
f 3016/3016 3052/3052 3053/3053
f 3053/3053 3037/3037 3016/3016
f 3052/3052 3009/3009 3054/3054
f 3037/3037 3053/3053 3055/3055
f 3009/3009 3056/3056 3054/3054
f 3056/3056 3009/3009 3008/3008
f 3072/3072 3070/3070 3068/3068
f 3066/3066 3085/3085 3086/3086
f 3083/3083 3073/3073 3086/3086
f 3053/3053 3058/3058 3055/3055
f 3057/3057 3055/3055 3058/3058
f 3052/3052 3059/3059 3053/3053
f 3058/3058 3053/3053 3059/3059
f 3027/3027 3057/3057 3060/3060
f 3057/3057 3058/3058 3061/3061
f 3061/3061 3060/3060 3057/3057
f 3060/3060 3062/3062 3027/3027
f 3022/3022 3027/3027 3062/3062
f 3060/3060 3061/3061 3063/3063
f 3063/3063 3062/3062 3060/3060
f 3064/3064 3022/3022 3062/3062
f 3022/3022 3064/3064 3012/3012
f 3080/3080 3074/3074 3079/3079
f 3064/3064 3062/3062 3065/3065
f 3061/3061 3066/3066 3063/3063
f 3066/3066 3065/3065 3063/3063
f 3073/3073 3069/3069 3087/3087
f 3059/3059 3082/3082 3058/3058
f 3078/3078 3083/3083 3081/3081
f 3082/3082 3081/3081 3083/3083
f 3078/3078 3073/3073 3083/3083
f 3084/3084 3058/3058 3082/3082
f 3083/3083 3084/3084 3082/3082
f 3058/3058 3084/3084 3061/3061
f 3066/3066 3061/3061 3084/3084
f 3084/3084 3083/3083 3085/3085
f 3085/3085 3066/3066 3084/3084
f 3086/3086 3087/3087 3066/3066
f 3086/3086 3073/3073 3087/3087
f 3087/3087 3069/3069 3066/3066
f 3067/3067 3056/3056 3064/3064
f 3064/3064 3065/3065 3067/3067
f 3056/3056 3067/3067 3068/3068
f 3068/3068 3054/3054 3056/3056
f 3067/3067 3065/3065 3069/3069
f 3066/3066 3069/3069 3065/3065
f 3054/3054 3068/3068 3070/3070
f 3067/3067 3069/3069 3071/3071
f 3067/3067 3072/3072 3068/3068
f 3072/3072 3067/3067 3071/3071
f 3083/3083 3086/3086 3085/3085
f 3074/3074 3054/3054 3070/3070
f 3054/3054 3074/3074 3052/3052
f 3059/3059 3052/3052 3074/3074
f 3070/3070 3072/3072 3075/3075
f 3074/3074 3070/3070 3075/3075
f 3076/3076 3075/3075 3072/3072
f 3072/3072 3073/3073 3076/3076
f 3075/3075 3076/3076 3077/3077
f 3073/3073 3077/3077 3076/3076
f 3078/3078 3075/3075 3077/3077
f 3077/3077 3073/3073 3078/3078
f 3074/3074 3075/3075 3079/3079
f 3075/3075 3078/3078 3079/3079
f 3080/3080 3079/3079 3081/3081
f 3082/3082 3059/3059 3080/3080
f 3081/3081 3082/3082 3080/3080
f 3036/3036 3015/3015 3016/3016
f 3026/3026 3021/3021 3025/3025
f 3022/3022 3026/3026 3027/3027
f 3149/3149 3136/3136 3152/3152
f 3148/3148 3149/3149 3151/3151
f 3147/3147 3145/3145 3150/3150
f 3150/3150 3145/3145 3148/3148
f 3089/3089 3136/3136 3149/3149
f 3089/3089 3149/3149 3091/3091
f 3149/3149 3111/3111 3091/3091
f 3149/3149 3148/3148 3146/3146
f 3153/3153 3158/3158 3161/3161
f 3160/3160 3140/3140 3142/3142
f 3138/3138 3140/3140 3160/3160
f 3160/3160 3159/3159 3157/3157
f 3138/3138 3160/3160 3157/3157
f 3159/3159 3158/3158 3156/3156
f 3159/3159 3155/3155 3157/3157
f 3155/3155 3159/3159 3156/3156
f 3166/3166 3163/3163 3167/3167
f 3160/3160 3142/3142 3166/3166
f 3163/3163 3166/3166 3165/3165
f 3142/3142 3165/3165 3166/3166
f 3142/3142 3144/3144 3165/3165
f 3144/3144 3147/3147 3165/3165
f 3165/3165 3164/3164 3163/3163
f 3164/3164 3165/3165 3147/3147
f 3164/3164 3147/3147 3150/3150
f 3162/3162 3163/3163 3164/3164
f 3164/3164 3150/3150 3162/3162
f 3159/3159 3163/3163 3158/3158
f 3149/3149 3152/3152 3151/3151
f 3115/3115 3117/3117 3119/3119
f 3113/3113 3118/3118 3116/3116
f 3097/3097 3099/3099 3098/3098
f 3107/3107 3110/3110 3111/3111
f 3110/3110 3107/3107 3106/3106
f 3126/3126 3116/3116 3125/3125
f 3121/3121 3125/3125 3122/3122
f 3108/3108 3101/3101 3109/3109
f 3096/3096 3090/3090 3102/3102
f 3099/3099 3097/3097 3101/3101
f 3100/3100 3092/3092 3096/3096
f 3127/3127 3132/3132 3131/3131
f 3131/3131 3120/3120 3123/3123
f 3113/3113 3115/3115 3118/3118
f 3093/3093 3097/3097 3098/3098
f 3097/3097 3093/3093 3095/3095
f 3090/3090 3096/3096 3092/3092
f 3093/3093 3092/3092 3095/3095
f 3090/3090 3091/3091 3094/3094
f 3092/3092 3093/3093 3088/3088
f 3090/3090 3092/3092 3088/3088
f 3091/3091 3090/3090 3089/3089
f 3088/3088 3089/3089 3090/3090
f 3110/3110 3106/3106 3112/3112
f 3091/3091 3110/3110 3094/3094
f 3110/3110 3091/3091 3111/3111
f 3104/3104 3139/3139 3099/3099
f 3139/3139 3098/3098 3099/3099
f 3125/3125 3116/3116 3124/3124
f 3101/3101 3105/3105 3109/3109
f 3106/3106 3103/3103 3108/3108
f 3101/3101 3108/3108 3103/3103
f 3104/3104 3106/3106 3107/3107
f 3106/3106 3104/3104 3103/3103
f 3100/3100 3105/3105 3097/3097
f 3105/3105 3101/3101 3097/3097
f 3099/3099 3103/3103 3104/3104
f 3103/3103 3099/3099 3101/3101
f 3094/3094 3102/3102 3090/3090
f 3120/3120 3108/3108 3109/3109
f 3108/3108 3120/3120 3117/3117
f 3119/3119 3118/3118 3115/3115
f 3111/3111 3149/3149 3146/3146
f 3148/3148 3145/3145 3143/3143
f 3123/3123 3127/3127 3131/3131
f 3117/3117 3112/3112 3108/3108
f 3112/3112 3117/3117 3115/3115
f 3114/3114 3113/3113 3116/3116
f 3116/3116 3102/3102 3114/3114
f 3115/3115 3113/3113 3112/3112
f 3102/3102 3094/3094 3114/3114
f 3094/3094 3113/3113 3114/3114
f 3110/3110 3112/3112 3113/3113
f 3113/3113 3094/3094 3110/3110
f 3106/3106 3108/3108 3112/3112
f 3128/3128 3102/3102 3126/3126
f 3125/3125 3121/3121 3127/3127
f 3102/3102 3116/3116 3126/3126
f 3154/3154 3137/3137 3155/3155
f 3153/3153 3152/3152 3154/3154
f 3098/3098 3139/3139 3135/3135
f 3125/3125 3124/3124 3122/3122
f 3116/3116 3122/3122 3124/3124
f 3123/3123 3105/3105 3100/3100
f 3120/3120 3105/3105 3123/3123
f 3122/3122 3116/3116 3118/3118
f 3121/3121 3122/3122 3119/3119
f 3118/3118 3119/3119 3122/3122
f 3117/3117 3120/3120 3121/3121
f 3119/3119 3117/3117 3121/3121
f 3105/3105 3120/3120 3109/3109
f 3121/3121 3120/3120 3132/3132
f 3127/3127 3121/3121 3132/3132
f 3120/3120 3131/3131 3132/3132
f 3150/3150 3153/3153 3162/3162
f 3158/3158 3162/3162 3161/3161
f 3148/3148 3143/3143 3146/3146
f 3127/3127 3123/3123 3130/3130
f 3100/3100 3130/3130 3123/3123
f 3130/3130 3129/3129 3127/3127
f 3129/3129 3130/3130 3128/3128
f 3100/3100 3128/3128 3130/3130
f 3125/3125 3127/3127 3129/3129
f 3129/3129 3128/3128 3126/3126
f 3129/3129 3126/3126 3125/3125
f 3128/3128 3100/3100 3096/3096
f 3102/3102 3128/3128 3096/3096
f 3139/3139 3104/3104 3141/3141
f 3139/3139 3140/3140 3135/3135
f 3138/3138 3135/3135 3140/3140
f 3159/3159 3160/3160 3168/3168
f 3168/3168 3160/3160 3166/3166
f 3137/3137 3154/3154 3152/3152
f 3137/3137 3133/3133 3138/3138
f 3135/3135 3138/3138 3133/3133
f 3137/3137 3136/3136 3134/3134
f 3133/3133 3137/3137 3134/3134
f 3089/3089 3134/3134 3136/3136
f 3133/3133 3098/3098 3135/3135
f 3134/3134 3089/3089 3088/3088
f 3088/3088 3133/3133 3134/3134
f 3098/3098 3133/3133 3093/3093
f 3133/3133 3088/3088 3093/3093
f 3158/3158 3153/3153 3154/3154
f 3154/3154 3156/3156 3158/3158
f 3155/3155 3138/3138 3157/3157
f 3156/3156 3154/3154 3155/3155
f 3138/3138 3155/3155 3137/3137
f 3162/3162 3153/3153 3161/3161
f 3144/3144 3145/3145 3147/3147
f 3143/3143 3111/3111 3146/3146
f 3141/3141 3145/3145 3144/3144
f 3141/3141 3143/3143 3145/3145
f 3139/3139 3144/3144 3142/3142
f 3139/3139 3141/3141 3144/3144
f 3107/3107 3111/3111 3143/3143
f 3141/3141 3107/3107 3143/3143
f 3140/3140 3139/3139 3142/3142
f 3104/3104 3107/3107 3141/3141
f 3097/3097 3095/3095 3100/3100
f 3092/3092 3100/3100 3095/3095
f 3137/3137 3152/3152 3136/3136
f 3148/3148 3151/3151 3153/3153
f 3152/3152 3153/3153 3151/3151
f 3148/3148 3153/3153 3150/3150
f 3163/3163 3159/3159 3167/3167
f 3158/3158 3163/3163 3162/3162
f 3167/3167 3159/3159 3168/3168
f 3168/3168 3166/3166 3167/3167
f 3242/3242 3239/3239 3240/3240
f 3228/3228 3179/3179 3180/3180
f 3186/3186 3228/3228 3180/3180
f 3228/3228 3186/3186 3226/3226
f 3225/3225 3227/3227 3224/3224
f 3226/3226 3186/3186 3190/3190
f 3224/3224 3226/3226 3190/3190
f 3225/3225 3224/3224 3221/3221
f 3221/3221 3223/3223 3225/3225
f 3190/3190 3193/3193 3224/3224
f 3221/3221 3224/3224 3193/3193
f 3219/3219 3220/3220 3223/3223
f 3221/3221 3219/3219 3223/3223
f 3216/3216 3222/3222 3214/3214
f 3229/3229 3236/3236 3233/3233
f 3234/3234 3233/3233 3235/3235
f 3235/3235 3232/3232 3234/3234
f 3230/3230 3233/3233 3234/3234
f 3232/3232 3230/3230 3234/3234
f 3230/3230 3229/3229 3233/3233
f 3222/3222 3231/3231 3232/3232
f 3232/3232 3231/3231 3230/3230
f 3222/3222 3216/3216 3231/3231
f 3216/3216 3230/3230 3231/3231
f 3228/3228 3229/3229 3230/3230
f 3216/3216 3228/3228 3230/3230
f 3229/3229 3224/3224 3227/3227
f 3240/3240 3244/3244 3242/3242
f 3242/3242 3243/3243 3241/3241
f 3218/3218 3241/3241 3220/3220
f 3193/3193 3192/3192 3172/3172
f 3190/3190 3192/3192 3193/3193
f 3182/3182 3198/3198 3201/3201
f 3200/3200 3199/3199 3197/3197
f 3176/3176 3177/3177 3181/3181
f 3177/3177 3171/3171 3182/3182
f 3178/3178 3176/3176 3181/3181
f 3207/3207 3208/3208 3206/3206
f 3208/3208 3177/3177 3206/3206
f 3192/3192 3190/3190 3189/3189
f 3196/3196 3213/3213 3204/3204
f 3188/3188 3211/3211 3213/3213
f 3195/3195 3199/3199 3198/3198
f 3178/3178 3180/3180 3179/3179
f 3174/3174 3178/3178 3179/3179
f 3178/3178 3174/3174 3176/3176
f 3177/3177 3176/3176 3173/3173
f 3171/3171 3177/3177 3173/3173
f 3173/3173 3176/3176 3174/3174
f 3171/3171 3172/3172 3175/3175
f 3173/3173 3174/3174 3169/3169
f 3171/3171 3173/3173 3169/3169
f 3172/3172 3171/3171 3170/3170
f 3169/3169 3170/3170 3171/3171
f 3218/3218 3214/3214 3222/3222
f 3193/3193 3219/3219 3221/3221
f 3206/3206 3205/3205 3207/3207
f 3185/3185 3188/3188 3191/3191
f 3189/3189 3185/3185 3191/3191
f 3186/3186 3189/3189 3190/3190
f 3189/3189 3186/3186 3185/3185
f 3183/3183 3187/3187 3188/3188
f 3188/3188 3185/3185 3183/3183
f 3181/3181 3187/3187 3178/3178
f 3187/3187 3183/3183 3178/3178
f 3180/3180 3185/3185 3186/3186
f 3185/3185 3180/3180 3183/3183
f 3182/3182 3175/3175 3184/3184
f 3180/3180 3178/3178 3183/3183
f 3175/3175 3182/3182 3171/3171
f 3228/3228 3226/3226 3229/3229
f 3224/3224 3229/3229 3226/3226
f 3212/3212 3213/3213 3211/3211
f 3195/3195 3197/3197 3199/3199
f 3198/3198 3182/3182 3184/3184
f 3198/3198 3184/3184 3195/3195
f 3194/3194 3196/3196 3197/3197
f 3197/3197 3195/3195 3194/3194
f 3188/3188 3196/3196 3191/3191
f 3196/3196 3194/3194 3191/3191
f 3192/3192 3194/3194 3195/3195
f 3184/3184 3192/3192 3195/3195
f 3191/3191 3194/3194 3189/3189
f 3192/3192 3189/3189 3194/3194
f 3192/3192 3184/3184 3175/3175
f 3172/3172 3192/3192 3175/3175
f 3236/3236 3237/3237 3233/3233
f 3235/3235 3233/3233 3237/3237
f 3220/3220 3215/3215 3218/3218
f 3182/3182 3206/3206 3177/3177
f 3205/3205 3206/3206 3201/3201
f 3206/3206 3182/3182 3201/3201
f 3204/3204 3205/3205 3203/3203
f 3201/3201 3202/3202 3205/3205
f 3205/3205 3202/3202 3203/3203
f 3204/3204 3197/3197 3196/3196
f 3204/3204 3203/3203 3200/3200
f 3197/3197 3204/3204 3200/3200
f 3199/3199 3203/3203 3202/3202
f 3199/3199 3200/3200 3203/3203
f 3202/3202 3201/3201 3198/3198
f 3199/3199 3202/3202 3198/3198
f 3240/3240 3237/3237 3244/3244
f 3243/3243 3242/3242 3244/3244
f 3179/3179 3228/3228 3216/3216
f 3204/3204 3213/3213 3212/3212
f 3212/3212 3211/3211 3210/3210
f 3210/3210 3204/3204 3212/3212
f 3211/3211 3188/3188 3187/3187
f 3211/3211 3208/3208 3210/3210
f 3187/3187 3208/3208 3211/3211
f 3210/3210 3208/3208 3209/3209
f 3204/3204 3210/3210 3209/3209
f 3208/3208 3187/3187 3181/3181
f 3205/3205 3204/3204 3209/3209
f 3208/3208 3207/3207 3209/3209
f 3205/3205 3209/3209 3207/3207
f 3181/3181 3177/3177 3208/3208
f 3248/3248 3237/3237 3249/3249
f 3249/3249 3247/3247 3248/3248
f 3227/3227 3236/3236 3229/3229
f 3219/3219 3217/3217 3220/3220
f 3215/3215 3220/3220 3217/3217
f 3219/3219 3193/3193 3172/3172
f 3170/3170 3219/3219 3172/3172
f 3219/3219 3170/3170 3217/3217
f 3214/3214 3218/3218 3215/3215
f 3170/3170 3215/3215 3217/3217
f 3214/3214 3179/3179 3216/3216
f 3215/3215 3170/3170 3169/3169
f 3169/3169 3214/3214 3215/3215
f 3179/3179 3214/3214 3174/3174
f 3214/3214 3169/3169 3174/3174
f 3196/3196 3188/3188 3213/3213
f 3241/3241 3239/3239 3242/3242
f 3249/3249 3236/3236 3247/3247
f 3244/3244 3237/3237 3248/3248
f 3247/3247 3246/3246 3248/3248
f 3244/3244 3248/3248 3246/3246
f 3236/3236 3227/3227 3247/3247
f 3247/3247 3227/3227 3225/3225
f 3223/3223 3247/3247 3225/3225
f 3246/3246 3247/3247 3245/3245
f 3247/3247 3223/3223 3245/3245
f 3245/3245 3244/3244 3246/3246
f 3220/3220 3245/3245 3223/3223
f 3244/3244 3245/3245 3243/3243
f 3245/3245 3220/3220 3243/3243
f 3222/3222 3241/3241 3218/3218
f 3241/3241 3222/3222 3239/3239
f 3239/3239 3238/3238 3240/3240
f 3238/3238 3237/3237 3240/3240
f 3222/3222 3232/3232 3239/3239
f 3238/3238 3239/3239 3232/3232
f 3237/3237 3238/3238 3235/3235
f 3232/3232 3235/3235 3238/3238
f 3237/3237 3236/3236 3249/3249
f 3241/3241 3243/3243 3220/3220

